ISO-10303-21;
HEADER;
/* Generated by software containing ST-Developer
 * from STEP Tools, Inc. (www.steptools.com) 
 */

FILE_DESCRIPTION(
/* description */ (''),
/* implementation_level */ '2;1');

FILE_NAME(
/* name */ 'mains_inlet_filtered.step',
/* time_stamp */ '2026-09-04T01:07:44-04:00',
/* author */ (''),
/* organization */ (''),
/* preprocessor_version */ 'ST-DEVELOPER v20.1',
/* originating_system */ 'Autodesk Translation Framework v15.8.0.0',
/* authorisation */ '');

FILE_SCHEMA (('AUTOMOTIVE_DESIGN { 1 0 10303 214 3 1 1 }'));
ENDSEC;

DATA;
#10=MECHANICAL_DESIGN_GEOMETRIC_PRESENTATION_REPRESENTATION('',(#13,#14,
#15),#11771);
#11=SHAPE_REPRESENTATION_RELATIONSHIP('SRR','None',#11778,#12);
#12=ADVANCED_BREP_SHAPE_REPRESENTATION('',(#16,#17,#18),#11770);
#13=STYLED_ITEM('',(#11788),#16);
#14=STYLED_ITEM('',(#11787),#17);
#15=STYLED_ITEM('',(#11787),#18);
#16=MANIFOLD_SOLID_BREP('Body1',#6129);
#17=MANIFOLD_SOLID_BREP('Body6',#6130);
#18=MANIFOLD_SOLID_BREP('Body7',#6131);
#19=TOROIDAL_SURFACE('',#6306,5.,1.);
#20=TOROIDAL_SURFACE('',#6310,5.,1.);
#21=TOROIDAL_SURFACE('',#6513,6.,1.);
#22=TOROIDAL_SURFACE('',#6516,2.,1.);
#23=TOROIDAL_SURFACE('',#6547,18.,1.);
#24=TOROIDAL_SURFACE('',#6551,6.,1.);
#25=TOROIDAL_SURFACE('',#6553,2.,1.);
#26=TOROIDAL_SURFACE('',#6672,18.,1.);
#27=ELLIPSE('',#6160,1.90392489716461,1.87499999988068);
#28=ELLIPSE('',#6161,1.90392489716461,1.87499999988068);
#29=ELLIPSE('',#6173,1.90392489660709,1.87499999933163);
#30=ELLIPSE('',#6174,1.90392489777113,1.87500000047798);
#31=ELLIPSE('',#6176,1.90392489777113,1.87500000047798);
#32=ELLIPSE('',#6177,1.90392489584035,1.87499999857653);
#33=ELLIPSE('',#6178,1.90392489798273,1.87500000068637);
#34=ELLIPSE('',#6179,1.90392489723357,1.87499999994859);
#35=ELLIPSE('',#6180,1.90392489724887,1.87499999996366);
#36=ELLIPSE('',#6181,1.90392489728577,1.875);
#37=ELLIPSE('',#6182,1.90392489728577,1.875);
#38=ELLIPSE('',#6183,1.90392489725677,1.87499999997144);
#39=ELLIPSE('',#6184,1.90392489723379,1.87499999994881);
#40=ELLIPSE('',#6185,1.90392489798599,1.87500000068958);
#41=ELLIPSE('',#6186,1.90392489584157,1.87499999857774);
#42=ELLIPSE('',#6187,1.90392489777203,1.87500000047887);
#43=ELLIPSE('',#6188,1.90392489728577,1.875);
#44=ELLIPSE('',#6189,1.90392489728577,1.875);
#45=ELLIPSE('',#6190,1.90392489728577,1.875);
#46=ELLIPSE('',#6191,1.90392489728577,1.875);
#47=ELLIPSE('',#6192,1.90392489728577,1.875);
#48=ELLIPSE('',#6193,1.90392489728577,1.875);
#49=ELLIPSE('',#6194,1.90392489728577,1.875);
#50=ELLIPSE('',#6195,1.90392489734136,1.87500000005474);
#51=ELLIPSE('',#6196,1.90392489728577,1.875);
#52=ELLIPSE('',#6197,1.90392489728577,1.875);
#53=ELLIPSE('',#6198,1.90392489734136,1.87500000005474);
#54=ELLIPSE('',#6199,1.90392489728577,1.875);
#55=ELLIPSE('',#6200,1.90392489728577,1.875);
#56=ELLIPSE('',#6201,1.90392489728577,1.875);
#57=ELLIPSE('',#6202,1.90392489693476,1.87499999965432);
#58=ELLIPSE('',#6203,1.90392489728577,1.875);
#59=ELLIPSE('',#6204,1.90392489734393,1.87500000005727);
#60=ELLIPSE('',#6205,1.90392489728577,1.875);
#61=ELLIPSE('',#6206,1.90392489724876,1.87499999996355);
#62=ELLIPSE('',#6207,1.90392489728577,1.875);
#63=ELLIPSE('',#6208,1.90392489698371,1.87499999970253);
#64=ELLIPSE('',#6209,1.90392489728577,1.875);
#65=ELLIPSE('',#6210,1.9039248972054,1.87499999992085);
#66=ELLIPSE('',#6211,1.90392489728577,1.875);
#67=ELLIPSE('',#6212,1.90392489728577,1.875);
#68=ELLIPSE('',#6213,1.90392489727387,1.87499999998828);
#69=ELLIPSE('',#6214,1.90392489696413,1.87499999968324);
#70=ELLIPSE('',#6215,1.90392489728577,1.875);
#71=ELLIPSE('',#6216,1.90392489732066,1.87500000003435);
#72=ELLIPSE('',#6217,1.90392489728577,1.875);
#73=ELLIPSE('',#6218,1.90392489719921,1.87499999991475);
#74=ELLIPSE('',#6219,1.90392489728577,1.875);
#75=ELLIPSE('',#6220,1.90392489720164,1.87499999991715);
#76=ELLIPSE('',#6221,1.90392489728577,1.875);
#77=ELLIPSE('',#6222,1.90392489694899,1.87499999966834);
#78=ELLIPSE('',#6223,1.90392489728577,1.875);
#79=ELLIPSE('',#6224,1.90392489709234,1.8749999998095);
#80=ELLIPSE('',#6225,1.90392489728577,1.875);
#81=ELLIPSE('',#6226,1.90392489657155,1.87499999929663);
#82=ELLIPSE('',#6227,1.90392489728577,1.875);
#83=ELLIPSE('',#6228,1.90392489728577,1.875);
#84=ELLIPSE('',#6229,1.90392489728577,1.875);
#85=ELLIPSE('',#6230,1.90392489728577,1.875);
#86=ELLIPSE('',#6231,1.90392489659255,1.87499999931731);
#87=ELLIPSE('',#6234,1.90392489728577,1.875);
#88=ELLIPSE('',#6235,1.90392489659255,1.87499999931731);
#89=ELLIPSE('',#6236,1.90392489728577,1.875);
#90=ELLIPSE('',#6237,1.90392489728577,1.875);
#91=ELLIPSE('',#6246,19.5073012110036,17.);
#92=ELLIPSE('',#6247,19.5073012103384,17.);
#93=ELLIPSE('',#6248,18.0910221327818,17.);
#94=ELLIPSE('',#6249,18.0910221327414,17.);
#95=ELLIPSE('',#6250,18.0910221327818,17.);
#96=ELLIPSE('',#6251,18.0910221327414,17.);
#97=ELLIPSE('',#6252,18.0910221328986,17.);
#98=ELLIPSE('',#6253,18.0910221330958,17.);
#99=ELLIPSE('',#6254,19.5073012109237,17.);
#100=ELLIPSE('',#6255,18.0910221329291,17.);
#101=ELLIPSE('',#6256,18.0910221329138,17.);
#102=ELLIPSE('',#6257,18.0910221327818,17.);
#103=ELLIPSE('',#6258,18.0910221327414,17.);
#104=ELLIPSE('',#6259,18.0910221327414,17.);
#105=ELLIPSE('',#6260,18.0910221327818,17.);
#106=ELLIPSE('',#6261,18.091022132637,17.);
#107=ELLIPSE('',#6262,18.0910221330872,17.);
#108=ELLIPSE('',#6263,18.0910221330219,17.);
#109=ELLIPSE('',#6264,18.0910221325855,17.);
#110=ELLIPSE('',#6265,18.091022132637,17.);
#111=ELLIPSE('',#6266,18.0910221330872,17.);
#112=ELLIPSE('',#6267,18.0910221325855,17.);
#113=ELLIPSE('',#6268,18.0910221330219,17.);
#114=ELLIPSE('',#6269,18.0910221327414,17.);
#115=ELLIPSE('',#6270,18.0910221327818,17.);
#116=ELLIPSE('',#6271,18.0910221329138,17.);
#117=ELLIPSE('',#6272,18.0910221329291,17.);
#118=ELLIPSE('',#6273,18.0910221330958,17.);
#119=ELLIPSE('',#6274,18.0910221328986,17.);
#120=ELLIPSE('',#6275,18.091022132637,17.);
#121=ELLIPSE('',#6276,18.0910221330872,17.);
#122=ELLIPSE('',#6277,18.0910221327414,17.);
#123=ELLIPSE('',#6278,18.0910221327818,17.);
#124=ELLIPSE('',#6279,18.0910221330872,17.);
#125=ELLIPSE('',#6280,18.091022132637,17.);
#126=ELLIPSE('',#6282,22.0158324925042,1.87499999998828);
#127=ELLIPSE('',#6402,3.19253331760418,3.);
#128=ELLIPSE('',#6403,3.19253331762377,3.);
#129=ELLIPSE('',#6404,3.19253331754178,3.);
#130=ELLIPSE('',#6405,3.19253331757381,3.);
#131=ELLIPSE('',#6406,3.19253331757579,3.);
#132=ELLIPSE('',#6407,3.19253331757095,3.);
#133=ELLIPSE('',#6408,3.19253331757296,3.);
#134=ELLIPSE('',#6410,3.19253331757296,3.);
#135=ELLIPSE('',#6411,3.19253331757095,3.);
#136=ELLIPSE('',#6412,3.19253331757579,3.);
#137=ELLIPSE('',#6413,3.19253331757381,3.);
#138=ELLIPSE('',#6414,3.19253331754178,3.);
#139=ELLIPSE('',#6415,3.19253331762377,3.);
#140=ELLIPSE('',#6416,3.19253331760418,3.);
#141=ELLIPSE('',#6417,3.19253331757034,3.);
#142=ELLIPSE('',#6418,3.19253331757526,3.);
#143=ELLIPSE('',#6419,3.19253331757573,3.);
#144=ELLIPSE('',#6420,3.192533317576,3.);
#145=ELLIPSE('',#6421,3.19253331759222,3.);
#146=ELLIPSE('',#6422,3.19253331766871,3.);
#147=ELLIPSE('',#6423,3.19253331767606,3.);
#148=ELLIPSE('',#6424,3.19253331767606,3.);
#149=ELLIPSE('',#6425,3.19253331766871,3.);
#150=ELLIPSE('',#6426,3.19253331759222,3.);
#151=ELLIPSE('',#6427,3.192533317576,3.);
#152=ELLIPSE('',#6428,3.19253331757573,3.);
#153=ELLIPSE('',#6429,3.19253331757526,3.);
#154=ELLIPSE('',#6430,3.19253331757034,3.);
#155=ELLIPSE('',#6432,1.90392489659255,1.87499999931731);
#156=ELLIPSE('',#6434,5.32088886278117,5.);
#157=ELLIPSE('',#6436,1.90392489728577,1.875);
#158=ELLIPSE('',#6439,1.90392489728577,1.875);
#159=ELLIPSE('',#6441,1.90392489728577,1.875);
#160=ELLIPSE('',#6451,1.90392489728577,1.875);
#161=ELLIPSE('',#6456,5.32088886279343,5.);
#162=ELLIPSE('',#6469,1.90392489659255,1.87499999931731);
#163=ELLIPSE('',#6471,5.32088886278117,5.);
#164=ELLIPSE('',#6473,1.90392489728577,1.875);
#165=ELLIPSE('',#6476,1.90392489728577,1.875);
#166=ELLIPSE('',#6478,1.90392489728577,1.875);
#167=ELLIPSE('',#6480,5.32088886261825,5.);
#168=ELLIPSE('',#6485,1.90392489728577,1.875);
#169=ELLIPSE('',#6494,1.90392489728577,1.875);
#170=ELLIPSE('',#6496,5.3208888626216,5.);
#171=ELLIPSE('',#6498,1.90392489728577,1.875);
#172=ELLIPSE('',#6500,1.90392489728577,1.875);
#173=ELLIPSE('',#6503,5.32088886262632,5.);
#174=ELLIPSE('',#6506,1.90392489728577,1.875);
#175=ELLIPSE('',#6509,5.32088886279343,5.);
#176=ELLIPSE('',#6526,5.3208888626216,5.);
#177=ELLIPSE('',#6527,5.32088886261825,5.);
#178=ELLIPSE('',#6528,5.32088886262632,5.);
#179=ELLIPSE('',#6529,5.32088886262302,5.);
#180=ELLIPSE('',#6530,5.32088886256963,5.);
#181=ELLIPSE('',#6531,5.32088886270629,5.);
#182=ELLIPSE('',#6532,5.32088886267363,5.);
#183=ELLIPSE('',#6533,5.32088886261723,5.);
#184=ELLIPSE('',#6534,5.32088886262543,5.);
#185=ELLIPSE('',#6535,5.32088886262621,5.);
#186=ELLIPSE('',#6536,5.32088886262666,5.);
#187=ELLIPSE('',#6537,5.3208888626537,5.);
#188=ELLIPSE('',#6538,5.3208888626537,5.);
#189=ELLIPSE('',#6539,5.32088886262666,5.);
#190=ELLIPSE('',#6540,5.32088886262621,5.);
#191=ELLIPSE('',#6541,5.32088886262543,5.);
#192=ELLIPSE('',#6542,5.32088886261723,5.);
#193=ELLIPSE('',#6543,5.32088886267363,5.);
#194=ELLIPSE('',#6544,5.32088886270629,5.);
#195=ELLIPSE('',#6545,5.32088886256963,5.);
#196=ELLIPSE('',#6546,5.32088886262302,5.);
#197=ELLIPSE('',#6611,1.90392489584035,1.87499999857653);
#198=ELLIPSE('',#6625,1.90392489724887,1.87499999996366);
#199=ELLIPSE('',#6629,1.90392489723357,1.87499999994859);
#200=ELLIPSE('',#6633,1.90392489798273,1.87500000068637);
#201=ELLIPSE('',#6638,1.90392489660709,1.87499999933163);
#202=ELLIPSE('',#6644,1.90392489777113,1.87500000047798);
#203=ELLIPSE('',#6646,1.90392489725677,1.87499999997144);
#204=ELLIPSE('',#6648,1.90392489723379,1.87499999994881);
#205=ELLIPSE('',#6650,1.90392489798599,1.87500000068958);
#206=ELLIPSE('',#6652,1.90392489584157,1.87499999857774);
#207=ELLIPSE('',#6654,1.90392489777203,1.87500000047887);
#208=ELLIPSE('',#6658,1.90392489657156,1.87499999929663);
#209=ELLIPSE('',#6661,1.90392489709234,1.8749999998095);
#210=CYLINDRICAL_SURFACE('',#6159,1.87499999988068);
#211=CYLINDRICAL_SURFACE('',#6171,2.34999999999999);
#212=CYLINDRICAL_SURFACE('',#6240,2.35000000000001);
#213=CYLINDRICAL_SURFACE('',#6241,17.);
#214=CYLINDRICAL_SURFACE('',#6283,1.87499999998828);
#215=CYLINDRICAL_SURFACE('',#6284,1.87499999996355);
#216=CYLINDRICAL_SURFACE('',#6285,1.87499999991715);
#217=CYLINDRICAL_SURFACE('',#6289,3.50000000000001);
#218=CYLINDRICAL_SURFACE('',#6295,3.50000000000001);
#219=CYLINDRICAL_SURFACE('',#6297,3.50000000000001);
#220=CYLINDRICAL_SURFACE('',#6299,1.);
#221=CYLINDRICAL_SURFACE('',#6302,1.);
#222=CYLINDRICAL_SURFACE('',#6317,1.875);
#223=CYLINDRICAL_SURFACE('',#6318,1.87499999992085);
#224=CYLINDRICAL_SURFACE('',#6319,1.87499999970253);
#225=CYLINDRICAL_SURFACE('',#6320,1.87500000003435);
#226=CYLINDRICAL_SURFACE('',#6321,1.87499999968324);
#227=CYLINDRICAL_SURFACE('',#6322,1.87499999991475);
#228=CYLINDRICAL_SURFACE('',#6323,1.87499999966834);
#229=CYLINDRICAL_SURFACE('',#6324,1.87499999965432);
#230=CYLINDRICAL_SURFACE('',#6325,1.87500000005727);
#231=CYLINDRICAL_SURFACE('',#6327,1.875);
#232=CYLINDRICAL_SURFACE('',#6330,1.875);
#233=CYLINDRICAL_SURFACE('',#6333,1.875);
#234=CYLINDRICAL_SURFACE('',#6336,1.875);
#235=CYLINDRICAL_SURFACE('',#6339,1.875);
#236=CYLINDRICAL_SURFACE('',#6342,1.875);
#237=CYLINDRICAL_SURFACE('',#6345,1.875);
#238=CYLINDRICAL_SURFACE('',#6348,1.875);
#239=CYLINDRICAL_SURFACE('',#6351,1.875);
#240=CYLINDRICAL_SURFACE('',#6354,1.875);
#241=CYLINDRICAL_SURFACE('',#6356,1.875);
#242=CYLINDRICAL_SURFACE('',#6357,1.875);
#243=CYLINDRICAL_SURFACE('',#6358,1.87500000005474);
#244=CYLINDRICAL_SURFACE('',#6360,1.875);
#245=CYLINDRICAL_SURFACE('',#6362,1.875);
#246=CYLINDRICAL_SURFACE('',#6364,1.87500000005474);
#247=CYLINDRICAL_SURFACE('',#6366,1.875);
#248=CYLINDRICAL_SURFACE('',#6368,1.875);
#249=CYLINDRICAL_SURFACE('',#6370,1.875);
#250=CYLINDRICAL_SURFACE('',#6372,1.875);
#251=CYLINDRICAL_SURFACE('',#6374,1.6499999993198);
#252=CYLINDRICAL_SURFACE('',#6377,1.65000000067472);
#253=CYLINDRICAL_SURFACE('',#6381,1.875);
#254=CYLINDRICAL_SURFACE('',#6383,6.);
#255=CYLINDRICAL_SURFACE('',#6384,1.875);
#256=CYLINDRICAL_SURFACE('',#6386,2.69999999999945);
#257=CYLINDRICAL_SURFACE('',#6389,2.7);
#258=CYLINDRICAL_SURFACE('',#6398,6.);
#259=CYLINDRICAL_SURFACE('',#6401,3.);
#260=CYLINDRICAL_SURFACE('',#6431,1.87499999931731);
#261=CYLINDRICAL_SURFACE('',#6435,1.875);
#262=CYLINDRICAL_SURFACE('',#6438,1.875);
#263=CYLINDRICAL_SURFACE('',#6440,1.875);
#264=CYLINDRICAL_SURFACE('',#6442,1.875);
#265=CYLINDRICAL_SURFACE('',#6443,1.875);
#266=CYLINDRICAL_SURFACE('',#6444,1.875);
#267=CYLINDRICAL_SURFACE('',#6445,1.875);
#268=CYLINDRICAL_SURFACE('',#6446,1.875);
#269=CYLINDRICAL_SURFACE('',#6447,1.875);
#270=CYLINDRICAL_SURFACE('',#6448,1.875);
#271=CYLINDRICAL_SURFACE('',#6449,1.875);
#272=CYLINDRICAL_SURFACE('',#6450,1.875);
#273=CYLINDRICAL_SURFACE('',#6452,1.875);
#274=CYLINDRICAL_SURFACE('',#6453,1.875);
#275=CYLINDRICAL_SURFACE('',#6454,1.875);
#276=CYLINDRICAL_SURFACE('',#6457,2.7);
#277=CYLINDRICAL_SURFACE('',#6464,6.);
#278=CYLINDRICAL_SURFACE('',#6468,1.87499999931731);
#279=CYLINDRICAL_SURFACE('',#6472,1.875);
#280=CYLINDRICAL_SURFACE('',#6475,1.875);
#281=CYLINDRICAL_SURFACE('',#6477,1.875);
#282=CYLINDRICAL_SURFACE('',#6481,1.875);
#283=CYLINDRICAL_SURFACE('',#6482,1.875);
#284=CYLINDRICAL_SURFACE('',#6484,1.875);
#285=CYLINDRICAL_SURFACE('',#6486,1.875);
#286=CYLINDRICAL_SURFACE('',#6487,1.875);
#287=CYLINDRICAL_SURFACE('',#6488,1.875);
#288=CYLINDRICAL_SURFACE('',#6489,1.875);
#289=CYLINDRICAL_SURFACE('',#6490,1.875);
#290=CYLINDRICAL_SURFACE('',#6491,1.875);
#291=CYLINDRICAL_SURFACE('',#6493,1.875);
#292=CYLINDRICAL_SURFACE('',#6497,1.875);
#293=CYLINDRICAL_SURFACE('',#6499,1.875);
#294=CYLINDRICAL_SURFACE('',#6501,1.875);
#295=CYLINDRICAL_SURFACE('',#6504,1.875);
#296=CYLINDRICAL_SURFACE('',#6505,1.875);
#297=CYLINDRICAL_SURFACE('',#6507,1.875);
#298=CYLINDRICAL_SURFACE('',#6510,1.);
#299=CYLINDRICAL_SURFACE('',#6519,1.);
#300=CYLINDRICAL_SURFACE('',#6522,3.);
#301=CYLINDRICAL_SURFACE('',#6524,5.);
#302=CYLINDRICAL_SURFACE('',#6549,1.);
#303=CYLINDRICAL_SURFACE('',#6555,1.);
#304=CYLINDRICAL_SURFACE('',#6577,1.70000000000002);
#305=CYLINDRICAL_SURFACE('',#6579,3.54999999999993);
#306=CYLINDRICAL_SURFACE('',#6581,3.54999999999998);
#307=CYLINDRICAL_SURFACE('',#6583,1.7);
#308=CYLINDRICAL_SURFACE('',#6592,3.54999999999993);
#309=CYLINDRICAL_SURFACE('',#6594,1.64999999999828);
#310=CYLINDRICAL_SURFACE('',#6598,1.65000001500812);
#311=CYLINDRICAL_SURFACE('',#6602,4.99999999997843);
#312=CYLINDRICAL_SURFACE('',#6605,5.00000000000826);
#313=CYLINDRICAL_SURFACE('',#6610,1.87499999857653);
#314=CYLINDRICAL_SURFACE('',#6624,1.87499999996366);
#315=CYLINDRICAL_SURFACE('',#6628,1.87499999994859);
#316=CYLINDRICAL_SURFACE('',#6632,1.87500000068637);
#317=CYLINDRICAL_SURFACE('',#6637,1.87499999933163);
#318=CYLINDRICAL_SURFACE('',#6643,1.87500000047798);
#319=CYLINDRICAL_SURFACE('',#6645,1.87499999997144);
#320=CYLINDRICAL_SURFACE('',#6647,1.87499999994881);
#321=CYLINDRICAL_SURFACE('',#6649,1.87500000068958);
#322=CYLINDRICAL_SURFACE('',#6651,1.87499999857774);
#323=CYLINDRICAL_SURFACE('',#6653,1.87500000047887);
#324=CYLINDRICAL_SURFACE('',#6656,4.65000000183778);
#325=CYLINDRICAL_SURFACE('',#6657,1.87499999929663);
#326=CYLINDRICAL_SURFACE('',#6660,1.8749999998095);
#327=CYLINDRICAL_SURFACE('',#6668,3.55000000000002);
#328=CYLINDRICAL_SURFACE('',#6692,3.34999999999993);
#329=CYLINDRICAL_SURFACE('',#6695,3.34999999999998);
#330=CYLINDRICAL_SURFACE('',#6699,3.34999999999993);
#331=CYLINDRICAL_SURFACE('',#6712,3.35000000000002);
#332=CYLINDRICAL_SURFACE('',#6715,1.45000001500812);
#333=CYLINDRICAL_SURFACE('',#6718,1.44999999999828);
#334=CYLINDRICAL_SURFACE('',#6721,4.80000000000826);
#335=CYLINDRICAL_SURFACE('',#6723,1.70000000000002);
#336=CYLINDRICAL_SURFACE('',#6725,1.7);
#337=CYLINDRICAL_SURFACE('',#6728,4.79999999997843);
#338=CYLINDRICAL_SURFACE('',#6731,1.4499999993198);
#339=CYLINDRICAL_SURFACE('',#6734,1.45000000067472);
#340=FACE_BOUND('',#846,.T.);
#341=FACE_BOUND('',#848,.T.);
#342=FACE_BOUND('',#856,.T.);
#343=FACE_BOUND('',#858,.T.);
#344=FACE_BOUND('',#861,.T.);
#345=FACE_BOUND('',#862,.T.);
#346=FACE_BOUND('',#863,.T.);
#347=FACE_BOUND('',#864,.T.);
#348=FACE_BOUND('',#865,.T.);
#349=FACE_BOUND('',#866,.T.);
#350=FACE_BOUND('',#867,.T.);
#351=FACE_BOUND('',#868,.T.);
#352=FACE_BOUND('',#869,.T.);
#353=FACE_BOUND('',#870,.T.);
#354=FACE_BOUND('',#871,.T.);
#355=FACE_BOUND('',#872,.T.);
#356=FACE_BOUND('',#873,.T.);
#357=FACE_BOUND('',#874,.T.);
#358=FACE_BOUND('',#875,.T.);
#359=FACE_BOUND('',#876,.T.);
#360=FACE_BOUND('',#877,.T.);
#361=FACE_BOUND('',#878,.T.);
#362=FACE_BOUND('',#879,.T.);
#363=FACE_BOUND('',#880,.T.);
#364=FACE_BOUND('',#881,.T.);
#365=FACE_BOUND('',#882,.T.);
#366=FACE_BOUND('',#885,.T.);
#367=FACE_BOUND('',#886,.T.);
#368=FACE_BOUND('',#887,.T.);
#369=FACE_BOUND('',#888,.T.);
#370=FACE_BOUND('',#889,.T.);
#371=FACE_BOUND('',#890,.T.);
#372=FACE_BOUND('',#891,.T.);
#373=FACE_BOUND('',#892,.T.);
#374=FACE_BOUND('',#893,.T.);
#375=FACE_BOUND('',#894,.T.);
#376=FACE_BOUND('',#895,.T.);
#377=FACE_BOUND('',#896,.T.);
#378=FACE_BOUND('',#897,.T.);
#379=FACE_BOUND('',#898,.T.);
#380=FACE_BOUND('',#899,.T.);
#381=FACE_BOUND('',#900,.T.);
#382=FACE_BOUND('',#918,.T.);
#383=FACE_BOUND('',#919,.T.);
#384=FACE_BOUND('',#920,.T.);
#385=FACE_BOUND('',#1060,.T.);
#386=FACE_BOUND('',#1061,.T.);
#387=FACE_BOUND('',#1062,.T.);
#388=FACE_BOUND('',#1130,.T.);
#389=FACE_BOUND('',#1131,.T.);
#390=FACE_BOUND('',#1132,.T.);
#391=FACE_BOUND('',#1138,.T.);
#392=FACE_BOUND('',#1141,.T.);
#393=FACE_BOUND('',#1142,.T.);
#394=FACE_BOUND('',#1143,.T.);
#395=FACE_BOUND('',#1144,.T.);
#396=FACE_BOUND('',#1145,.T.);
#397=FACE_BOUND('',#1146,.T.);
#398=FACE_BOUND('',#1149,.T.);
#399=FACE_BOUND('',#1150,.T.);
#400=FACE_BOUND('',#1151,.T.);
#401=FACE_BOUND('',#1181,.T.);
#402=FACE_BOUND('',#1182,.T.);
#403=FACE_BOUND('',#1183,.T.);
#404=FACE_BOUND('',#1200,.T.);
#405=FACE_BOUND('',#1201,.T.);
#406=PLANE('',#6148);
#407=PLANE('',#6151);
#408=PLANE('',#6157);
#409=PLANE('',#6158);
#410=PLANE('',#6166);
#411=PLANE('',#6167);
#412=PLANE('',#6169);
#413=PLANE('',#6172);
#414=PLANE('',#6281);
#415=PLANE('',#6286);
#416=PLANE('',#6287);
#417=PLANE('',#6291);
#418=PLANE('',#6293);
#419=PLANE('',#6305);
#420=PLANE('',#6314);
#421=PLANE('',#6315);
#422=PLANE('',#6316);
#423=PLANE('',#6326);
#424=PLANE('',#6328);
#425=PLANE('',#6329);
#426=PLANE('',#6331);
#427=PLANE('',#6332);
#428=PLANE('',#6334);
#429=PLANE('',#6335);
#430=PLANE('',#6337);
#431=PLANE('',#6338);
#432=PLANE('',#6340);
#433=PLANE('',#6341);
#434=PLANE('',#6343);
#435=PLANE('',#6344);
#436=PLANE('',#6346);
#437=PLANE('',#6347);
#438=PLANE('',#6349);
#439=PLANE('',#6350);
#440=PLANE('',#6352);
#441=PLANE('',#6353);
#442=PLANE('',#6355);
#443=PLANE('',#6359);
#444=PLANE('',#6361);
#445=PLANE('',#6363);
#446=PLANE('',#6365);
#447=PLANE('',#6367);
#448=PLANE('',#6369);
#449=PLANE('',#6371);
#450=PLANE('',#6373);
#451=PLANE('',#6376);
#452=PLANE('',#6379);
#453=PLANE('',#6380);
#454=PLANE('',#6382);
#455=PLANE('',#6385);
#456=PLANE('',#6392);
#457=PLANE('',#6393);
#458=PLANE('',#6433);
#459=PLANE('',#6437);
#460=PLANE('',#6455);
#461=PLANE('',#6460);
#462=PLANE('',#6467);
#463=PLANE('',#6470);
#464=PLANE('',#6474);
#465=PLANE('',#6479);
#466=PLANE('',#6483);
#467=PLANE('',#6492);
#468=PLANE('',#6495);
#469=PLANE('',#6502);
#470=PLANE('',#6508);
#471=PLANE('',#6521);
#472=PLANE('',#6557);
#473=PLANE('',#6566);
#474=PLANE('',#6568);
#475=PLANE('',#6570);
#476=PLANE('',#6572);
#477=PLANE('',#6576);
#478=PLANE('',#6585);
#479=PLANE('',#6586);
#480=PLANE('',#6587);
#481=PLANE('',#6588);
#482=PLANE('',#6589);
#483=PLANE('',#6590);
#484=PLANE('',#6591);
#485=PLANE('',#6597);
#486=PLANE('',#6601);
#487=PLANE('',#6608);
#488=PLANE('',#6609);
#489=PLANE('',#6612);
#490=PLANE('',#6613);
#491=PLANE('',#6614);
#492=PLANE('',#6615);
#493=PLANE('',#6616);
#494=PLANE('',#6617);
#495=PLANE('',#6618);
#496=PLANE('',#6619);
#497=PLANE('',#6620);
#498=PLANE('',#6621);
#499=PLANE('',#6622);
#500=PLANE('',#6623);
#501=PLANE('',#6626);
#502=PLANE('',#6627);
#503=PLANE('',#6630);
#504=PLANE('',#6631);
#505=PLANE('',#6634);
#506=PLANE('',#6635);
#507=PLANE('',#6636);
#508=PLANE('',#6639);
#509=PLANE('',#6640);
#510=PLANE('',#6641);
#511=PLANE('',#6642);
#512=PLANE('',#6655);
#513=PLANE('',#6659);
#514=PLANE('',#6662);
#515=PLANE('',#6663);
#516=PLANE('',#6664);
#517=PLANE('',#6665);
#518=PLANE('',#6666);
#519=PLANE('',#6669);
#520=PLANE('',#6670);
#521=PLANE('',#6671);
#522=PLANE('',#6673);
#523=PLANE('',#6674);
#524=PLANE('',#6675);
#525=PLANE('',#6676);
#526=PLANE('',#6677);
#527=PLANE('',#6678);
#528=PLANE('',#6679);
#529=PLANE('',#6680);
#530=PLANE('',#6681);
#531=PLANE('',#6682);
#532=PLANE('',#6683);
#533=PLANE('',#6684);
#534=PLANE('',#6685);
#535=PLANE('',#6686);
#536=PLANE('',#6687);
#537=PLANE('',#6688);
#538=PLANE('',#6689);
#539=PLANE('',#6690);
#540=PLANE('',#6691);
#541=PLANE('',#6698);
#542=PLANE('',#6702);
#543=PLANE('',#6714);
#544=PLANE('',#6717);
#545=PLANE('',#6720);
#546=PLANE('',#6727);
#547=PLANE('',#6730);
#548=PLANE('',#6733);
#549=PLANE('',#6736);
#550=PLANE('',#6737);
#551=FACE_OUTER_BOUND('',#844,.T.);
#552=FACE_OUTER_BOUND('',#845,.T.);
#553=FACE_OUTER_BOUND('',#847,.T.);
#554=FACE_OUTER_BOUND('',#849,.T.);
#555=FACE_OUTER_BOUND('',#850,.T.);
#556=FACE_OUTER_BOUND('',#851,.T.);
#557=FACE_OUTER_BOUND('',#852,.T.);
#558=FACE_OUTER_BOUND('',#853,.T.);
#559=FACE_OUTER_BOUND('',#854,.T.);
#560=FACE_OUTER_BOUND('',#855,.T.);
#561=FACE_OUTER_BOUND('',#857,.T.);
#562=FACE_OUTER_BOUND('',#859,.T.);
#563=FACE_OUTER_BOUND('',#860,.T.);
#564=FACE_OUTER_BOUND('',#883,.T.);
#565=FACE_OUTER_BOUND('',#884,.T.);
#566=FACE_OUTER_BOUND('',#901,.T.);
#567=FACE_OUTER_BOUND('',#902,.T.);
#568=FACE_OUTER_BOUND('',#903,.T.);
#569=FACE_OUTER_BOUND('',#904,.T.);
#570=FACE_OUTER_BOUND('',#905,.T.);
#571=FACE_OUTER_BOUND('',#906,.T.);
#572=FACE_OUTER_BOUND('',#907,.T.);
#573=FACE_OUTER_BOUND('',#908,.T.);
#574=FACE_OUTER_BOUND('',#909,.T.);
#575=FACE_OUTER_BOUND('',#910,.T.);
#576=FACE_OUTER_BOUND('',#911,.T.);
#577=FACE_OUTER_BOUND('',#912,.T.);
#578=FACE_OUTER_BOUND('',#913,.T.);
#579=FACE_OUTER_BOUND('',#914,.T.);
#580=FACE_OUTER_BOUND('',#915,.T.);
#581=FACE_OUTER_BOUND('',#916,.T.);
#582=FACE_OUTER_BOUND('',#917,.T.);
#583=FACE_OUTER_BOUND('',#921,.T.);
#584=FACE_OUTER_BOUND('',#922,.T.);
#585=FACE_OUTER_BOUND('',#923,.T.);
#586=FACE_OUTER_BOUND('',#924,.T.);
#587=FACE_OUTER_BOUND('',#925,.T.);
#588=FACE_OUTER_BOUND('',#926,.T.);
#589=FACE_OUTER_BOUND('',#927,.T.);
#590=FACE_OUTER_BOUND('',#928,.T.);
#591=FACE_OUTER_BOUND('',#929,.T.);
#592=FACE_OUTER_BOUND('',#930,.T.);
#593=FACE_OUTER_BOUND('',#931,.T.);
#594=FACE_OUTER_BOUND('',#932,.T.);
#595=FACE_OUTER_BOUND('',#933,.T.);
#596=FACE_OUTER_BOUND('',#934,.T.);
#597=FACE_OUTER_BOUND('',#935,.T.);
#598=FACE_OUTER_BOUND('',#936,.T.);
#599=FACE_OUTER_BOUND('',#937,.T.);
#600=FACE_OUTER_BOUND('',#938,.T.);
#601=FACE_OUTER_BOUND('',#939,.T.);
#602=FACE_OUTER_BOUND('',#940,.T.);
#603=FACE_OUTER_BOUND('',#941,.T.);
#604=FACE_OUTER_BOUND('',#942,.T.);
#605=FACE_OUTER_BOUND('',#943,.T.);
#606=FACE_OUTER_BOUND('',#944,.T.);
#607=FACE_OUTER_BOUND('',#945,.T.);
#608=FACE_OUTER_BOUND('',#946,.T.);
#609=FACE_OUTER_BOUND('',#947,.T.);
#610=FACE_OUTER_BOUND('',#948,.T.);
#611=FACE_OUTER_BOUND('',#949,.T.);
#612=FACE_OUTER_BOUND('',#950,.T.);
#613=FACE_OUTER_BOUND('',#951,.T.);
#614=FACE_OUTER_BOUND('',#952,.T.);
#615=FACE_OUTER_BOUND('',#953,.T.);
#616=FACE_OUTER_BOUND('',#954,.T.);
#617=FACE_OUTER_BOUND('',#955,.T.);
#618=FACE_OUTER_BOUND('',#956,.T.);
#619=FACE_OUTER_BOUND('',#957,.T.);
#620=FACE_OUTER_BOUND('',#958,.T.);
#621=FACE_OUTER_BOUND('',#959,.T.);
#622=FACE_OUTER_BOUND('',#960,.T.);
#623=FACE_OUTER_BOUND('',#961,.T.);
#624=FACE_OUTER_BOUND('',#962,.T.);
#625=FACE_OUTER_BOUND('',#963,.T.);
#626=FACE_OUTER_BOUND('',#964,.T.);
#627=FACE_OUTER_BOUND('',#965,.T.);
#628=FACE_OUTER_BOUND('',#966,.T.);
#629=FACE_OUTER_BOUND('',#967,.T.);
#630=FACE_OUTER_BOUND('',#968,.T.);
#631=FACE_OUTER_BOUND('',#969,.T.);
#632=FACE_OUTER_BOUND('',#970,.T.);
#633=FACE_OUTER_BOUND('',#971,.T.);
#634=FACE_OUTER_BOUND('',#972,.T.);
#635=FACE_OUTER_BOUND('',#973,.T.);
#636=FACE_OUTER_BOUND('',#974,.T.);
#637=FACE_OUTER_BOUND('',#975,.T.);
#638=FACE_OUTER_BOUND('',#976,.T.);
#639=FACE_OUTER_BOUND('',#977,.T.);
#640=FACE_OUTER_BOUND('',#978,.T.);
#641=FACE_OUTER_BOUND('',#979,.T.);
#642=FACE_OUTER_BOUND('',#980,.T.);
#643=FACE_OUTER_BOUND('',#981,.T.);
#644=FACE_OUTER_BOUND('',#982,.T.);
#645=FACE_OUTER_BOUND('',#983,.T.);
#646=FACE_OUTER_BOUND('',#984,.T.);
#647=FACE_OUTER_BOUND('',#985,.T.);
#648=FACE_OUTER_BOUND('',#986,.T.);
#649=FACE_OUTER_BOUND('',#987,.T.);
#650=FACE_OUTER_BOUND('',#988,.T.);
#651=FACE_OUTER_BOUND('',#989,.T.);
#652=FACE_OUTER_BOUND('',#990,.T.);
#653=FACE_OUTER_BOUND('',#991,.T.);
#654=FACE_OUTER_BOUND('',#992,.T.);
#655=FACE_OUTER_BOUND('',#993,.T.);
#656=FACE_OUTER_BOUND('',#994,.T.);
#657=FACE_OUTER_BOUND('',#995,.T.);
#658=FACE_OUTER_BOUND('',#996,.T.);
#659=FACE_OUTER_BOUND('',#997,.T.);
#660=FACE_OUTER_BOUND('',#998,.T.);
#661=FACE_OUTER_BOUND('',#999,.T.);
#662=FACE_OUTER_BOUND('',#1000,.T.);
#663=FACE_OUTER_BOUND('',#1001,.T.);
#664=FACE_OUTER_BOUND('',#1002,.T.);
#665=FACE_OUTER_BOUND('',#1003,.T.);
#666=FACE_OUTER_BOUND('',#1004,.T.);
#667=FACE_OUTER_BOUND('',#1005,.T.);
#668=FACE_OUTER_BOUND('',#1006,.T.);
#669=FACE_OUTER_BOUND('',#1007,.T.);
#670=FACE_OUTER_BOUND('',#1008,.T.);
#671=FACE_OUTER_BOUND('',#1009,.T.);
#672=FACE_OUTER_BOUND('',#1010,.T.);
#673=FACE_OUTER_BOUND('',#1011,.T.);
#674=FACE_OUTER_BOUND('',#1012,.T.);
#675=FACE_OUTER_BOUND('',#1013,.T.);
#676=FACE_OUTER_BOUND('',#1014,.T.);
#677=FACE_OUTER_BOUND('',#1015,.T.);
#678=FACE_OUTER_BOUND('',#1016,.T.);
#679=FACE_OUTER_BOUND('',#1017,.T.);
#680=FACE_OUTER_BOUND('',#1018,.T.);
#681=FACE_OUTER_BOUND('',#1019,.T.);
#682=FACE_OUTER_BOUND('',#1020,.T.);
#683=FACE_OUTER_BOUND('',#1021,.T.);
#684=FACE_OUTER_BOUND('',#1022,.T.);
#685=FACE_OUTER_BOUND('',#1023,.T.);
#686=FACE_OUTER_BOUND('',#1024,.T.);
#687=FACE_OUTER_BOUND('',#1025,.T.);
#688=FACE_OUTER_BOUND('',#1026,.T.);
#689=FACE_OUTER_BOUND('',#1027,.T.);
#690=FACE_OUTER_BOUND('',#1028,.T.);
#691=FACE_OUTER_BOUND('',#1029,.T.);
#692=FACE_OUTER_BOUND('',#1030,.T.);
#693=FACE_OUTER_BOUND('',#1031,.T.);
#694=FACE_OUTER_BOUND('',#1032,.T.);
#695=FACE_OUTER_BOUND('',#1033,.T.);
#696=FACE_OUTER_BOUND('',#1034,.T.);
#697=FACE_OUTER_BOUND('',#1035,.T.);
#698=FACE_OUTER_BOUND('',#1036,.T.);
#699=FACE_OUTER_BOUND('',#1037,.T.);
#700=FACE_OUTER_BOUND('',#1038,.T.);
#701=FACE_OUTER_BOUND('',#1039,.T.);
#702=FACE_OUTER_BOUND('',#1040,.T.);
#703=FACE_OUTER_BOUND('',#1041,.T.);
#704=FACE_OUTER_BOUND('',#1042,.T.);
#705=FACE_OUTER_BOUND('',#1043,.T.);
#706=FACE_OUTER_BOUND('',#1044,.T.);
#707=FACE_OUTER_BOUND('',#1045,.T.);
#708=FACE_OUTER_BOUND('',#1046,.T.);
#709=FACE_OUTER_BOUND('',#1047,.T.);
#710=FACE_OUTER_BOUND('',#1048,.T.);
#711=FACE_OUTER_BOUND('',#1049,.T.);
#712=FACE_OUTER_BOUND('',#1050,.T.);
#713=FACE_OUTER_BOUND('',#1051,.T.);
#714=FACE_OUTER_BOUND('',#1052,.T.);
#715=FACE_OUTER_BOUND('',#1053,.T.);
#716=FACE_OUTER_BOUND('',#1054,.T.);
#717=FACE_OUTER_BOUND('',#1055,.T.);
#718=FACE_OUTER_BOUND('',#1056,.T.);
#719=FACE_OUTER_BOUND('',#1057,.T.);
#720=FACE_OUTER_BOUND('',#1058,.T.);
#721=FACE_OUTER_BOUND('',#1059,.T.);
#722=FACE_OUTER_BOUND('',#1063,.T.);
#723=FACE_OUTER_BOUND('',#1064,.T.);
#724=FACE_OUTER_BOUND('',#1065,.T.);
#725=FACE_OUTER_BOUND('',#1066,.T.);
#726=FACE_OUTER_BOUND('',#1067,.T.);
#727=FACE_OUTER_BOUND('',#1068,.T.);
#728=FACE_OUTER_BOUND('',#1069,.T.);
#729=FACE_OUTER_BOUND('',#1070,.T.);
#730=FACE_OUTER_BOUND('',#1071,.T.);
#731=FACE_OUTER_BOUND('',#1072,.T.);
#732=FACE_OUTER_BOUND('',#1073,.T.);
#733=FACE_OUTER_BOUND('',#1074,.T.);
#734=FACE_OUTER_BOUND('',#1075,.T.);
#735=FACE_OUTER_BOUND('',#1076,.T.);
#736=FACE_OUTER_BOUND('',#1077,.T.);
#737=FACE_OUTER_BOUND('',#1078,.T.);
#738=FACE_OUTER_BOUND('',#1079,.T.);
#739=FACE_OUTER_BOUND('',#1080,.T.);
#740=FACE_OUTER_BOUND('',#1081,.T.);
#741=FACE_OUTER_BOUND('',#1082,.T.);
#742=FACE_OUTER_BOUND('',#1083,.T.);
#743=FACE_OUTER_BOUND('',#1084,.T.);
#744=FACE_OUTER_BOUND('',#1085,.T.);
#745=FACE_OUTER_BOUND('',#1086,.T.);
#746=FACE_OUTER_BOUND('',#1087,.T.);
#747=FACE_OUTER_BOUND('',#1088,.T.);
#748=FACE_OUTER_BOUND('',#1089,.T.);
#749=FACE_OUTER_BOUND('',#1090,.T.);
#750=FACE_OUTER_BOUND('',#1091,.T.);
#751=FACE_OUTER_BOUND('',#1092,.T.);
#752=FACE_OUTER_BOUND('',#1093,.T.);
#753=FACE_OUTER_BOUND('',#1094,.T.);
#754=FACE_OUTER_BOUND('',#1095,.T.);
#755=FACE_OUTER_BOUND('',#1096,.T.);
#756=FACE_OUTER_BOUND('',#1097,.T.);
#757=FACE_OUTER_BOUND('',#1098,.T.);
#758=FACE_OUTER_BOUND('',#1099,.T.);
#759=FACE_OUTER_BOUND('',#1100,.T.);
#760=FACE_OUTER_BOUND('',#1101,.T.);
#761=FACE_OUTER_BOUND('',#1102,.T.);
#762=FACE_OUTER_BOUND('',#1103,.T.);
#763=FACE_OUTER_BOUND('',#1104,.T.);
#764=FACE_OUTER_BOUND('',#1105,.T.);
#765=FACE_OUTER_BOUND('',#1106,.T.);
#766=FACE_OUTER_BOUND('',#1107,.T.);
#767=FACE_OUTER_BOUND('',#1108,.T.);
#768=FACE_OUTER_BOUND('',#1109,.T.);
#769=FACE_OUTER_BOUND('',#1110,.T.);
#770=FACE_OUTER_BOUND('',#1111,.T.);
#771=FACE_OUTER_BOUND('',#1112,.T.);
#772=FACE_OUTER_BOUND('',#1113,.T.);
#773=FACE_OUTER_BOUND('',#1114,.T.);
#774=FACE_OUTER_BOUND('',#1115,.T.);
#775=FACE_OUTER_BOUND('',#1116,.T.);
#776=FACE_OUTER_BOUND('',#1117,.T.);
#777=FACE_OUTER_BOUND('',#1118,.T.);
#778=FACE_OUTER_BOUND('',#1119,.T.);
#779=FACE_OUTER_BOUND('',#1120,.T.);
#780=FACE_OUTER_BOUND('',#1121,.T.);
#781=FACE_OUTER_BOUND('',#1122,.T.);
#782=FACE_OUTER_BOUND('',#1123,.T.);
#783=FACE_OUTER_BOUND('',#1124,.T.);
#784=FACE_OUTER_BOUND('',#1125,.T.);
#785=FACE_OUTER_BOUND('',#1126,.T.);
#786=FACE_OUTER_BOUND('',#1127,.T.);
#787=FACE_OUTER_BOUND('',#1128,.T.);
#788=FACE_OUTER_BOUND('',#1129,.T.);
#789=FACE_OUTER_BOUND('',#1133,.T.);
#790=FACE_OUTER_BOUND('',#1134,.T.);
#791=FACE_OUTER_BOUND('',#1135,.T.);
#792=FACE_OUTER_BOUND('',#1136,.T.);
#793=FACE_OUTER_BOUND('',#1137,.T.);
#794=FACE_OUTER_BOUND('',#1139,.T.);
#795=FACE_OUTER_BOUND('',#1140,.T.);
#796=FACE_OUTER_BOUND('',#1147,.T.);
#797=FACE_OUTER_BOUND('',#1148,.T.);
#798=FACE_OUTER_BOUND('',#1152,.T.);
#799=FACE_OUTER_BOUND('',#1153,.T.);
#800=FACE_OUTER_BOUND('',#1154,.T.);
#801=FACE_OUTER_BOUND('',#1155,.T.);
#802=FACE_OUTER_BOUND('',#1156,.T.);
#803=FACE_OUTER_BOUND('',#1157,.T.);
#804=FACE_OUTER_BOUND('',#1158,.T.);
#805=FACE_OUTER_BOUND('',#1159,.T.);
#806=FACE_OUTER_BOUND('',#1160,.T.);
#807=FACE_OUTER_BOUND('',#1161,.T.);
#808=FACE_OUTER_BOUND('',#1162,.T.);
#809=FACE_OUTER_BOUND('',#1163,.T.);
#810=FACE_OUTER_BOUND('',#1164,.T.);
#811=FACE_OUTER_BOUND('',#1165,.T.);
#812=FACE_OUTER_BOUND('',#1166,.T.);
#813=FACE_OUTER_BOUND('',#1167,.T.);
#814=FACE_OUTER_BOUND('',#1168,.T.);
#815=FACE_OUTER_BOUND('',#1169,.T.);
#816=FACE_OUTER_BOUND('',#1170,.T.);
#817=FACE_OUTER_BOUND('',#1171,.T.);
#818=FACE_OUTER_BOUND('',#1172,.T.);
#819=FACE_OUTER_BOUND('',#1173,.T.);
#820=FACE_OUTER_BOUND('',#1174,.T.);
#821=FACE_OUTER_BOUND('',#1175,.T.);
#822=FACE_OUTER_BOUND('',#1176,.T.);
#823=FACE_OUTER_BOUND('',#1177,.T.);
#824=FACE_OUTER_BOUND('',#1178,.T.);
#825=FACE_OUTER_BOUND('',#1179,.T.);
#826=FACE_OUTER_BOUND('',#1180,.T.);
#827=FACE_OUTER_BOUND('',#1184,.T.);
#828=FACE_OUTER_BOUND('',#1185,.T.);
#829=FACE_OUTER_BOUND('',#1186,.T.);
#830=FACE_OUTER_BOUND('',#1187,.T.);
#831=FACE_OUTER_BOUND('',#1188,.T.);
#832=FACE_OUTER_BOUND('',#1189,.T.);
#833=FACE_OUTER_BOUND('',#1190,.T.);
#834=FACE_OUTER_BOUND('',#1191,.T.);
#835=FACE_OUTER_BOUND('',#1192,.T.);
#836=FACE_OUTER_BOUND('',#1193,.T.);
#837=FACE_OUTER_BOUND('',#1194,.T.);
#838=FACE_OUTER_BOUND('',#1195,.T.);
#839=FACE_OUTER_BOUND('',#1196,.T.);
#840=FACE_OUTER_BOUND('',#1197,.T.);
#841=FACE_OUTER_BOUND('',#1198,.T.);
#842=FACE_OUTER_BOUND('',#1199,.T.);
#843=FACE_OUTER_BOUND('',#1202,.T.);
#844=EDGE_LOOP('',(#3986,#3987,#3988,#3989,#3990,#3991));
#845=EDGE_LOOP('',(#3992));
#846=EDGE_LOOP('',(#3993));
#847=EDGE_LOOP('',(#3994));
#848=EDGE_LOOP('',(#3995));
#849=EDGE_LOOP('',(#3996,#3997,#3998,#3999));
#850=EDGE_LOOP('',(#4000,#4001,#4002,#4003,#4004,#4005,#4006));
#851=EDGE_LOOP('',(#4007,#4008,#4009,#4010,#4011));
#852=EDGE_LOOP('',(#4012,#4013,#4014,#4015,#4016));
#853=EDGE_LOOP('',(#4017,#4018,#4019,#4020,#4021,#4022,#4023,#4024));
#854=EDGE_LOOP('',(#4025,#4026,#4027,#4028,#4029,#4030,#4031));
#855=EDGE_LOOP('',(#4032,#4033));
#856=EDGE_LOOP('',(#4034));
#857=EDGE_LOOP('',(#4035));
#858=EDGE_LOOP('',(#4036));
#859=EDGE_LOOP('',(#4037,#4038,#4039,#4040));
#860=EDGE_LOOP('',(#4041,#4042,#4043,#4044,#4045,#4046,#4047,#4048,#4049,
#4050,#4051,#4052,#4053,#4054,#4055,#4056,#4057,#4058,#4059,#4060,#4061,
#4062,#4063,#4064,#4065,#4066,#4067,#4068,#4069,#4070,#4071,#4072,#4073,
#4074,#4075,#4076,#4077,#4078,#4079,#4080,#4081,#4082,#4083,#4084,#4085,
#4086,#4087,#4088,#4089,#4090,#4091,#4092,#4093,#4094,#4095,#4096,#4097,
#4098,#4099,#4100,#4101,#4102,#4103));
#861=EDGE_LOOP('',(#4104,#4105,#4106,#4107));
#862=EDGE_LOOP('',(#4108,#4109,#4110,#4111,#4112));
#863=EDGE_LOOP('',(#4113,#4114,#4115,#4116));
#864=EDGE_LOOP('',(#4117,#4118,#4119,#4120));
#865=EDGE_LOOP('',(#4121,#4122,#4123,#4124,#4125));
#866=EDGE_LOOP('',(#4126,#4127,#4128,#4129));
#867=EDGE_LOOP('',(#4130,#4131,#4132,#4133));
#868=EDGE_LOOP('',(#4134,#4135,#4136,#4137));
#869=EDGE_LOOP('',(#4138,#4139,#4140,#4141));
#870=EDGE_LOOP('',(#4142,#4143,#4144,#4145));
#871=EDGE_LOOP('',(#4146,#4147,#4148,#4149));
#872=EDGE_LOOP('',(#4150,#4151,#4152,#4153));
#873=EDGE_LOOP('',(#4154,#4155,#4156,#4157));
#874=EDGE_LOOP('',(#4158,#4159,#4160,#4161));
#875=EDGE_LOOP('',(#4162,#4163,#4164,#4165));
#876=EDGE_LOOP('',(#4166,#4167,#4168,#4169));
#877=EDGE_LOOP('',(#4170,#4171,#4172,#4173));
#878=EDGE_LOOP('',(#4174,#4175,#4176,#4177));
#879=EDGE_LOOP('',(#4178));
#880=EDGE_LOOP('',(#4179,#4180,#4181,#4182));
#881=EDGE_LOOP('',(#4183,#4184,#4185,#4186,#4187));
#882=EDGE_LOOP('',(#4188,#4189,#4190,#4191,#4192,#4193,#4194,#4195,#4196,
#4197,#4198,#4199,#4200,#4201,#4202,#4203,#4204,#4205,#4206,#4207,#4208,
#4209,#4210));
#883=EDGE_LOOP('',(#4211,#4212,#4213,#4214));
#884=EDGE_LOOP('',(#4215,#4216,#4217,#4218,#4219,#4220,#4221,#4222,#4223,
#4224,#4225,#4226,#4227,#4228));
#885=EDGE_LOOP('',(#4229,#4230,#4231,#4232));
#886=EDGE_LOOP('',(#4233,#4234,#4235,#4236));
#887=EDGE_LOOP('',(#4237,#4238,#4239,#4240));
#888=EDGE_LOOP('',(#4241,#4242,#4243,#4244,#4245,#4246));
#889=EDGE_LOOP('',(#4247,#4248,#4249,#4250));
#890=EDGE_LOOP('',(#4251,#4252,#4253,#4254));
#891=EDGE_LOOP('',(#4255,#4256,#4257,#4258,#4259));
#892=EDGE_LOOP('',(#4260,#4261,#4262,#4263));
#893=EDGE_LOOP('',(#4264,#4265,#4266,#4267));
#894=EDGE_LOOP('',(#4268,#4269,#4270,#4271));
#895=EDGE_LOOP('',(#4272,#4273,#4274,#4275));
#896=EDGE_LOOP('',(#4276,#4277,#4278,#4279));
#897=EDGE_LOOP('',(#4280,#4281,#4282,#4283));
#898=EDGE_LOOP('',(#4284,#4285,#4286,#4287,#4288));
#899=EDGE_LOOP('',(#4289,#4290,#4291,#4292));
#900=EDGE_LOOP('',(#4293,#4294,#4295,#4296));
#901=EDGE_LOOP('',(#4297,#4298));
#902=EDGE_LOOP('',(#4299,#4300,#4301,#4302,#4303,#4304));
#903=EDGE_LOOP('',(#4305,#4306,#4307,#4308));
#904=EDGE_LOOP('',(#4309,#4310,#4311,#4312));
#905=EDGE_LOOP('',(#4313,#4314,#4315,#4316));
#906=EDGE_LOOP('',(#4317));
#907=EDGE_LOOP('',(#4318,#4319,#4320,#4321));
#908=EDGE_LOOP('',(#4322));
#909=EDGE_LOOP('',(#4323));
#910=EDGE_LOOP('',(#4324,#4325,#4326,#4327));
#911=EDGE_LOOP('',(#4328,#4329,#4330,#4331));
#912=EDGE_LOOP('',(#4332,#4333,#4334,#4335));
#913=EDGE_LOOP('',(#4336,#4337,#4338,#4339));
#914=EDGE_LOOP('',(#4340,#4341,#4342,#4343));
#915=EDGE_LOOP('',(#4344,#4345,#4346,#4347));
#916=EDGE_LOOP('',(#4348,#4349,#4350,#4351));
#917=EDGE_LOOP('',(#4352,#4353,#4354,#4355,#4356,#4357));
#918=EDGE_LOOP('',(#4358));
#919=EDGE_LOOP('',(#4359));
#920=EDGE_LOOP('',(#4360));
#921=EDGE_LOOP('',(#4361,#4362,#4363,#4364));
#922=EDGE_LOOP('',(#4365,#4366,#4367,#4368));
#923=EDGE_LOOP('',(#4369,#4370,#4371,#4372));
#924=EDGE_LOOP('',(#4373,#4374,#4375,#4376));
#925=EDGE_LOOP('',(#4377,#4378,#4379,#4380));
#926=EDGE_LOOP('',(#4381,#4382,#4383,#4384));
#927=EDGE_LOOP('',(#4385,#4386,#4387,#4388));
#928=EDGE_LOOP('',(#4389,#4390,#4391,#4392));
#929=EDGE_LOOP('',(#4393,#4394,#4395,#4396));
#930=EDGE_LOOP('',(#4397,#4398,#4399,#4400));
#931=EDGE_LOOP('',(#4401,#4402,#4403,#4404));
#932=EDGE_LOOP('',(#4405,#4406,#4407,#4408));
#933=EDGE_LOOP('',(#4409,#4410,#4411,#4412));
#934=EDGE_LOOP('',(#4413,#4414,#4415,#4416));
#935=EDGE_LOOP('',(#4417,#4418,#4419,#4420));
#936=EDGE_LOOP('',(#4421,#4422,#4423,#4424));
#937=EDGE_LOOP('',(#4425,#4426,#4427,#4428));
#938=EDGE_LOOP('',(#4429,#4430,#4431,#4432));
#939=EDGE_LOOP('',(#4433,#4434,#4435,#4436));
#940=EDGE_LOOP('',(#4437,#4438,#4439,#4440));
#941=EDGE_LOOP('',(#4441,#4442,#4443,#4444));
#942=EDGE_LOOP('',(#4445,#4446,#4447,#4448));
#943=EDGE_LOOP('',(#4449,#4450,#4451,#4452));
#944=EDGE_LOOP('',(#4453,#4454,#4455,#4456));
#945=EDGE_LOOP('',(#4457,#4458,#4459,#4460));
#946=EDGE_LOOP('',(#4461,#4462,#4463,#4464));
#947=EDGE_LOOP('',(#4465,#4466,#4467,#4468));
#948=EDGE_LOOP('',(#4469,#4470,#4471,#4472));
#949=EDGE_LOOP('',(#4473,#4474,#4475,#4476));
#950=EDGE_LOOP('',(#4477,#4478,#4479,#4480));
#951=EDGE_LOOP('',(#4481,#4482,#4483,#4484));
#952=EDGE_LOOP('',(#4485,#4486,#4487,#4488));
#953=EDGE_LOOP('',(#4489,#4490,#4491,#4492));
#954=EDGE_LOOP('',(#4493,#4494,#4495,#4496));
#955=EDGE_LOOP('',(#4497,#4498,#4499,#4500));
#956=EDGE_LOOP('',(#4501,#4502,#4503,#4504));
#957=EDGE_LOOP('',(#4505,#4506,#4507,#4508));
#958=EDGE_LOOP('',(#4509,#4510,#4511,#4512));
#959=EDGE_LOOP('',(#4513,#4514,#4515,#4516));
#960=EDGE_LOOP('',(#4517,#4518,#4519,#4520));
#961=EDGE_LOOP('',(#4521,#4522,#4523,#4524));
#962=EDGE_LOOP('',(#4525,#4526,#4527,#4528));
#963=EDGE_LOOP('',(#4529,#4530,#4531,#4532));
#964=EDGE_LOOP('',(#4533,#4534,#4535,#4536));
#965=EDGE_LOOP('',(#4537,#4538,#4539,#4540));
#966=EDGE_LOOP('',(#4541,#4542,#4543,#4544));
#967=EDGE_LOOP('',(#4545,#4546,#4547,#4548));
#968=EDGE_LOOP('',(#4549,#4550,#4551,#4552));
#969=EDGE_LOOP('',(#4553,#4554,#4555,#4556));
#970=EDGE_LOOP('',(#4557,#4558,#4559,#4560));
#971=EDGE_LOOP('',(#4561,#4562,#4563,#4564));
#972=EDGE_LOOP('',(#4565,#4566,#4567,#4568));
#973=EDGE_LOOP('',(#4569,#4570,#4571,#4572));
#974=EDGE_LOOP('',(#4573,#4574,#4575,#4576));
#975=EDGE_LOOP('',(#4577,#4578,#4579,#4580));
#976=EDGE_LOOP('',(#4581,#4582,#4583,#4584));
#977=EDGE_LOOP('',(#4585,#4586,#4587,#4588));
#978=EDGE_LOOP('',(#4589,#4590,#4591,#4592));
#979=EDGE_LOOP('',(#4593,#4594,#4595,#4596));
#980=EDGE_LOOP('',(#4597,#4598,#4599,#4600));
#981=EDGE_LOOP('',(#4601,#4602,#4603,#4604));
#982=EDGE_LOOP('',(#4605,#4606,#4607,#4608));
#983=EDGE_LOOP('',(#4609,#4610,#4611,#4612));
#984=EDGE_LOOP('',(#4613,#4614,#4615,#4616));
#985=EDGE_LOOP('',(#4617,#4618,#4619,#4620));
#986=EDGE_LOOP('',(#4621,#4622,#4623,#4624));
#987=EDGE_LOOP('',(#4625,#4626,#4627,#4628));
#988=EDGE_LOOP('',(#4629,#4630,#4631,#4632));
#989=EDGE_LOOP('',(#4633,#4634,#4635,#4636));
#990=EDGE_LOOP('',(#4637,#4638,#4639,#4640));
#991=EDGE_LOOP('',(#4641,#4642,#4643,#4644));
#992=EDGE_LOOP('',(#4645,#4646,#4647,#4648));
#993=EDGE_LOOP('',(#4649,#4650,#4651,#4652,#4653,#4654,#4655,#4656,#4657,
#4658,#4659,#4660,#4661));
#994=EDGE_LOOP('',(#4662,#4663,#4664,#4665));
#995=EDGE_LOOP('',(#4666,#4667,#4668,#4669,#4670,#4671,#4672,#4673,#4674,
#4675,#4676,#4677,#4678,#4679,#4680,#4681,#4682,#4683,#4684,#4685,#4686,
#4687,#4688,#4689,#4690,#4691,#4692,#4693,#4694,#4695,#4696,#4697,#4698,
#4699,#4700,#4701,#4702,#4703,#4704,#4705,#4706,#4707,#4708,#4709,#4710,
#4711,#4712,#4713,#4714,#4715,#4716,#4717,#4718,#4719,#4720,#4721,#4722,
#4723,#4724,#4725,#4726,#4727,#4728,#4729,#4730,#4731,#4732,#4733,#4734,
#4735,#4736,#4737,#4738,#4739));
#996=EDGE_LOOP('',(#4740,#4741,#4742,#4743,#4744,#4745));
#997=EDGE_LOOP('',(#4746,#4747,#4748,#4749,#4750,#4751));
#998=EDGE_LOOP('',(#4752,#4753,#4754,#4755));
#999=EDGE_LOOP('',(#4756,#4757,#4758,#4759));
#1000=EDGE_LOOP('',(#4760,#4761,#4762,#4763));
#1001=EDGE_LOOP('',(#4764,#4765,#4766,#4767));
#1002=EDGE_LOOP('',(#4768,#4769,#4770,#4771));
#1003=EDGE_LOOP('',(#4772,#4773,#4774,#4775));
#1004=EDGE_LOOP('',(#4776,#4777,#4778,#4779,#4780,#4781));
#1005=EDGE_LOOP('',(#4782,#4783,#4784,#4785));
#1006=EDGE_LOOP('',(#4786,#4787,#4788,#4789));
#1007=EDGE_LOOP('',(#4790,#4791,#4792,#4793,#4794,#4795));
#1008=EDGE_LOOP('',(#4796,#4797,#4798,#4799));
#1009=EDGE_LOOP('',(#4800,#4801,#4802,#4803));
#1010=EDGE_LOOP('',(#4804,#4805,#4806,#4807));
#1011=EDGE_LOOP('',(#4808,#4809,#4810,#4811,#4812,#4813));
#1012=EDGE_LOOP('',(#4814,#4815,#4816,#4817));
#1013=EDGE_LOOP('',(#4818,#4819,#4820,#4821));
#1014=EDGE_LOOP('',(#4822,#4823,#4824,#4825,#4826,#4827));
#1015=EDGE_LOOP('',(#4828,#4829,#4830,#4831));
#1016=EDGE_LOOP('',(#4832,#4833,#4834,#4835,#4836,#4837,#4838,#4839,#4840,
#4841,#4842,#4843,#4844));
#1017=EDGE_LOOP('',(#4845,#4846,#4847,#4848));
#1018=EDGE_LOOP('',(#4849,#4850,#4851,#4852));
#1019=EDGE_LOOP('',(#4853,#4854,#4855,#4856));
#1020=EDGE_LOOP('',(#4857,#4858,#4859,#4860,#4861,#4862));
#1021=EDGE_LOOP('',(#4863,#4864,#4865,#4866));
#1022=EDGE_LOOP('',(#4867,#4868,#4869,#4870));
#1023=EDGE_LOOP('',(#4871,#4872,#4873,#4874));
#1024=EDGE_LOOP('',(#4875,#4876,#4877,#4878));
#1025=EDGE_LOOP('',(#4879,#4880,#4881,#4882,#4883,#4884));
#1026=EDGE_LOOP('',(#4885,#4886,#4887,#4888));
#1027=EDGE_LOOP('',(#4889,#4890,#4891,#4892));
#1028=EDGE_LOOP('',(#4893,#4894,#4895,#4896));
#1029=EDGE_LOOP('',(#4897,#4898,#4899,#4900));
#1030=EDGE_LOOP('',(#4901,#4902,#4903,#4904,#4905,#4906));
#1031=EDGE_LOOP('',(#4907,#4908,#4909,#4910));
#1032=EDGE_LOOP('',(#4911,#4912,#4913,#4914));
#1033=EDGE_LOOP('',(#4915,#4916,#4917,#4918,#4919,#4920));
#1034=EDGE_LOOP('',(#4921,#4922,#4923,#4924));
#1035=EDGE_LOOP('',(#4925,#4926,#4927,#4928));
#1036=EDGE_LOOP('',(#4929,#4930,#4931,#4932));
#1037=EDGE_LOOP('',(#4933,#4934,#4935,#4936));
#1038=EDGE_LOOP('',(#4937,#4938,#4939,#4940,#4941,#4942));
#1039=EDGE_LOOP('',(#4943,#4944,#4945,#4946));
#1040=EDGE_LOOP('',(#4947,#4948,#4949,#4950));
#1041=EDGE_LOOP('',(#4951,#4952,#4953,#4954,#4955,#4956));
#1042=EDGE_LOOP('',(#4957,#4958,#4959,#4960,#4961,#4962));
#1043=EDGE_LOOP('',(#4963,#4964,#4965,#4966));
#1044=EDGE_LOOP('',(#4967,#4968,#4969,#4970));
#1045=EDGE_LOOP('',(#4971,#4972,#4973,#4974));
#1046=EDGE_LOOP('',(#4975,#4976,#4977,#4978,#4979,#4980));
#1047=EDGE_LOOP('',(#4981,#4982,#4983,#4984));
#1048=EDGE_LOOP('',(#4985,#4986,#4987,#4988));
#1049=EDGE_LOOP('',(#4989,#4990,#4991,#4992));
#1050=EDGE_LOOP('',(#4993,#4994,#4995,#4996));
#1051=EDGE_LOOP('',(#4997,#4998,#4999,#5000));
#1052=EDGE_LOOP('',(#5001,#5002,#5003,#5004));
#1053=EDGE_LOOP('',(#5005,#5006,#5007,#5008,#5009,#5010,#5011,#5012,#5013,
#5014,#5015,#5016,#5017,#5018,#5019,#5020,#5021,#5022,#5023,#5024,#5025,
#5026,#5027,#5028,#5029,#5030,#5031,#5032,#5033,#5034,#5035,#5036,#5037,
#5038,#5039,#5040,#5041,#5042,#5043,#5044,#5045,#5046,#5047,#5048,#5049,
#5050,#5051,#5052,#5053,#5054,#5055,#5056,#5057,#5058,#5059,#5060,#5061,
#5062,#5063,#5064,#5065,#5066,#5067,#5068,#5069,#5070,#5071,#5072,#5073,
#5074,#5075,#5076,#5077,#5078));
#1054=EDGE_LOOP('',(#5079,#5080,#5081,#5082));
#1055=EDGE_LOOP('',(#5083,#5084,#5085,#5086));
#1056=EDGE_LOOP('',(#5087,#5088,#5089,#5090));
#1057=EDGE_LOOP('',(#5091,#5092,#5093,#5094));
#1058=EDGE_LOOP('',(#5095,#5096,#5097,#5098));
#1059=EDGE_LOOP('',(#5099,#5100,#5101,#5102,#5103,#5104,#5105,#5106));
#1060=EDGE_LOOP('',(#5107));
#1061=EDGE_LOOP('',(#5108));
#1062=EDGE_LOOP('',(#5109));
#1063=EDGE_LOOP('',(#5110,#5111,#5112,#5113));
#1064=EDGE_LOOP('',(#5114,#5115,#5116,#5117));
#1065=EDGE_LOOP('',(#5118,#5119,#5120,#5121));
#1066=EDGE_LOOP('',(#5122,#5123,#5124,#5125));
#1067=EDGE_LOOP('',(#5126,#5127,#5128,#5129));
#1068=EDGE_LOOP('',(#5130,#5131,#5132,#5133));
#1069=EDGE_LOOP('',(#5134,#5135,#5136,#5137));
#1070=EDGE_LOOP('',(#5138,#5139,#5140,#5141));
#1071=EDGE_LOOP('',(#5142,#5143,#5144,#5145));
#1072=EDGE_LOOP('',(#5146,#5147,#5148,#5149));
#1073=EDGE_LOOP('',(#5150,#5151,#5152,#5153));
#1074=EDGE_LOOP('',(#5154,#5155,#5156,#5157,#5158));
#1075=EDGE_LOOP('',(#5159,#5160,#5161,#5162));
#1076=EDGE_LOOP('',(#5163,#5164,#5165,#5166));
#1077=EDGE_LOOP('',(#5167,#5168,#5169,#5170));
#1078=EDGE_LOOP('',(#5171,#5172,#5173,#5174));
#1079=EDGE_LOOP('',(#5175,#5176,#5177,#5178,#5179,#5180,#5181,#5182));
#1080=EDGE_LOOP('',(#5183,#5184,#5185,#5186));
#1081=EDGE_LOOP('',(#5187,#5188,#5189,#5190));
#1082=EDGE_LOOP('',(#5191,#5192,#5193,#5194));
#1083=EDGE_LOOP('',(#5195,#5196,#5197,#5198));
#1084=EDGE_LOOP('',(#5199,#5200,#5201,#5202));
#1085=EDGE_LOOP('',(#5203,#5204,#5205,#5206));
#1086=EDGE_LOOP('',(#5207,#5208,#5209,#5210));
#1087=EDGE_LOOP('',(#5211,#5212,#5213,#5214));
#1088=EDGE_LOOP('',(#5215,#5216,#5217,#5218));
#1089=EDGE_LOOP('',(#5219,#5220,#5221,#5222));
#1090=EDGE_LOOP('',(#5223,#5224,#5225,#5226));
#1091=EDGE_LOOP('',(#5227,#5228,#5229,#5230));
#1092=EDGE_LOOP('',(#5231,#5232,#5233,#5234));
#1093=EDGE_LOOP('',(#5235,#5236,#5237,#5238));
#1094=EDGE_LOOP('',(#5239,#5240,#5241,#5242,#5243,#5244));
#1095=EDGE_LOOP('',(#5245,#5246,#5247,#5248));
#1096=EDGE_LOOP('',(#5249,#5250,#5251,#5252));
#1097=EDGE_LOOP('',(#5253,#5254,#5255,#5256,#5257,#5258));
#1098=EDGE_LOOP('',(#5259,#5260,#5261,#5262,#5263,#5264));
#1099=EDGE_LOOP('',(#5265,#5266,#5267,#5268,#5269,#5270));
#1100=EDGE_LOOP('',(#5271,#5272,#5273,#5274,#5275,#5276));
#1101=EDGE_LOOP('',(#5277,#5278,#5279,#5280,#5281,#5282));
#1102=EDGE_LOOP('',(#5283,#5284,#5285,#5286,#5287,#5288));
#1103=EDGE_LOOP('',(#5289,#5290,#5291,#5292,#5293,#5294));
#1104=EDGE_LOOP('',(#5295,#5296,#5297,#5298,#5299,#5300));
#1105=EDGE_LOOP('',(#5301,#5302,#5303,#5304,#5305,#5306));
#1106=EDGE_LOOP('',(#5307,#5308,#5309,#5310,#5311,#5312));
#1107=EDGE_LOOP('',(#5313,#5314,#5315,#5316,#5317,#5318));
#1108=EDGE_LOOP('',(#5319,#5320,#5321,#5322));
#1109=EDGE_LOOP('',(#5323,#5324,#5325,#5326,#5327,#5328));
#1110=EDGE_LOOP('',(#5329,#5330,#5331,#5332,#5333,#5334));
#1111=EDGE_LOOP('',(#5335,#5336,#5337,#5338));
#1112=EDGE_LOOP('',(#5339,#5340,#5341,#5342,#5343,#5344));
#1113=EDGE_LOOP('',(#5345,#5346,#5347,#5348,#5349,#5350));
#1114=EDGE_LOOP('',(#5351,#5352,#5353,#5354));
#1115=EDGE_LOOP('',(#5355,#5356,#5357,#5358,#5359,#5360));
#1116=EDGE_LOOP('',(#5361,#5362,#5363,#5364,#5365,#5366));
#1117=EDGE_LOOP('',(#5367,#5368,#5369,#5370,#5371,#5372));
#1118=EDGE_LOOP('',(#5373,#5374,#5375,#5376));
#1119=EDGE_LOOP('',(#5377,#5378,#5379,#5380,#5381));
#1120=EDGE_LOOP('',(#5382,#5383,#5384,#5385));
#1121=EDGE_LOOP('',(#5386,#5387,#5388,#5389,#5390,#5391));
#1122=EDGE_LOOP('',(#5392,#5393,#5394,#5395,#5396,#5397));
#1123=EDGE_LOOP('',(#5398,#5399,#5400,#5401,#5402,#5403));
#1124=EDGE_LOOP('',(#5404,#5405,#5406,#5407));
#1125=EDGE_LOOP('',(#5408,#5409,#5410,#5411));
#1126=EDGE_LOOP('',(#5412,#5413,#5414,#5415));
#1127=EDGE_LOOP('',(#5416,#5417,#5418,#5419));
#1128=EDGE_LOOP('',(#5420,#5421,#5422,#5423));
#1129=EDGE_LOOP('',(#5424,#5425,#5426,#5427,#5428,#5429));
#1130=EDGE_LOOP('',(#5430));
#1131=EDGE_LOOP('',(#5431));
#1132=EDGE_LOOP('',(#5432));
#1133=EDGE_LOOP('',(#5433,#5434));
#1134=EDGE_LOOP('',(#5435,#5436,#5437,#5438));
#1135=EDGE_LOOP('',(#5439,#5440,#5441,#5442));
#1136=EDGE_LOOP('',(#5443,#5444,#5445,#5446));
#1137=EDGE_LOOP('',(#5447,#5448,#5449,#5450));
#1138=EDGE_LOOP('',(#5451,#5452,#5453,#5454));
#1139=EDGE_LOOP('',(#5455,#5456,#5457,#5458,#5459));
#1140=EDGE_LOOP('',(#5460,#5461,#5462,#5463,#5464,#5465,#5466,#5467,#5468,
#5469,#5470,#5471,#5472,#5473,#5474,#5475,#5476,#5477,#5478,#5479,#5480,
#5481,#5482,#5483,#5484,#5485,#5486,#5487,#5488,#5489,#5490,#5491,#5492,
#5493,#5494,#5495,#5496,#5497,#5498,#5499,#5500,#5501,#5502,#5503,#5504,
#5505,#5506,#5507,#5508,#5509,#5510,#5511,#5512,#5513,#5514,#5515,#5516,
#5517,#5518,#5519,#5520,#5521,#5522,#5523,#5524,#5525,#5526,#5527,#5528,
#5529,#5530,#5531,#5532,#5533,#5534));
#1141=EDGE_LOOP('',(#5535,#5536,#5537,#5538,#5539));
#1142=EDGE_LOOP('',(#5540,#5541,#5542,#5543));
#1143=EDGE_LOOP('',(#5544,#5545,#5546,#5547));
#1144=EDGE_LOOP('',(#5548,#5549,#5550,#5551,#5552));
#1145=EDGE_LOOP('',(#5553));
#1146=EDGE_LOOP('',(#5554,#5555,#5556,#5557));
#1147=EDGE_LOOP('',(#5558,#5559,#5560,#5561,#5562));
#1148=EDGE_LOOP('',(#5563,#5564,#5565,#5566,#5567,#5568,#5569,#5570,#5571,
#5572,#5573,#5574));
#1149=EDGE_LOOP('',(#5575,#5576,#5577,#5578,#5579,#5580,#5581,#5582));
#1150=EDGE_LOOP('',(#5583));
#1151=EDGE_LOOP('',(#5584));
#1152=EDGE_LOOP('',(#5585,#5586,#5587,#5588));
#1153=EDGE_LOOP('',(#5589,#5590,#5591,#5592,#5593,#5594,#5595,#5596));
#1154=EDGE_LOOP('',(#5597,#5598,#5599,#5600));
#1155=EDGE_LOOP('',(#5601,#5602,#5603,#5604,#5605));
#1156=EDGE_LOOP('',(#5606,#5607,#5608,#5609));
#1157=EDGE_LOOP('',(#5610,#5611,#5612,#5613));
#1158=EDGE_LOOP('',(#5614,#5615,#5616,#5617));
#1159=EDGE_LOOP('',(#5618,#5619,#5620,#5621));
#1160=EDGE_LOOP('',(#5622,#5623,#5624,#5625,#5626,#5627,#5628,#5629));
#1161=EDGE_LOOP('',(#5630,#5631,#5632,#5633));
#1162=EDGE_LOOP('',(#5634,#5635,#5636,#5637));
#1163=EDGE_LOOP('',(#5638,#5639,#5640,#5641,#5642,#5643,#5644,#5645));
#1164=EDGE_LOOP('',(#5646,#5647,#5648,#5649));
#1165=EDGE_LOOP('',(#5650,#5651,#5652,#5653));
#1166=EDGE_LOOP('',(#5654,#5655,#5656,#5657,#5658,#5659,#5660,#5661,#5662,
#5663));
#1167=EDGE_LOOP('',(#5664,#5665,#5666,#5667));
#1168=EDGE_LOOP('',(#5668,#5669,#5670,#5671));
#1169=EDGE_LOOP('',(#5672,#5673,#5674,#5675));
#1170=EDGE_LOOP('',(#5676,#5677,#5678,#5679));
#1171=EDGE_LOOP('',(#5680,#5681,#5682,#5683,#5684,#5685,#5686,#5687,#5688,
#5689));
#1172=EDGE_LOOP('',(#5690,#5691,#5692,#5693));
#1173=EDGE_LOOP('',(#5694,#5695,#5696,#5697));
#1174=EDGE_LOOP('',(#5698,#5699,#5700,#5701));
#1175=EDGE_LOOP('',(#5702,#5703,#5704,#5705));
#1176=EDGE_LOOP('',(#5706,#5707,#5708,#5709));
#1177=EDGE_LOOP('',(#5710,#5711,#5712,#5713));
#1178=EDGE_LOOP('',(#5714,#5715,#5716,#5717));
#1179=EDGE_LOOP('',(#5718,#5719,#5720,#5721));
#1180=EDGE_LOOP('',(#5722,#5723,#5724,#5725,#5726,#5727,#5728,#5729,#5730,
#5731,#5732,#5733));
#1181=EDGE_LOOP('',(#5734,#5735,#5736,#5737,#5738,#5739,#5740,#5741));
#1182=EDGE_LOOP('',(#5742));
#1183=EDGE_LOOP('',(#5743));
#1184=EDGE_LOOP('',(#5744,#5745,#5746,#5747));
#1185=EDGE_LOOP('',(#5748,#5749,#5750,#5751));
#1186=EDGE_LOOP('',(#5752,#5753,#5754,#5755));
#1187=EDGE_LOOP('',(#5756,#5757,#5758,#5759));
#1188=EDGE_LOOP('',(#5760,#5761,#5762,#5763));
#1189=EDGE_LOOP('',(#5764,#5765,#5766,#5767));
#1190=EDGE_LOOP('',(#5768,#5769,#5770,#5771));
#1191=EDGE_LOOP('',(#5772,#5773,#5774,#5775));
#1192=EDGE_LOOP('',(#5776,#5777,#5778,#5779));
#1193=EDGE_LOOP('',(#5780,#5781,#5782,#5783));
#1194=EDGE_LOOP('',(#5784,#5785,#5786,#5787));
#1195=EDGE_LOOP('',(#5788,#5789,#5790,#5791));
#1196=EDGE_LOOP('',(#5792,#5793,#5794,#5795));
#1197=EDGE_LOOP('',(#5796,#5797,#5798,#5799));
#1198=EDGE_LOOP('',(#5800,#5801,#5802,#5803));
#1199=EDGE_LOOP('',(#5804,#5805,#5806,#5807,#5808,#5809,#5810,#5811,#5812,
#5813,#5814,#5815));
#1200=EDGE_LOOP('',(#5816));
#1201=EDGE_LOOP('',(#5817));
#1202=EDGE_LOOP('',(#5818,#5819,#5820,#5821,#5822,#5823,#5824,#5825));
#1203=B_SPLINE_CURVE_WITH_KNOTS('',3,(#8461,#8462,#8463,#8464,#8465,#8466),
 .UNSPECIFIED.,.F.,.F.,(4,2,4),(1.39834874216924,1.4390528487034,1.47796883846447),
 .UNSPECIFIED.);
#1204=B_SPLINE_CURVE_WITH_KNOTS('',3,(#8520,#8521,#8522,#8523,#8524,#8525,
#8526,#8527,#8528,#8529,#8530,#8531,#8532,#8533,#8534,#8535,#8536,#8537,
#8538,#8539),.UNSPECIFIED.,.F.,.F.,(4,2,2,2,2,2,2,2,2,4),(1.35956780877938,
1.36425854099796,1.44509025371591,1.50824389852693,1.57139754333794,1.63013781895886,
1.68887809457978,1.76255948655833,1.83624087853689,1.91922534562518),
 .UNSPECIFIED.);
#1205=B_SPLINE_CURVE_WITH_KNOTS('',3,(#8542,#8543,#8544,#8545,#8546,#8547,
#8548,#8549),.UNSPECIFIED.,.F.,.F.,(4,2,2,4),(1.28332604581186,1.29824628697458,
1.37348026269538,1.39834874216924),.UNSPECIFIED.);
#1206=B_SPLINE_CURVE_WITH_KNOTS('',3,(#8923,#8924,#8925,#8926,#8927,#8928,
#8929,#8930),.UNSPECIFIED.,.F.,.F.,(4,2,2,4),(-0.16811506981761,-0.124405558312174,
-0.0622027791560869,0.),.UNSPECIFIED.);
#1207=B_SPLINE_CURVE_WITH_KNOTS('',3,(#8934,#8935,#8936,#8937,#8938,#8939,
#8940,#8941),.UNSPECIFIED.,.F.,.F.,(4,2,2,4),(0.,0.0622027791049344,0.124405558209869,
0.168115069682045),.UNSPECIFIED.);
#1208=B_SPLINE_CURVE_WITH_KNOTS('',3,(#8945,#8946,#8947,#8948,#8949,#8950,
#8951,#8952,#8953,#8954,#8955,#8956,#8957,#8958,#8959,#8960,#8961,#8962,
#8963,#8964,#8965,#8966,#8967,#8968,#8969,#8970,#8971,#8972),
 .UNSPECIFIED.,.F.,.F.,(4,2,2,2,3,2,2,2,2,2,3,2,4),(-0.221114701236968,
-0.213359555110225,-0.140979815810215,-0.0704899079051073,0.,0.0106430286556557,
0.0258305821771162,0.0565291518222091,0.122603952753626,0.180452087904428,
0.231756162662387,0.298880382316317,0.366512175540891),.UNSPECIFIED.);
#1209=B_SPLINE_CURVE_WITH_KNOTS('',3,(#8976,#8977,#8978,#8979,#8980,#8981,
#8982,#8983,#8984,#8985,#8986,#8987,#8988,#8989,#8990,#8991,#8992,#8993,
#8994,#8995,#8996,#8997,#8998,#8999,#9000,#9001,#9002,#9003,#9004,#9005),
 .UNSPECIFIED.,.F.,.F.,(4,2,2,2,3,2,2,2,2,2,2,3,2,4),(-0.24081067023455,
-0.228328452390944,-0.141414344881962,-0.0707071724409809,0.,0.00765691808817255,
0.0187144368240521,0.0317874667527277,0.0692424437945737,0.121131581593746,
0.19071189574743,0.251112313441078,0.354108453774656,0.404108206038873),
 .UNSPECIFIED.);
#1210=B_SPLINE_CURVE_WITH_KNOTS('',3,(#9009,#9010,#9011,#9012,#9013,#9014,
#9015,#9016,#9017,#9018,#9019,#9020,#9021,#9022,#9023,#9024,#9025,#9026,
#9027,#9028),.UNSPECIFIED.,.F.,.F.,(4,2,2,2,2,2,2,2,2,4),(0.223833501297914,
0.288841459981194,0.360978331193589,0.433115202405984,0.503624299810725,
0.574133397215467,0.644933241746264,0.715733086277062,0.787579224337902,
0.795031034382723),.UNSPECIFIED.);
#1211=B_SPLINE_CURVE_WITH_KNOTS('',3,(#9032,#9033,#9034,#9035,#9036,#9037,
#9038,#9039,#9040,#9041,#9042,#9043,#9044,#9045,#9046,#9047,#9048,#9049,
#9050,#9051,#9052,#9053),.UNSPECIFIED.,.F.,.F.,(4,2,2,2,3,3,2,2,2,4),(-0.240810670234551,
-0.228328452390946,-0.141414344881965,-0.0707071724409825,0.,0.0707071724409822,
0.127501235428907,0.200500133228961,0.293206365832702,0.384842919678792),
 .UNSPECIFIED.);
#1212=B_SPLINE_CURVE_WITH_KNOTS('',3,(#9059,#9060,#9061,#9062,#9063,#9064,
#9065,#9066,#9067,#9068,#9069,#9070,#9071,#9072,#9073,#9074,#9075,#9076,
#9077,#9078,#9079,#9080,#9081,#9082,#9083,#9084,#9085,#9086,#9087,#9088),
 .UNSPECIFIED.,.F.,.F.,(4,2,2,2,3,2,2,2,2,2,2,3,2,4),(-0.240810670223206,
-0.228328452390865,-0.14141434488196,-0.07070717244098,0.,0.00765691808763852,
0.0187144368227363,0.0317874667504619,0.0692424437893362,0.121131581586741,
0.190711895737899,0.251112313428993,0.354108453763329,0.404108206041698),
 .UNSPECIFIED.);
#1213=B_SPLINE_CURVE_WITH_KNOTS('',3,(#9091,#9092,#9093,#9094,#9095,#9096,
#9097,#9098,#9099,#9100,#9101,#9102,#9103,#9104,#9105,#9106,#9107,#9108,
#9109,#9110,#9111,#9112,#9113,#9114,#9115,#9116,#9117,#9118),
 .UNSPECIFIED.,.F.,.F.,(4,2,2,2,3,2,2,2,2,2,3,2,4),(-0.22111470124792,-0.213359555123899,
-0.140979815819196,-0.070489907909598,0.,0.0106430286561507,0.0258305821783127,
0.0565291518247955,0.122603952758908,0.180452087912987,0.231756162673812,
0.298880382331582,0.366512175574975),.UNSPECIFIED.);
#1214=B_SPLINE_CURVE_WITH_KNOTS('',3,(#9123,#9124,#9125,#9126,#9127,#9128,
#9129,#9130,#9131,#9132,#9133,#9134),.UNSPECIFIED.,.F.,.F.,(4,2,2,2,2,4),
(0.510977546735371,0.569643496869797,0.64023100656333,0.710818516256863,
0.782051922891301,0.789691346852173),.UNSPECIFIED.);
#1215=B_SPLINE_CURVE_WITH_KNOTS('',3,(#9138,#9139,#9140,#9141,#9142,#9143,
#9144,#9145,#9146,#9147,#9148,#9149,#9150,#9151,#9152,#9153,#9154,#9155,
#9156,#9157,#9158,#9159,#9160,#9161,#9162,#9163,#9164,#9165,#9166,#9167),
 .UNSPECIFIED.,.F.,.F.,(4,2,2,2,3,2,2,2,2,2,2,3,2,4),(-0.240810670228929,
-0.228328452390826,-0.141414344881961,-0.0707071724409807,0.,0.00765691808791288,
0.0187144368234144,0.031787466751631,0.0692424437920468,0.121131581590377,
0.190711895742815,0.251112313435087,0.35410847433371,0.404108206910163),
 .UNSPECIFIED.);
#1216=B_SPLINE_CURVE_WITH_KNOTS('',3,(#9170,#9171,#9172,#9173),
 .UNSPECIFIED.,.F.,.F.,(4,4),(0.22200750009386,0.239280054074655),
 .UNSPECIFIED.);
#1217=B_SPLINE_CURVE_WITH_KNOTS('',3,(#9178,#9179,#9180,#9181,#9182,#9183,
#9184,#9185,#9186,#9187,#9188,#9189,#9190,#9191,#9192,#9193,#9194,#9195,
#9196,#9197,#9198,#9199),.UNSPECIFIED.,.F.,.F.,(4,2,2,2,3,3,2,2,2,4),(-0.240810670234551,
-0.228328452390946,-0.141414344881965,-0.0707071724409825,0.,0.0707071724409822,
0.127501235428743,0.200500133228645,0.293206365832296,0.384842919678795),
 .UNSPECIFIED.);
#1218=B_SPLINE_CURVE_WITH_KNOTS('',3,(#9202,#9203,#9204,#9205,#9206,#9207,
#9208,#9209,#9210,#9211,#9212,#9213,#9214,#9215,#9216,#9217,#9218,#9219,
#9220,#9221),.UNSPECIFIED.,.F.,.F.,(4,2,2,2,2,2,2,2,2,4),(0.345766672537022,
0.353490658899547,0.424158265268412,0.494846187976309,0.565534110684205,
0.636214152467297,0.706894194250389,0.777569681783671,0.848245169316954,
0.91120739658251),.UNSPECIFIED.);
#1219=B_SPLINE_CURVE_WITH_KNOTS('',3,(#9226,#9227,#9228,#9229,#9230,#9231,
#9232,#9233,#9234,#9235,#9236,#9237,#9238,#9239,#9240,#9241,#9242,#9243,
#9244,#9245,#9246,#9247),.UNSPECIFIED.,.F.,.F.,(4,2,2,3,3,2,2,2,2,4),(-0.239347244052917,
-0.194157569448464,-0.124102030143164,-0.0707071724409825,0.,0.0707071724409822,
0.141414344881964,0.228328452390946,0.315242559899928,0.387696907200103),
 .UNSPECIFIED.);
#1220=B_SPLINE_CURVE_WITH_KNOTS('',3,(#9250,#9251,#9252,#9253,#9254,#9255,
#9256,#9257,#9258,#9259,#9260,#9261,#9262,#9263,#9264,#9265,#9266,#9267,
#9268,#9269),.UNSPECIFIED.,.F.,.F.,(4,2,2,2,2,2,2,2,2,4),(0.345766672537022,
0.353490658899547,0.424158265268412,0.494846187976309,0.565534110684205,
0.636214152467297,0.706894194250389,0.777569681783671,0.848245169316954,
0.91120739658251),.UNSPECIFIED.);
#1221=B_SPLINE_CURVE_WITH_KNOTS('',3,(#9272,#9273,#9274,#9275,#9276,#9277,
#9278,#9279,#9280,#9281),.UNSPECIFIED.,.F.,.F.,(4,2,2,2,4),(0.345647979014472,
0.353421491463245,0.424173898300201,0.494869512432219,0.565565126564237),
 .UNSPECIFIED.);
#1222=B_SPLINE_CURVE_WITH_KNOTS('',3,(#9283,#9284,#9285,#9286,#9287,#9288,
#9289,#9290,#9291,#9292,#9293,#9294),.UNSPECIFIED.,.F.,.F.,(4,2,2,2,2,4),
(0.565565131913556,0.636260746024803,0.706956360136051,0.777708766952222,
0.848461173768392,0.911401346742841),.UNSPECIFIED.);
#1223=B_SPLINE_CURVE_WITH_KNOTS('',3,(#9298,#9299,#9300,#9301,#9302,#9303,
#9304,#9305,#9306,#9307,#9308,#9309,#9310,#9311,#9312,#9313,#9314,#9315,
#9316,#9317,#9318,#9319),.UNSPECIFIED.,.F.,.F.,(4,2,2,3,3,2,2,2,2,4),(-0.240364637713337,
-0.202076771829461,-0.12990849599079,-0.075030468990261,0.,0.070707172440982,
0.141414344881964,0.228328452390984,0.315242559900005,0.387696907209439),
 .UNSPECIFIED.);
#1224=B_SPLINE_CURVE_WITH_KNOTS('',3,(#9323,#9324,#9325,#9326,#9327,#9328,
#9329,#9330,#9331,#9332,#9333,#9334,#9335,#9336,#9337,#9338,#9339,#9340,
#9341,#9342,#9343,#9344,#9345,#9346,#9347,#9348,#9349,#9350),
 .UNSPECIFIED.,.F.,.F.,(4,2,2,2,3,2,2,2,2,2,3,2,4),(-0.221114701202989,
-0.213359555083759,-0.140979815792834,-0.070489907896417,0.,0.0106430286534123,
0.0258305821717038,0.0565291518105469,0.122603952729606,0.180452087872901,
0.231756162626806,0.298880382272132,0.366512175490549),.UNSPECIFIED.);
#1225=B_SPLINE_CURVE_WITH_KNOTS('',3,(#9354,#9355,#9356,#9357,#9358,#9359,
#9360,#9361,#9362,#9363,#9364,#9365,#9366,#9367,#9368,#9369,#9370,#9371,
#9372,#9373,#9374,#9375,#9376,#9377,#9378,#9379,#9380,#9381,#9382,#9383),
 .UNSPECIFIED.,.F.,.F.,(4,2,2,2,3,2,2,2,2,2,2,3,2,4),(-0.240810670239447,
-0.228328452390905,-0.141414344881962,-0.0707071724409813,0.,0.00765691808840752,
0.0187144368246296,0.0317874667537179,0.0692424437968536,0.121131581596805,
0.190711895751559,0.251112313446293,0.35410847434423,0.404108206921535),
 .UNSPECIFIED.);
#1226=B_SPLINE_CURVE_WITH_KNOTS('',3,(#9387,#9388,#9389,#9390,#9391,#9392,
#9393,#9394,#9395,#9396,#9397,#9398,#9399,#9400,#9401,#9402,#9403,#9404,
#9405,#9406,#9407,#9408,#9409),.UNSPECIFIED.,.F.,.F.,(4,2,2,2,2,3,2,2,2,
2,4),(-0.348999837122059,-0.284477192663588,-0.212784432359689,-0.14109167205579,
-0.0705458360278948,0.,0.0302788952557531,0.0706745935040445,0.144594884405525,
0.203989940406576,0.230438621956086),.UNSPECIFIED.);
#1227=B_SPLINE_CURVE_WITH_KNOTS('',3,(#9413,#9414,#9415,#9416,#9417,#9418,
#9419,#9420,#9421,#9422,#9423,#9424,#9425,#9426,#9427,#9428,#9429,#9430,
#9431,#9432,#9433,#9434,#9435,#9436,#9437,#9438,#9439,#9440,#9441,#9442),
 .UNSPECIFIED.,.F.,.F.,(4,2,2,2,3,2,2,2,2,2,2,3,2,4),(-0.240810670237913,
-0.228328452390987,-0.141414344881967,-0.0707071724409836,0.,0.0076573744630924,
0.0187155603264474,0.031789400090191,0.06924690387283,0.121137557962403,
0.190719996272769,0.25112244107456,0.3541178459483,0.404108206464142),
 .UNSPECIFIED.);
#1228=B_SPLINE_CURVE_WITH_KNOTS('',3,(#9446,#9447,#9448,#9449,#9450,#9451,
#9452,#9453,#9454,#9455,#9456,#9457,#9458,#9459,#9460,#9461,#9462,#9463,
#9464,#9465,#9466,#9467,#9468),.UNSPECIFIED.,.F.,.F.,(4,2,2,2,2,3,2,2,2,
2,4),(-0.348999837111807,-0.284477192656229,-0.212784432354196,-0.141091672052163,
-0.0705458360260816,0.,0.0302788952551386,0.0706745935026834,0.144594884402996,
0.203989940402707,0.23043862195208),.UNSPECIFIED.);
#1229=B_SPLINE_CURVE_WITH_KNOTS('',3,(#9472,#9473,#9474,#9475,#9476,#9477,
#9478,#9479,#9480,#9481,#9482,#9483,#9484,#9485,#9486,#9487,#9488,#9489,
#9490,#9491,#9492,#9493,#9494,#9495,#9496,#9497,#9498,#9499,#9500,#9501),
 .UNSPECIFIED.,.F.,.F.,(4,2,2,2,3,2,2,2,2,2,2,3,2,4),(-0.240810670239447,
-0.228328452390905,-0.141414344881962,-0.0707071724409813,0.,0.00765691808840749,
0.0187144368246264,0.031787466753718,0.0692424437968396,0.12113158159679,
0.190711895751539,0.251112313446303,0.354108474344241,0.404108206921547),
 .UNSPECIFIED.);
#1230=B_SPLINE_CURVE_WITH_KNOTS('',3,(#9505,#9506,#9507,#9508,#9509,#9510,
#9511,#9512,#9513,#9514,#9515,#9516,#9517,#9518,#9519,#9520,#9521,#9522,
#9523,#9524,#9525,#9526,#9527),.UNSPECIFIED.,.F.,.F.,(4,2,2,2,2,3,2,2,2,
2,4),(-0.348999837166117,-0.284477192696907,-0.212784432384554,-0.141091672072201,
-0.0705458360361004,0.,0.0302788952616437,0.0706745935169629,0.144594884429479,
0.203989940437496,0.230438621991839),.UNSPECIFIED.);
#1231=B_SPLINE_CURVE_WITH_KNOTS('',3,(#9531,#9532,#9533,#9534,#9535,#9536,
#9537,#9538,#9539,#9540,#9541,#9542,#9543,#9544,#9545,#9546,#9547,#9548,
#9549,#9550,#9551,#9552,#9553,#9554,#9555),.UNSPECIFIED.,.F.,.F.,(4,2,2,
2,2,2,3,2,2,2,2,4),(-0.250776737515205,-0.206504490620344,-0.132464790134719,
-0.0768907514397885,-0.0351099281222139,-0.0142370980569515,0.,0.0707071724409825,
0.141414344881965,0.228328452390946,0.315242559899928,0.387573729485749),
 .UNSPECIFIED.);
#1232=B_SPLINE_CURVE_WITH_KNOTS('',3,(#9559,#9560,#9561,#9562,#9563,#9564,
#9565,#9566,#9567,#9568,#9569,#9570,#9571,#9572,#9573,#9574,#9575,#9576,
#9577,#9578,#9579),.UNSPECIFIED.,.F.,.F.,(4,2,2,2,3,2,2,2,2,4),(-0.348429130173819,
-0.284124386850354,-0.212624956381754,-0.141125525913154,-0.0965880881299412,
-0.0291900875206754,0.0407399430008776,0.106096923591533,0.167623713766267,
0.218083344757791),.UNSPECIFIED.);
#1233=B_SPLINE_CURVE_WITH_KNOTS('',3,(#9583,#9584,#9585,#9586,#9587,#9588,
#9589,#9590,#9591,#9592,#9593,#9594,#9595,#9596,#9597,#9598,#9599,#9600,
#9601,#9602,#9603,#9604,#9605,#9606,#9607),.UNSPECIFIED.,.F.,.F.,(4,2,2,
2,2,2,3,2,2,2,2,4),(-0.250776737498597,-0.206504490735772,-0.132464790217132,
-0.0768907514994485,-0.0351099281395969,-0.0142370980598822,0.,0.0707071724409789,
0.141414344881958,0.228328452390824,0.31524255989969,0.387696907204244),
 .UNSPECIFIED.);
#1234=B_SPLINE_CURVE_WITH_KNOTS('',3,(#9611,#9612,#9613,#9614,#9615,#9616,
#9617,#9618,#9619,#9620,#9621,#9622,#9623,#9624,#9625,#9626,#9627,#9628,
#9629,#9630,#9631,#9632,#9633),.UNSPECIFIED.,.F.,.F.,(4,2,2,2,2,3,2,2,2,
2,4),(-0.348999837201463,-0.284477192717729,-0.212784432400094,-0.141091672082458,
-0.0705458360412292,0.,0.0302788952661584,0.0706745935268331,0.144594884447769,
0.203989940460365,0.230438622005302),.UNSPECIFIED.);
#1235=B_SPLINE_CURVE_WITH_KNOTS('',3,(#9637,#9638,#9639,#9640,#9641,#9642,
#9643,#9644,#9645,#9646,#9647,#9648,#9649,#9650,#9651,#9652,#9653,#9654,
#9655,#9656,#9657,#9658,#9659,#9660,#9661),.UNSPECIFIED.,.F.,.F.,(4,2,2,
2,2,2,3,2,2,2,2,4),(-0.250776737501409,-0.206504490640994,-0.132464790149519,
-0.0768907514505182,-0.0351099281254305,-0.0142370980575601,0.,0.0707071724409801,
0.14141434488196,0.228328452390865,0.315242559899769,0.387573729489069),
 .UNSPECIFIED.);
#1236=B_SPLINE_CURVE_WITH_KNOTS('',3,(#9667,#9668,#9669,#9670,#9671,#9672,
#9673,#9674,#9675,#9676,#9677,#9678),.UNSPECIFIED.,.F.,.F.,(4,2,2,2,2,4),
(0.565565131913556,0.636260746024803,0.706956360136051,0.777708766952222,
0.848461173768392,0.911401346742841),.UNSPECIFIED.);
#1237=B_SPLINE_CURVE_WITH_KNOTS('',3,(#9680,#9681,#9682,#9683,#9684,#9685,
#9686,#9687,#9688,#9689),.UNSPECIFIED.,.F.,.F.,(4,2,2,2,4),(0.345647979014472,
0.353421491463245,0.424173898300201,0.494869512432219,0.565565126564237),
 .UNSPECIFIED.);
#1238=B_SPLINE_CURVE_WITH_KNOTS('',3,(#9692,#9693,#9694,#9695,#9696,#9697,
#9698,#9699,#9700,#9701,#9702,#9703,#9704,#9705,#9706,#9707,#9708,#9709,
#9710,#9711,#9712,#9713),.UNSPECIFIED.,.F.,.F.,(4,2,2,2,3,3,2,2,2,4),(-0.240810670237913,
-0.228328452390987,-0.141414344881967,-0.0707071724409836,0.,0.0750304689902606,
0.133257124806697,0.208323189911146,0.302781298070746,0.386456717946219),
 .UNSPECIFIED.);
#1239=B_SPLINE_CURVE_WITH_KNOTS('',3,(#9718,#9719,#9720,#9721,#9722,#9723,
#9724,#9725,#9726,#9727,#9728,#9729,#9730,#9731,#9732,#9733,#9734,#9735,
#9736,#9737,#9738,#9739,#9740,#9741,#9742,#9743,#9744,#9745,#9746,#9747),
 .UNSPECIFIED.,.F.,.F.,(4,2,2,2,3,2,2,2,2,2,2,3,2,4),(-0.240810670234551,
-0.228328452390946,-0.141414344881965,-0.0707071724409825,0.,0.00765691808817273,
0.0187144368240525,0.0317874667527222,0.0692424437945612,0.121131581593732,
0.19071189574741,0.251112313441081,0.354108474339487,0.404108206909749),
 .UNSPECIFIED.);
#1240=B_SPLINE_CURVE_WITH_KNOTS('',3,(#9750,#9751,#9752,#9753,#9754,#9755,
#9756,#9757,#9758,#9759,#9760,#9761,#9762,#9763,#9764,#9765,#9766,#9767,
#9768,#9769,#9770,#9771,#9772),.UNSPECIFIED.,.F.,.F.,(4,2,2,2,2,3,2,2,2,
2,4),(-0.348999837173992,-0.284477192703426,-0.21278443238942,-0.141091672075414,
-0.0705458360377069,0.,0.0302788952621303,0.0706745935180407,0.14459488443149,
0.203989940440688,0.230438621997127),.UNSPECIFIED.);
#1241=B_SPLINE_CURVE_WITH_KNOTS('',3,(#9775,#9776,#9777,#9778,#9779,#9780,
#9781,#9782,#9783,#9784,#9785,#9786,#9787,#9788,#9789,#9790,#9791,#9792,
#9793,#9794,#9795,#9796,#9797,#9798,#9799,#9800,#9801,#9802),
 .UNSPECIFIED.,.F.,.F.,(4,2,2,2,3,2,2,2,2,2,3,2,4),(-0.221114701199435,
-0.213359555082055,-0.140979815791715,-0.0704899078958574,0.,0.010643028653126,
0.0258305821710145,0.0565291518090523,0.122603952726519,0.1804520878692,
0.23175616262303,0.29888038220617,0.366512175488683),.UNSPECIFIED.);
#1242=B_SPLINE_CURVE_WITH_KNOTS('',3,(#9806,#9807,#9808,#9809,#9810,#9811,
#9812,#9813,#9814,#9815,#9816,#9817,#9818,#9819,#9820,#9821,#9822,#9823,
#9824,#9825,#9826,#9827,#9828,#9829,#9830,#9831,#9832,#9833,#9834,#9835),
 .UNSPECIFIED.,.F.,.F.,(4,2,2,2,3,2,2,2,2,2,2,3,2,4),(-0.240810670237913,
-0.228328452390987,-0.141414344881967,-0.0707071724409836,0.,0.00765737446309343,
0.0187155603264529,0.0317894000902057,0.0692469038728844,0.121137557962474,
0.190719996272864,0.251122441074535,0.354117845948268,0.404108206464107),
 .UNSPECIFIED.);
#1243=B_SPLINE_CURVE_WITH_KNOTS('',3,(#10104,#10105,#10106,#10107,#10108,
#10109,#10110,#10111,#10112,#10113,#10114,#10115),.UNSPECIFIED.,.F.,.F.,
(4,2,2,2,2,4),(-1.63346669523889E-10,0.0390811929274314,0.0781623860182095,
0.156324772199766,0.238461188621129,0.252795155760915),.UNSPECIFIED.);
#1244=B_SPLINE_CURVE_WITH_KNOTS('',3,(#10117,#10118,#10119,#10120,#10121,
#10122,#10123,#10124,#10125,#10126,#10127,#10128,#10129,#10130),
 .UNSPECIFIED.,.F.,.F.,(4,2,2,2,2,2,4),(-0.384580848584049,-0.320597604998681,
-0.238461188630392,-0.156324772262102,-0.0781623861310512,-0.0390811930655257,
0.),.UNSPECIFIED.);
#1245=B_SPLINE_CURVE_WITH_KNOTS('',3,(#10135,#10136,#10137,#10138,#10139,
#10140,#10141,#10142,#10143,#10144,#10145,#10146),.UNSPECIFIED.,.F.,.F.,
(4,2,2,2,2,4),(3.4434322071176E-10,0.0390811933566646,0.078162386368986,
0.156324772393629,0.238461188650118,0.252795155752083),.UNSPECIFIED.);
#1246=B_SPLINE_CURVE_WITH_KNOTS('',3,(#10148,#10149,#10150,#10151,#10152,
#10153,#10154,#10155,#10156,#10157,#10158,#10159,#10160,#10161),
 .UNSPECIFIED.,.F.,.F.,(4,2,2,2,2,2,4),(-0.384580848574769,-0.320597604998964,
-0.238461188630594,-0.156324772262224,-0.0781623861311118,-0.0390811930655559,
0.),.UNSPECIFIED.);
#1247=B_SPLINE_CURVE_WITH_KNOTS('',3,(#10166,#10167,#10168,#10169,#10170,
#10171,#10172,#10173,#10174,#10175,#10176,#10177),.UNSPECIFIED.,.F.,.F.,
(4,2,2,2,2,4),(0.,0.039081193065436,0.078162386130872,0.156324772261744,
0.238461188629795,0.252795155759593),.UNSPECIFIED.);
#1248=B_SPLINE_CURVE_WITH_KNOTS('',3,(#10179,#10180,#10181,#10182,#10183,
#10184,#10185,#10186,#10187,#10188,#10189,#10190,#10191,#10192),
 .UNSPECIFIED.,.F.,.F.,(4,2,2,2,2,2,4),(-0.384580848578828,-0.320597604980737,
-0.238461188590725,-0.156324772200714,-0.0781623860489429,-0.0390811929730574,
1.02827968362362E-10),.UNSPECIFIED.);
#1249=B_SPLINE_CURVE_WITH_KNOTS('',3,(#10197,#10198,#10199,#10200,#10201,
#10202,#10203,#10204,#10205,#10206,#10207,#10208),.UNSPECIFIED.,.F.,.F.,
(4,2,2,2,2,4),(0.,0.0390811930655561,0.0781623861311121,0.156324772262224,
0.238461188630596,0.252795155761064),.UNSPECIFIED.);
#1250=B_SPLINE_CURVE_WITH_KNOTS('',3,(#10210,#10211,#10212,#10213,#10214,
#10215,#10216,#10217,#10218,#10219,#10220,#10221,#10222,#10223),
 .UNSPECIFIED.,.F.,.F.,(4,2,2,2,2,2,4),(-0.384637097119602,-0.320597605022261,
-0.238461188683766,-0.156324772345271,-0.0781623862425904,-0.0390811931912498,
-1.39909417384843E-10),.UNSPECIFIED.);
#1251=B_SPLINE_CURVE_WITH_KNOTS('',3,(#10231,#10232,#10233,#10234,#10235,
#10236,#10237,#10238,#10239,#10240,#10241,#10242,#10243,#10244),
 .UNSPECIFIED.,.F.,.F.,(4,2,2,2,2,2,4),(-0.384637097119602,-0.320597605022261,
-0.238461188683766,-0.156324772345271,-0.0781623862425904,-0.0390811931912498,
-1.39909417384843E-10),.UNSPECIFIED.);
#1252=B_SPLINE_CURVE_WITH_KNOTS('',3,(#10246,#10247,#10248,#10249,#10250,
#10251,#10252,#10253,#10254,#10255,#10256,#10257),.UNSPECIFIED.,.F.,.F.,
(4,2,2,2,2,4),(0.,0.0390811930655561,0.0781623861311121,0.156324772262224,
0.238461188630596,0.252795155761064),.UNSPECIFIED.);
#1253=B_SPLINE_CURVE_WITH_KNOTS('',3,(#10262,#10263,#10264,#10265,#10266,
#10267,#10268,#10269,#10270,#10271,#10272,#10273,#10274,#10275),
 .UNSPECIFIED.,.F.,.F.,(4,2,2,2,2,2,4),(-0.384580848578828,-0.320597604980737,
-0.238461188590725,-0.156324772200714,-0.0781623860489429,-0.0390811929730574,
1.02827968362362E-10),.UNSPECIFIED.);
#1254=B_SPLINE_CURVE_WITH_KNOTS('',3,(#10277,#10278,#10279,#10280,#10281,
#10282,#10283,#10284,#10285,#10286,#10287,#10288),.UNSPECIFIED.,.F.,.F.,
(4,2,2,2,2,4),(0.,0.039081193065436,0.078162386130872,0.156324772261744,
0.238461188629795,0.252795155759593),.UNSPECIFIED.);
#1255=B_SPLINE_CURVE_WITH_KNOTS('',3,(#10293,#10294,#10295,#10296,#10297,
#10298,#10299,#10300,#10301,#10302,#10303,#10304,#10305,#10306),
 .UNSPECIFIED.,.F.,.F.,(4,2,2,2,2,2,4),(-0.384580848574769,-0.320597604998964,
-0.238461188630594,-0.156324772262224,-0.0781623861311118,-0.0390811930655559,
0.),.UNSPECIFIED.);
#1256=B_SPLINE_CURVE_WITH_KNOTS('',3,(#10308,#10309,#10310,#10311,#10312,
#10313,#10314,#10315,#10316,#10317,#10318,#10319),.UNSPECIFIED.,.F.,.F.,
(4,2,2,2,2,4),(3.4434322071176E-10,0.0390811933566646,0.078162386368986,
0.156324772393629,0.238461188650118,0.252795155752083),.UNSPECIFIED.);
#1257=B_SPLINE_CURVE_WITH_KNOTS('',3,(#10324,#10325,#10326,#10327,#10328,
#10329,#10330,#10331,#10332,#10333,#10334,#10335,#10336,#10337),
 .UNSPECIFIED.,.F.,.F.,(4,2,2,2,2,2,4),(-0.384580848584049,-0.320597604998681,
-0.238461188630392,-0.156324772262102,-0.0781623861310512,-0.0390811930655257,
0.),.UNSPECIFIED.);
#1258=B_SPLINE_CURVE_WITH_KNOTS('',3,(#10339,#10340,#10341,#10342,#10343,
#10344,#10345,#10346,#10347,#10348,#10349,#10350),.UNSPECIFIED.,.F.,.F.,
(4,2,2,2,2,4),(-1.63346669523889E-10,0.0390811929274314,0.0781623860182095,
0.156324772199766,0.238461188621129,0.252795155760915),.UNSPECIFIED.);
#1259=B_SPLINE_CURVE_WITH_KNOTS('',3,(#10355,#10356,#10357,#10358,#10359,
#10360,#10361,#10362,#10363,#10364,#10365,#10366,#10367,#10368),
 .UNSPECIFIED.,.F.,.F.,(4,2,2,2,2,2,4),(-0.38463709712012,-0.320597605000939,
-0.238461188634845,-0.156324772268752,-0.078162386139817,-0.0390811930753494,
-1.08818509758635E-11),.UNSPECIFIED.);
#1260=B_SPLINE_CURVE_WITH_KNOTS('',3,(#10370,#10371,#10372,#10373,#10374,
#10375,#10376,#10377,#10378,#10379,#10380,#10381),.UNSPECIFIED.,.F.,.F.,
(4,2,2,2,2,4),(0.,0.0390811930655733,0.0781623861311465,0.156324772262293,
0.23846118863071,0.252795155760391),.UNSPECIFIED.);
#1261=B_SPLINE_CURVE_WITH_KNOTS('',3,(#10386,#10387,#10388,#10389,#10390,
#10391,#10392,#10393,#10394,#10395,#10396,#10397,#10398,#10399),
 .UNSPECIFIED.,.F.,.F.,(4,2,2,2,2,2,4),(-0.384580848580403,-0.320597604999335,
-0.23846118863086,-0.156324772262384,-0.0781623861311922,-0.0390811930655961,
0.),.UNSPECIFIED.);
#1262=B_SPLINE_CURVE_WITH_KNOTS('',3,(#10401,#10402,#10403,#10404,#10405,
#10406,#10407,#10408,#10409,#10410,#10411,#10412),.UNSPECIFIED.,.F.,.F.,
(4,2,2,2,2,4),(1.51025858487628E-11,0.0390811930783639,0.0781623861416252,
0.156324772268148,0.238461188631716,0.252795155757774),.UNSPECIFIED.);
#1263=B_SPLINE_CURVE_WITH_KNOTS('',3,(#10417,#10418,#10419,#10420,#10421,
#10422,#10423,#10424,#10425,#10426,#10427,#10428,#10429,#10430),
 .UNSPECIFIED.,.F.,.F.,(4,2,2,2,2,2,4),(-0.384580848594332,-0.320597604999056,
-0.238461188630659,-0.156324772262262,-0.0781623861311314,-0.0390811930655657,
0.),.UNSPECIFIED.);
#1264=B_SPLINE_CURVE_WITH_KNOTS('',3,(#10432,#10433,#10434,#10435,#10436,
#10437,#10438,#10439,#10440,#10441,#10442,#10443),.UNSPECIFIED.,.F.,.F.,
(4,2,2,2,2,4),(2.77005085544048E-11,0.0390811930889844,0.0781623861502683,
0.156324772272836,0.238461188632232,0.252795155743281),.UNSPECIFIED.);
#1265=B_SPLINE_CURVE_WITH_KNOTS('',3,(#10448,#10449,#10450,#10451,#10452,
#10453,#10454,#10455,#10456,#10457,#10458,#10459),.UNSPECIFIED.,.F.,.F.,
(4,2,2,2,2,4),(2.77005085544048E-11,0.0390811930889844,0.0781623861502683,
0.156324772272836,0.238461188632232,0.252795155743281),.UNSPECIFIED.);
#1266=B_SPLINE_CURVE_WITH_KNOTS('',3,(#10461,#10462,#10463,#10464,#10465,
#10466,#10467,#10468,#10469,#10470,#10471,#10472,#10473,#10474),
 .UNSPECIFIED.,.F.,.F.,(4,2,2,2,2,2,4),(-0.384580848594332,-0.320597604999056,
-0.238461188630659,-0.156324772262262,-0.0781623861311314,-0.0390811930655657,
0.),.UNSPECIFIED.);
#1267=B_SPLINE_CURVE_WITH_KNOTS('',3,(#10479,#10480,#10481,#10482,#10483,
#10484,#10485,#10486,#10487,#10488,#10489,#10490),.UNSPECIFIED.,.F.,.F.,
(4,2,2,2,2,4),(1.51025858487628E-11,0.0390811930783639,0.0781623861416252,
0.156324772268148,0.238461188631716,0.252795155757774),.UNSPECIFIED.);
#1268=B_SPLINE_CURVE_WITH_KNOTS('',3,(#10492,#10493,#10494,#10495,#10496,
#10497,#10498,#10499,#10500,#10501,#10502,#10503,#10504,#10505),
 .UNSPECIFIED.,.F.,.F.,(4,2,2,2,2,2,4),(-0.384580848580403,-0.320597604999335,
-0.23846118863086,-0.156324772262384,-0.0781623861311922,-0.0390811930655961,
0.),.UNSPECIFIED.);
#1269=B_SPLINE_CURVE_WITH_KNOTS('',3,(#10510,#10511,#10512,#10513,#10514,
#10515,#10516,#10517,#10518,#10519,#10520,#10521),.UNSPECIFIED.,.F.,.F.,
(4,2,2,2,2,4),(0.,0.0390811930655733,0.0781623861311465,0.156324772262293,
0.23846118863071,0.252795155760391),.UNSPECIFIED.);
#1270=B_SPLINE_CURVE_WITH_KNOTS('',3,(#10523,#10524,#10525,#10526,#10527,
#10528,#10529,#10530,#10531,#10532,#10533,#10534,#10535,#10536),
 .UNSPECIFIED.,.F.,.F.,(4,2,2,2,2,2,4),(-0.38463709712012,-0.320597605000939,
-0.238461188634845,-0.156324772268752,-0.078162386139817,-0.0390811930753494,
-1.08818509758635E-11),.UNSPECIFIED.);
#1271=B_SPLINE_CURVE_WITH_KNOTS('',3,(#10569,#10570,#10571,#10572,#10573,
#10574,#10575,#10576,#10577,#10578,#10579,#10580),.UNSPECIFIED.,.F.,.F.,
(4,2,2,2,2,4),(-0.285565261146352,-0.262730911058801,-0.1606669862558,-0.0803334931278998,
-0.0401667465639499,0.),.UNSPECIFIED.);
#1272=B_SPLINE_CURVE_WITH_KNOTS('',3,(#10584,#10585,#10586,#10587,#10588,
#10589,#10590,#10591,#10592,#10593,#10594,#10595,#10596,#10597),
 .UNSPECIFIED.,.F.,.F.,(4,2,2,2,2,2,4),(1.39909417427679E-10,0.0401667466909772,
0.0803334932420449,0.16066698634418,0.262730911114448,0.364794835884715,
0.43623720162342),.UNSPECIFIED.);
#1273=B_SPLINE_CURVE_WITH_KNOTS('',3,(#10603,#10604,#10605,#10606,#10607,
#10608,#10609,#10610,#10611,#10612,#10613,#10614),.UNSPECIFIED.,.F.,.F.,
(4,2,2,2,2,4),(-0.285565261125486,-0.26273091106111,-0.160666986267968,
-0.0803334931478344,-0.0401667465877675,-2.77005085536075E-11),
 .UNSPECIFIED.);
#1274=B_SPLINE_CURVE_WITH_KNOTS('',3,(#10615,#10616,#10617,#10618,#10619,
#10620,#10621,#10622,#10623,#10624,#10625,#10626,#10627,#10628),
 .UNSPECIFIED.,.F.,.F.,(4,2,2,2,2,2,4),(0.,0.0401667465639632,0.0803334931279265,
0.160666986255853,0.262730911058895,0.364794835861937,0.436289398699769),
 .UNSPECIFIED.);
#1275=B_SPLINE_CURVE_WITH_KNOTS('',3,(#10633,#10634,#10635,#10636,#10637,
#10638,#10639,#10640,#10641,#10642,#10643,#10644,#10645,#10646),
 .UNSPECIFIED.,.F.,.F.,(4,2,2,2,2,2,4),(0.,0.0401667465639065,0.0803334931278131,
0.160666986255626,0.262730911058496,0.364794835861365,0.436289398688444),
 .UNSPECIFIED.);
#1276=B_SPLINE_CURVE_WITH_KNOTS('',3,(#10651,#10652,#10653,#10654,#10655,
#10656,#10657,#10658,#10659,#10660,#10661,#10662),.UNSPECIFIED.,.F.,.F.,
(4,2,2,2,2,4),(-0.285565261146094,-0.262730911045434,-0.160666986184183,
-0.080333493010418,-0.0401667464235358,1.63346669523889E-10),
 .UNSPECIFIED.);
#1277=B_SPLINE_CURVE_WITH_KNOTS('',3,(#10667,#10668,#10669,#10670,#10671,
#10672,#10673,#10674,#10675,#10676,#10677,#10678),.UNSPECIFIED.,.F.,.F.,
(4,2,2,2,2,4),(-0.285565261145606,-0.26273091105897,-0.160666986255895,
-0.0803334931279476,-0.0401667465639737,0.),.UNSPECIFIED.);
#1278=B_SPLINE_CURVE_WITH_KNOTS('',3,(#10680,#10681,#10682,#10683,#10684,
#10685,#10686,#10687,#10688,#10689,#10690,#10691,#10692,#10693),
 .UNSPECIFIED.,.F.,.F.,(4,2,2,2,2,2,4),(1.11768372338921E-11,0.0401667465741215,
0.0803334931370661,0.160666986262955,0.262730911063415,0.364794835863875,
0.436237201624059),.UNSPECIFIED.);
#1279=B_SPLINE_CURVE_WITH_KNOTS('',3,(#10699,#10700,#10701,#10702,#10703,
#10704,#10705,#10706,#10707,#10708,#10709,#10710),.UNSPECIFIED.,.F.,.F.,
(4,2,2,2,2,4),(-0.285565261144298,-0.262730911057604,-0.160666986255119,
-0.0803334931275594,-0.0401667465637796,0.),.UNSPECIFIED.);
#1280=B_SPLINE_CURVE_WITH_KNOTS('',3,(#10714,#10715,#10716,#10717,#10718,
#10719,#10720,#10721,#10722,#10723,#10724,#10725,#10726,#10727),
 .UNSPECIFIED.,.F.,.F.,(4,2,2,2,2,2,4),(-1.02827961423468E-10,0.0401667464704189,
0.0803334930436658,0.16066698619016,0.262730911016699,0.364794835843239,
0.43628939868236),.UNSPECIFIED.);
#1281=B_SPLINE_CURVE_WITH_KNOTS('',3,(#10739,#10740,#10741,#10742,#10743,
#10744,#10745,#10746,#10747,#10748,#10749,#10750),.UNSPECIFIED.,.F.,.F.,
(4,2,2,2,2,4),(-0.28556526114259,-0.262730911060399,-0.160666986262627,
-0.0803334931388647,-0.0401667465769835,-1.51025858485809E-11),
 .UNSPECIFIED.);
#1282=B_SPLINE_CURVE_WITH_KNOTS('',3,(#10752,#10753,#10754,#10755,#10756,
#10757,#10758,#10759,#10760,#10761,#10762,#10763,#10764,#10765),
 .UNSPECIFIED.,.F.,.F.,(4,2,2,2,2,2,4),(0.,0.0401667465640055,0.080333493128011,
0.160666986256022,0.262730911059192,0.364794835862361,0.436289398684836),
 .UNSPECIFIED.);
#1283=B_SPLINE_CURVE_WITH_KNOTS('',3,(#10771,#10772,#10773,#10774,#10775,
#10776,#10777,#10778,#10779,#10780,#10781,#10782,#10783,#10784),
 .UNSPECIFIED.,.F.,.F.,(4,2,2,2,2,2,4),(0.,0.0401667465639492,0.0803334931278985,
0.160666986255797,0.262730911058796,0.364794835861796,0.436289398678546),
 .UNSPECIFIED.);
#1284=B_SPLINE_CURVE_WITH_KNOTS('',3,(#10789,#10790,#10791,#10792,#10793,
#10794,#10795,#10796,#10797,#10798,#10799,#10800),.UNSPECIFIED.,.F.,.F.,
(4,2,2,2,2,4),(-0.285565261135801,-0.262730911086332,-0.160666986406404,
-0.0803334933753736,-0.0401667468598584,-3.4434322060406E-10),
 .UNSPECIFIED.);
#1285=B_SPLINE_CURVE_WITH_KNOTS('',3,(#10873,#10874,#10875,#10876,#10877,
#10878,#10879,#10880,#10881,#10882,#10883,#10884),.UNSPECIFIED.,.F.,.F.,
(4,2,2,2,2,4),(-0.285565261146352,-0.262730911058801,-0.1606669862558,-0.0803334931278998,
-0.0401667465639499,0.),.UNSPECIFIED.);
#1286=B_SPLINE_CURVE_WITH_KNOTS('',3,(#10888,#10889,#10890,#10891,#10892,
#10893,#10894,#10895,#10896,#10897,#10898,#10899,#10900,#10901),
 .UNSPECIFIED.,.F.,.F.,(4,2,2,2,2,2,4),(1.39909417427679E-10,0.0401667466909772,
0.0803334932420449,0.16066698634418,0.262730911114448,0.364794835884715,
0.43623720162342),.UNSPECIFIED.);
#1287=B_SPLINE_CURVE_WITH_KNOTS('',3,(#10914,#10915,#10916,#10917,#10918,
#10919,#10920,#10921,#10922,#10923,#10924,#10925,#10926,#10927),
 .UNSPECIFIED.,.F.,.F.,(4,2,2,2,2,2,4),(0.,0.0401667465639632,0.0803334931279265,
0.160666986255853,0.262730911058895,0.364794835861937,0.436289398699769),
 .UNSPECIFIED.);
#1288=B_SPLINE_CURVE_WITH_KNOTS('',3,(#10929,#10930,#10931,#10932,#10933,
#10934,#10935,#10936,#10937,#10938,#10939,#10940),.UNSPECIFIED.,.F.,.F.,
(4,2,2,2,2,4),(-0.285565261125486,-0.26273091106111,-0.160666986267968,
-0.0803334931478344,-0.0401667465877675,-2.77005085536075E-11),
 .UNSPECIFIED.);
#1289=B_SPLINE_CURVE_WITH_KNOTS('',3,(#10946,#10947,#10948,#10949,#10950,
#10951,#10952,#10953,#10954,#10955,#10956,#10957,#10958,#10959),
 .UNSPECIFIED.,.F.,.F.,(4,2,2,2,2,2,4),(0.,0.0401667465639065,0.0803334931278131,
0.160666986255626,0.262730911058496,0.364794835861365,0.436289398688444),
 .UNSPECIFIED.);
#1290=B_SPLINE_CURVE_WITH_KNOTS('',3,(#10963,#10964,#10965,#10966,#10967,
#10968,#10969,#10970,#10971,#10972,#10973,#10974),.UNSPECIFIED.,.F.,.F.,
(4,2,2,2,2,4),(-0.285565261146094,-0.262730911045434,-0.160666986184183,
-0.080333493010418,-0.0401667464235358,1.63346669523889E-10),
 .UNSPECIFIED.);
#1291=B_SPLINE_CURVE_WITH_KNOTS('',3,(#10980,#10981,#10982,#10983,#10984,
#10985,#10986,#10987,#10988,#10989,#10990,#10991,#10992,#10993),
 .UNSPECIFIED.,.F.,.F.,(4,2,2,2,2,2,4),(1.11768372338921E-11,0.0401667465741215,
0.0803334931370661,0.160666986262955,0.262730911063415,0.364794835863875,
0.436237201624059),.UNSPECIFIED.);
#1292=B_SPLINE_CURVE_WITH_KNOTS('',3,(#10995,#10996,#10997,#10998,#10999,
#11000,#11001,#11002,#11003,#11004,#11005,#11006),.UNSPECIFIED.,.F.,.F.,
(4,2,2,2,2,4),(-0.285565261145606,-0.26273091105897,-0.160666986255895,
-0.0803334931279476,-0.0401667465639737,0.),.UNSPECIFIED.);
#1293=B_SPLINE_CURVE_WITH_KNOTS('',3,(#11012,#11013,#11014,#11015,#11016,
#11017,#11018,#11019,#11020,#11021,#11022,#11023),.UNSPECIFIED.,.F.,.F.,
(4,2,2,2,2,4),(-0.285565261144298,-0.262730911057604,-0.160666986255119,
-0.0803334931275594,-0.0401667465637796,0.),.UNSPECIFIED.);
#1294=B_SPLINE_CURVE_WITH_KNOTS('',3,(#11028,#11029,#11030,#11031,#11032,
#11033,#11034,#11035,#11036,#11037,#11038,#11039,#11040,#11041),
 .UNSPECIFIED.,.F.,.F.,(4,2,2,2,2,2,4),(-1.02827961423468E-10,0.0401667464704189,
0.0803334930436658,0.16066698619016,0.262730911016699,0.364794835843239,
0.43628939868236),.UNSPECIFIED.);
#1295=B_SPLINE_CURVE_WITH_KNOTS('',3,(#11064,#11065,#11066,#11067,#11068,
#11069,#11070,#11071,#11072,#11073,#11074,#11075,#11076,#11077),
 .UNSPECIFIED.,.F.,.F.,(4,2,2,2,2,2,4),(0.,0.0401667465640055,0.080333493128011,
0.160666986256022,0.262730911059192,0.364794835862361,0.436289398684836),
 .UNSPECIFIED.);
#1296=B_SPLINE_CURVE_WITH_KNOTS('',3,(#11079,#11080,#11081,#11082,#11083,
#11084,#11085,#11086,#11087,#11088,#11089,#11090),.UNSPECIFIED.,.F.,.F.,
(4,2,2,2,2,4),(-0.28556526114259,-0.262730911060399,-0.160666986262627,
-0.0803334931388647,-0.0401667465769835,-1.51025858485809E-11),
 .UNSPECIFIED.);
#1297=B_SPLINE_CURVE_WITH_KNOTS('',3,(#11102,#11103,#11104,#11105,#11106,
#11107,#11108,#11109,#11110,#11111,#11112,#11113,#11114,#11115),
 .UNSPECIFIED.,.F.,.F.,(4,2,2,2,2,2,4),(0.,0.0401667465639492,0.0803334931278985,
0.160666986255797,0.262730911058796,0.364794835861796,0.436289398678546),
 .UNSPECIFIED.);
#1298=B_SPLINE_CURVE_WITH_KNOTS('',3,(#11125,#11126,#11127,#11128,#11129,
#11130,#11131,#11132,#11133,#11134,#11135,#11136),.UNSPECIFIED.,.F.,.F.,
(4,2,2,2,2,4),(-0.285565261135801,-0.262730911086332,-0.160666986406404,
-0.0803334933753736,-0.0401667468598584,-3.4434322060406E-10),
 .UNSPECIFIED.);
#1299=B_SPLINE_CURVE_WITH_KNOTS('',3,(#11495,#11496,#11497,#11498,#11499,
#11500,#11501,#11502,#11503,#11504),.UNSPECIFIED.,.F.,.F.,(4,2,2,2,4),(1.49358306270293,
1.49506846261181,1.50063268713596,1.50619691166011,1.51130749406595),
 .UNSPECIFIED.);
#1300=(
BOUNDED_CURVE()
B_SPLINE_CURVE(2,(#8451,#8452,#8453,#8454),.UNSPECIFIED.,.F.,.F.)
B_SPLINE_CURVE_WITH_KNOTS((3,1,3),(2.0440062312875,4.15889731502494,7.92414955301958),
 .UNSPECIFIED.)
CURVE()
GEOMETRIC_REPRESENTATION_ITEM()
RATIONAL_B_SPLINE_CURVE((5.50682568417832,7.49315063674474,11.02950980462,
11.0295098046177))
REPRESENTATION_ITEM('')
);
#1301=(
BOUNDED_CURVE()
B_SPLINE_CURVE(2,(#8458,#8459,#8460),.UNSPECIFIED.,.F.,.F.)
B_SPLINE_CURVE_WITH_KNOTS((3,3),(1.38937950634452,2.84494120406435),
 .UNSPECIFIED.)
CURVE()
GEOMETRIC_REPRESENTATION_ITEM()
RATIONAL_B_SPLINE_CURVE((1.7264660073781,1.95177297232163,1.8518347138978))
REPRESENTATION_ITEM('')
);
#1302=(
BOUNDED_CURVE()
B_SPLINE_CURVE(2,(#8480,#8481,#8482,#8483,#8484),.UNSPECIFIED.,.F.,.F.)
B_SPLINE_CURVE_WITH_KNOTS((3,1,1,3),(7.92414955301963,9.26364820040564,
13.2494520366686,13.8042928747439),.UNSPECIFIED.)
CURVE()
GEOMETRIC_REPRESENTATION_ITEM()
RATIONAL_B_SPLINE_CURVE((11.0295098046174,11.0295098046165,9.89014987630398,
6.02793724866804,5.50682568417824))
REPRESENTATION_ITEM('')
);
#1303=(
BOUNDED_CURVE()
B_SPLINE_CURVE(2,(#8487,#8488,#8489,#8490),.UNSPECIFIED.,.F.,.F.)
B_SPLINE_CURVE_WITH_KNOTS((3,1,3),(2.04400623128755,4.15889731502478,7.92414955301963),
 .UNSPECIFIED.)
CURVE()
GEOMETRIC_REPRESENTATION_ITEM()
RATIONAL_B_SPLINE_CURVE((5.50682568417827,7.4931506367444,11.0295098046197,
11.0295098046174))
REPRESENTATION_ITEM('')
);
#1304=(
BOUNDED_CURVE()
B_SPLINE_CURVE(2,(#8552,#8553,#8554),.UNSPECIFIED.,.F.,.F.)
B_SPLINE_CURVE_WITH_KNOTS((3,3),(0.308488539300792,0.376298326013693),
 .UNSPECIFIED.)
CURVE()
GEOMETRIC_REPRESENTATION_ITEM()
RATIONAL_B_SPLINE_CURVE((1.81118909585288,1.893814650749,1.97356971471388))
REPRESENTATION_ITEM('')
);
#1305=(
BOUNDED_CURVE()
B_SPLINE_CURVE(2,(#8557,#8558,#8559,#8560,#8561),.UNSPECIFIED.,.F.,.F.)
B_SPLINE_CURVE_WITH_KNOTS((3,1,1,3),(7.92414955301958,9.26364820040586,
13.2494520366687,13.8042928747441),.UNSPECIFIED.)
CURVE()
GEOMETRIC_REPRESENTATION_ITEM()
RATIONAL_B_SPLINE_CURVE((11.0295098046177,11.0295098046169,9.89014987630417,
6.02793724866811,5.50682568417832))
REPRESENTATION_ITEM('')
);
#1306=CIRCLE('',#6146,3.30000000000004);
#1307=CIRCLE('',#6147,9.91900653576571);
#1308=CIRCLE('',#6149,2.35000000000001);
#1309=CIRCLE('',#6150,1.7);
#1310=CIRCLE('',#6152,2.34999999999999);
#1311=CIRCLE('',#6153,1.70000000000002);
#1312=CIRCLE('',#6155,3.29999999999998);
#1313=CIRCLE('',#6156,9.91900653576566);
#1314=CIRCLE('',#6163,9.91900653576571);
#1315=CIRCLE('',#6164,9.91900653576571);
#1316=CIRCLE('',#6165,3.30000000000004);
#1317=CIRCLE('',#6168,2.35000000000001);
#1318=CIRCLE('',#6170,2.34999999999999);
#1319=CIRCLE('',#6175,4.65000000183778);
#1320=CIRCLE('',#6232,3.54999999999993);
#1321=CIRCLE('',#6233,3.54999999999998);
#1322=CIRCLE('',#6238,3.54999999999993);
#1323=CIRCLE('',#6239,3.55000000000002);
#1324=CIRCLE('',#6242,17.);
#1325=CIRCLE('',#6243,17.);
#1326=CIRCLE('',#6244,17.);
#1327=CIRCLE('',#6245,17.);
#1328=CIRCLE('',#6288,3.50000000000001);
#1329=CIRCLE('',#6290,3.50000000000001);
#1330=CIRCLE('',#6292,3.50000000000001);
#1331=CIRCLE('',#6294,3.50000000000001);
#1332=CIRCLE('',#6296,3.50000000000001);
#1333=CIRCLE('',#6298,3.50000000000001);
#1334=CIRCLE('',#6300,1.);
#1335=CIRCLE('',#6301,0.999999999999996);
#1336=CIRCLE('',#6303,1.);
#1337=CIRCLE('',#6304,1.00000000000002);
#1338=CIRCLE('',#6307,5.);
#1339=CIRCLE('',#6308,1.);
#1340=CIRCLE('',#6309,6.);
#1341=CIRCLE('',#6311,6.);
#1342=CIRCLE('',#6312,0.999999999999996);
#1343=CIRCLE('',#6313,5.);
#1344=CIRCLE('',#6375,1.6499999993198);
#1345=CIRCLE('',#6378,1.65000000067472);
#1346=CIRCLE('',#6387,2.69999999999945);
#1347=CIRCLE('',#6388,2.69999999999945);
#1348=CIRCLE('',#6390,2.7);
#1349=CIRCLE('',#6391,2.7);
#1350=CIRCLE('',#6394,18.);
#1351=CIRCLE('',#6395,6.);
#1352=CIRCLE('',#6396,2.);
#1353=CIRCLE('',#6397,3.);
#1354=CIRCLE('',#6399,6.);
#1355=CIRCLE('',#6400,6.);
#1356=CIRCLE('',#6409,3.);
#1357=CIRCLE('',#6458,2.7);
#1358=CIRCLE('',#6459,2.7);
#1359=CIRCLE('',#6461,2.);
#1360=CIRCLE('',#6462,6.);
#1361=CIRCLE('',#6463,18.);
#1362=CIRCLE('',#6465,6.);
#1363=CIRCLE('',#6466,6.);
#1364=CIRCLE('',#6511,0.999999999999996);
#1365=CIRCLE('',#6512,0.999999999999996);
#1366=CIRCLE('',#6514,5.);
#1367=CIRCLE('',#6515,0.999999999999996);
#1368=CIRCLE('',#6517,3.);
#1369=CIRCLE('',#6518,0.999999999999996);
#1370=CIRCLE('',#6520,1.);
#1371=CIRCLE('',#6523,3.);
#1372=CIRCLE('',#6525,5.);
#1373=CIRCLE('',#6548,1.00000000000001);
#1374=CIRCLE('',#6550,1.00000000000001);
#1375=CIRCLE('',#6552,1.);
#1376=CIRCLE('',#6554,1.);
#1377=CIRCLE('',#6556,1.);
#1378=CIRCLE('',#6558,0.6);
#1379=CIRCLE('',#6559,5.6);
#1380=CIRCLE('',#6560,5.6);
#1381=CIRCLE('',#6561,0.6);
#1382=CIRCLE('',#6562,3.09999999999945);
#1383=CIRCLE('',#6563,3.1);
#1384=CIRCLE('',#6564,3.1);
#1385=CIRCLE('',#6578,1.70000000000002);
#1386=CIRCLE('',#6580,3.54999999999993);
#1387=CIRCLE('',#6582,3.54999999999998);
#1388=CIRCLE('',#6584,1.7);
#1389=CIRCLE('',#6593,3.54999999999993);
#1390=CIRCLE('',#6595,1.64999999999828);
#1391=CIRCLE('',#6596,1.64999999999828);
#1392=CIRCLE('',#6599,1.65000001500812);
#1393=CIRCLE('',#6600,1.65000001500812);
#1394=CIRCLE('',#6603,4.99999999997843);
#1395=CIRCLE('',#6604,4.99999999997843);
#1396=CIRCLE('',#6606,5.00000000000826);
#1397=CIRCLE('',#6607,5.00000000000826);
#1398=CIRCLE('',#6667,3.55000000000002);
#1399=CIRCLE('',#6693,3.34999999999993);
#1400=CIRCLE('',#6694,3.34999999999993);
#1401=CIRCLE('',#6696,3.34999999999998);
#1402=CIRCLE('',#6697,3.34999999999998);
#1403=CIRCLE('',#6700,3.34999999999993);
#1404=CIRCLE('',#6701,3.34999999999993);
#1405=CIRCLE('',#6703,4.80000000000826);
#1406=CIRCLE('',#6704,1.44999999999828);
#1407=CIRCLE('',#6705,1.45000001500812);
#1408=CIRCLE('',#6706,4.79999999997843);
#1409=CIRCLE('',#6707,1.45000000067472);
#1410=CIRCLE('',#6708,1.4499999993198);
#1411=CIRCLE('',#6709,3.35000000000002);
#1412=CIRCLE('',#6710,1.70000000000002);
#1413=CIRCLE('',#6711,1.7);
#1414=CIRCLE('',#6713,3.35000000000002);
#1415=CIRCLE('',#6716,1.45000001500812);
#1416=CIRCLE('',#6719,1.44999999999828);
#1417=CIRCLE('',#6722,4.80000000000826);
#1418=CIRCLE('',#6724,1.70000000000002);
#1419=CIRCLE('',#6726,1.7);
#1420=CIRCLE('',#6729,4.79999999997843);
#1421=CIRCLE('',#6732,1.4499999993198);
#1422=CIRCLE('',#6735,1.45000000067472);
#1423=LINE('',#8447,#1940);
#1424=LINE('',#8495,#1941);
#1425=LINE('',#8497,#1942);
#1426=LINE('',#8499,#1943);
#1427=LINE('',#8500,#1944);
#1428=LINE('',#8501,#1945);
#1429=LINE('',#8504,#1946);
#1430=LINE('',#8506,#1947);
#1431=LINE('',#8508,#1948);
#1432=LINE('',#8509,#1949);
#1433=LINE('',#8515,#1950);
#1434=LINE('',#8519,#1951);
#1435=LINE('',#8566,#1952);
#1436=LINE('',#8568,#1953);
#1437=LINE('',#8570,#1954);
#1438=LINE('',#8571,#1955);
#1439=LINE('',#8572,#1956);
#1440=LINE('',#8580,#1957);
#1441=LINE('',#8584,#1958);
#1442=LINE('',#8586,#1959);
#1443=LINE('',#8588,#1960);
#1444=LINE('',#8592,#1961);
#1445=LINE('',#8594,#1962);
#1446=LINE('',#8596,#1963);
#1447=LINE('',#8604,#1964);
#1448=LINE('',#8606,#1965);
#1449=LINE('',#8608,#1966);
#1450=LINE('',#8612,#1967);
#1451=LINE('',#8614,#1968);
#1452=LINE('',#8616,#1969);
#1453=LINE('',#8620,#1970);
#1454=LINE('',#8622,#1971);
#1455=LINE('',#8624,#1972);
#1456=LINE('',#8628,#1973);
#1457=LINE('',#8630,#1974);
#1458=LINE('',#8632,#1975);
#1459=LINE('',#8636,#1976);
#1460=LINE('',#8638,#1977);
#1461=LINE('',#8640,#1978);
#1462=LINE('',#8644,#1979);
#1463=LINE('',#8646,#1980);
#1464=LINE('',#8648,#1981);
#1465=LINE('',#8652,#1982);
#1466=LINE('',#8654,#1983);
#1467=LINE('',#8656,#1984);
#1468=LINE('',#8660,#1985);
#1469=LINE('',#8662,#1986);
#1470=LINE('',#8664,#1987);
#1471=LINE('',#8668,#1988);
#1472=LINE('',#8670,#1989);
#1473=LINE('',#8672,#1990);
#1474=LINE('',#8676,#1991);
#1475=LINE('',#8678,#1992);
#1476=LINE('',#8680,#1993);
#1477=LINE('',#8684,#1994);
#1478=LINE('',#8686,#1995);
#1479=LINE('',#8688,#1996);
#1480=LINE('',#8692,#1997);
#1481=LINE('',#8694,#1998);
#1482=LINE('',#8696,#1999);
#1483=LINE('',#8702,#2000);
#1484=LINE('',#8704,#2001);
#1485=LINE('',#8706,#2002);
#1486=LINE('',#8707,#2003);
#1487=LINE('',#8710,#2004);
#1488=LINE('',#8714,#2005);
#1489=LINE('',#8722,#2006);
#1490=LINE('',#8725,#2007);
#1491=LINE('',#8728,#2008);
#1492=LINE('',#8732,#2009);
#1493=LINE('',#8736,#2010);
#1494=LINE('',#8740,#2011);
#1495=LINE('',#8746,#2012);
#1496=LINE('',#8750,#2013);
#1497=LINE('',#8756,#2014);
#1498=LINE('',#8759,#2015);
#1499=LINE('',#8764,#2016);
#1500=LINE('',#8767,#2017);
#1501=LINE('',#8772,#2018);
#1502=LINE('',#8775,#2019);
#1503=LINE('',#8780,#2020);
#1504=LINE('',#8783,#2021);
#1505=LINE('',#8788,#2022);
#1506=LINE('',#8791,#2023);
#1507=LINE('',#8794,#2024);
#1508=LINE('',#8798,#2025);
#1509=LINE('',#8804,#2026);
#1510=LINE('',#8807,#2027);
#1511=LINE('',#8812,#2028);
#1512=LINE('',#8815,#2029);
#1513=LINE('',#8820,#2030);
#1514=LINE('',#8823,#2031);
#1515=LINE('',#8828,#2032);
#1516=LINE('',#8831,#2033);
#1517=LINE('',#8836,#2034);
#1518=LINE('',#8839,#2035);
#1519=LINE('',#8842,#2036);
#1520=LINE('',#8844,#2037);
#1521=LINE('',#8846,#2038);
#1522=LINE('',#8847,#2039);
#1523=LINE('',#8852,#2040);
#1524=LINE('',#8855,#2041);
#1525=LINE('',#8862,#2042);
#1526=LINE('',#8865,#2043);
#1527=LINE('',#8868,#2044);
#1528=LINE('',#8874,#2045);
#1529=LINE('',#8879,#2046);
#1530=LINE('',#8882,#2047);
#1531=LINE('',#8885,#2048);
#1532=LINE('',#8889,#2049);
#1533=LINE('',#8896,#2050);
#1534=LINE('',#8899,#2051);
#1535=LINE('',#8903,#2052);
#1536=LINE('',#8907,#2053);
#1537=LINE('',#8911,#2054);
#1538=LINE('',#8915,#2055);
#1539=LINE('',#8919,#2056);
#1540=LINE('',#8932,#2057);
#1541=LINE('',#9840,#2058);
#1542=LINE('',#9841,#2059);
#1543=LINE('',#9843,#2060);
#1544=LINE('',#9844,#2061);
#1545=LINE('',#9846,#2062);
#1546=LINE('',#9847,#2063);
#1547=LINE('',#9849,#2064);
#1548=LINE('',#9855,#2065);
#1549=LINE('',#9865,#2066);
#1550=LINE('',#9869,#2067);
#1551=LINE('',#9876,#2068);
#1552=LINE('',#9879,#2069);
#1553=LINE('',#9885,#2070);
#1554=LINE('',#9888,#2071);
#1555=LINE('',#9890,#2072);
#1556=LINE('',#9891,#2073);
#1557=LINE('',#9903,#2074);
#1558=LINE('',#9904,#2075);
#1559=LINE('',#9907,#2076);
#1560=LINE('',#9909,#2077);
#1561=LINE('',#9910,#2078);
#1562=LINE('',#9914,#2079);
#1563=LINE('',#9915,#2080);
#1564=LINE('',#9916,#2081);
#1565=LINE('',#9918,#2082);
#1566=LINE('',#9919,#2083);
#1567=LINE('',#9921,#2084);
#1568=LINE('',#9922,#2085);
#1569=LINE('',#9924,#2086);
#1570=LINE('',#9925,#2087);
#1571=LINE('',#9927,#2088);
#1572=LINE('',#9928,#2089);
#1573=LINE('',#9930,#2090);
#1574=LINE('',#9931,#2091);
#1575=LINE('',#9933,#2092);
#1576=LINE('',#9934,#2093);
#1577=LINE('',#9936,#2094);
#1578=LINE('',#9937,#2095);
#1579=LINE('',#9939,#2096);
#1580=LINE('',#9940,#2097);
#1581=LINE('',#9942,#2098);
#1582=LINE('',#9943,#2099);
#1583=LINE('',#9945,#2100);
#1584=LINE('',#9947,#2101);
#1585=LINE('',#9950,#2102);
#1586=LINE('',#9952,#2103);
#1587=LINE('',#9955,#2104);
#1588=LINE('',#9957,#2105);
#1589=LINE('',#9960,#2106);
#1590=LINE('',#9962,#2107);
#1591=LINE('',#9965,#2108);
#1592=LINE('',#9967,#2109);
#1593=LINE('',#9970,#2110);
#1594=LINE('',#9972,#2111);
#1595=LINE('',#9975,#2112);
#1596=LINE('',#9977,#2113);
#1597=LINE('',#9980,#2114);
#1598=LINE('',#9982,#2115);
#1599=LINE('',#9985,#2116);
#1600=LINE('',#9987,#2117);
#1601=LINE('',#9990,#2118);
#1602=LINE('',#9991,#2119);
#1603=LINE('',#9993,#2120);
#1604=LINE('',#9995,#2121);
#1605=LINE('',#9997,#2122);
#1606=LINE('',#10000,#2123);
#1607=LINE('',#10001,#2124);
#1608=LINE('',#10003,#2125);
#1609=LINE('',#10005,#2126);
#1610=LINE('',#10008,#2127);
#1611=LINE('',#10009,#2128);
#1612=LINE('',#10011,#2129);
#1613=LINE('',#10013,#2130);
#1614=LINE('',#10016,#2131);
#1615=LINE('',#10017,#2132);
#1616=LINE('',#10019,#2133);
#1617=LINE('',#10021,#2134);
#1618=LINE('',#10023,#2135);
#1619=LINE('',#10026,#2136);
#1620=LINE('',#10028,#2137);
#1621=LINE('',#10032,#2138);
#1622=LINE('',#10035,#2139);
#1623=LINE('',#10038,#2140);
#1624=LINE('',#10039,#2141);
#1625=LINE('',#10042,#2142);
#1626=LINE('',#10046,#2143);
#1627=LINE('',#10048,#2144);
#1628=LINE('',#10049,#2145);
#1629=LINE('',#10051,#2146);
#1630=LINE('',#10053,#2147);
#1631=LINE('',#10057,#2148);
#1632=LINE('',#10063,#2149);
#1633=LINE('',#10069,#2150);
#1634=LINE('',#10074,#2151);
#1635=LINE('',#10076,#2152);
#1636=LINE('',#10078,#2153);
#1637=LINE('',#10079,#2154);
#1638=LINE('',#10084,#2155);
#1639=LINE('',#10090,#2156);
#1640=LINE('',#10092,#2157);
#1641=LINE('',#10094,#2158);
#1642=LINE('',#10096,#2159);
#1643=LINE('',#10226,#2160);
#1644=LINE('',#10542,#2161);
#1645=LINE('',#10545,#2162);
#1646=LINE('',#10549,#2163);
#1647=LINE('',#10550,#2164);
#1648=LINE('',#10554,#2165);
#1649=LINE('',#10557,#2166);
#1650=LINE('',#10558,#2167);
#1651=LINE('',#10562,#2168);
#1652=LINE('',#10567,#2169);
#1653=LINE('',#10581,#2170);
#1654=LINE('',#10598,#2171);
#1655=LINE('',#10601,#2172);
#1656=LINE('',#10631,#2173);
#1657=LINE('',#10647,#2174);
#1658=LINE('',#10650,#2175);
#1659=LINE('',#10665,#2176);
#1660=LINE('',#10694,#2177);
#1661=LINE('',#10697,#2178);
#1662=LINE('',#10711,#2179);
#1663=LINE('',#10728,#2180);
#1664=LINE('',#10731,#2181);
#1665=LINE('',#10734,#2182);
#1666=LINE('',#10737,#2183);
#1667=LINE('',#10766,#2184);
#1668=LINE('',#10769,#2185);
#1669=LINE('',#10785,#2186);
#1670=LINE('',#10788,#2187);
#1671=LINE('',#10803,#2188);
#1672=LINE('',#10809,#2189);
#1673=LINE('',#10813,#2190);
#1674=LINE('',#10815,#2191);
#1675=LINE('',#10817,#2192);
#1676=LINE('',#10819,#2193);
#1677=LINE('',#10825,#2194);
#1678=LINE('',#10832,#2195);
#1679=LINE('',#10834,#2196);
#1680=LINE('',#10835,#2197);
#1681=LINE('',#10838,#2198);
#1682=LINE('',#10842,#2199);
#1683=LINE('',#10844,#2200);
#1684=LINE('',#10846,#2201);
#1685=LINE('',#10850,#2202);
#1686=LINE('',#10854,#2203);
#1687=LINE('',#10855,#2204);
#1688=LINE('',#10858,#2205);
#1689=LINE('',#10864,#2206);
#1690=LINE('',#10866,#2207);
#1691=LINE('',#10869,#2208);
#1692=LINE('',#10872,#2209);
#1693=LINE('',#10887,#2210);
#1694=LINE('',#10904,#2211);
#1695=LINE('',#10906,#2212);
#1696=LINE('',#10907,#2213);
#1697=LINE('',#10910,#2214);
#1698=LINE('',#10941,#2215);
#1699=LINE('',#10944,#2216);
#1700=LINE('',#10960,#2217);
#1701=LINE('',#10975,#2218);
#1702=LINE('',#10978,#2219);
#1703=LINE('',#11007,#2220);
#1704=LINE('',#11010,#2221);
#1705=LINE('',#11024,#2222);
#1706=LINE('',#11027,#2223);
#1707=LINE('',#11044,#2224);
#1708=LINE('',#11045,#2225);
#1709=LINE('',#11050,#2226);
#1710=LINE('',#11052,#2227);
#1711=LINE('',#11056,#2228);
#1712=LINE('',#11062,#2229);
#1713=LINE('',#11091,#2230);
#1714=LINE('',#11094,#2231);
#1715=LINE('',#11096,#2232);
#1716=LINE('',#11100,#2233);
#1717=LINE('',#11116,#2234);
#1718=LINE('',#11119,#2235);
#1719=LINE('',#11122,#2236);
#1720=LINE('',#11137,#2237);
#1721=LINE('',#11141,#2238);
#1722=LINE('',#11145,#2239);
#1723=LINE('',#11158,#2240);
#1724=LINE('',#11162,#2241);
#1725=LINE('',#11163,#2242);
#1726=LINE('',#11164,#2243);
#1727=LINE('',#11168,#2244);
#1728=LINE('',#11173,#2245);
#1729=LINE('',#11178,#2246);
#1730=LINE('',#11183,#2247);
#1731=LINE('',#11188,#2248);
#1732=LINE('',#11193,#2249);
#1733=LINE('',#11198,#2250);
#1734=LINE('',#11202,#2251);
#1735=LINE('',#11203,#2252);
#1736=LINE('',#11205,#2253);
#1737=LINE('',#11210,#2254);
#1738=LINE('',#11215,#2255);
#1739=LINE('',#11220,#2256);
#1740=LINE('',#11225,#2257);
#1741=LINE('',#11227,#2258);
#1742=LINE('',#11228,#2259);
#1743=LINE('',#11233,#2260);
#1744=LINE('',#11243,#2261);
#1745=LINE('',#11247,#2262);
#1746=LINE('',#11251,#2263);
#1747=LINE('',#11255,#2264);
#1748=LINE('',#11264,#2265);
#1749=LINE('',#11265,#2266);
#1750=LINE('',#11267,#2267);
#1751=LINE('',#11269,#2268);
#1752=LINE('',#11271,#2269);
#1753=LINE('',#11273,#2270);
#1754=LINE('',#11275,#2271);
#1755=LINE('',#11277,#2272);
#1756=LINE('',#11280,#2273);
#1757=LINE('',#11282,#2274);
#1758=LINE('',#11284,#2275);
#1759=LINE('',#11287,#2276);
#1760=LINE('',#11289,#2277);
#1761=LINE('',#11290,#2278);
#1762=LINE('',#11294,#2279);
#1763=LINE('',#11300,#2280);
#1764=LINE('',#11304,#2281);
#1765=LINE('',#11307,#2282);
#1766=LINE('',#11309,#2283);
#1767=LINE('',#11311,#2284);
#1768=LINE('',#11313,#2285);
#1769=LINE('',#11315,#2286);
#1770=LINE('',#11316,#2287);
#1771=LINE('',#11319,#2288);
#1772=LINE('',#11321,#2289);
#1773=LINE('',#11322,#2290);
#1774=LINE('',#11325,#2291);
#1775=LINE('',#11327,#2292);
#1776=LINE('',#11328,#2293);
#1777=LINE('',#11331,#2294);
#1778=LINE('',#11333,#2295);
#1779=LINE('',#11334,#2296);
#1780=LINE('',#11337,#2297);
#1781=LINE('',#11338,#2298);
#1782=LINE('',#11340,#2299);
#1783=LINE('',#11343,#2300);
#1784=LINE('',#11344,#2301);
#1785=LINE('',#11352,#2302);
#1786=LINE('',#11355,#2303);
#1787=LINE('',#11358,#2304);
#1788=LINE('',#11360,#2305);
#1789=LINE('',#11361,#2306);
#1790=LINE('',#11367,#2307);
#1791=LINE('',#11370,#2308);
#1792=LINE('',#11372,#2309);
#1793=LINE('',#11373,#2310);
#1794=LINE('',#11379,#2311);
#1795=LINE('',#11385,#2312);
#1796=LINE('',#11388,#2313);
#1797=LINE('',#11390,#2314);
#1798=LINE('',#11391,#2315);
#1799=LINE('',#11394,#2316);
#1800=LINE('',#11395,#2317);
#1801=LINE('',#11398,#2318);
#1802=LINE('',#11402,#2319);
#1803=LINE('',#11403,#2320);
#1804=LINE('',#11406,#2321);
#1805=LINE('',#11407,#2322);
#1806=LINE('',#11410,#2323);
#1807=LINE('',#11411,#2324);
#1808=LINE('',#11414,#2325);
#1809=LINE('',#11415,#2326);
#1810=LINE('',#11418,#2327);
#1811=LINE('',#11419,#2328);
#1812=LINE('',#11422,#2329);
#1813=LINE('',#11423,#2330);
#1814=LINE('',#11426,#2331);
#1815=LINE('',#11427,#2332);
#1816=LINE('',#11430,#2333);
#1817=LINE('',#11431,#2334);
#1818=LINE('',#11434,#2335);
#1819=LINE('',#11435,#2336);
#1820=LINE('',#11438,#2337);
#1821=LINE('',#11439,#2338);
#1822=LINE('',#11442,#2339);
#1823=LINE('',#11443,#2340);
#1824=LINE('',#11446,#2341);
#1825=LINE('',#11447,#2342);
#1826=LINE('',#11452,#2343);
#1827=LINE('',#11453,#2344);
#1828=LINE('',#11456,#2345);
#1829=LINE('',#11457,#2346);
#1830=LINE('',#11462,#2347);
#1831=LINE('',#11463,#2348);
#1832=LINE('',#11466,#2349);
#1833=LINE('',#11467,#2350);
#1834=LINE('',#11472,#2351);
#1835=LINE('',#11473,#2352);
#1836=LINE('',#11476,#2353);
#1837=LINE('',#11477,#2354);
#1838=LINE('',#11480,#2355);
#1839=LINE('',#11481,#2356);
#1840=LINE('',#11485,#2357);
#1841=LINE('',#11487,#2358);
#1842=LINE('',#11489,#2359);
#1843=LINE('',#11492,#2360);
#1844=LINE('',#11493,#2361);
#1845=LINE('',#11521,#2362);
#1846=LINE('',#11524,#2363);
#1847=LINE('',#11525,#2364);
#1848=LINE('',#11529,#2365);
#1849=LINE('',#11530,#2366);
#1850=LINE('',#11532,#2367);
#1851=LINE('',#11534,#2368);
#1852=LINE('',#11535,#2369);
#1853=LINE('',#11537,#2370);
#1854=LINE('',#11539,#2371);
#1855=LINE('',#11543,#2372);
#1856=LINE('',#11550,#2373);
#1857=LINE('',#11552,#2374);
#1858=LINE('',#11554,#2375);
#1859=LINE('',#11555,#2376);
#1860=LINE('',#11559,#2377);
#1861=LINE('',#11561,#2378);
#1862=LINE('',#11563,#2379);
#1863=LINE('',#11564,#2380);
#1864=LINE('',#11567,#2381);
#1865=LINE('',#11569,#2382);
#1866=LINE('',#11570,#2383);
#1867=LINE('',#11573,#2384);
#1868=LINE('',#11575,#2385);
#1869=LINE('',#11576,#2386);
#1870=LINE('',#11578,#2387);
#1871=LINE('',#11579,#2388);
#1872=LINE('',#11583,#2389);
#1873=LINE('',#11585,#2390);
#1874=LINE('',#11587,#2391);
#1875=LINE('',#11588,#2392);
#1876=LINE('',#11592,#2393);
#1877=LINE('',#11594,#2394);
#1878=LINE('',#11596,#2395);
#1879=LINE('',#11597,#2396);
#1880=LINE('',#11599,#2397);
#1881=LINE('',#11600,#2398);
#1882=LINE('',#11602,#2399);
#1883=LINE('',#11603,#2400);
#1884=LINE('',#11606,#2401);
#1885=LINE('',#11608,#2402);
#1886=LINE('',#11609,#2403);
#1887=LINE('',#11612,#2404);
#1888=LINE('',#11614,#2405);
#1889=LINE('',#11615,#2406);
#1890=LINE('',#11617,#2407);
#1891=LINE('',#11619,#2408);
#1892=LINE('',#11620,#2409);
#1893=LINE('',#11622,#2410);
#1894=LINE('',#11625,#2411);
#1895=LINE('',#11628,#2412);
#1896=LINE('',#11629,#2413);
#1897=LINE('',#11631,#2414);
#1898=LINE('',#11636,#2415);
#1899=LINE('',#11638,#2416);
#1900=LINE('',#11640,#2417);
#1901=LINE('',#11641,#2418);
#1902=LINE('',#11645,#2419);
#1903=LINE('',#11647,#2420);
#1904=LINE('',#11649,#2421);
#1905=LINE('',#11650,#2422);
#1906=LINE('',#11654,#2423);
#1907=LINE('',#11656,#2424);
#1908=LINE('',#11658,#2425);
#1909=LINE('',#11659,#2426);
#1910=LINE('',#11667,#2427);
#1911=LINE('',#11671,#2428);
#1912=LINE('',#11673,#2429);
#1913=LINE('',#11674,#2430);
#1914=LINE('',#11681,#2431);
#1915=LINE('',#11685,#2432);
#1916=LINE('',#11689,#2433);
#1917=LINE('',#11693,#2434);
#1918=LINE('',#11697,#2435);
#1919=LINE('',#11701,#2436);
#1920=LINE('',#11712,#2437);
#1921=LINE('',#11714,#2438);
#1922=LINE('',#11715,#2439);
#1923=LINE('',#11718,#2440);
#1924=LINE('',#11722,#2441);
#1925=LINE('',#11723,#2442);
#1926=LINE('',#11726,#2443);
#1927=LINE('',#11730,#2444);
#1928=LINE('',#11731,#2445);
#1929=LINE('',#11734,#2446);
#1930=LINE('',#11738,#2447);
#1931=LINE('',#11742,#2448);
#1932=LINE('',#11746,#2449);
#1933=LINE('',#11748,#2450);
#1934=LINE('',#11749,#2451);
#1935=LINE('',#11754,#2452);
#1936=LINE('',#11755,#2453);
#1937=LINE('',#11758,#2454);
#1938=LINE('',#11762,#2455);
#1939=LINE('',#11763,#2456);
#1940=VECTOR('',#6742,3.30000000000004);
#1941=VECTOR('',#6767,10.);
#1942=VECTOR('',#6768,10.);
#1943=VECTOR('',#6769,10.);
#1944=VECTOR('',#6770,10.);
#1945=VECTOR('',#6771,10.);
#1946=VECTOR('',#6774,10.);
#1947=VECTOR('',#6775,10.);
#1948=VECTOR('',#6776,10.);
#1949=VECTOR('',#6777,10.);
#1950=VECTOR('',#6782,10.);
#1951=VECTOR('',#6785,10.);
#1952=VECTOR('',#6796,10.);
#1953=VECTOR('',#6797,10.);
#1954=VECTOR('',#6798,10.);
#1955=VECTOR('',#6799,10.);
#1956=VECTOR('',#6800,10.);
#1957=VECTOR('',#6811,2.34999999999999);
#1958=VECTOR('',#6814,10.);
#1959=VECTOR('',#6815,10.);
#1960=VECTOR('',#6816,10.);
#1961=VECTOR('',#6819,10.);
#1962=VECTOR('',#6820,10.);
#1963=VECTOR('',#6821,10.);
#1964=VECTOR('',#6828,10.);
#1965=VECTOR('',#6829,10.);
#1966=VECTOR('',#6830,10.);
#1967=VECTOR('',#6833,10.);
#1968=VECTOR('',#6834,10.);
#1969=VECTOR('',#6835,10.);
#1970=VECTOR('',#6838,10.);
#1971=VECTOR('',#6839,10.);
#1972=VECTOR('',#6840,10.);
#1973=VECTOR('',#6843,10.);
#1974=VECTOR('',#6844,10.);
#1975=VECTOR('',#6845,10.);
#1976=VECTOR('',#6848,10.);
#1977=VECTOR('',#6849,10.);
#1978=VECTOR('',#6850,10.);
#1979=VECTOR('',#6853,10.);
#1980=VECTOR('',#6854,10.);
#1981=VECTOR('',#6855,10.);
#1982=VECTOR('',#6858,10.);
#1983=VECTOR('',#6859,10.);
#1984=VECTOR('',#6860,10.);
#1985=VECTOR('',#6863,10.);
#1986=VECTOR('',#6864,10.);
#1987=VECTOR('',#6865,10.);
#1988=VECTOR('',#6868,10.);
#1989=VECTOR('',#6869,10.);
#1990=VECTOR('',#6870,10.);
#1991=VECTOR('',#6873,10.);
#1992=VECTOR('',#6874,10.);
#1993=VECTOR('',#6875,10.);
#1994=VECTOR('',#6878,10.);
#1995=VECTOR('',#6879,10.);
#1996=VECTOR('',#6880,10.);
#1997=VECTOR('',#6883,10.);
#1998=VECTOR('',#6884,10.);
#1999=VECTOR('',#6885,10.);
#2000=VECTOR('',#6890,10.);
#2001=VECTOR('',#6891,10.);
#2002=VECTOR('',#6892,10.);
#2003=VECTOR('',#6893,10.);
#2004=VECTOR('',#6894,10.);
#2005=VECTOR('',#6897,10.);
#2006=VECTOR('',#6904,10.);
#2007=VECTOR('',#6907,10.);
#2008=VECTOR('',#6908,10.);
#2009=VECTOR('',#6911,10.);
#2010=VECTOR('',#6914,10.);
#2011=VECTOR('',#6917,10.);
#2012=VECTOR('',#6922,10.);
#2013=VECTOR('',#6925,10.);
#2014=VECTOR('',#6930,10.);
#2015=VECTOR('',#6933,10.);
#2016=VECTOR('',#6936,10.);
#2017=VECTOR('',#6939,10.);
#2018=VECTOR('',#6942,10.);
#2019=VECTOR('',#6945,10.);
#2020=VECTOR('',#6948,10.);
#2021=VECTOR('',#6951,10.);
#2022=VECTOR('',#6954,10.);
#2023=VECTOR('',#6957,10.);
#2024=VECTOR('',#6958,10.);
#2025=VECTOR('',#6961,10.);
#2026=VECTOR('',#6966,10.);
#2027=VECTOR('',#6969,10.);
#2028=VECTOR('',#6972,10.);
#2029=VECTOR('',#6975,10.);
#2030=VECTOR('',#6978,10.);
#2031=VECTOR('',#6981,10.);
#2032=VECTOR('',#6984,10.);
#2033=VECTOR('',#6987,10.);
#2034=VECTOR('',#6990,10.);
#2035=VECTOR('',#6993,10.);
#2036=VECTOR('',#6994,10.);
#2037=VECTOR('',#6995,10.);
#2038=VECTOR('',#6996,10.);
#2039=VECTOR('',#6997,10.);
#2040=VECTOR('',#7000,10.);
#2041=VECTOR('',#7003,10.);
#2042=VECTOR('',#7008,10.);
#2043=VECTOR('',#7011,10.);
#2044=VECTOR('',#7012,10.);
#2045=VECTOR('',#7017,10.);
#2046=VECTOR('',#7022,10.);
#2047=VECTOR('',#7025,10.);
#2048=VECTOR('',#7028,10.);
#2049=VECTOR('',#7031,10.);
#2050=VECTOR('',#7038,10.);
#2051=VECTOR('',#7043,2.35000000000001);
#2052=VECTOR('',#7046,10.);
#2053=VECTOR('',#7049,10.);
#2054=VECTOR('',#7052,10.);
#2055=VECTOR('',#7055,10.);
#2056=VECTOR('',#7058,17.);
#2057=VECTOR('',#7061,10.);
#2058=VECTOR('',#7136,10.);
#2059=VECTOR('',#7137,10.);
#2060=VECTOR('',#7140,10.);
#2061=VECTOR('',#7141,10.);
#2062=VECTOR('',#7144,10.);
#2063=VECTOR('',#7145,10.);
#2064=VECTOR('',#7148,10.);
#2065=VECTOR('',#7155,3.50000000000001);
#2066=VECTOR('',#7168,3.50000000000001);
#2067=VECTOR('',#7173,3.50000000000001);
#2068=VECTOR('',#7180,10.);
#2069=VECTOR('',#7183,10.);
#2070=VECTOR('',#7188,10.);
#2071=VECTOR('',#7191,10.);
#2072=VECTOR('',#7194,10.);
#2073=VECTOR('',#7195,10.);
#2074=VECTOR('',#7214,10.);
#2075=VECTOR('',#7215,10.);
#2076=VECTOR('',#7218,10.);
#2077=VECTOR('',#7219,10.);
#2078=VECTOR('',#7220,10.);
#2079=VECTOR('',#7223,10.);
#2080=VECTOR('',#7224,10.);
#2081=VECTOR('',#7225,10.);
#2082=VECTOR('',#7228,10.);
#2083=VECTOR('',#7229,10.);
#2084=VECTOR('',#7232,10.);
#2085=VECTOR('',#7233,10.);
#2086=VECTOR('',#7236,10.);
#2087=VECTOR('',#7237,10.);
#2088=VECTOR('',#7240,10.);
#2089=VECTOR('',#7241,10.);
#2090=VECTOR('',#7244,10.);
#2091=VECTOR('',#7245,10.);
#2092=VECTOR('',#7248,10.);
#2093=VECTOR('',#7249,10.);
#2094=VECTOR('',#7252,10.);
#2095=VECTOR('',#7253,10.);
#2096=VECTOR('',#7256,10.);
#2097=VECTOR('',#7257,10.);
#2098=VECTOR('',#7260,10.);
#2099=VECTOR('',#7261,10.);
#2100=VECTOR('',#7264,10.);
#2101=VECTOR('',#7267,10.);
#2102=VECTOR('',#7272,10.);
#2103=VECTOR('',#7275,10.);
#2104=VECTOR('',#7280,10.);
#2105=VECTOR('',#7283,10.);
#2106=VECTOR('',#7288,10.);
#2107=VECTOR('',#7291,10.);
#2108=VECTOR('',#7296,10.);
#2109=VECTOR('',#7299,10.);
#2110=VECTOR('',#7304,10.);
#2111=VECTOR('',#7307,10.);
#2112=VECTOR('',#7312,10.);
#2113=VECTOR('',#7315,10.);
#2114=VECTOR('',#7320,10.);
#2115=VECTOR('',#7323,10.);
#2116=VECTOR('',#7328,10.);
#2117=VECTOR('',#7331,10.);
#2118=VECTOR('',#7336,10.);
#2119=VECTOR('',#7337,10.);
#2120=VECTOR('',#7340,10.);
#2121=VECTOR('',#7343,10.);
#2122=VECTOR('',#7346,10.);
#2123=VECTOR('',#7351,10.);
#2124=VECTOR('',#7352,10.);
#2125=VECTOR('',#7355,10.);
#2126=VECTOR('',#7358,10.);
#2127=VECTOR('',#7363,10.);
#2128=VECTOR('',#7364,10.);
#2129=VECTOR('',#7367,10.);
#2130=VECTOR('',#7370,10.);
#2131=VECTOR('',#7375,10.);
#2132=VECTOR('',#7376,10.);
#2133=VECTOR('',#7379,10.);
#2134=VECTOR('',#7382,10.);
#2135=VECTOR('',#7385,10.);
#2136=VECTOR('',#7390,10.);
#2137=VECTOR('',#7393,10.);
#2138=VECTOR('',#7398,10.);
#2139=VECTOR('',#7401,10.);
#2140=VECTOR('',#7404,10.);
#2141=VECTOR('',#7405,10.);
#2142=VECTOR('',#7408,10.);
#2143=VECTOR('',#7413,10.);
#2144=VECTOR('',#7414,10.);
#2145=VECTOR('',#7415,10.);
#2146=VECTOR('',#7418,10.);
#2147=VECTOR('',#7421,10.);
#2148=VECTOR('',#7428,10.);
#2149=VECTOR('',#7435,2.69999999999945);
#2150=VECTOR('',#7442,2.7);
#2151=VECTOR('',#7447,10.);
#2152=VECTOR('',#7448,10.);
#2153=VECTOR('',#7449,10.);
#2154=VECTOR('',#7450,10.);
#2155=VECTOR('',#7455,10.);
#2156=VECTOR('',#7460,10.);
#2157=VECTOR('',#7461,10.);
#2158=VECTOR('',#7462,10.);
#2159=VECTOR('',#7463,10.);
#2160=VECTOR('',#7488,10.);
#2161=VECTOR('',#7537,10.);
#2162=VECTOR('',#7540,10.);
#2163=VECTOR('',#7543,10.);
#2164=VECTOR('',#7544,10.);
#2165=VECTOR('',#7549,10.);
#2166=VECTOR('',#7552,10.);
#2167=VECTOR('',#7553,10.);
#2168=VECTOR('',#7558,10.);
#2169=VECTOR('',#7565,10.);
#2170=VECTOR('',#7566,10.);
#2171=VECTOR('',#7569,10.);
#2172=VECTOR('',#7572,10.);
#2173=VECTOR('',#7575,10.);
#2174=VECTOR('',#7576,10.);
#2175=VECTOR('',#7579,10.);
#2176=VECTOR('',#7582,10.);
#2177=VECTOR('',#7583,10.);
#2178=VECTOR('',#7586,10.);
#2179=VECTOR('',#7587,10.);
#2180=VECTOR('',#7590,10.);
#2181=VECTOR('',#7593,10.);
#2182=VECTOR('',#7596,10.);
#2183=VECTOR('',#7599,10.);
#2184=VECTOR('',#7600,10.);
#2185=VECTOR('',#7603,10.);
#2186=VECTOR('',#7604,10.);
#2187=VECTOR('',#7607,10.);
#2188=VECTOR('',#7610,10.);
#2189=VECTOR('',#7617,2.7);
#2190=VECTOR('',#7622,10.);
#2191=VECTOR('',#7623,10.);
#2192=VECTOR('',#7624,10.);
#2193=VECTOR('',#7625,10.);
#2194=VECTOR('',#7630,10.);
#2195=VECTOR('',#7641,10.);
#2196=VECTOR('',#7642,10.);
#2197=VECTOR('',#7643,10.);
#2198=VECTOR('',#7646,10.);
#2199=VECTOR('',#7651,10.);
#2200=VECTOR('',#7652,10.);
#2201=VECTOR('',#7653,10.);
#2202=VECTOR('',#7658,10.);
#2203=VECTOR('',#7663,10.);
#2204=VECTOR('',#7664,10.);
#2205=VECTOR('',#7667,10.);
#2206=VECTOR('',#7676,10.);
#2207=VECTOR('',#7677,10.);
#2208=VECTOR('',#7680,10.);
#2209=VECTOR('',#7683,10.);
#2210=VECTOR('',#7686,10.);
#2211=VECTOR('',#7689,10.);
#2212=VECTOR('',#7690,10.);
#2213=VECTOR('',#7691,10.);
#2214=VECTOR('',#7694,10.);
#2215=VECTOR('',#7699,10.);
#2216=VECTOR('',#7702,10.);
#2217=VECTOR('',#7703,10.);
#2218=VECTOR('',#7706,10.);
#2219=VECTOR('',#7709,10.);
#2220=VECTOR('',#7710,10.);
#2221=VECTOR('',#7713,10.);
#2222=VECTOR('',#7714,10.);
#2223=VECTOR('',#7717,10.);
#2224=VECTOR('',#7720,10.);
#2225=VECTOR('',#7721,10.);
#2226=VECTOR('',#7728,10.);
#2227=VECTOR('',#7729,10.);
#2228=VECTOR('',#7734,10.);
#2229=VECTOR('',#7743,10.);
#2230=VECTOR('',#7744,10.);
#2231=VECTOR('',#7747,10.);
#2232=VECTOR('',#7748,10.);
#2233=VECTOR('',#7753,10.);
#2234=VECTOR('',#7754,10.);
#2235=VECTOR('',#7757,10.);
#2236=VECTOR('',#7760,10.);
#2237=VECTOR('',#7763,10.);
#2238=VECTOR('',#7768,10.);
#2239=VECTOR('',#7773,10.);
#2240=VECTOR('',#7792,10.);
#2241=VECTOR('',#7795,10.);
#2242=VECTOR('',#7796,10.);
#2243=VECTOR('',#7797,10.);
#2244=VECTOR('',#7802,10.);
#2245=VECTOR('',#7807,10.);
#2246=VECTOR('',#7812,10.);
#2247=VECTOR('',#7817,10.);
#2248=VECTOR('',#7822,10.);
#2249=VECTOR('',#7827,10.);
#2250=VECTOR('',#7832,10.);
#2251=VECTOR('',#7837,10.);
#2252=VECTOR('',#7838,10.);
#2253=VECTOR('',#7839,10.);
#2254=VECTOR('',#7844,10.);
#2255=VECTOR('',#7849,10.);
#2256=VECTOR('',#7854,10.);
#2257=VECTOR('',#7859,10.);
#2258=VECTOR('',#7862,10.);
#2259=VECTOR('',#7863,10.);
#2260=VECTOR('',#7872,10.);
#2261=VECTOR('',#7887,10.);
#2262=VECTOR('',#7890,10.);
#2263=VECTOR('',#7893,10.);
#2264=VECTOR('',#7896,10.);
#2265=VECTOR('',#7907,10.);
#2266=VECTOR('',#7908,10.);
#2267=VECTOR('',#7911,10.);
#2268=VECTOR('',#7914,10.);
#2269=VECTOR('',#7917,10.);
#2270=VECTOR('',#7920,10.);
#2271=VECTOR('',#7923,10.);
#2272=VECTOR('',#7926,10.);
#2273=VECTOR('',#7931,2.7);
#2274=VECTOR('',#7934,2.7);
#2275=VECTOR('',#7937,2.69999999999945);
#2276=VECTOR('',#7940,10.);
#2277=VECTOR('',#7941,10.);
#2278=VECTOR('',#7942,10.);
#2279=VECTOR('',#7947,1.70000000000002);
#2280=VECTOR('',#7956,10.);
#2281=VECTOR('',#7961,1.7);
#2282=VECTOR('',#7964,10.);
#2283=VECTOR('',#7965,10.);
#2284=VECTOR('',#7966,10.);
#2285=VECTOR('',#7967,10.);
#2286=VECTOR('',#7968,10.);
#2287=VECTOR('',#7969,10.);
#2288=VECTOR('',#7972,10.);
#2289=VECTOR('',#7973,10.);
#2290=VECTOR('',#7974,10.);
#2291=VECTOR('',#7977,10.);
#2292=VECTOR('',#7978,10.);
#2293=VECTOR('',#7979,10.);
#2294=VECTOR('',#7982,10.);
#2295=VECTOR('',#7983,10.);
#2296=VECTOR('',#7984,10.);
#2297=VECTOR('',#7987,10.);
#2298=VECTOR('',#7988,10.);
#2299=VECTOR('',#7991,10.);
#2300=VECTOR('',#7994,10.);
#2301=VECTOR('',#7995,10.);
#2302=VECTOR('',#8004,10.);
#2303=VECTOR('',#8007,10.);
#2304=VECTOR('',#8010,10.);
#2305=VECTOR('',#8011,10.);
#2306=VECTOR('',#8012,10.);
#2307=VECTOR('',#8019,10.);
#2308=VECTOR('',#8022,10.);
#2309=VECTOR('',#8023,10.);
#2310=VECTOR('',#8024,10.);
#2311=VECTOR('',#8031,10.);
#2312=VECTOR('',#8036,10.);
#2313=VECTOR('',#8039,10.);
#2314=VECTOR('',#8042,10.);
#2315=VECTOR('',#8043,10.);
#2316=VECTOR('',#8046,10.);
#2317=VECTOR('',#8047,10.);
#2318=VECTOR('',#8050,10.);
#2319=VECTOR('',#8055,10.);
#2320=VECTOR('',#8056,10.);
#2321=VECTOR('',#8059,10.);
#2322=VECTOR('',#8060,10.);
#2323=VECTOR('',#8063,10.);
#2324=VECTOR('',#8064,10.);
#2325=VECTOR('',#8067,10.);
#2326=VECTOR('',#8068,10.);
#2327=VECTOR('',#8071,10.);
#2328=VECTOR('',#8072,10.);
#2329=VECTOR('',#8075,10.);
#2330=VECTOR('',#8076,10.);
#2331=VECTOR('',#8079,10.);
#2332=VECTOR('',#8080,10.);
#2333=VECTOR('',#8083,10.);
#2334=VECTOR('',#8084,10.);
#2335=VECTOR('',#8087,10.);
#2336=VECTOR('',#8088,10.);
#2337=VECTOR('',#8091,10.);
#2338=VECTOR('',#8092,10.);
#2339=VECTOR('',#8095,10.);
#2340=VECTOR('',#8096,10.);
#2341=VECTOR('',#8099,10.);
#2342=VECTOR('',#8100,10.);
#2343=VECTOR('',#8107,10.);
#2344=VECTOR('',#8108,10.);
#2345=VECTOR('',#8111,10.);
#2346=VECTOR('',#8112,10.);
#2347=VECTOR('',#8119,10.);
#2348=VECTOR('',#8120,10.);
#2349=VECTOR('',#8123,10.);
#2350=VECTOR('',#8124,10.);
#2351=VECTOR('',#8131,10.);
#2352=VECTOR('',#8132,10.);
#2353=VECTOR('',#8135,10.);
#2354=VECTOR('',#8136,10.);
#2355=VECTOR('',#8139,10.);
#2356=VECTOR('',#8140,10.);
#2357=VECTOR('',#8147,10.);
#2358=VECTOR('',#8150,10.);
#2359=VECTOR('',#8153,10.);
#2360=VECTOR('',#8156,10.);
#2361=VECTOR('',#8157,10.);
#2362=VECTOR('',#8190,1.87499999929663);
#2363=VECTOR('',#8193,10.);
#2364=VECTOR('',#8194,10.);
#2365=VECTOR('',#8201,10.);
#2366=VECTOR('',#8202,10.);
#2367=VECTOR('',#8205,10.);
#2368=VECTOR('',#8208,10.);
#2369=VECTOR('',#8209,10.);
#2370=VECTOR('',#8212,10.);
#2371=VECTOR('',#8215,10.);
#2372=VECTOR('',#8222,10.);
#2373=VECTOR('',#8231,10.);
#2374=VECTOR('',#8232,10.);
#2375=VECTOR('',#8233,10.);
#2376=VECTOR('',#8234,10.);
#2377=VECTOR('',#8237,10.);
#2378=VECTOR('',#8238,10.);
#2379=VECTOR('',#8239,10.);
#2380=VECTOR('',#8240,10.);
#2381=VECTOR('',#8243,10.);
#2382=VECTOR('',#8244,10.);
#2383=VECTOR('',#8245,10.);
#2384=VECTOR('',#8248,10.);
#2385=VECTOR('',#8249,10.);
#2386=VECTOR('',#8250,10.);
#2387=VECTOR('',#8251,10.);
#2388=VECTOR('',#8252,10.);
#2389=VECTOR('',#8255,10.);
#2390=VECTOR('',#8256,10.);
#2391=VECTOR('',#8257,10.);
#2392=VECTOR('',#8258,10.);
#2393=VECTOR('',#8261,10.);
#2394=VECTOR('',#8262,10.);
#2395=VECTOR('',#8263,10.);
#2396=VECTOR('',#8264,10.);
#2397=VECTOR('',#8267,10.);
#2398=VECTOR('',#8268,10.);
#2399=VECTOR('',#8269,10.);
#2400=VECTOR('',#8270,10.);
#2401=VECTOR('',#8273,10.);
#2402=VECTOR('',#8274,10.);
#2403=VECTOR('',#8275,10.);
#2404=VECTOR('',#8278,10.);
#2405=VECTOR('',#8279,10.);
#2406=VECTOR('',#8280,10.);
#2407=VECTOR('',#8283,10.);
#2408=VECTOR('',#8284,10.);
#2409=VECTOR('',#8285,10.);
#2410=VECTOR('',#8288,10.);
#2411=VECTOR('',#8293,10.);
#2412=VECTOR('',#8296,10.);
#2413=VECTOR('',#8297,10.);
#2414=VECTOR('',#8300,10.);
#2415=VECTOR('',#8305,10.);
#2416=VECTOR('',#8306,10.);
#2417=VECTOR('',#8307,10.);
#2418=VECTOR('',#8308,10.);
#2419=VECTOR('',#8311,10.);
#2420=VECTOR('',#8312,10.);
#2421=VECTOR('',#8313,10.);
#2422=VECTOR('',#8314,10.);
#2423=VECTOR('',#8317,10.);
#2424=VECTOR('',#8318,10.);
#2425=VECTOR('',#8319,10.);
#2426=VECTOR('',#8320,10.);
#2427=VECTOR('',#8331,10.);
#2428=VECTOR('',#8336,10.);
#2429=VECTOR('',#8337,10.);
#2430=VECTOR('',#8338,10.);
#2431=VECTOR('',#8347,10.);
#2432=VECTOR('',#8350,10.);
#2433=VECTOR('',#8353,10.);
#2434=VECTOR('',#8356,10.);
#2435=VECTOR('',#8359,10.);
#2436=VECTOR('',#8362,10.);
#2437=VECTOR('',#8377,10.);
#2438=VECTOR('',#8378,10.);
#2439=VECTOR('',#8379,10.);
#2440=VECTOR('',#8382,10.);
#2441=VECTOR('',#8387,10.);
#2442=VECTOR('',#8388,10.);
#2443=VECTOR('',#8391,10.);
#2444=VECTOR('',#8396,10.);
#2445=VECTOR('',#8397,10.);
#2446=VECTOR('',#8400,10.);
#2447=VECTOR('',#8405,1.70000000000002);
#2448=VECTOR('',#8410,1.7);
#2449=VECTOR('',#8415,10.);
#2450=VECTOR('',#8416,10.);
#2451=VECTOR('',#8417,10.);
#2452=VECTOR('',#8424,10.);
#2453=VECTOR('',#8425,10.);
#2454=VECTOR('',#8428,10.);
#2455=VECTOR('',#8433,10.);
#2456=VECTOR('',#8434,10.);
#2457=VERTEX_POINT('',#8445);
#2458=VERTEX_POINT('',#8446);
#2459=VERTEX_POINT('',#8448);
#2460=VERTEX_POINT('',#8450);
#2461=VERTEX_POINT('',#8455);
#2462=VERTEX_POINT('',#8457);
#2463=VERTEX_POINT('',#8468);
#2464=VERTEX_POINT('',#8470);
#2465=VERTEX_POINT('',#8473);
#2466=VERTEX_POINT('',#8475);
#2467=VERTEX_POINT('',#8478);
#2468=VERTEX_POINT('',#8479);
#2469=VERTEX_POINT('',#8486);
#2470=VERTEX_POINT('',#8493);
#2471=VERTEX_POINT('',#8494);
#2472=VERTEX_POINT('',#8496);
#2473=VERTEX_POINT('',#8498);
#2474=VERTEX_POINT('',#8503);
#2475=VERTEX_POINT('',#8505);
#2476=VERTEX_POINT('',#8507);
#2477=VERTEX_POINT('',#8511);
#2478=VERTEX_POINT('',#8512);
#2479=VERTEX_POINT('',#8514);
#2480=VERTEX_POINT('',#8516);
#2481=VERTEX_POINT('',#8518);
#2482=VERTEX_POINT('',#8541);
#2483=VERTEX_POINT('',#8551);
#2484=VERTEX_POINT('',#8555);
#2485=VERTEX_POINT('',#8564);
#2486=VERTEX_POINT('',#8565);
#2487=VERTEX_POINT('',#8567);
#2488=VERTEX_POINT('',#8569);
#2489=VERTEX_POINT('',#8574);
#2490=VERTEX_POINT('',#8577);
#2491=VERTEX_POINT('',#8582);
#2492=VERTEX_POINT('',#8583);
#2493=VERTEX_POINT('',#8585);
#2494=VERTEX_POINT('',#8587);
#2495=VERTEX_POINT('',#8589);
#2496=VERTEX_POINT('',#8591);
#2497=VERTEX_POINT('',#8593);
#2498=VERTEX_POINT('',#8595);
#2499=VERTEX_POINT('',#8597);
#2500=VERTEX_POINT('',#8599);
#2501=VERTEX_POINT('',#8601);
#2502=VERTEX_POINT('',#8603);
#2503=VERTEX_POINT('',#8605);
#2504=VERTEX_POINT('',#8607);
#2505=VERTEX_POINT('',#8609);
#2506=VERTEX_POINT('',#8611);
#2507=VERTEX_POINT('',#8613);
#2508=VERTEX_POINT('',#8615);
#2509=VERTEX_POINT('',#8617);
#2510=VERTEX_POINT('',#8619);
#2511=VERTEX_POINT('',#8621);
#2512=VERTEX_POINT('',#8623);
#2513=VERTEX_POINT('',#8625);
#2514=VERTEX_POINT('',#8627);
#2515=VERTEX_POINT('',#8629);
#2516=VERTEX_POINT('',#8631);
#2517=VERTEX_POINT('',#8633);
#2518=VERTEX_POINT('',#8635);
#2519=VERTEX_POINT('',#8637);
#2520=VERTEX_POINT('',#8639);
#2521=VERTEX_POINT('',#8641);
#2522=VERTEX_POINT('',#8643);
#2523=VERTEX_POINT('',#8645);
#2524=VERTEX_POINT('',#8647);
#2525=VERTEX_POINT('',#8649);
#2526=VERTEX_POINT('',#8651);
#2527=VERTEX_POINT('',#8653);
#2528=VERTEX_POINT('',#8655);
#2529=VERTEX_POINT('',#8657);
#2530=VERTEX_POINT('',#8659);
#2531=VERTEX_POINT('',#8661);
#2532=VERTEX_POINT('',#8663);
#2533=VERTEX_POINT('',#8665);
#2534=VERTEX_POINT('',#8667);
#2535=VERTEX_POINT('',#8669);
#2536=VERTEX_POINT('',#8671);
#2537=VERTEX_POINT('',#8673);
#2538=VERTEX_POINT('',#8675);
#2539=VERTEX_POINT('',#8677);
#2540=VERTEX_POINT('',#8679);
#2541=VERTEX_POINT('',#8681);
#2542=VERTEX_POINT('',#8683);
#2543=VERTEX_POINT('',#8685);
#2544=VERTEX_POINT('',#8687);
#2545=VERTEX_POINT('',#8689);
#2546=VERTEX_POINT('',#8691);
#2547=VERTEX_POINT('',#8693);
#2548=VERTEX_POINT('',#8695);
#2549=VERTEX_POINT('',#8697);
#2550=VERTEX_POINT('',#8699);
#2551=VERTEX_POINT('',#8701);
#2552=VERTEX_POINT('',#8703);
#2553=VERTEX_POINT('',#8705);
#2554=VERTEX_POINT('',#8708);
#2555=VERTEX_POINT('',#8709);
#2556=VERTEX_POINT('',#8711);
#2557=VERTEX_POINT('',#8713);
#2558=VERTEX_POINT('',#8716);
#2559=VERTEX_POINT('',#8717);
#2560=VERTEX_POINT('',#8719);
#2561=VERTEX_POINT('',#8721);
#2562=VERTEX_POINT('',#8723);
#2563=VERTEX_POINT('',#8726);
#2564=VERTEX_POINT('',#8727);
#2565=VERTEX_POINT('',#8729);
#2566=VERTEX_POINT('',#8731);
#2567=VERTEX_POINT('',#8734);
#2568=VERTEX_POINT('',#8735);
#2569=VERTEX_POINT('',#8737);
#2570=VERTEX_POINT('',#8739);
#2571=VERTEX_POINT('',#8742);
#2572=VERTEX_POINT('',#8743);
#2573=VERTEX_POINT('',#8745);
#2574=VERTEX_POINT('',#8747);
#2575=VERTEX_POINT('',#8749);
#2576=VERTEX_POINT('',#8752);
#2577=VERTEX_POINT('',#8753);
#2578=VERTEX_POINT('',#8755);
#2579=VERTEX_POINT('',#8757);
#2580=VERTEX_POINT('',#8760);
#2581=VERTEX_POINT('',#8761);
#2582=VERTEX_POINT('',#8763);
#2583=VERTEX_POINT('',#8765);
#2584=VERTEX_POINT('',#8768);
#2585=VERTEX_POINT('',#8769);
#2586=VERTEX_POINT('',#8771);
#2587=VERTEX_POINT('',#8773);
#2588=VERTEX_POINT('',#8776);
#2589=VERTEX_POINT('',#8777);
#2590=VERTEX_POINT('',#8779);
#2591=VERTEX_POINT('',#8781);
#2592=VERTEX_POINT('',#8784);
#2593=VERTEX_POINT('',#8785);
#2594=VERTEX_POINT('',#8787);
#2595=VERTEX_POINT('',#8789);
#2596=VERTEX_POINT('',#8792);
#2597=VERTEX_POINT('',#8793);
#2598=VERTEX_POINT('',#8795);
#2599=VERTEX_POINT('',#8797);
#2600=VERTEX_POINT('',#8800);
#2601=VERTEX_POINT('',#8801);
#2602=VERTEX_POINT('',#8803);
#2603=VERTEX_POINT('',#8805);
#2604=VERTEX_POINT('',#8808);
#2605=VERTEX_POINT('',#8809);
#2606=VERTEX_POINT('',#8811);
#2607=VERTEX_POINT('',#8813);
#2608=VERTEX_POINT('',#8816);
#2609=VERTEX_POINT('',#8817);
#2610=VERTEX_POINT('',#8819);
#2611=VERTEX_POINT('',#8821);
#2612=VERTEX_POINT('',#8824);
#2613=VERTEX_POINT('',#8825);
#2614=VERTEX_POINT('',#8827);
#2615=VERTEX_POINT('',#8829);
#2616=VERTEX_POINT('',#8832);
#2617=VERTEX_POINT('',#8833);
#2618=VERTEX_POINT('',#8835);
#2619=VERTEX_POINT('',#8837);
#2620=VERTEX_POINT('',#8840);
#2621=VERTEX_POINT('',#8841);
#2622=VERTEX_POINT('',#8843);
#2623=VERTEX_POINT('',#8845);
#2624=VERTEX_POINT('',#8848);
#2625=VERTEX_POINT('',#8849);
#2626=VERTEX_POINT('',#8851);
#2627=VERTEX_POINT('',#8853);
#2628=VERTEX_POINT('',#8856);
#2629=VERTEX_POINT('',#8858);
#2630=VERTEX_POINT('',#8859);
#2631=VERTEX_POINT('',#8861);
#2632=VERTEX_POINT('',#8863);
#2633=VERTEX_POINT('',#8866);
#2634=VERTEX_POINT('',#8867);
#2635=VERTEX_POINT('',#8869);
#2636=VERTEX_POINT('',#8871);
#2637=VERTEX_POINT('',#8873);
#2638=VERTEX_POINT('',#8876);
#2639=VERTEX_POINT('',#8878);
#2640=VERTEX_POINT('',#8881);
#2641=VERTEX_POINT('',#8883);
#2642=VERTEX_POINT('',#8886);
#2643=VERTEX_POINT('',#8888);
#2644=VERTEX_POINT('',#8890);
#2645=VERTEX_POINT('',#8893);
#2646=VERTEX_POINT('',#8895);
#2647=VERTEX_POINT('',#8901);
#2648=VERTEX_POINT('',#8902);
#2649=VERTEX_POINT('',#8904);
#2650=VERTEX_POINT('',#8906);
#2651=VERTEX_POINT('',#8908);
#2652=VERTEX_POINT('',#8910);
#2653=VERTEX_POINT('',#8912);
#2654=VERTEX_POINT('',#8914);
#2655=VERTEX_POINT('',#8916);
#2656=VERTEX_POINT('',#8918);
#2657=VERTEX_POINT('',#8920);
#2658=VERTEX_POINT('',#8922);
#2659=VERTEX_POINT('',#8931);
#2660=VERTEX_POINT('',#8933);
#2661=VERTEX_POINT('',#8943);
#2662=VERTEX_POINT('',#8944);
#2663=VERTEX_POINT('',#8973);
#2664=VERTEX_POINT('',#8975);
#2665=VERTEX_POINT('',#9007);
#2666=VERTEX_POINT('',#9008);
#2667=VERTEX_POINT('',#9029);
#2668=VERTEX_POINT('',#9031);
#2669=VERTEX_POINT('',#9055);
#2670=VERTEX_POINT('',#9056);
#2671=VERTEX_POINT('',#9058);
#2672=VERTEX_POINT('',#9089);
#2673=VERTEX_POINT('',#9119);
#2674=VERTEX_POINT('',#9120);
#2675=VERTEX_POINT('',#9122);
#2676=VERTEX_POINT('',#9135);
#2677=VERTEX_POINT('',#9137);
#2678=VERTEX_POINT('',#9168);
#2679=VERTEX_POINT('',#9174);
#2680=VERTEX_POINT('',#9175);
#2681=VERTEX_POINT('',#9177);
#2682=VERTEX_POINT('',#9200);
#2683=VERTEX_POINT('',#9222);
#2684=VERTEX_POINT('',#9223);
#2685=VERTEX_POINT('',#9225);
#2686=VERTEX_POINT('',#9248);
#2687=VERTEX_POINT('',#9270);
#2688=VERTEX_POINT('',#9271);
#2689=VERTEX_POINT('',#9282);
#2690=VERTEX_POINT('',#9295);
#2691=VERTEX_POINT('',#9297);
#2692=VERTEX_POINT('',#9321);
#2693=VERTEX_POINT('',#9322);
#2694=VERTEX_POINT('',#9351);
#2695=VERTEX_POINT('',#9353);
#2696=VERTEX_POINT('',#9385);
#2697=VERTEX_POINT('',#9386);
#2698=VERTEX_POINT('',#9410);
#2699=VERTEX_POINT('',#9412);
#2700=VERTEX_POINT('',#9444);
#2701=VERTEX_POINT('',#9445);
#2702=VERTEX_POINT('',#9469);
#2703=VERTEX_POINT('',#9471);
#2704=VERTEX_POINT('',#9503);
#2705=VERTEX_POINT('',#9504);
#2706=VERTEX_POINT('',#9528);
#2707=VERTEX_POINT('',#9530);
#2708=VERTEX_POINT('',#9557);
#2709=VERTEX_POINT('',#9558);
#2710=VERTEX_POINT('',#9580);
#2711=VERTEX_POINT('',#9582);
#2712=VERTEX_POINT('',#9609);
#2713=VERTEX_POINT('',#9610);
#2714=VERTEX_POINT('',#9634);
#2715=VERTEX_POINT('',#9636);
#2716=VERTEX_POINT('',#9663);
#2717=VERTEX_POINT('',#9664);
#2718=VERTEX_POINT('',#9666);
#2719=VERTEX_POINT('',#9679);
#2720=VERTEX_POINT('',#9690);
#2721=VERTEX_POINT('',#9714);
#2722=VERTEX_POINT('',#9715);
#2723=VERTEX_POINT('',#9717);
#2724=VERTEX_POINT('',#9748);
#2725=VERTEX_POINT('',#9773);
#2726=VERTEX_POINT('',#9774);
#2727=VERTEX_POINT('',#9803);
#2728=VERTEX_POINT('',#9805);
#2729=VERTEX_POINT('',#9851);
#2730=VERTEX_POINT('',#9854);
#2731=VERTEX_POINT('',#9858);
#2732=VERTEX_POINT('',#9861);
#2733=VERTEX_POINT('',#9864);
#2734=VERTEX_POINT('',#9868);
#2735=VERTEX_POINT('',#9872);
#2736=VERTEX_POINT('',#9873);
#2737=VERTEX_POINT('',#9875);
#2738=VERTEX_POINT('',#9877);
#2739=VERTEX_POINT('',#9881);
#2740=VERTEX_POINT('',#9882);
#2741=VERTEX_POINT('',#9884);
#2742=VERTEX_POINT('',#9886);
#2743=VERTEX_POINT('',#9893);
#2744=VERTEX_POINT('',#9899);
#2745=VERTEX_POINT('',#9906);
#2746=VERTEX_POINT('',#9908);
#2747=VERTEX_POINT('',#9912);
#2748=VERTEX_POINT('',#9913);
#2749=VERTEX_POINT('',#10031);
#2750=VERTEX_POINT('',#10033);
#2751=VERTEX_POINT('',#10037);
#2752=VERTEX_POINT('',#10041);
#2753=VERTEX_POINT('',#10045);
#2754=VERTEX_POINT('',#10047);
#2755=VERTEX_POINT('',#10060);
#2756=VERTEX_POINT('',#10062);
#2757=VERTEX_POINT('',#10066);
#2758=VERTEX_POINT('',#10068);
#2759=VERTEX_POINT('',#10072);
#2760=VERTEX_POINT('',#10073);
#2761=VERTEX_POINT('',#10075);
#2762=VERTEX_POINT('',#10077);
#2763=VERTEX_POINT('',#10081);
#2764=VERTEX_POINT('',#10083);
#2765=VERTEX_POINT('',#10085);
#2766=VERTEX_POINT('',#10087);
#2767=VERTEX_POINT('',#10089);
#2768=VERTEX_POINT('',#10091);
#2769=VERTEX_POINT('',#10093);
#2770=VERTEX_POINT('',#10095);
#2771=VERTEX_POINT('',#10102);
#2772=VERTEX_POINT('',#10103);
#2773=VERTEX_POINT('',#10116);
#2774=VERTEX_POINT('',#10132);
#2775=VERTEX_POINT('',#10134);
#2776=VERTEX_POINT('',#10147);
#2777=VERTEX_POINT('',#10163);
#2778=VERTEX_POINT('',#10165);
#2779=VERTEX_POINT('',#10178);
#2780=VERTEX_POINT('',#10194);
#2781=VERTEX_POINT('',#10196);
#2782=VERTEX_POINT('',#10209);
#2783=VERTEX_POINT('',#10225);
#2784=VERTEX_POINT('',#10228);
#2785=VERTEX_POINT('',#10230);
#2786=VERTEX_POINT('',#10245);
#2787=VERTEX_POINT('',#10259);
#2788=VERTEX_POINT('',#10261);
#2789=VERTEX_POINT('',#10276);
#2790=VERTEX_POINT('',#10290);
#2791=VERTEX_POINT('',#10292);
#2792=VERTEX_POINT('',#10307);
#2793=VERTEX_POINT('',#10321);
#2794=VERTEX_POINT('',#10323);
#2795=VERTEX_POINT('',#10338);
#2796=VERTEX_POINT('',#10352);
#2797=VERTEX_POINT('',#10354);
#2798=VERTEX_POINT('',#10369);
#2799=VERTEX_POINT('',#10383);
#2800=VERTEX_POINT('',#10385);
#2801=VERTEX_POINT('',#10400);
#2802=VERTEX_POINT('',#10414);
#2803=VERTEX_POINT('',#10416);
#2804=VERTEX_POINT('',#10431);
#2805=VERTEX_POINT('',#10445);
#2806=VERTEX_POINT('',#10447);
#2807=VERTEX_POINT('',#10460);
#2808=VERTEX_POINT('',#10476);
#2809=VERTEX_POINT('',#10478);
#2810=VERTEX_POINT('',#10491);
#2811=VERTEX_POINT('',#10507);
#2812=VERTEX_POINT('',#10509);
#2813=VERTEX_POINT('',#10522);
#2814=VERTEX_POINT('',#10540);
#2815=VERTEX_POINT('',#10544);
#2816=VERTEX_POINT('',#10546);
#2817=VERTEX_POINT('',#10548);
#2818=VERTEX_POINT('',#10552);
#2819=VERTEX_POINT('',#10556);
#2820=VERTEX_POINT('',#10560);
#2821=VERTEX_POINT('',#10566);
#2822=VERTEX_POINT('',#10568);
#2823=VERTEX_POINT('',#10583);
#2824=VERTEX_POINT('',#10600);
#2825=VERTEX_POINT('',#10602);
#2826=VERTEX_POINT('',#10630);
#2827=VERTEX_POINT('',#10632);
#2828=VERTEX_POINT('',#10649);
#2829=VERTEX_POINT('',#10664);
#2830=VERTEX_POINT('',#10666);
#2831=VERTEX_POINT('',#10679);
#2832=VERTEX_POINT('',#10696);
#2833=VERTEX_POINT('',#10698);
#2834=VERTEX_POINT('',#10713);
#2835=VERTEX_POINT('',#10730);
#2836=VERTEX_POINT('',#10732);
#2837=VERTEX_POINT('',#10736);
#2838=VERTEX_POINT('',#10738);
#2839=VERTEX_POINT('',#10751);
#2840=VERTEX_POINT('',#10768);
#2841=VERTEX_POINT('',#10770);
#2842=VERTEX_POINT('',#10787);
#2843=VERTEX_POINT('',#10802);
#2844=VERTEX_POINT('',#10806);
#2845=VERTEX_POINT('',#10808);
#2846=VERTEX_POINT('',#10812);
#2847=VERTEX_POINT('',#10814);
#2848=VERTEX_POINT('',#10816);
#2849=VERTEX_POINT('',#10818);
#2850=VERTEX_POINT('',#10820);
#2851=VERTEX_POINT('',#10822);
#2852=VERTEX_POINT('',#10824);
#2853=VERTEX_POINT('',#10831);
#2854=VERTEX_POINT('',#10833);
#2855=VERTEX_POINT('',#10837);
#2856=VERTEX_POINT('',#10841);
#2857=VERTEX_POINT('',#10843);
#2858=VERTEX_POINT('',#10845);
#2859=VERTEX_POINT('',#10849);
#2860=VERTEX_POINT('',#10853);
#2861=VERTEX_POINT('',#10857);
#2862=VERTEX_POINT('',#10863);
#2863=VERTEX_POINT('',#10865);
#2864=VERTEX_POINT('',#10867);
#2865=VERTEX_POINT('',#10871);
#2866=VERTEX_POINT('',#10886);
#2867=VERTEX_POINT('',#10903);
#2868=VERTEX_POINT('',#10905);
#2869=VERTEX_POINT('',#10909);
#2870=VERTEX_POINT('',#10913);
#2871=VERTEX_POINT('',#10928);
#2872=VERTEX_POINT('',#10943);
#2873=VERTEX_POINT('',#10945);
#2874=VERTEX_POINT('',#10962);
#2875=VERTEX_POINT('',#10977);
#2876=VERTEX_POINT('',#10979);
#2877=VERTEX_POINT('',#10994);
#2878=VERTEX_POINT('',#11009);
#2879=VERTEX_POINT('',#11011);
#2880=VERTEX_POINT('',#11026);
#2881=VERTEX_POINT('',#11043);
#2882=VERTEX_POINT('',#11049);
#2883=VERTEX_POINT('',#11051);
#2884=VERTEX_POINT('',#11055);
#2885=VERTEX_POINT('',#11061);
#2886=VERTEX_POINT('',#11063);
#2887=VERTEX_POINT('',#11078);
#2888=VERTEX_POINT('',#11093);
#2889=VERTEX_POINT('',#11095);
#2890=VERTEX_POINT('',#11099);
#2891=VERTEX_POINT('',#11101);
#2892=VERTEX_POINT('',#11118);
#2893=VERTEX_POINT('',#11120);
#2894=VERTEX_POINT('',#11124);
#2895=VERTEX_POINT('',#11139);
#2896=VERTEX_POINT('',#11144);
#2897=VERTEX_POINT('',#11148);
#2898=VERTEX_POINT('',#11152);
#2899=VERTEX_POINT('',#11156);
#2900=VERTEX_POINT('',#11160);
#2901=VERTEX_POINT('',#11161);
#2902=VERTEX_POINT('',#11166);
#2903=VERTEX_POINT('',#11170);
#2904=VERTEX_POINT('',#11172);
#2905=VERTEX_POINT('',#11175);
#2906=VERTEX_POINT('',#11177);
#2907=VERTEX_POINT('',#11180);
#2908=VERTEX_POINT('',#11182);
#2909=VERTEX_POINT('',#11185);
#2910=VERTEX_POINT('',#11187);
#2911=VERTEX_POINT('',#11190);
#2912=VERTEX_POINT('',#11192);
#2913=VERTEX_POINT('',#11195);
#2914=VERTEX_POINT('',#11197);
#2915=VERTEX_POINT('',#11200);
#2916=VERTEX_POINT('',#11204);
#2917=VERTEX_POINT('',#11207);
#2918=VERTEX_POINT('',#11209);
#2919=VERTEX_POINT('',#11212);
#2920=VERTEX_POINT('',#11214);
#2921=VERTEX_POINT('',#11217);
#2922=VERTEX_POINT('',#11219);
#2923=VERTEX_POINT('',#11222);
#2924=VERTEX_POINT('',#11224);
#2925=VERTEX_POINT('',#11241);
#2926=VERTEX_POINT('',#11242);
#2927=VERTEX_POINT('',#11244);
#2928=VERTEX_POINT('',#11246);
#2929=VERTEX_POINT('',#11248);
#2930=VERTEX_POINT('',#11250);
#2931=VERTEX_POINT('',#11252);
#2932=VERTEX_POINT('',#11254);
#2933=VERTEX_POINT('',#11257);
#2934=VERTEX_POINT('',#11259);
#2935=VERTEX_POINT('',#11261);
#2936=VERTEX_POINT('',#11286);
#2937=VERTEX_POINT('',#11288);
#2938=VERTEX_POINT('',#11292);
#2939=VERTEX_POINT('',#11298);
#2940=VERTEX_POINT('',#11302);
#2941=VERTEX_POINT('',#11306);
#2942=VERTEX_POINT('',#11308);
#2943=VERTEX_POINT('',#11310);
#2944=VERTEX_POINT('',#11312);
#2945=VERTEX_POINT('',#11314);
#2946=VERTEX_POINT('',#11318);
#2947=VERTEX_POINT('',#11320);
#2948=VERTEX_POINT('',#11324);
#2949=VERTEX_POINT('',#11326);
#2950=VERTEX_POINT('',#11330);
#2951=VERTEX_POINT('',#11332);
#2952=VERTEX_POINT('',#11336);
#2953=VERTEX_POINT('',#11342);
#2954=VERTEX_POINT('',#11348);
#2955=VERTEX_POINT('',#11349);
#2956=VERTEX_POINT('',#11351);
#2957=VERTEX_POINT('',#11353);
#2958=VERTEX_POINT('',#11357);
#2959=VERTEX_POINT('',#11359);
#2960=VERTEX_POINT('',#11363);
#2961=VERTEX_POINT('',#11365);
#2962=VERTEX_POINT('',#11369);
#2963=VERTEX_POINT('',#11371);
#2964=VERTEX_POINT('',#11375);
#2965=VERTEX_POINT('',#11377);
#2966=VERTEX_POINT('',#11381);
#2967=VERTEX_POINT('',#11382);
#2968=VERTEX_POINT('',#11384);
#2969=VERTEX_POINT('',#11386);
#2970=VERTEX_POINT('',#11393);
#2971=VERTEX_POINT('',#11397);
#2972=VERTEX_POINT('',#11401);
#2973=VERTEX_POINT('',#11405);
#2974=VERTEX_POINT('',#11409);
#2975=VERTEX_POINT('',#11413);
#2976=VERTEX_POINT('',#11417);
#2977=VERTEX_POINT('',#11421);
#2978=VERTEX_POINT('',#11425);
#2979=VERTEX_POINT('',#11429);
#2980=VERTEX_POINT('',#11433);
#2981=VERTEX_POINT('',#11437);
#2982=VERTEX_POINT('',#11441);
#2983=VERTEX_POINT('',#11445);
#2984=VERTEX_POINT('',#11451);
#2985=VERTEX_POINT('',#11455);
#2986=VERTEX_POINT('',#11461);
#2987=VERTEX_POINT('',#11465);
#2988=VERTEX_POINT('',#11471);
#2989=VERTEX_POINT('',#11475);
#2990=VERTEX_POINT('',#11479);
#2991=VERTEX_POINT('',#11491);
#2992=VERTEX_POINT('',#11519);
#2993=VERTEX_POINT('',#11523);
#2994=VERTEX_POINT('',#11548);
#2995=VERTEX_POINT('',#11549);
#2996=VERTEX_POINT('',#11551);
#2997=VERTEX_POINT('',#11553);
#2998=VERTEX_POINT('',#11557);
#2999=VERTEX_POINT('',#11558);
#3000=VERTEX_POINT('',#11560);
#3001=VERTEX_POINT('',#11562);
#3002=VERTEX_POINT('',#11566);
#3003=VERTEX_POINT('',#11568);
#3004=VERTEX_POINT('',#11572);
#3005=VERTEX_POINT('',#11574);
#3006=VERTEX_POINT('',#11577);
#3007=VERTEX_POINT('',#11581);
#3008=VERTEX_POINT('',#11582);
#3009=VERTEX_POINT('',#11584);
#3010=VERTEX_POINT('',#11586);
#3011=VERTEX_POINT('',#11590);
#3012=VERTEX_POINT('',#11591);
#3013=VERTEX_POINT('',#11593);
#3014=VERTEX_POINT('',#11595);
#3015=VERTEX_POINT('',#11601);
#3016=VERTEX_POINT('',#11605);
#3017=VERTEX_POINT('',#11607);
#3018=VERTEX_POINT('',#11611);
#3019=VERTEX_POINT('',#11613);
#3020=VERTEX_POINT('',#11618);
#3021=VERTEX_POINT('',#11627);
#3022=VERTEX_POINT('',#11634);
#3023=VERTEX_POINT('',#11635);
#3024=VERTEX_POINT('',#11637);
#3025=VERTEX_POINT('',#11639);
#3026=VERTEX_POINT('',#11643);
#3027=VERTEX_POINT('',#11644);
#3028=VERTEX_POINT('',#11646);
#3029=VERTEX_POINT('',#11648);
#3030=VERTEX_POINT('',#11652);
#3031=VERTEX_POINT('',#11653);
#3032=VERTEX_POINT('',#11655);
#3033=VERTEX_POINT('',#11657);
#3034=VERTEX_POINT('',#11664);
#3035=VERTEX_POINT('',#11666);
#3036=VERTEX_POINT('',#11670);
#3037=VERTEX_POINT('',#11672);
#3038=VERTEX_POINT('',#11679);
#3039=VERTEX_POINT('',#11680);
#3040=VERTEX_POINT('',#11682);
#3041=VERTEX_POINT('',#11684);
#3042=VERTEX_POINT('',#11686);
#3043=VERTEX_POINT('',#11688);
#3044=VERTEX_POINT('',#11690);
#3045=VERTEX_POINT('',#11692);
#3046=VERTEX_POINT('',#11694);
#3047=VERTEX_POINT('',#11696);
#3048=VERTEX_POINT('',#11698);
#3049=VERTEX_POINT('',#11700);
#3050=VERTEX_POINT('',#11704);
#3051=VERTEX_POINT('',#11706);
#3052=VERTEX_POINT('',#11711);
#3053=VERTEX_POINT('',#11713);
#3054=VERTEX_POINT('',#11717);
#3055=VERTEX_POINT('',#11721);
#3056=VERTEX_POINT('',#11725);
#3057=VERTEX_POINT('',#11729);
#3058=VERTEX_POINT('',#11733);
#3059=VERTEX_POINT('',#11737);
#3060=VERTEX_POINT('',#11741);
#3061=VERTEX_POINT('',#11745);
#3062=VERTEX_POINT('',#11747);
#3063=VERTEX_POINT('',#11753);
#3064=VERTEX_POINT('',#11757);
#3065=VERTEX_POINT('',#11761);
#3066=EDGE_CURVE('',#2457,#2458,#1423,.T.);
#3067=EDGE_CURVE('',#2457,#2459,#1306,.T.);
#3068=EDGE_CURVE('',#2460,#2459,#1300,.T.);
#3069=EDGE_CURVE('',#2461,#2460,#1307,.F.);
#3070=EDGE_CURVE('',#2461,#2462,#1301,.T.);
#3071=EDGE_CURVE('',#2458,#2462,#1203,.T.);
#3072=EDGE_CURVE('',#2463,#2463,#1308,.T.);
#3073=EDGE_CURVE('',#2464,#2464,#1309,.T.);
#3074=EDGE_CURVE('',#2465,#2465,#1310,.T.);
#3075=EDGE_CURVE('',#2466,#2466,#1311,.T.);
#3076=EDGE_CURVE('',#2467,#2468,#1302,.T.);
#3077=EDGE_CURVE('',#2467,#2467,#1312,.T.);
#3078=EDGE_CURVE('',#2469,#2467,#1303,.T.);
#3079=EDGE_CURVE('',#2468,#2469,#1313,.T.);
#3080=EDGE_CURVE('',#2470,#2471,#1424,.T.);
#3081=EDGE_CURVE('',#2470,#2472,#1425,.T.);
#3082=EDGE_CURVE('',#2472,#2473,#1426,.T.);
#3083=EDGE_CURVE('',#2469,#2473,#1427,.T.);
#3084=EDGE_CURVE('',#2471,#2468,#1428,.T.);
#3085=EDGE_CURVE('',#2461,#2474,#1429,.T.);
#3086=EDGE_CURVE('',#2475,#2474,#1430,.T.);
#3087=EDGE_CURVE('',#2475,#2476,#1431,.T.);
#3088=EDGE_CURVE('',#2462,#2476,#1432,.T.);
#3089=EDGE_CURVE('',#2477,#2478,#27,.T.);
#3090=EDGE_CURVE('',#2479,#2478,#1433,.T.);
#3091=EDGE_CURVE('',#2479,#2480,#28,.T.);
#3092=EDGE_CURVE('',#2480,#2481,#1434,.T.);
#3093=EDGE_CURVE('',#2481,#2477,#1204,.T.);
#3094=EDGE_CURVE('',#2482,#2458,#1205,.T.);
#3095=EDGE_CURVE('',#2477,#2482,#1314,.F.);
#3096=EDGE_CURVE('',#2483,#2481,#1304,.T.);
#3097=EDGE_CURVE('',#2484,#2483,#1315,.F.);
#3098=EDGE_CURVE('',#2459,#2484,#1305,.T.);
#3099=EDGE_CURVE('',#2459,#2457,#1316,.T.);
#3100=EDGE_CURVE('',#2485,#2486,#1435,.T.);
#3101=EDGE_CURVE('',#2485,#2487,#1436,.T.);
#3102=EDGE_CURVE('',#2487,#2488,#1437,.T.);
#3103=EDGE_CURVE('',#2460,#2488,#1438,.T.);
#3104=EDGE_CURVE('',#2486,#2484,#1439,.T.);
#3105=EDGE_CURVE('',#2489,#2489,#1317,.T.);
#3106=EDGE_CURVE('',#2490,#2490,#1318,.T.);
#3107=EDGE_CURVE('',#2490,#2465,#1440,.T.);
#3108=EDGE_CURVE('',#2491,#2492,#1441,.T.);
#3109=EDGE_CURVE('',#2493,#2492,#1442,.T.);
#3110=EDGE_CURVE('',#2494,#2493,#1443,.T.);
#3111=EDGE_CURVE('',#2495,#2494,#29,.T.);
#3112=EDGE_CURVE('',#2496,#2495,#1444,.T.);
#3113=EDGE_CURVE('',#2497,#2496,#1445,.T.);
#3114=EDGE_CURVE('',#2498,#2497,#1446,.T.);
#3115=EDGE_CURVE('',#2499,#2498,#30,.T.);
#3116=EDGE_CURVE('',#2499,#2500,#1319,.T.);
#3117=EDGE_CURVE('',#2501,#2500,#31,.T.);
#3118=EDGE_CURVE('',#2502,#2501,#1447,.T.);
#3119=EDGE_CURVE('',#2503,#2502,#1448,.T.);
#3120=EDGE_CURVE('',#2504,#2503,#1449,.T.);
#3121=EDGE_CURVE('',#2505,#2504,#32,.T.);
#3122=EDGE_CURVE('',#2506,#2505,#1450,.T.);
#3123=EDGE_CURVE('',#2507,#2506,#1451,.T.);
#3124=EDGE_CURVE('',#2508,#2507,#1452,.T.);
#3125=EDGE_CURVE('',#2509,#2508,#33,.T.);
#3126=EDGE_CURVE('',#2510,#2509,#1453,.T.);
#3127=EDGE_CURVE('',#2511,#2510,#1454,.T.);
#3128=EDGE_CURVE('',#2512,#2511,#1455,.T.);
#3129=EDGE_CURVE('',#2513,#2512,#34,.T.);
#3130=EDGE_CURVE('',#2514,#2513,#1456,.T.);
#3131=EDGE_CURVE('',#2515,#2514,#1457,.T.);
#3132=EDGE_CURVE('',#2516,#2515,#1458,.T.);
#3133=EDGE_CURVE('',#2517,#2516,#35,.T.);
#3134=EDGE_CURVE('',#2518,#2517,#1459,.T.);
#3135=EDGE_CURVE('',#2519,#2518,#1460,.T.);
#3136=EDGE_CURVE('',#2520,#2519,#1461,.T.);
#3137=EDGE_CURVE('',#2521,#2520,#36,.T.);
#3138=EDGE_CURVE('',#2522,#2521,#1462,.T.);
#3139=EDGE_CURVE('',#2523,#2522,#1463,.T.);
#3140=EDGE_CURVE('',#2523,#2524,#1464,.T.);
#3141=EDGE_CURVE('',#2524,#2525,#37,.T.);
#3142=EDGE_CURVE('',#2525,#2526,#1465,.T.);
#3143=EDGE_CURVE('',#2526,#2527,#1466,.T.);
#3144=EDGE_CURVE('',#2527,#2528,#1467,.T.);
#3145=EDGE_CURVE('',#2529,#2528,#38,.T.);
#3146=EDGE_CURVE('',#2529,#2530,#1468,.T.);
#3147=EDGE_CURVE('',#2530,#2531,#1469,.T.);
#3148=EDGE_CURVE('',#2531,#2532,#1470,.T.);
#3149=EDGE_CURVE('',#2533,#2532,#39,.T.);
#3150=EDGE_CURVE('',#2533,#2534,#1471,.T.);
#3151=EDGE_CURVE('',#2534,#2535,#1472,.T.);
#3152=EDGE_CURVE('',#2535,#2536,#1473,.T.);
#3153=EDGE_CURVE('',#2537,#2536,#40,.T.);
#3154=EDGE_CURVE('',#2537,#2538,#1474,.T.);
#3155=EDGE_CURVE('',#2538,#2539,#1475,.T.);
#3156=EDGE_CURVE('',#2539,#2540,#1476,.T.);
#3157=EDGE_CURVE('',#2541,#2540,#41,.T.);
#3158=EDGE_CURVE('',#2541,#2542,#1477,.T.);
#3159=EDGE_CURVE('',#2542,#2543,#1478,.T.);
#3160=EDGE_CURVE('',#2543,#2544,#1479,.T.);
#3161=EDGE_CURVE('',#2545,#2544,#42,.T.);
#3162=EDGE_CURVE('',#2545,#2546,#1480,.T.);
#3163=EDGE_CURVE('',#2546,#2547,#1481,.T.);
#3164=EDGE_CURVE('',#2547,#2548,#1482,.T.);
#3165=EDGE_CURVE('',#2548,#2549,#43,.T.);
#3166=EDGE_CURVE('',#2549,#2550,#44,.T.);
#3167=EDGE_CURVE('',#2550,#2551,#1483,.T.);
#3168=EDGE_CURVE('',#2551,#2552,#1484,.T.);
#3169=EDGE_CURVE('',#2553,#2552,#1485,.T.);
#3170=EDGE_CURVE('',#2553,#2491,#1486,.T.);
#3171=EDGE_CURVE('',#2554,#2555,#1487,.T.);
#3172=EDGE_CURVE('',#2555,#2556,#45,.T.);
#3173=EDGE_CURVE('',#2556,#2557,#1488,.T.);
#3174=EDGE_CURVE('',#2554,#2557,#46,.T.);
#3175=EDGE_CURVE('',#2558,#2559,#47,.T.);
#3176=EDGE_CURVE('',#2560,#2558,#48,.T.);
#3177=EDGE_CURVE('',#2561,#2560,#1489,.T.);
#3178=EDGE_CURVE('',#2562,#2561,#49,.T.);
#3179=EDGE_CURVE('',#2559,#2562,#1490,.T.);
#3180=EDGE_CURVE('',#2563,#2564,#1491,.T.);
#3181=EDGE_CURVE('',#2565,#2563,#50,.T.);
#3182=EDGE_CURVE('',#2566,#2565,#1492,.T.);
#3183=EDGE_CURVE('',#2564,#2566,#51,.T.);
#3184=EDGE_CURVE('',#2567,#2568,#1493,.T.);
#3185=EDGE_CURVE('',#2568,#2569,#52,.T.);
#3186=EDGE_CURVE('',#2569,#2570,#1494,.T.);
#3187=EDGE_CURVE('',#2570,#2567,#53,.T.);
#3188=EDGE_CURVE('',#2571,#2572,#54,.T.);
#3189=EDGE_CURVE('',#2572,#2573,#1495,.T.);
#3190=EDGE_CURVE('',#2573,#2574,#55,.T.);
#3191=EDGE_CURVE('',#2574,#2575,#1496,.T.);
#3192=EDGE_CURVE('',#2575,#2571,#56,.T.);
#3193=EDGE_CURVE('',#2576,#2577,#57,.T.);
#3194=EDGE_CURVE('',#2576,#2578,#1497,.T.);
#3195=EDGE_CURVE('',#2578,#2579,#58,.T.);
#3196=EDGE_CURVE('',#2579,#2577,#1498,.T.);
#3197=EDGE_CURVE('',#2580,#2581,#59,.T.);
#3198=EDGE_CURVE('',#2580,#2582,#1499,.T.);
#3199=EDGE_CURVE('',#2582,#2583,#60,.T.);
#3200=EDGE_CURVE('',#2583,#2581,#1500,.T.);
#3201=EDGE_CURVE('',#2584,#2585,#61,.T.);
#3202=EDGE_CURVE('',#2584,#2586,#1501,.T.);
#3203=EDGE_CURVE('',#2586,#2587,#62,.T.);
#3204=EDGE_CURVE('',#2587,#2585,#1502,.T.);
#3205=EDGE_CURVE('',#2588,#2589,#63,.T.);
#3206=EDGE_CURVE('',#2588,#2590,#1503,.T.);
#3207=EDGE_CURVE('',#2590,#2591,#64,.T.);
#3208=EDGE_CURVE('',#2591,#2589,#1504,.T.);
#3209=EDGE_CURVE('',#2592,#2593,#65,.T.);
#3210=EDGE_CURVE('',#2592,#2594,#1505,.T.);
#3211=EDGE_CURVE('',#2594,#2595,#66,.T.);
#3212=EDGE_CURVE('',#2595,#2593,#1506,.T.);
#3213=EDGE_CURVE('',#2596,#2597,#1507,.T.);
#3214=EDGE_CURVE('',#2598,#2596,#67,.T.);
#3215=EDGE_CURVE('',#2599,#2598,#1508,.T.);
#3216=EDGE_CURVE('',#2597,#2599,#68,.T.);
#3217=EDGE_CURVE('',#2600,#2601,#69,.T.);
#3218=EDGE_CURVE('',#2602,#2600,#1509,.T.);
#3219=EDGE_CURVE('',#2603,#2602,#70,.T.);
#3220=EDGE_CURVE('',#2601,#2603,#1510,.T.);
#3221=EDGE_CURVE('',#2604,#2605,#71,.T.);
#3222=EDGE_CURVE('',#2606,#2604,#1511,.T.);
#3223=EDGE_CURVE('',#2607,#2606,#72,.T.);
#3224=EDGE_CURVE('',#2605,#2607,#1512,.T.);
#3225=EDGE_CURVE('',#2608,#2609,#73,.T.);
#3226=EDGE_CURVE('',#2610,#2608,#1513,.T.);
#3227=EDGE_CURVE('',#2611,#2610,#74,.T.);
#3228=EDGE_CURVE('',#2609,#2611,#1514,.T.);
#3229=EDGE_CURVE('',#2612,#2613,#75,.T.);
#3230=EDGE_CURVE('',#2614,#2613,#1515,.T.);
#3231=EDGE_CURVE('',#2615,#2614,#76,.T.);
#3232=EDGE_CURVE('',#2612,#2615,#1516,.T.);
#3233=EDGE_CURVE('',#2616,#2617,#77,.T.);
#3234=EDGE_CURVE('',#2618,#2616,#1517,.T.);
#3235=EDGE_CURVE('',#2619,#2618,#78,.T.);
#3236=EDGE_CURVE('',#2617,#2619,#1518,.T.);
#3237=EDGE_CURVE('',#2620,#2621,#1519,.T.);
#3238=EDGE_CURVE('',#2621,#2622,#1520,.T.);
#3239=EDGE_CURVE('',#2622,#2623,#1521,.T.);
#3240=EDGE_CURVE('',#2623,#2620,#1522,.T.);
#3241=EDGE_CURVE('',#2624,#2625,#79,.T.);
#3242=EDGE_CURVE('',#2624,#2626,#1523,.T.);
#3243=EDGE_CURVE('',#2626,#2627,#80,.T.);
#3244=EDGE_CURVE('',#2627,#2625,#1524,.T.);
#3245=EDGE_CURVE('',#2628,#2628,#81,.T.);
#3246=EDGE_CURVE('',#2629,#2630,#82,.T.);
#3247=EDGE_CURVE('',#2630,#2631,#1525,.T.);
#3248=EDGE_CURVE('',#2631,#2632,#83,.T.);
#3249=EDGE_CURVE('',#2632,#2629,#1526,.T.);
#3250=EDGE_CURVE('',#2633,#2634,#1527,.T.);
#3251=EDGE_CURVE('',#2634,#2635,#84,.T.);
#3252=EDGE_CURVE('',#2635,#2636,#85,.T.);
#3253=EDGE_CURVE('',#2636,#2637,#1528,.T.);
#3254=EDGE_CURVE('',#2637,#2633,#86,.T.);
#3255=EDGE_CURVE('',#2473,#2638,#1320,.T.);
#3256=EDGE_CURVE('',#2638,#2639,#1529,.T.);
#3257=EDGE_CURVE('',#2639,#2486,#1321,.T.);
#3258=EDGE_CURVE('',#2640,#2483,#1530,.T.);
#3259=EDGE_CURVE('',#2641,#2640,#87,.T.);
#3260=EDGE_CURVE('',#2478,#2641,#1531,.T.);
#3261=EDGE_CURVE('',#2642,#2482,#88,.T.);
#3262=EDGE_CURVE('',#2643,#2642,#1532,.T.);
#3263=EDGE_CURVE('',#2644,#2643,#89,.T.);
#3264=EDGE_CURVE('',#2474,#2644,#90,.T.);
#3265=EDGE_CURVE('',#2488,#2645,#1322,.T.);
#3266=EDGE_CURVE('',#2645,#2646,#1533,.T.);
#3267=EDGE_CURVE('',#2646,#2471,#1323,.T.);
#3268=EDGE_CURVE('',#2489,#2463,#1534,.T.);
#3269=EDGE_CURVE('',#2647,#2648,#1535,.T.);
#3270=EDGE_CURVE('',#2649,#2648,#1324,.T.);
#3271=EDGE_CURVE('',#2650,#2649,#1536,.T.);
#3272=EDGE_CURVE('',#2651,#2650,#1325,.T.);
#3273=EDGE_CURVE('',#2651,#2652,#1537,.T.);
#3274=EDGE_CURVE('',#2652,#2653,#1326,.T.);
#3275=EDGE_CURVE('',#2653,#2654,#1538,.T.);
#3276=EDGE_CURVE('',#2654,#2655,#1327,.T.);
#3277=EDGE_CURVE('',#2655,#2656,#1539,.T.);
#3278=EDGE_CURVE('',#2656,#2657,#91,.T.);
#3279=EDGE_CURVE('',#2657,#2658,#1206,.T.);
#3280=EDGE_CURVE('',#2658,#2659,#1540,.T.);
#3281=EDGE_CURVE('',#2659,#2660,#1207,.T.);
#3282=EDGE_CURVE('',#2660,#2647,#92,.T.);
#3283=EDGE_CURVE('',#2661,#2662,#1208,.T.);
#3284=EDGE_CURVE('',#2663,#2661,#93,.T.);
#3285=EDGE_CURVE('',#2664,#2663,#1209,.T.);
#3286=EDGE_CURVE('',#2662,#2664,#94,.T.);
#3287=EDGE_CURVE('',#2665,#2666,#1210,.T.);
#3288=EDGE_CURVE('',#2667,#2666,#95,.T.);
#3289=EDGE_CURVE('',#2668,#2667,#1211,.T.);
#3290=EDGE_CURVE('',#2665,#2668,#96,.T.);
#3291=EDGE_CURVE('',#2669,#2670,#97,.T.);
#3292=EDGE_CURVE('',#2671,#2669,#1212,.T.);
#3293=EDGE_CURVE('',#2672,#2671,#98,.T.);
#3294=EDGE_CURVE('',#2670,#2672,#1213,.T.);
#3295=EDGE_CURVE('',#2673,#2674,#99,.T.);
#3296=EDGE_CURVE('',#2673,#2675,#1214,.T.);
#3297=EDGE_CURVE('',#2676,#2675,#100,.T.);
#3298=EDGE_CURVE('',#2677,#2676,#1215,.T.);
#3299=EDGE_CURVE('',#2678,#2677,#101,.T.);
#3300=EDGE_CURVE('',#2674,#2678,#1216,.F.);
#3301=EDGE_CURVE('',#2679,#2680,#102,.T.);
#3302=EDGE_CURVE('',#2681,#2679,#1217,.T.);
#3303=EDGE_CURVE('',#2682,#2681,#103,.T.);
#3304=EDGE_CURVE('',#2680,#2682,#1218,.T.);
#3305=EDGE_CURVE('',#2683,#2684,#104,.T.);
#3306=EDGE_CURVE('',#2684,#2685,#1219,.T.);
#3307=EDGE_CURVE('',#2685,#2686,#105,.T.);
#3308=EDGE_CURVE('',#2686,#2683,#1220,.T.);
#3309=EDGE_CURVE('',#2687,#2688,#1221,.T.);
#3310=EDGE_CURVE('',#2688,#2689,#1222,.T.);
#3311=EDGE_CURVE('',#2689,#2690,#106,.T.);
#3312=EDGE_CURVE('',#2690,#2691,#1223,.T.);
#3313=EDGE_CURVE('',#2691,#2687,#107,.T.);
#3314=EDGE_CURVE('',#2692,#2693,#1224,.T.);
#3315=EDGE_CURVE('',#2694,#2692,#108,.T.);
#3316=EDGE_CURVE('',#2695,#2694,#1225,.T.);
#3317=EDGE_CURVE('',#2693,#2695,#109,.T.);
#3318=EDGE_CURVE('',#2696,#2697,#1226,.T.);
#3319=EDGE_CURVE('',#2696,#2698,#110,.T.);
#3320=EDGE_CURVE('',#2698,#2699,#1227,.T.);
#3321=EDGE_CURVE('',#2699,#2697,#111,.T.);
#3322=EDGE_CURVE('',#2700,#2701,#1228,.T.);
#3323=EDGE_CURVE('',#2700,#2702,#112,.T.);
#3324=EDGE_CURVE('',#2702,#2703,#1229,.T.);
#3325=EDGE_CURVE('',#2703,#2701,#113,.T.);
#3326=EDGE_CURVE('',#2704,#2705,#1230,.T.);
#3327=EDGE_CURVE('',#2704,#2706,#114,.T.);
#3328=EDGE_CURVE('',#2706,#2707,#1231,.T.);
#3329=EDGE_CURVE('',#2707,#2705,#115,.T.);
#3330=EDGE_CURVE('',#2708,#2709,#1232,.T.);
#3331=EDGE_CURVE('',#2708,#2710,#116,.T.);
#3332=EDGE_CURVE('',#2710,#2711,#1233,.T.);
#3333=EDGE_CURVE('',#2711,#2709,#117,.T.);
#3334=EDGE_CURVE('',#2712,#2713,#1234,.T.);
#3335=EDGE_CURVE('',#2712,#2714,#118,.T.);
#3336=EDGE_CURVE('',#2714,#2715,#1235,.T.);
#3337=EDGE_CURVE('',#2715,#2713,#119,.T.);
#3338=EDGE_CURVE('',#2716,#2717,#120,.T.);
#3339=EDGE_CURVE('',#2718,#2716,#1236,.T.);
#3340=EDGE_CURVE('',#2719,#2718,#1237,.T.);
#3341=EDGE_CURVE('',#2720,#2719,#121,.T.);
#3342=EDGE_CURVE('',#2717,#2720,#1238,.T.);
#3343=EDGE_CURVE('',#2721,#2722,#122,.T.);
#3344=EDGE_CURVE('',#2722,#2723,#1239,.T.);
#3345=EDGE_CURVE('',#2723,#2724,#123,.T.);
#3346=EDGE_CURVE('',#2721,#2724,#1240,.T.);
#3347=EDGE_CURVE('',#2725,#2726,#1241,.T.);
#3348=EDGE_CURVE('',#2727,#2725,#124,.T.);
#3349=EDGE_CURVE('',#2728,#2727,#1242,.T.);
#3350=EDGE_CURVE('',#2726,#2728,#125,.T.);
#3351=EDGE_CURVE('',#2673,#2674,#126,.T.);
#3352=EDGE_CURVE('',#2678,#2597,#1541,.T.);
#3353=EDGE_CURVE('',#2675,#2599,#1542,.T.);
#3354=EDGE_CURVE('',#2724,#2584,#1543,.T.);
#3355=EDGE_CURVE('',#2721,#2585,#1544,.T.);
#3356=EDGE_CURVE('',#2665,#2613,#1545,.T.);
#3357=EDGE_CURVE('',#2666,#2612,#1546,.T.);
#3358=EDGE_CURVE('',#2614,#2668,#1547,.T.);
#3359=EDGE_CURVE('',#2729,#2729,#1328,.T.);
#3360=EDGE_CURVE('',#2729,#2730,#1548,.T.);
#3361=EDGE_CURVE('',#2730,#2730,#1329,.T.);
#3362=EDGE_CURVE('',#2731,#2731,#1330,.T.);
#3363=EDGE_CURVE('',#2732,#2732,#1331,.T.);
#3364=EDGE_CURVE('',#2731,#2733,#1549,.T.);
#3365=EDGE_CURVE('',#2733,#2733,#1332,.T.);
#3366=EDGE_CURVE('',#2732,#2734,#1550,.T.);
#3367=EDGE_CURVE('',#2734,#2734,#1333,.T.);
#3368=EDGE_CURVE('',#2735,#2736,#1334,.T.);
#3369=EDGE_CURVE('',#2736,#2737,#1551,.T.);
#3370=EDGE_CURVE('',#2738,#2737,#1335,.T.);
#3371=EDGE_CURVE('',#2738,#2735,#1552,.T.);
#3372=EDGE_CURVE('',#2739,#2740,#1336,.T.);
#3373=EDGE_CURVE('',#2740,#2741,#1553,.T.);
#3374=EDGE_CURVE('',#2742,#2741,#1337,.T.);
#3375=EDGE_CURVE('',#2742,#2739,#1554,.T.);
#3376=EDGE_CURVE('',#2737,#2742,#1555,.T.);
#3377=EDGE_CURVE('',#2736,#2739,#1556,.T.);
#3378=EDGE_CURVE('',#2741,#2743,#1338,.T.);
#3379=EDGE_CURVE('',#2650,#2743,#1339,.T.);
#3380=EDGE_CURVE('',#2650,#2742,#1340,.T.);
#3381=EDGE_CURVE('',#2737,#2649,#1341,.T.);
#3382=EDGE_CURVE('',#2744,#2649,#1342,.T.);
#3383=EDGE_CURVE('',#2744,#2738,#1343,.T.);
#3384=EDGE_CURVE('',#2735,#2491,#1557,.T.);
#3385=EDGE_CURVE('',#2740,#2553,#1558,.T.);
#3386=EDGE_CURVE('',#2745,#2621,#1559,.T.);
#3387=EDGE_CURVE('',#2746,#2745,#1560,.T.);
#3388=EDGE_CURVE('',#2746,#2622,#1561,.T.);
#3389=EDGE_CURVE('',#2747,#2748,#1562,.T.);
#3390=EDGE_CURVE('',#2748,#2646,#1563,.T.);
#3391=EDGE_CURVE('',#2747,#2645,#1564,.T.);
#3392=EDGE_CURVE('',#2709,#2554,#1565,.T.);
#3393=EDGE_CURVE('',#2708,#2557,#1566,.T.);
#3394=EDGE_CURVE('',#2705,#2592,#1567,.T.);
#3395=EDGE_CURVE('',#2704,#2593,#1568,.T.);
#3396=EDGE_CURVE('',#2697,#2588,#1569,.T.);
#3397=EDGE_CURVE('',#2696,#2589,#1570,.T.);
#3398=EDGE_CURVE('',#2672,#2604,#1571,.T.);
#3399=EDGE_CURVE('',#2670,#2605,#1572,.T.);
#3400=EDGE_CURVE('',#2693,#2600,#1573,.T.);
#3401=EDGE_CURVE('',#2692,#2601,#1574,.T.);
#3402=EDGE_CURVE('',#2662,#2608,#1575,.T.);
#3403=EDGE_CURVE('',#2661,#2609,#1576,.T.);
#3404=EDGE_CURVE('',#2726,#2616,#1577,.T.);
#3405=EDGE_CURVE('',#2725,#2617,#1578,.T.);
#3406=EDGE_CURVE('',#2701,#2576,#1579,.T.);
#3407=EDGE_CURVE('',#2700,#2577,#1580,.T.);
#3408=EDGE_CURVE('',#2713,#2580,#1581,.T.);
#3409=EDGE_CURVE('',#2712,#2581,#1582,.T.);
#3410=EDGE_CURVE('',#2715,#2582,#1583,.T.);
#3411=EDGE_CURVE('',#2583,#2714,#1584,.T.);
#3412=EDGE_CURVE('',#2711,#2555,#1585,.T.);
#3413=EDGE_CURVE('',#2556,#2710,#1586,.T.);
#3414=EDGE_CURVE('',#2707,#2594,#1587,.T.);
#3415=EDGE_CURVE('',#2595,#2706,#1588,.T.);
#3416=EDGE_CURVE('',#2703,#2578,#1589,.T.);
#3417=EDGE_CURVE('',#2579,#2702,#1590,.T.);
#3418=EDGE_CURVE('',#2699,#2590,#1591,.T.);
#3419=EDGE_CURVE('',#2591,#2698,#1592,.T.);
#3420=EDGE_CURVE('',#2610,#2664,#1593,.T.);
#3421=EDGE_CURVE('',#2663,#2611,#1594,.T.);
#3422=EDGE_CURVE('',#2606,#2671,#1595,.T.);
#3423=EDGE_CURVE('',#2669,#2607,#1596,.T.);
#3424=EDGE_CURVE('',#2618,#2728,#1597,.T.);
#3425=EDGE_CURVE('',#2727,#2619,#1598,.T.);
#3426=EDGE_CURVE('',#2602,#2695,#1599,.T.);
#3427=EDGE_CURVE('',#2694,#2603,#1600,.T.);
#3428=EDGE_CURVE('',#2572,#2687,#1601,.T.);
#3429=EDGE_CURVE('',#2691,#2573,#1602,.T.);
#3430=EDGE_CURVE('',#2574,#2690,#1603,.T.);
#3431=EDGE_CURVE('',#2689,#2575,#1604,.T.);
#3432=EDGE_CURVE('',#2688,#2571,#1605,.T.);
#3433=EDGE_CURVE('',#2570,#2683,#1606,.T.);
#3434=EDGE_CURVE('',#2567,#2686,#1607,.T.);
#3435=EDGE_CURVE('',#2685,#2568,#1608,.T.);
#3436=EDGE_CURVE('',#2569,#2684,#1609,.T.);
#3437=EDGE_CURVE('',#2566,#2681,#1610,.T.);
#3438=EDGE_CURVE('',#2679,#2564,#1611,.T.);
#3439=EDGE_CURVE('',#2563,#2680,#1612,.T.);
#3440=EDGE_CURVE('',#2565,#2682,#1613,.T.);
#3441=EDGE_CURVE('',#2718,#2558,#1614,.T.);
#3442=EDGE_CURVE('',#2716,#2560,#1615,.T.);
#3443=EDGE_CURVE('',#2561,#2717,#1616,.T.);
#3444=EDGE_CURVE('',#2720,#2562,#1617,.T.);
#3445=EDGE_CURVE('',#2559,#2719,#1618,.T.);
#3446=EDGE_CURVE('',#2596,#2677,#1619,.T.);
#3447=EDGE_CURVE('',#2676,#2598,#1620,.T.);
#3448=EDGE_CURVE('',#2659,#2749,#1621,.T.);
#3449=EDGE_CURVE('',#2749,#2750,#1344,.T.);
#3450=EDGE_CURVE('',#2660,#2750,#1622,.T.);
#3451=EDGE_CURVE('',#2658,#2751,#1623,.T.);
#3452=EDGE_CURVE('',#2751,#2749,#1624,.T.);
#3453=EDGE_CURVE('',#2657,#2752,#1625,.T.);
#3454=EDGE_CURVE('',#2752,#2751,#1345,.T.);
#3455=EDGE_CURVE('',#2654,#2753,#1626,.T.);
#3456=EDGE_CURVE('',#2653,#2754,#1627,.T.);
#3457=EDGE_CURVE('',#2754,#2753,#1628,.T.);
#3458=EDGE_CURVE('',#2723,#2586,#1629,.T.);
#3459=EDGE_CURVE('',#2587,#2722,#1630,.T.);
#3460=EDGE_CURVE('',#2667,#2615,#1631,.T.);
#3461=EDGE_CURVE('',#2755,#2755,#1346,.T.);
#3462=EDGE_CURVE('',#2755,#2756,#1632,.T.);
#3463=EDGE_CURVE('',#2756,#2756,#1347,.T.);
#3464=EDGE_CURVE('',#2757,#2757,#1348,.T.);
#3465=EDGE_CURVE('',#2757,#2758,#1633,.T.);
#3466=EDGE_CURVE('',#2758,#2758,#1349,.T.);
#3467=EDGE_CURVE('',#2759,#2760,#1634,.T.);
#3468=EDGE_CURVE('',#2759,#2761,#1635,.T.);
#3469=EDGE_CURVE('',#2761,#2762,#1636,.T.);
#3470=EDGE_CURVE('',#2760,#2762,#1637,.T.);
#3471=EDGE_CURVE('',#2763,#2744,#1350,.T.);
#3472=EDGE_CURVE('',#2764,#2763,#1638,.T.);
#3473=EDGE_CURVE('',#2765,#2764,#1351,.T.);
#3474=EDGE_CURVE('',#2766,#2765,#1352,.T.);
#3475=EDGE_CURVE('',#2767,#2766,#1639,.T.);
#3476=EDGE_CURVE('',#2768,#2767,#1640,.T.);
#3477=EDGE_CURVE('',#2769,#2768,#1641,.T.);
#3478=EDGE_CURVE('',#2770,#2769,#1642,.T.);
#3479=EDGE_CURVE('',#2492,#2770,#1353,.T.);
#3480=EDGE_CURVE('',#2768,#2759,#1354,.T.);
#3481=EDGE_CURVE('',#2760,#2769,#1355,.T.);
#3482=EDGE_CURVE('',#2771,#2772,#1243,.T.);
#3483=EDGE_CURVE('',#2773,#2771,#1244,.T.);
#3484=EDGE_CURVE('',#2507,#2773,#127,.T.);
#3485=EDGE_CURVE('',#2774,#2506,#128,.T.);
#3486=EDGE_CURVE('',#2775,#2774,#1245,.T.);
#3487=EDGE_CURVE('',#2776,#2775,#1246,.T.);
#3488=EDGE_CURVE('',#2503,#2776,#129,.T.);
#3489=EDGE_CURVE('',#2777,#2502,#130,.T.);
#3490=EDGE_CURVE('',#2778,#2777,#1247,.T.);
#3491=EDGE_CURVE('',#2779,#2778,#1248,.T.);
#3492=EDGE_CURVE('',#2497,#2779,#131,.T.);
#3493=EDGE_CURVE('',#2780,#2496,#132,.T.);
#3494=EDGE_CURVE('',#2781,#2780,#1249,.T.);
#3495=EDGE_CURVE('',#2782,#2781,#1250,.T.);
#3496=EDGE_CURVE('',#2493,#2782,#133,.T.);
#3497=EDGE_CURVE('',#2770,#2783,#1643,.T.);
#3498=EDGE_CURVE('',#2552,#2783,#1356,.T.);
#3499=EDGE_CURVE('',#2551,#2784,#134,.T.);
#3500=EDGE_CURVE('',#2784,#2785,#1251,.T.);
#3501=EDGE_CURVE('',#2785,#2786,#1252,.T.);
#3502=EDGE_CURVE('',#2786,#2547,#135,.T.);
#3503=EDGE_CURVE('',#2546,#2787,#136,.T.);
#3504=EDGE_CURVE('',#2787,#2788,#1253,.T.);
#3505=EDGE_CURVE('',#2788,#2789,#1254,.T.);
#3506=EDGE_CURVE('',#2789,#2543,#137,.T.);
#3507=EDGE_CURVE('',#2542,#2790,#138,.T.);
#3508=EDGE_CURVE('',#2790,#2791,#1255,.T.);
#3509=EDGE_CURVE('',#2791,#2792,#1256,.T.);
#3510=EDGE_CURVE('',#2792,#2539,#139,.T.);
#3511=EDGE_CURVE('',#2538,#2793,#140,.T.);
#3512=EDGE_CURVE('',#2793,#2794,#1257,.T.);
#3513=EDGE_CURVE('',#2794,#2795,#1258,.T.);
#3514=EDGE_CURVE('',#2795,#2535,#141,.T.);
#3515=EDGE_CURVE('',#2534,#2796,#142,.T.);
#3516=EDGE_CURVE('',#2796,#2797,#1259,.T.);
#3517=EDGE_CURVE('',#2797,#2798,#1260,.T.);
#3518=EDGE_CURVE('',#2798,#2531,#143,.T.);
#3519=EDGE_CURVE('',#2530,#2799,#144,.T.);
#3520=EDGE_CURVE('',#2799,#2800,#1261,.T.);
#3521=EDGE_CURVE('',#2800,#2801,#1262,.T.);
#3522=EDGE_CURVE('',#2801,#2527,#145,.T.);
#3523=EDGE_CURVE('',#2526,#2802,#146,.T.);
#3524=EDGE_CURVE('',#2802,#2803,#1263,.T.);
#3525=EDGE_CURVE('',#2803,#2804,#1264,.T.);
#3526=EDGE_CURVE('',#2804,#2523,#147,.T.);
#3527=EDGE_CURVE('',#2805,#2522,#148,.T.);
#3528=EDGE_CURVE('',#2806,#2805,#1265,.T.);
#3529=EDGE_CURVE('',#2807,#2806,#1266,.T.);
#3530=EDGE_CURVE('',#2519,#2807,#149,.T.);
#3531=EDGE_CURVE('',#2808,#2518,#150,.T.);
#3532=EDGE_CURVE('',#2809,#2808,#1267,.T.);
#3533=EDGE_CURVE('',#2810,#2809,#1268,.T.);
#3534=EDGE_CURVE('',#2515,#2810,#151,.T.);
#3535=EDGE_CURVE('',#2811,#2514,#152,.T.);
#3536=EDGE_CURVE('',#2812,#2811,#1269,.T.);
#3537=EDGE_CURVE('',#2813,#2812,#1270,.T.);
#3538=EDGE_CURVE('',#2511,#2813,#153,.T.);
#3539=EDGE_CURVE('',#2772,#2510,#154,.T.);
#3540=EDGE_CURVE('',#2476,#2814,#155,.T.);
#3541=EDGE_CURVE('',#2642,#2814,#1644,.T.);
#3542=EDGE_CURVE('',#2815,#2807,#1645,.T.);
#3543=EDGE_CURVE('',#2815,#2816,#156,.T.);
#3544=EDGE_CURVE('',#2816,#2817,#1646,.T.);
#3545=EDGE_CURVE('',#2520,#2817,#1647,.T.);
#3546=EDGE_CURVE('',#2817,#2818,#157,.T.);
#3547=EDGE_CURVE('',#2818,#2521,#1648,.T.);
#3548=EDGE_CURVE('',#2643,#2819,#1649,.T.);
#3549=EDGE_CURVE('',#2814,#2819,#1650,.T.);
#3550=EDGE_CURVE('',#2819,#2820,#158,.T.);
#3551=EDGE_CURVE('',#2820,#2644,#1651,.T.);
#3552=EDGE_CURVE('',#2820,#2475,#159,.T.);
#3553=EDGE_CURVE('',#2780,#2821,#1652,.T.);
#3554=EDGE_CURVE('',#2821,#2822,#1271,.T.);
#3555=EDGE_CURVE('',#2822,#2781,#1653,.T.);
#3556=EDGE_CURVE('',#2822,#2823,#1272,.T.);
#3557=EDGE_CURVE('',#2823,#2782,#1654,.T.);
#3558=EDGE_CURVE('',#2805,#2824,#1655,.T.);
#3559=EDGE_CURVE('',#2824,#2825,#1273,.T.);
#3560=EDGE_CURVE('',#2825,#2815,#1274,.T.);
#3561=EDGE_CURVE('',#2771,#2826,#1656,.T.);
#3562=EDGE_CURVE('',#2826,#2827,#1275,.T.);
#3563=EDGE_CURVE('',#2827,#2773,#1657,.T.);
#3564=EDGE_CURVE('',#2772,#2828,#1658,.T.);
#3565=EDGE_CURVE('',#2828,#2826,#1276,.T.);
#3566=EDGE_CURVE('',#2811,#2829,#1659,.T.);
#3567=EDGE_CURVE('',#2829,#2830,#1277,.T.);
#3568=EDGE_CURVE('',#2830,#2831,#1278,.T.);
#3569=EDGE_CURVE('',#2831,#2813,#1660,.T.);
#3570=EDGE_CURVE('',#2777,#2832,#1661,.T.);
#3571=EDGE_CURVE('',#2832,#2833,#1279,.T.);
#3572=EDGE_CURVE('',#2833,#2778,#1662,.T.);
#3573=EDGE_CURVE('',#2833,#2834,#1280,.T.);
#3574=EDGE_CURVE('',#2834,#2779,#1663,.T.);
#3575=EDGE_CURVE('',#2640,#2835,#1664,.T.);
#3576=EDGE_CURVE('',#2835,#2836,#160,.T.);
#3577=EDGE_CURVE('',#2836,#2641,#1665,.T.);
#3578=EDGE_CURVE('',#2808,#2837,#1666,.T.);
#3579=EDGE_CURVE('',#2837,#2838,#1281,.T.);
#3580=EDGE_CURVE('',#2838,#2839,#1282,.T.);
#3581=EDGE_CURVE('',#2839,#2810,#1667,.T.);
#3582=EDGE_CURVE('',#2775,#2840,#1668,.T.);
#3583=EDGE_CURVE('',#2840,#2841,#1283,.T.);
#3584=EDGE_CURVE('',#2841,#2776,#1669,.T.);
#3585=EDGE_CURVE('',#2774,#2842,#1670,.T.);
#3586=EDGE_CURVE('',#2842,#2840,#1284,.T.);
#3587=EDGE_CURVE('',#2818,#2843,#1671,.T.);
#3588=EDGE_CURVE('',#2843,#2824,#161,.T.);
#3589=EDGE_CURVE('',#2844,#2844,#1357,.T.);
#3590=EDGE_CURVE('',#2844,#2845,#1672,.T.);
#3591=EDGE_CURVE('',#2845,#2845,#1358,.T.);
#3592=EDGE_CURVE('',#2783,#2846,#1673,.T.);
#3593=EDGE_CURVE('',#2846,#2847,#1674,.T.);
#3594=EDGE_CURVE('',#2847,#2848,#1675,.T.);
#3595=EDGE_CURVE('',#2849,#2848,#1676,.T.);
#3596=EDGE_CURVE('',#2850,#2849,#1359,.T.);
#3597=EDGE_CURVE('',#2851,#2850,#1360,.T.);
#3598=EDGE_CURVE('',#2852,#2851,#1677,.T.);
#3599=EDGE_CURVE('',#2743,#2852,#1361,.T.);
#3600=EDGE_CURVE('',#2847,#2761,#1362,.T.);
#3601=EDGE_CURVE('',#2762,#2846,#1363,.T.);
#3602=EDGE_CURVE('',#2853,#2634,#1678,.T.);
#3603=EDGE_CURVE('',#2633,#2854,#1679,.T.);
#3604=EDGE_CURVE('',#2853,#2854,#1680,.T.);
#3605=EDGE_CURVE('',#2637,#2855,#1681,.T.);
#3606=EDGE_CURVE('',#2854,#2855,#162,.T.);
#3607=EDGE_CURVE('',#2856,#2802,#1682,.T.);
#3608=EDGE_CURVE('',#2525,#2857,#1683,.T.);
#3609=EDGE_CURVE('',#2858,#2857,#1684,.T.);
#3610=EDGE_CURVE('',#2856,#2858,#163,.T.);
#3611=EDGE_CURVE('',#2859,#2524,#1685,.T.);
#3612=EDGE_CURVE('',#2857,#2859,#164,.T.);
#3613=EDGE_CURVE('',#2636,#2860,#1686,.T.);
#3614=EDGE_CURVE('',#2855,#2860,#1687,.T.);
#3615=EDGE_CURVE('',#2861,#2635,#1688,.T.);
#3616=EDGE_CURVE('',#2860,#2861,#165,.T.);
#3617=EDGE_CURVE('',#2861,#2853,#166,.T.);
#3618=EDGE_CURVE('',#2862,#2548,#1689,.T.);
#3619=EDGE_CURVE('',#2786,#2863,#1690,.T.);
#3620=EDGE_CURVE('',#2864,#2863,#167,.T.);
#3621=EDGE_CURVE('',#2862,#2864,#1691,.T.);
#3622=EDGE_CURVE('',#2865,#2785,#1692,.T.);
#3623=EDGE_CURVE('',#2863,#2865,#1285,.T.);
#3624=EDGE_CURVE('',#2866,#2784,#1693,.T.);
#3625=EDGE_CURVE('',#2865,#2866,#1286,.T.);
#3626=EDGE_CURVE('',#2867,#2629,#1694,.T.);
#3627=EDGE_CURVE('',#2632,#2868,#1695,.T.);
#3628=EDGE_CURVE('',#2867,#2868,#1696,.T.);
#3629=EDGE_CURVE('',#2869,#2631,#1697,.T.);
#3630=EDGE_CURVE('',#2868,#2869,#168,.T.);
#3631=EDGE_CURVE('',#2870,#2856,#1287,.T.);
#3632=EDGE_CURVE('',#2871,#2870,#1288,.T.);
#3633=EDGE_CURVE('',#2804,#2871,#1698,.T.);
#3634=EDGE_CURVE('',#2872,#2793,#1699,.T.);
#3635=EDGE_CURVE('',#2873,#2872,#1289,.T.);
#3636=EDGE_CURVE('',#2794,#2873,#1700,.T.);
#3637=EDGE_CURVE('',#2874,#2873,#1290,.T.);
#3638=EDGE_CURVE('',#2795,#2874,#1701,.T.);
#3639=EDGE_CURVE('',#2875,#2796,#1702,.T.);
#3640=EDGE_CURVE('',#2876,#2875,#1291,.T.);
#3641=EDGE_CURVE('',#2877,#2876,#1292,.T.);
#3642=EDGE_CURVE('',#2798,#2877,#1703,.T.);
#3643=EDGE_CURVE('',#2878,#2788,#1704,.T.);
#3644=EDGE_CURVE('',#2879,#2878,#1293,.T.);
#3645=EDGE_CURVE('',#2789,#2879,#1705,.T.);
#3646=EDGE_CURVE('',#2880,#2787,#1706,.T.);
#3647=EDGE_CURVE('',#2878,#2880,#1294,.T.);
#3648=EDGE_CURVE('',#2630,#2881,#1707,.T.);
#3649=EDGE_CURVE('',#2869,#2881,#1708,.T.);
#3650=EDGE_CURVE('',#2881,#2867,#169,.T.);
#3651=EDGE_CURVE('',#2550,#2882,#1709,.T.);
#3652=EDGE_CURVE('',#2883,#2882,#1710,.T.);
#3653=EDGE_CURVE('',#2866,#2883,#170,.T.);
#3654=EDGE_CURVE('',#2884,#2549,#1711,.T.);
#3655=EDGE_CURVE('',#2882,#2884,#171,.T.);
#3656=EDGE_CURVE('',#2884,#2862,#172,.T.);
#3657=EDGE_CURVE('',#2885,#2799,#1712,.T.);
#3658=EDGE_CURVE('',#2886,#2885,#1295,.T.);
#3659=EDGE_CURVE('',#2887,#2886,#1296,.T.);
#3660=EDGE_CURVE('',#2801,#2887,#1713,.T.);
#3661=EDGE_CURVE('',#2888,#2545,#1714,.T.);
#3662=EDGE_CURVE('',#2889,#2888,#1715,.T.);
#3663=EDGE_CURVE('',#2880,#2889,#173,.T.);
#3664=EDGE_CURVE('',#2890,#2790,#1716,.T.);
#3665=EDGE_CURVE('',#2891,#2890,#1297,.T.);
#3666=EDGE_CURVE('',#2791,#2891,#1717,.T.);
#3667=EDGE_CURVE('',#2892,#2626,#1718,.T.);
#3668=EDGE_CURVE('',#2893,#2892,#174,.T.);
#3669=EDGE_CURVE('',#2627,#2893,#1719,.T.);
#3670=EDGE_CURVE('',#2894,#2891,#1298,.T.);
#3671=EDGE_CURVE('',#2792,#2894,#1720,.T.);
#3672=EDGE_CURVE('',#2895,#2871,#175,.T.);
#3673=EDGE_CURVE('',#2859,#2895,#1721,.T.);
#3674=EDGE_CURVE('',#2763,#2648,#1364,.T.);
#3675=EDGE_CURVE('',#2648,#2896,#1722,.T.);
#3676=EDGE_CURVE('',#2764,#2896,#1365,.T.);
#3677=EDGE_CURVE('',#2896,#2897,#1366,.T.);
#3678=EDGE_CURVE('',#2765,#2897,#1367,.T.);
#3679=EDGE_CURVE('',#2897,#2898,#1368,.T.);
#3680=EDGE_CURVE('',#2766,#2898,#1369,.T.);
#3681=EDGE_CURVE('',#2899,#2767,#1370,.T.);
#3682=EDGE_CURVE('',#2898,#2899,#1723,.T.);
#3683=EDGE_CURVE('',#2900,#2901,#1724,.T.);
#3684=EDGE_CURVE('',#2900,#2899,#1725,.T.);
#3685=EDGE_CURVE('',#2901,#2898,#1726,.T.);
#3686=EDGE_CURVE('',#2901,#2902,#1371,.T.);
#3687=EDGE_CURVE('',#2897,#2902,#1727,.T.);
#3688=EDGE_CURVE('',#2902,#2903,#1372,.T.);
#3689=EDGE_CURVE('',#2896,#2904,#1728,.T.);
#3690=EDGE_CURVE('',#2823,#2904,#176,.T.);
#3691=EDGE_CURVE('',#2905,#2821,#177,.T.);
#3692=EDGE_CURVE('',#2905,#2906,#1729,.T.);
#3693=EDGE_CURVE('',#2834,#2906,#178,.T.);
#3694=EDGE_CURVE('',#2907,#2832,#179,.T.);
#3695=EDGE_CURVE('',#2907,#2908,#1730,.T.);
#3696=EDGE_CURVE('',#2841,#2908,#180,.T.);
#3697=EDGE_CURVE('',#2909,#2842,#181,.T.);
#3698=EDGE_CURVE('',#2909,#2910,#1731,.T.);
#3699=EDGE_CURVE('',#2827,#2910,#182,.T.);
#3700=EDGE_CURVE('',#2911,#2828,#183,.T.);
#3701=EDGE_CURVE('',#2911,#2912,#1732,.T.);
#3702=EDGE_CURVE('',#2831,#2912,#184,.T.);
#3703=EDGE_CURVE('',#2913,#2829,#185,.T.);
#3704=EDGE_CURVE('',#2913,#2914,#1733,.T.);
#3705=EDGE_CURVE('',#2839,#2914,#186,.T.);
#3706=EDGE_CURVE('',#2915,#2837,#187,.T.);
#3707=EDGE_CURVE('',#2915,#2816,#1734,.T.);
#3708=EDGE_CURVE('',#2843,#2895,#1735,.T.);
#3709=EDGE_CURVE('',#2916,#2858,#1736,.T.);
#3710=EDGE_CURVE('',#2916,#2887,#188,.T.);
#3711=EDGE_CURVE('',#2885,#2917,#189,.T.);
#3712=EDGE_CURVE('',#2918,#2917,#1737,.T.);
#3713=EDGE_CURVE('',#2918,#2877,#190,.T.);
#3714=EDGE_CURVE('',#2875,#2919,#191,.T.);
#3715=EDGE_CURVE('',#2920,#2919,#1738,.T.);
#3716=EDGE_CURVE('',#2920,#2874,#192,.T.);
#3717=EDGE_CURVE('',#2872,#2921,#193,.T.);
#3718=EDGE_CURVE('',#2922,#2921,#1739,.T.);
#3719=EDGE_CURVE('',#2922,#2894,#194,.T.);
#3720=EDGE_CURVE('',#2890,#2923,#195,.T.);
#3721=EDGE_CURVE('',#2924,#2923,#1740,.T.);
#3722=EDGE_CURVE('',#2924,#2879,#196,.T.);
#3723=EDGE_CURVE('',#2864,#2889,#1741,.T.);
#3724=EDGE_CURVE('',#2903,#2883,#1742,.T.);
#3725=EDGE_CURVE('',#2651,#2852,#1373,.T.);
#3726=EDGE_CURVE('',#2903,#2851,#1374,.T.);
#3727=EDGE_CURVE('',#2903,#2651,#1743,.T.);
#3728=EDGE_CURVE('',#2902,#2850,#1375,.T.);
#3729=EDGE_CURVE('',#2901,#2849,#1376,.T.);
#3730=EDGE_CURVE('',#2848,#2900,#1377,.T.);
#3731=EDGE_CURVE('',#2925,#2926,#1744,.T.);
#3732=EDGE_CURVE('',#2927,#2925,#1378,.T.);
#3733=EDGE_CURVE('',#2928,#2927,#1745,.T.);
#3734=EDGE_CURVE('',#2929,#2928,#1379,.T.);
#3735=EDGE_CURVE('',#2930,#2929,#1746,.T.);
#3736=EDGE_CURVE('',#2931,#2930,#1380,.T.);
#3737=EDGE_CURVE('',#2932,#2931,#1747,.T.);
#3738=EDGE_CURVE('',#2926,#2932,#1381,.T.);
#3739=EDGE_CURVE('',#2933,#2933,#1382,.T.);
#3740=EDGE_CURVE('',#2934,#2934,#1383,.T.);
#3741=EDGE_CURVE('',#2935,#2935,#1384,.T.);
#3742=EDGE_CURVE('',#2900,#2925,#1748,.T.);
#3743=EDGE_CURVE('',#2848,#2927,#1749,.T.);
#3744=EDGE_CURVE('',#2847,#2928,#1750,.T.);
#3745=EDGE_CURVE('',#2761,#2929,#1751,.T.);
#3746=EDGE_CURVE('',#2759,#2930,#1752,.T.);
#3747=EDGE_CURVE('',#2768,#2931,#1753,.T.);
#3748=EDGE_CURVE('',#2767,#2932,#1754,.T.);
#3749=EDGE_CURVE('',#2899,#2926,#1755,.T.);
#3750=EDGE_CURVE('',#2758,#2935,#1756,.T.);
#3751=EDGE_CURVE('',#2845,#2934,#1757,.T.);
#3752=EDGE_CURVE('',#2756,#2933,#1758,.T.);
#3753=EDGE_CURVE('',#2936,#2652,#1759,.T.);
#3754=EDGE_CURVE('',#2936,#2937,#1760,.T.);
#3755=EDGE_CURVE('',#2937,#2754,#1761,.T.);
#3756=EDGE_CURVE('',#2938,#2938,#1385,.T.);
#3757=EDGE_CURVE('',#2938,#2466,#1762,.T.);
#3758=EDGE_CURVE('',#2487,#2747,#1386,.T.);
#3759=EDGE_CURVE('',#2939,#2485,#1387,.T.);
#3760=EDGE_CURVE('',#2939,#2639,#1763,.T.);
#3761=EDGE_CURVE('',#2940,#2940,#1388,.T.);
#3762=EDGE_CURVE('',#2940,#2464,#1764,.T.);
#3763=EDGE_CURVE('',#2941,#2746,#1765,.T.);
#3764=EDGE_CURVE('',#2942,#2941,#1766,.T.);
#3765=EDGE_CURVE('',#2942,#2943,#1767,.T.);
#3766=EDGE_CURVE('',#2943,#2944,#1768,.T.);
#3767=EDGE_CURVE('',#2945,#2944,#1769,.T.);
#3768=EDGE_CURVE('',#2945,#2623,#1770,.T.);
#3769=EDGE_CURVE('',#2946,#2936,#1771,.T.);
#3770=EDGE_CURVE('',#2946,#2947,#1772,.T.);
#3771=EDGE_CURVE('',#2947,#2937,#1773,.T.);
#3772=EDGE_CURVE('',#2948,#2944,#1774,.T.);
#3773=EDGE_CURVE('',#2943,#2949,#1775,.T.);
#3774=EDGE_CURVE('',#2949,#2948,#1776,.T.);
#3775=EDGE_CURVE('',#2941,#2950,#1777,.T.);
#3776=EDGE_CURVE('',#2951,#2950,#1778,.T.);
#3777=EDGE_CURVE('',#2951,#2942,#1779,.T.);
#3778=EDGE_CURVE('',#2948,#2952,#1780,.T.);
#3779=EDGE_CURVE('',#2952,#2945,#1781,.T.);
#3780=EDGE_CURVE('',#2952,#2620,#1782,.T.);
#3781=EDGE_CURVE('',#2953,#2939,#1783,.T.);
#3782=EDGE_CURVE('',#2953,#2638,#1784,.T.);
#3783=EDGE_CURVE('',#2472,#2953,#1389,.T.);
#3784=EDGE_CURVE('',#2954,#2955,#1390,.T.);
#3785=EDGE_CURVE('',#2954,#2956,#1785,.T.);
#3786=EDGE_CURVE('',#2956,#2957,#1391,.T.);
#3787=EDGE_CURVE('',#2955,#2957,#1786,.T.);
#3788=EDGE_CURVE('',#2955,#2958,#1787,.T.);
#3789=EDGE_CURVE('',#2957,#2959,#1788,.T.);
#3790=EDGE_CURVE('',#2958,#2959,#1789,.T.);
#3791=EDGE_CURVE('',#2958,#2960,#1392,.T.);
#3792=EDGE_CURVE('',#2959,#2961,#1393,.T.);
#3793=EDGE_CURVE('',#2960,#2961,#1790,.T.);
#3794=EDGE_CURVE('',#2960,#2962,#1791,.T.);
#3795=EDGE_CURVE('',#2961,#2963,#1792,.T.);
#3796=EDGE_CURVE('',#2962,#2963,#1793,.T.);
#3797=EDGE_CURVE('',#2962,#2964,#1394,.T.);
#3798=EDGE_CURVE('',#2963,#2965,#1395,.T.);
#3799=EDGE_CURVE('',#2964,#2965,#1794,.T.);
#3800=EDGE_CURVE('',#2966,#2967,#1396,.T.);
#3801=EDGE_CURVE('',#2966,#2968,#1795,.T.);
#3802=EDGE_CURVE('',#2968,#2969,#1397,.T.);
#3803=EDGE_CURVE('',#2967,#2969,#1796,.T.);
#3804=EDGE_CURVE('',#2967,#2954,#1797,.T.);
#3805=EDGE_CURVE('',#2969,#2956,#1798,.T.);
#3806=EDGE_CURVE('',#2970,#2505,#1799,.T.);
#3807=EDGE_CURVE('',#2970,#2909,#1800,.T.);
#3808=EDGE_CURVE('',#2971,#2504,#1801,.T.);
#3809=EDGE_CURVE('',#2971,#2970,#197,.T.);
#3810=EDGE_CURVE('',#2972,#2624,#1802,.T.);
#3811=EDGE_CURVE('',#2892,#2972,#1803,.T.);
#3812=EDGE_CURVE('',#2973,#2544,#1804,.T.);
#3813=EDGE_CURVE('',#2973,#2924,#1805,.T.);
#3814=EDGE_CURVE('',#2974,#2541,#1806,.T.);
#3815=EDGE_CURVE('',#2923,#2974,#1807,.T.);
#3816=EDGE_CURVE('',#2975,#2540,#1808,.T.);
#3817=EDGE_CURVE('',#2975,#2922,#1809,.T.);
#3818=EDGE_CURVE('',#2976,#2537,#1810,.T.);
#3819=EDGE_CURVE('',#2921,#2976,#1811,.T.);
#3820=EDGE_CURVE('',#2977,#2536,#1812,.T.);
#3821=EDGE_CURVE('',#2977,#2920,#1813,.T.);
#3822=EDGE_CURVE('',#2978,#2533,#1814,.T.);
#3823=EDGE_CURVE('',#2919,#2978,#1815,.T.);
#3824=EDGE_CURVE('',#2979,#2532,#1816,.T.);
#3825=EDGE_CURVE('',#2979,#2918,#1817,.T.);
#3826=EDGE_CURVE('',#2980,#2529,#1818,.T.);
#3827=EDGE_CURVE('',#2917,#2980,#1819,.T.);
#3828=EDGE_CURVE('',#2981,#2528,#1820,.T.);
#3829=EDGE_CURVE('',#2981,#2916,#1821,.T.);
#3830=EDGE_CURVE('',#2982,#2517,#1822,.T.);
#3831=EDGE_CURVE('',#2982,#2915,#1823,.T.);
#3832=EDGE_CURVE('',#2983,#2516,#1824,.T.);
#3833=EDGE_CURVE('',#2914,#2983,#1825,.T.);
#3834=EDGE_CURVE('',#2983,#2982,#198,.T.);
#3835=EDGE_CURVE('',#2984,#2513,#1826,.T.);
#3836=EDGE_CURVE('',#2984,#2913,#1827,.T.);
#3837=EDGE_CURVE('',#2985,#2512,#1828,.T.);
#3838=EDGE_CURVE('',#2912,#2985,#1829,.T.);
#3839=EDGE_CURVE('',#2985,#2984,#199,.T.);
#3840=EDGE_CURVE('',#2986,#2509,#1830,.T.);
#3841=EDGE_CURVE('',#2986,#2911,#1831,.T.);
#3842=EDGE_CURVE('',#2987,#2508,#1832,.T.);
#3843=EDGE_CURVE('',#2910,#2987,#1833,.T.);
#3844=EDGE_CURVE('',#2987,#2986,#200,.T.);
#3845=EDGE_CURVE('',#2988,#2498,#1834,.T.);
#3846=EDGE_CURVE('',#2906,#2988,#1835,.T.);
#3847=EDGE_CURVE('',#2989,#2495,#1836,.T.);
#3848=EDGE_CURVE('',#2989,#2905,#1837,.T.);
#3849=EDGE_CURVE('',#2990,#2494,#1838,.T.);
#3850=EDGE_CURVE('',#2904,#2990,#1839,.T.);
#3851=EDGE_CURVE('',#2990,#2989,#201,.T.);
#3852=EDGE_CURVE('',#2480,#2835,#1840,.T.);
#3853=EDGE_CURVE('',#2836,#2479,#1841,.T.);
#3854=EDGE_CURVE('',#2908,#2971,#1842,.T.);
#3855=EDGE_CURVE('',#2991,#2501,#1843,.T.);
#3856=EDGE_CURVE('',#2991,#2907,#1844,.T.);
#3857=EDGE_CURVE('',#2500,#2499,#1299,.T.);
#3858=EDGE_CURVE('',#2988,#2991,#202,.T.);
#3859=EDGE_CURVE('',#2981,#2980,#203,.T.);
#3860=EDGE_CURVE('',#2979,#2978,#204,.T.);
#3861=EDGE_CURVE('',#2977,#2976,#205,.T.);
#3862=EDGE_CURVE('',#2975,#2974,#206,.T.);
#3863=EDGE_CURVE('',#2973,#2888,#207,.T.);
#3864=EDGE_CURVE('',#2992,#2992,#208,.T.);
#3865=EDGE_CURVE('',#2992,#2628,#1845,.T.);
#3866=EDGE_CURVE('',#2993,#2625,#1846,.T.);
#3867=EDGE_CURVE('',#2993,#2893,#1847,.T.);
#3868=EDGE_CURVE('',#2993,#2972,#209,.T.);
#3869=EDGE_CURVE('',#2753,#2947,#1848,.T.);
#3870=EDGE_CURVE('',#2949,#2951,#1849,.T.);
#3871=EDGE_CURVE('',#2655,#2946,#1850,.T.);
#3872=EDGE_CURVE('',#2647,#2966,#1851,.T.);
#3873=EDGE_CURVE('',#2964,#2656,#1852,.T.);
#3874=EDGE_CURVE('',#2965,#2752,#1853,.T.);
#3875=EDGE_CURVE('',#2750,#2968,#1854,.T.);
#3876=EDGE_CURVE('',#2748,#2470,#1398,.T.);
#3877=EDGE_CURVE('',#2745,#2950,#1855,.T.);
#3878=EDGE_CURVE('',#2994,#2995,#1856,.T.);
#3879=EDGE_CURVE('',#2996,#2994,#1857,.T.);
#3880=EDGE_CURVE('',#2997,#2996,#1858,.T.);
#3881=EDGE_CURVE('',#2995,#2997,#1859,.T.);
#3882=EDGE_CURVE('',#2998,#2999,#1860,.T.);
#3883=EDGE_CURVE('',#3000,#2998,#1861,.T.);
#3884=EDGE_CURVE('',#3001,#3000,#1862,.T.);
#3885=EDGE_CURVE('',#3001,#2999,#1863,.T.);
#3886=EDGE_CURVE('',#2997,#3002,#1864,.F.);
#3887=EDGE_CURVE('',#3003,#3002,#1865,.F.);
#3888=EDGE_CURVE('',#3003,#2995,#1866,.T.);
#3889=EDGE_CURVE('',#3004,#2994,#1867,.T.);
#3890=EDGE_CURVE('',#3005,#3003,#1868,.T.);
#3891=EDGE_CURVE('',#2998,#3005,#1869,.T.);
#3892=EDGE_CURVE('',#2999,#3006,#1870,.T.);
#3893=EDGE_CURVE('',#3006,#3004,#1871,.F.);
#3894=EDGE_CURVE('',#3007,#3008,#1872,.F.);
#3895=EDGE_CURVE('',#3009,#3007,#1873,.T.);
#3896=EDGE_CURVE('',#3010,#3009,#1874,.F.);
#3897=EDGE_CURVE('',#3010,#3008,#1875,.F.);
#3898=EDGE_CURVE('',#3011,#3012,#1876,.F.);
#3899=EDGE_CURVE('',#3013,#3011,#1877,.T.);
#3900=EDGE_CURVE('',#3014,#3013,#1878,.F.);
#3901=EDGE_CURVE('',#3014,#3012,#1879,.F.);
#3902=EDGE_CURVE('',#2996,#3014,#1880,.F.);
#3903=EDGE_CURVE('',#3013,#3001,#1881,.F.);
#3904=EDGE_CURVE('',#3015,#3000,#1882,.F.);
#3905=EDGE_CURVE('',#3002,#3015,#1883,.F.);
#3906=EDGE_CURVE('',#3016,#3012,#1884,.F.);
#3907=EDGE_CURVE('',#3017,#3016,#1885,.F.);
#3908=EDGE_CURVE('',#3011,#3017,#1886,.F.);
#3909=EDGE_CURVE('',#3008,#3018,#1887,.T.);
#3910=EDGE_CURVE('',#3018,#3019,#1888,.T.);
#3911=EDGE_CURVE('',#3007,#3019,#1889,.F.);
#3912=EDGE_CURVE('',#3006,#3010,#1890,.T.);
#3913=EDGE_CURVE('',#3017,#3020,#1891,.T.);
#3914=EDGE_CURVE('',#3020,#3018,#1892,.T.);
#3915=EDGE_CURVE('',#3005,#3015,#1893,.T.);
#3916=EDGE_CURVE('',#3009,#3004,#1894,.T.);
#3917=EDGE_CURVE('',#3016,#3021,#1895,.F.);
#3918=EDGE_CURVE('',#3021,#3020,#1896,.T.);
#3919=EDGE_CURVE('',#3019,#3021,#1897,.T.);
#3920=EDGE_CURVE('',#3022,#3023,#1898,.F.);
#3921=EDGE_CURVE('',#3024,#3022,#1899,.T.);
#3922=EDGE_CURVE('',#3025,#3024,#1900,.F.);
#3923=EDGE_CURVE('',#3025,#3023,#1901,.T.);
#3924=EDGE_CURVE('',#3026,#3027,#1902,.F.);
#3925=EDGE_CURVE('',#3028,#3026,#1903,.T.);
#3926=EDGE_CURVE('',#3029,#3028,#1904,.F.);
#3927=EDGE_CURVE('',#3029,#3027,#1905,.T.);
#3928=EDGE_CURVE('',#3030,#3031,#1906,.F.);
#3929=EDGE_CURVE('',#3030,#3032,#1907,.T.);
#3930=EDGE_CURVE('',#3033,#3032,#1908,.F.);
#3931=EDGE_CURVE('',#3031,#3033,#1909,.T.);
#3932=EDGE_CURVE('',#3032,#3026,#1399,.F.);
#3933=EDGE_CURVE('',#3028,#3030,#1400,.F.);
#3934=EDGE_CURVE('',#3034,#3029,#1401,.F.);
#3935=EDGE_CURVE('',#3034,#3035,#1910,.T.);
#3936=EDGE_CURVE('',#3027,#3035,#1402,.F.);
#3937=EDGE_CURVE('',#3036,#3034,#1911,.F.);
#3938=EDGE_CURVE('',#3036,#3037,#1912,.T.);
#3939=EDGE_CURVE('',#3035,#3037,#1913,.F.);
#3940=EDGE_CURVE('',#3024,#3036,#1403,.F.);
#3941=EDGE_CURVE('',#3037,#3022,#1404,.F.);
#3942=EDGE_CURVE('',#3038,#3039,#1914,.F.);
#3943=EDGE_CURVE('',#3040,#3038,#1405,.F.);
#3944=EDGE_CURVE('',#3041,#3040,#1915,.F.);
#3945=EDGE_CURVE('',#3042,#3041,#1406,.F.);
#3946=EDGE_CURVE('',#3043,#3042,#1916,.F.);
#3947=EDGE_CURVE('',#3044,#3043,#1407,.F.);
#3948=EDGE_CURVE('',#3045,#3044,#1917,.F.);
#3949=EDGE_CURVE('',#3046,#3045,#1408,.F.);
#3950=EDGE_CURVE('',#3047,#3046,#1918,.F.);
#3951=EDGE_CURVE('',#3048,#3047,#1409,.F.);
#3952=EDGE_CURVE('',#3049,#3048,#1919,.F.);
#3953=EDGE_CURVE('',#3039,#3049,#1410,.F.);
#3954=EDGE_CURVE('',#3031,#3025,#1411,.F.);
#3955=EDGE_CURVE('',#3050,#3050,#1412,.T.);
#3956=EDGE_CURVE('',#3051,#3051,#1413,.T.);
#3957=EDGE_CURVE('',#3023,#3033,#1414,.F.);
#3958=EDGE_CURVE('',#3052,#3044,#1920,.T.);
#3959=EDGE_CURVE('',#3052,#3053,#1921,.T.);
#3960=EDGE_CURVE('',#3053,#3045,#1922,.T.);
#3961=EDGE_CURVE('',#3054,#3043,#1923,.T.);
#3962=EDGE_CURVE('',#3052,#3054,#1415,.F.);
#3963=EDGE_CURVE('',#3055,#3042,#1924,.T.);
#3964=EDGE_CURVE('',#3055,#3054,#1925,.T.);
#3965=EDGE_CURVE('',#3056,#3041,#1926,.T.);
#3966=EDGE_CURVE('',#3055,#3056,#1416,.F.);
#3967=EDGE_CURVE('',#3057,#3040,#1927,.T.);
#3968=EDGE_CURVE('',#3056,#3057,#1928,.F.);
#3969=EDGE_CURVE('',#3058,#3038,#1929,.T.);
#3970=EDGE_CURVE('',#3057,#3058,#1417,.F.);
#3971=EDGE_CURVE('',#3050,#3059,#1930,.T.);
#3972=EDGE_CURVE('',#3059,#3059,#1418,.T.);
#3973=EDGE_CURVE('',#3051,#3060,#1931,.T.);
#3974=EDGE_CURVE('',#3060,#3060,#1419,.T.);
#3975=EDGE_CURVE('',#3061,#3046,#1932,.T.);
#3976=EDGE_CURVE('',#3062,#3061,#1933,.F.);
#3977=EDGE_CURVE('',#3062,#3047,#1934,.T.);
#3978=EDGE_CURVE('',#3061,#3053,#1420,.F.);
#3979=EDGE_CURVE('',#3063,#3039,#1935,.T.);
#3980=EDGE_CURVE('',#3063,#3058,#1936,.T.);
#3981=EDGE_CURVE('',#3064,#3049,#1937,.T.);
#3982=EDGE_CURVE('',#3063,#3064,#1421,.F.);
#3983=EDGE_CURVE('',#3065,#3048,#1938,.T.);
#3984=EDGE_CURVE('',#3065,#3064,#1939,.T.);
#3985=EDGE_CURVE('',#3065,#3062,#1422,.F.);
#3986=ORIENTED_EDGE('',*,*,#3066,.F.);
#3987=ORIENTED_EDGE('',*,*,#3067,.T.);
#3988=ORIENTED_EDGE('',*,*,#3068,.F.);
#3989=ORIENTED_EDGE('',*,*,#3069,.F.);
#3990=ORIENTED_EDGE('',*,*,#3070,.T.);
#3991=ORIENTED_EDGE('',*,*,#3071,.F.);
#3992=ORIENTED_EDGE('',*,*,#3072,.F.);
#3993=ORIENTED_EDGE('',*,*,#3073,.F.);
#3994=ORIENTED_EDGE('',*,*,#3074,.F.);
#3995=ORIENTED_EDGE('',*,*,#3075,.F.);
#3996=ORIENTED_EDGE('',*,*,#3076,.F.);
#3997=ORIENTED_EDGE('',*,*,#3077,.T.);
#3998=ORIENTED_EDGE('',*,*,#3078,.F.);
#3999=ORIENTED_EDGE('',*,*,#3079,.F.);
#4000=ORIENTED_EDGE('',*,*,#3080,.F.);
#4001=ORIENTED_EDGE('',*,*,#3081,.T.);
#4002=ORIENTED_EDGE('',*,*,#3082,.T.);
#4003=ORIENTED_EDGE('',*,*,#3083,.F.);
#4004=ORIENTED_EDGE('',*,*,#3078,.T.);
#4005=ORIENTED_EDGE('',*,*,#3076,.T.);
#4006=ORIENTED_EDGE('',*,*,#3084,.F.);
#4007=ORIENTED_EDGE('',*,*,#3070,.F.);
#4008=ORIENTED_EDGE('',*,*,#3085,.T.);
#4009=ORIENTED_EDGE('',*,*,#3086,.F.);
#4010=ORIENTED_EDGE('',*,*,#3087,.T.);
#4011=ORIENTED_EDGE('',*,*,#3088,.F.);
#4012=ORIENTED_EDGE('',*,*,#3089,.T.);
#4013=ORIENTED_EDGE('',*,*,#3090,.F.);
#4014=ORIENTED_EDGE('',*,*,#3091,.T.);
#4015=ORIENTED_EDGE('',*,*,#3092,.T.);
#4016=ORIENTED_EDGE('',*,*,#3093,.T.);
#4017=ORIENTED_EDGE('',*,*,#3066,.T.);
#4018=ORIENTED_EDGE('',*,*,#3094,.F.);
#4019=ORIENTED_EDGE('',*,*,#3095,.F.);
#4020=ORIENTED_EDGE('',*,*,#3093,.F.);
#4021=ORIENTED_EDGE('',*,*,#3096,.F.);
#4022=ORIENTED_EDGE('',*,*,#3097,.F.);
#4023=ORIENTED_EDGE('',*,*,#3098,.F.);
#4024=ORIENTED_EDGE('',*,*,#3099,.T.);
#4025=ORIENTED_EDGE('',*,*,#3100,.F.);
#4026=ORIENTED_EDGE('',*,*,#3101,.T.);
#4027=ORIENTED_EDGE('',*,*,#3102,.T.);
#4028=ORIENTED_EDGE('',*,*,#3103,.F.);
#4029=ORIENTED_EDGE('',*,*,#3068,.T.);
#4030=ORIENTED_EDGE('',*,*,#3098,.T.);
#4031=ORIENTED_EDGE('',*,*,#3104,.F.);
#4032=ORIENTED_EDGE('',*,*,#3099,.F.);
#4033=ORIENTED_EDGE('',*,*,#3067,.F.);
#4034=ORIENTED_EDGE('',*,*,#3105,.F.);
#4035=ORIENTED_EDGE('',*,*,#3077,.F.);
#4036=ORIENTED_EDGE('',*,*,#3106,.F.);
#4037=ORIENTED_EDGE('',*,*,#3106,.T.);
#4038=ORIENTED_EDGE('',*,*,#3107,.T.);
#4039=ORIENTED_EDGE('',*,*,#3074,.T.);
#4040=ORIENTED_EDGE('',*,*,#3107,.F.);
#4041=ORIENTED_EDGE('',*,*,#3108,.T.);
#4042=ORIENTED_EDGE('',*,*,#3109,.F.);
#4043=ORIENTED_EDGE('',*,*,#3110,.F.);
#4044=ORIENTED_EDGE('',*,*,#3111,.F.);
#4045=ORIENTED_EDGE('',*,*,#3112,.F.);
#4046=ORIENTED_EDGE('',*,*,#3113,.F.);
#4047=ORIENTED_EDGE('',*,*,#3114,.F.);
#4048=ORIENTED_EDGE('',*,*,#3115,.F.);
#4049=ORIENTED_EDGE('',*,*,#3116,.T.);
#4050=ORIENTED_EDGE('',*,*,#3117,.F.);
#4051=ORIENTED_EDGE('',*,*,#3118,.F.);
#4052=ORIENTED_EDGE('',*,*,#3119,.F.);
#4053=ORIENTED_EDGE('',*,*,#3120,.F.);
#4054=ORIENTED_EDGE('',*,*,#3121,.F.);
#4055=ORIENTED_EDGE('',*,*,#3122,.F.);
#4056=ORIENTED_EDGE('',*,*,#3123,.F.);
#4057=ORIENTED_EDGE('',*,*,#3124,.F.);
#4058=ORIENTED_EDGE('',*,*,#3125,.F.);
#4059=ORIENTED_EDGE('',*,*,#3126,.F.);
#4060=ORIENTED_EDGE('',*,*,#3127,.F.);
#4061=ORIENTED_EDGE('',*,*,#3128,.F.);
#4062=ORIENTED_EDGE('',*,*,#3129,.F.);
#4063=ORIENTED_EDGE('',*,*,#3130,.F.);
#4064=ORIENTED_EDGE('',*,*,#3131,.F.);
#4065=ORIENTED_EDGE('',*,*,#3132,.F.);
#4066=ORIENTED_EDGE('',*,*,#3133,.F.);
#4067=ORIENTED_EDGE('',*,*,#3134,.F.);
#4068=ORIENTED_EDGE('',*,*,#3135,.F.);
#4069=ORIENTED_EDGE('',*,*,#3136,.F.);
#4070=ORIENTED_EDGE('',*,*,#3137,.F.);
#4071=ORIENTED_EDGE('',*,*,#3138,.F.);
#4072=ORIENTED_EDGE('',*,*,#3139,.F.);
#4073=ORIENTED_EDGE('',*,*,#3140,.T.);
#4074=ORIENTED_EDGE('',*,*,#3141,.T.);
#4075=ORIENTED_EDGE('',*,*,#3142,.T.);
#4076=ORIENTED_EDGE('',*,*,#3143,.T.);
#4077=ORIENTED_EDGE('',*,*,#3144,.T.);
#4078=ORIENTED_EDGE('',*,*,#3145,.F.);
#4079=ORIENTED_EDGE('',*,*,#3146,.T.);
#4080=ORIENTED_EDGE('',*,*,#3147,.T.);
#4081=ORIENTED_EDGE('',*,*,#3148,.T.);
#4082=ORIENTED_EDGE('',*,*,#3149,.F.);
#4083=ORIENTED_EDGE('',*,*,#3150,.T.);
#4084=ORIENTED_EDGE('',*,*,#3151,.T.);
#4085=ORIENTED_EDGE('',*,*,#3152,.T.);
#4086=ORIENTED_EDGE('',*,*,#3153,.F.);
#4087=ORIENTED_EDGE('',*,*,#3154,.T.);
#4088=ORIENTED_EDGE('',*,*,#3155,.T.);
#4089=ORIENTED_EDGE('',*,*,#3156,.T.);
#4090=ORIENTED_EDGE('',*,*,#3157,.F.);
#4091=ORIENTED_EDGE('',*,*,#3158,.T.);
#4092=ORIENTED_EDGE('',*,*,#3159,.T.);
#4093=ORIENTED_EDGE('',*,*,#3160,.T.);
#4094=ORIENTED_EDGE('',*,*,#3161,.F.);
#4095=ORIENTED_EDGE('',*,*,#3162,.T.);
#4096=ORIENTED_EDGE('',*,*,#3163,.T.);
#4097=ORIENTED_EDGE('',*,*,#3164,.T.);
#4098=ORIENTED_EDGE('',*,*,#3165,.T.);
#4099=ORIENTED_EDGE('',*,*,#3166,.T.);
#4100=ORIENTED_EDGE('',*,*,#3167,.T.);
#4101=ORIENTED_EDGE('',*,*,#3168,.T.);
#4102=ORIENTED_EDGE('',*,*,#3169,.F.);
#4103=ORIENTED_EDGE('',*,*,#3170,.T.);
#4104=ORIENTED_EDGE('',*,*,#3171,.T.);
#4105=ORIENTED_EDGE('',*,*,#3172,.T.);
#4106=ORIENTED_EDGE('',*,*,#3173,.T.);
#4107=ORIENTED_EDGE('',*,*,#3174,.F.);
#4108=ORIENTED_EDGE('',*,*,#3175,.F.);
#4109=ORIENTED_EDGE('',*,*,#3176,.F.);
#4110=ORIENTED_EDGE('',*,*,#3177,.F.);
#4111=ORIENTED_EDGE('',*,*,#3178,.F.);
#4112=ORIENTED_EDGE('',*,*,#3179,.F.);
#4113=ORIENTED_EDGE('',*,*,#3180,.F.);
#4114=ORIENTED_EDGE('',*,*,#3181,.F.);
#4115=ORIENTED_EDGE('',*,*,#3182,.F.);
#4116=ORIENTED_EDGE('',*,*,#3183,.F.);
#4117=ORIENTED_EDGE('',*,*,#3184,.T.);
#4118=ORIENTED_EDGE('',*,*,#3185,.T.);
#4119=ORIENTED_EDGE('',*,*,#3186,.T.);
#4120=ORIENTED_EDGE('',*,*,#3187,.T.);
#4121=ORIENTED_EDGE('',*,*,#3188,.T.);
#4122=ORIENTED_EDGE('',*,*,#3189,.T.);
#4123=ORIENTED_EDGE('',*,*,#3190,.T.);
#4124=ORIENTED_EDGE('',*,*,#3191,.T.);
#4125=ORIENTED_EDGE('',*,*,#3192,.T.);
#4126=ORIENTED_EDGE('',*,*,#3193,.F.);
#4127=ORIENTED_EDGE('',*,*,#3194,.T.);
#4128=ORIENTED_EDGE('',*,*,#3195,.T.);
#4129=ORIENTED_EDGE('',*,*,#3196,.T.);
#4130=ORIENTED_EDGE('',*,*,#3197,.F.);
#4131=ORIENTED_EDGE('',*,*,#3198,.T.);
#4132=ORIENTED_EDGE('',*,*,#3199,.T.);
#4133=ORIENTED_EDGE('',*,*,#3200,.T.);
#4134=ORIENTED_EDGE('',*,*,#3201,.F.);
#4135=ORIENTED_EDGE('',*,*,#3202,.T.);
#4136=ORIENTED_EDGE('',*,*,#3203,.T.);
#4137=ORIENTED_EDGE('',*,*,#3204,.T.);
#4138=ORIENTED_EDGE('',*,*,#3205,.F.);
#4139=ORIENTED_EDGE('',*,*,#3206,.T.);
#4140=ORIENTED_EDGE('',*,*,#3207,.T.);
#4141=ORIENTED_EDGE('',*,*,#3208,.T.);
#4142=ORIENTED_EDGE('',*,*,#3209,.F.);
#4143=ORIENTED_EDGE('',*,*,#3210,.T.);
#4144=ORIENTED_EDGE('',*,*,#3211,.T.);
#4145=ORIENTED_EDGE('',*,*,#3212,.T.);
#4146=ORIENTED_EDGE('',*,*,#3213,.F.);
#4147=ORIENTED_EDGE('',*,*,#3214,.F.);
#4148=ORIENTED_EDGE('',*,*,#3215,.F.);
#4149=ORIENTED_EDGE('',*,*,#3216,.F.);
#4150=ORIENTED_EDGE('',*,*,#3217,.F.);
#4151=ORIENTED_EDGE('',*,*,#3218,.F.);
#4152=ORIENTED_EDGE('',*,*,#3219,.F.);
#4153=ORIENTED_EDGE('',*,*,#3220,.F.);
#4154=ORIENTED_EDGE('',*,*,#3221,.F.);
#4155=ORIENTED_EDGE('',*,*,#3222,.F.);
#4156=ORIENTED_EDGE('',*,*,#3223,.F.);
#4157=ORIENTED_EDGE('',*,*,#3224,.F.);
#4158=ORIENTED_EDGE('',*,*,#3225,.F.);
#4159=ORIENTED_EDGE('',*,*,#3226,.F.);
#4160=ORIENTED_EDGE('',*,*,#3227,.F.);
#4161=ORIENTED_EDGE('',*,*,#3228,.F.);
#4162=ORIENTED_EDGE('',*,*,#3229,.T.);
#4163=ORIENTED_EDGE('',*,*,#3230,.F.);
#4164=ORIENTED_EDGE('',*,*,#3231,.F.);
#4165=ORIENTED_EDGE('',*,*,#3232,.F.);
#4166=ORIENTED_EDGE('',*,*,#3233,.F.);
#4167=ORIENTED_EDGE('',*,*,#3234,.F.);
#4168=ORIENTED_EDGE('',*,*,#3235,.F.);
#4169=ORIENTED_EDGE('',*,*,#3236,.F.);
#4170=ORIENTED_EDGE('',*,*,#3237,.T.);
#4171=ORIENTED_EDGE('',*,*,#3238,.T.);
#4172=ORIENTED_EDGE('',*,*,#3239,.T.);
#4173=ORIENTED_EDGE('',*,*,#3240,.T.);
#4174=ORIENTED_EDGE('',*,*,#3241,.F.);
#4175=ORIENTED_EDGE('',*,*,#3242,.T.);
#4176=ORIENTED_EDGE('',*,*,#3243,.T.);
#4177=ORIENTED_EDGE('',*,*,#3244,.T.);
#4178=ORIENTED_EDGE('',*,*,#3245,.F.);
#4179=ORIENTED_EDGE('',*,*,#3246,.T.);
#4180=ORIENTED_EDGE('',*,*,#3247,.T.);
#4181=ORIENTED_EDGE('',*,*,#3248,.T.);
#4182=ORIENTED_EDGE('',*,*,#3249,.T.);
#4183=ORIENTED_EDGE('',*,*,#3250,.T.);
#4184=ORIENTED_EDGE('',*,*,#3251,.T.);
#4185=ORIENTED_EDGE('',*,*,#3252,.T.);
#4186=ORIENTED_EDGE('',*,*,#3253,.T.);
#4187=ORIENTED_EDGE('',*,*,#3254,.T.);
#4188=ORIENTED_EDGE('',*,*,#3083,.T.);
#4189=ORIENTED_EDGE('',*,*,#3255,.T.);
#4190=ORIENTED_EDGE('',*,*,#3256,.T.);
#4191=ORIENTED_EDGE('',*,*,#3257,.T.);
#4192=ORIENTED_EDGE('',*,*,#3104,.T.);
#4193=ORIENTED_EDGE('',*,*,#3097,.T.);
#4194=ORIENTED_EDGE('',*,*,#3258,.F.);
#4195=ORIENTED_EDGE('',*,*,#3259,.F.);
#4196=ORIENTED_EDGE('',*,*,#3260,.F.);
#4197=ORIENTED_EDGE('',*,*,#3089,.F.);
#4198=ORIENTED_EDGE('',*,*,#3095,.T.);
#4199=ORIENTED_EDGE('',*,*,#3261,.F.);
#4200=ORIENTED_EDGE('',*,*,#3262,.F.);
#4201=ORIENTED_EDGE('',*,*,#3263,.F.);
#4202=ORIENTED_EDGE('',*,*,#3264,.F.);
#4203=ORIENTED_EDGE('',*,*,#3085,.F.);
#4204=ORIENTED_EDGE('',*,*,#3069,.T.);
#4205=ORIENTED_EDGE('',*,*,#3103,.T.);
#4206=ORIENTED_EDGE('',*,*,#3265,.T.);
#4207=ORIENTED_EDGE('',*,*,#3266,.T.);
#4208=ORIENTED_EDGE('',*,*,#3267,.T.);
#4209=ORIENTED_EDGE('',*,*,#3084,.T.);
#4210=ORIENTED_EDGE('',*,*,#3079,.T.);
#4211=ORIENTED_EDGE('',*,*,#3105,.T.);
#4212=ORIENTED_EDGE('',*,*,#3268,.T.);
#4213=ORIENTED_EDGE('',*,*,#3072,.T.);
#4214=ORIENTED_EDGE('',*,*,#3268,.F.);
#4215=ORIENTED_EDGE('',*,*,#3269,.T.);
#4216=ORIENTED_EDGE('',*,*,#3270,.F.);
#4217=ORIENTED_EDGE('',*,*,#3271,.F.);
#4218=ORIENTED_EDGE('',*,*,#3272,.F.);
#4219=ORIENTED_EDGE('',*,*,#3273,.T.);
#4220=ORIENTED_EDGE('',*,*,#3274,.T.);
#4221=ORIENTED_EDGE('',*,*,#3275,.T.);
#4222=ORIENTED_EDGE('',*,*,#3276,.T.);
#4223=ORIENTED_EDGE('',*,*,#3277,.T.);
#4224=ORIENTED_EDGE('',*,*,#3278,.T.);
#4225=ORIENTED_EDGE('',*,*,#3279,.T.);
#4226=ORIENTED_EDGE('',*,*,#3280,.T.);
#4227=ORIENTED_EDGE('',*,*,#3281,.T.);
#4228=ORIENTED_EDGE('',*,*,#3282,.T.);
#4229=ORIENTED_EDGE('',*,*,#3283,.F.);
#4230=ORIENTED_EDGE('',*,*,#3284,.F.);
#4231=ORIENTED_EDGE('',*,*,#3285,.F.);
#4232=ORIENTED_EDGE('',*,*,#3286,.F.);
#4233=ORIENTED_EDGE('',*,*,#3287,.T.);
#4234=ORIENTED_EDGE('',*,*,#3288,.F.);
#4235=ORIENTED_EDGE('',*,*,#3289,.F.);
#4236=ORIENTED_EDGE('',*,*,#3290,.F.);
#4237=ORIENTED_EDGE('',*,*,#3291,.F.);
#4238=ORIENTED_EDGE('',*,*,#3292,.F.);
#4239=ORIENTED_EDGE('',*,*,#3293,.F.);
#4240=ORIENTED_EDGE('',*,*,#3294,.F.);
#4241=ORIENTED_EDGE('',*,*,#3295,.F.);
#4242=ORIENTED_EDGE('',*,*,#3296,.T.);
#4243=ORIENTED_EDGE('',*,*,#3297,.F.);
#4244=ORIENTED_EDGE('',*,*,#3298,.F.);
#4245=ORIENTED_EDGE('',*,*,#3299,.F.);
#4246=ORIENTED_EDGE('',*,*,#3300,.F.);
#4247=ORIENTED_EDGE('',*,*,#3301,.F.);
#4248=ORIENTED_EDGE('',*,*,#3302,.F.);
#4249=ORIENTED_EDGE('',*,*,#3303,.F.);
#4250=ORIENTED_EDGE('',*,*,#3304,.F.);
#4251=ORIENTED_EDGE('',*,*,#3305,.T.);
#4252=ORIENTED_EDGE('',*,*,#3306,.T.);
#4253=ORIENTED_EDGE('',*,*,#3307,.T.);
#4254=ORIENTED_EDGE('',*,*,#3308,.T.);
#4255=ORIENTED_EDGE('',*,*,#3309,.T.);
#4256=ORIENTED_EDGE('',*,*,#3310,.T.);
#4257=ORIENTED_EDGE('',*,*,#3311,.T.);
#4258=ORIENTED_EDGE('',*,*,#3312,.T.);
#4259=ORIENTED_EDGE('',*,*,#3313,.T.);
#4260=ORIENTED_EDGE('',*,*,#3314,.F.);
#4261=ORIENTED_EDGE('',*,*,#3315,.F.);
#4262=ORIENTED_EDGE('',*,*,#3316,.F.);
#4263=ORIENTED_EDGE('',*,*,#3317,.F.);
#4264=ORIENTED_EDGE('',*,*,#3318,.F.);
#4265=ORIENTED_EDGE('',*,*,#3319,.T.);
#4266=ORIENTED_EDGE('',*,*,#3320,.T.);
#4267=ORIENTED_EDGE('',*,*,#3321,.T.);
#4268=ORIENTED_EDGE('',*,*,#3322,.F.);
#4269=ORIENTED_EDGE('',*,*,#3323,.T.);
#4270=ORIENTED_EDGE('',*,*,#3324,.T.);
#4271=ORIENTED_EDGE('',*,*,#3325,.T.);
#4272=ORIENTED_EDGE('',*,*,#3326,.F.);
#4273=ORIENTED_EDGE('',*,*,#3327,.T.);
#4274=ORIENTED_EDGE('',*,*,#3328,.T.);
#4275=ORIENTED_EDGE('',*,*,#3329,.T.);
#4276=ORIENTED_EDGE('',*,*,#3330,.F.);
#4277=ORIENTED_EDGE('',*,*,#3331,.T.);
#4278=ORIENTED_EDGE('',*,*,#3332,.T.);
#4279=ORIENTED_EDGE('',*,*,#3333,.T.);
#4280=ORIENTED_EDGE('',*,*,#3334,.F.);
#4281=ORIENTED_EDGE('',*,*,#3335,.T.);
#4282=ORIENTED_EDGE('',*,*,#3336,.T.);
#4283=ORIENTED_EDGE('',*,*,#3337,.T.);
#4284=ORIENTED_EDGE('',*,*,#3338,.F.);
#4285=ORIENTED_EDGE('',*,*,#3339,.F.);
#4286=ORIENTED_EDGE('',*,*,#3340,.F.);
#4287=ORIENTED_EDGE('',*,*,#3341,.F.);
#4288=ORIENTED_EDGE('',*,*,#3342,.F.);
#4289=ORIENTED_EDGE('',*,*,#3343,.T.);
#4290=ORIENTED_EDGE('',*,*,#3344,.T.);
#4291=ORIENTED_EDGE('',*,*,#3345,.T.);
#4292=ORIENTED_EDGE('',*,*,#3346,.F.);
#4293=ORIENTED_EDGE('',*,*,#3347,.F.);
#4294=ORIENTED_EDGE('',*,*,#3348,.F.);
#4295=ORIENTED_EDGE('',*,*,#3349,.F.);
#4296=ORIENTED_EDGE('',*,*,#3350,.F.);
#4297=ORIENTED_EDGE('',*,*,#3351,.F.);
#4298=ORIENTED_EDGE('',*,*,#3295,.T.);
#4299=ORIENTED_EDGE('',*,*,#3351,.T.);
#4300=ORIENTED_EDGE('',*,*,#3300,.T.);
#4301=ORIENTED_EDGE('',*,*,#3352,.T.);
#4302=ORIENTED_EDGE('',*,*,#3216,.T.);
#4303=ORIENTED_EDGE('',*,*,#3353,.F.);
#4304=ORIENTED_EDGE('',*,*,#3296,.F.);
#4305=ORIENTED_EDGE('',*,*,#3346,.T.);
#4306=ORIENTED_EDGE('',*,*,#3354,.T.);
#4307=ORIENTED_EDGE('',*,*,#3201,.T.);
#4308=ORIENTED_EDGE('',*,*,#3355,.F.);
#4309=ORIENTED_EDGE('',*,*,#3356,.T.);
#4310=ORIENTED_EDGE('',*,*,#3229,.F.);
#4311=ORIENTED_EDGE('',*,*,#3357,.F.);
#4312=ORIENTED_EDGE('',*,*,#3287,.F.);
#4313=ORIENTED_EDGE('',*,*,#3356,.F.);
#4314=ORIENTED_EDGE('',*,*,#3290,.T.);
#4315=ORIENTED_EDGE('',*,*,#3358,.F.);
#4316=ORIENTED_EDGE('',*,*,#3230,.T.);
#4317=ORIENTED_EDGE('',*,*,#3359,.T.);
#4318=ORIENTED_EDGE('',*,*,#3359,.F.);
#4319=ORIENTED_EDGE('',*,*,#3360,.T.);
#4320=ORIENTED_EDGE('',*,*,#3361,.F.);
#4321=ORIENTED_EDGE('',*,*,#3360,.F.);
#4322=ORIENTED_EDGE('',*,*,#3362,.F.);
#4323=ORIENTED_EDGE('',*,*,#3363,.T.);
#4324=ORIENTED_EDGE('',*,*,#3362,.T.);
#4325=ORIENTED_EDGE('',*,*,#3364,.T.);
#4326=ORIENTED_EDGE('',*,*,#3365,.T.);
#4327=ORIENTED_EDGE('',*,*,#3364,.F.);
#4328=ORIENTED_EDGE('',*,*,#3363,.F.);
#4329=ORIENTED_EDGE('',*,*,#3366,.T.);
#4330=ORIENTED_EDGE('',*,*,#3367,.F.);
#4331=ORIENTED_EDGE('',*,*,#3366,.F.);
#4332=ORIENTED_EDGE('',*,*,#3368,.T.);
#4333=ORIENTED_EDGE('',*,*,#3369,.T.);
#4334=ORIENTED_EDGE('',*,*,#3370,.F.);
#4335=ORIENTED_EDGE('',*,*,#3371,.T.);
#4336=ORIENTED_EDGE('',*,*,#3372,.T.);
#4337=ORIENTED_EDGE('',*,*,#3373,.T.);
#4338=ORIENTED_EDGE('',*,*,#3374,.F.);
#4339=ORIENTED_EDGE('',*,*,#3375,.T.);
#4340=ORIENTED_EDGE('',*,*,#3375,.F.);
#4341=ORIENTED_EDGE('',*,*,#3376,.F.);
#4342=ORIENTED_EDGE('',*,*,#3369,.F.);
#4343=ORIENTED_EDGE('',*,*,#3377,.T.);
#4344=ORIENTED_EDGE('',*,*,#3374,.T.);
#4345=ORIENTED_EDGE('',*,*,#3378,.T.);
#4346=ORIENTED_EDGE('',*,*,#3379,.F.);
#4347=ORIENTED_EDGE('',*,*,#3380,.T.);
#4348=ORIENTED_EDGE('',*,*,#3370,.T.);
#4349=ORIENTED_EDGE('',*,*,#3381,.T.);
#4350=ORIENTED_EDGE('',*,*,#3382,.F.);
#4351=ORIENTED_EDGE('',*,*,#3383,.T.);
#4352=ORIENTED_EDGE('',*,*,#3384,.T.);
#4353=ORIENTED_EDGE('',*,*,#3170,.F.);
#4354=ORIENTED_EDGE('',*,*,#3385,.F.);
#4355=ORIENTED_EDGE('',*,*,#3372,.F.);
#4356=ORIENTED_EDGE('',*,*,#3377,.F.);
#4357=ORIENTED_EDGE('',*,*,#3368,.F.);
#4358=ORIENTED_EDGE('',*,*,#3361,.T.);
#4359=ORIENTED_EDGE('',*,*,#3367,.T.);
#4360=ORIENTED_EDGE('',*,*,#3365,.F.);
#4361=ORIENTED_EDGE('',*,*,#3238,.F.);
#4362=ORIENTED_EDGE('',*,*,#3386,.F.);
#4363=ORIENTED_EDGE('',*,*,#3387,.F.);
#4364=ORIENTED_EDGE('',*,*,#3388,.T.);
#4365=ORIENTED_EDGE('',*,*,#3389,.T.);
#4366=ORIENTED_EDGE('',*,*,#3390,.T.);
#4367=ORIENTED_EDGE('',*,*,#3266,.F.);
#4368=ORIENTED_EDGE('',*,*,#3391,.F.);
#4369=ORIENTED_EDGE('',*,*,#3330,.T.);
#4370=ORIENTED_EDGE('',*,*,#3392,.T.);
#4371=ORIENTED_EDGE('',*,*,#3174,.T.);
#4372=ORIENTED_EDGE('',*,*,#3393,.F.);
#4373=ORIENTED_EDGE('',*,*,#3326,.T.);
#4374=ORIENTED_EDGE('',*,*,#3394,.T.);
#4375=ORIENTED_EDGE('',*,*,#3209,.T.);
#4376=ORIENTED_EDGE('',*,*,#3395,.F.);
#4377=ORIENTED_EDGE('',*,*,#3318,.T.);
#4378=ORIENTED_EDGE('',*,*,#3396,.T.);
#4379=ORIENTED_EDGE('',*,*,#3205,.T.);
#4380=ORIENTED_EDGE('',*,*,#3397,.F.);
#4381=ORIENTED_EDGE('',*,*,#3294,.T.);
#4382=ORIENTED_EDGE('',*,*,#3398,.T.);
#4383=ORIENTED_EDGE('',*,*,#3221,.T.);
#4384=ORIENTED_EDGE('',*,*,#3399,.F.);
#4385=ORIENTED_EDGE('',*,*,#3314,.T.);
#4386=ORIENTED_EDGE('',*,*,#3400,.T.);
#4387=ORIENTED_EDGE('',*,*,#3217,.T.);
#4388=ORIENTED_EDGE('',*,*,#3401,.F.);
#4389=ORIENTED_EDGE('',*,*,#3283,.T.);
#4390=ORIENTED_EDGE('',*,*,#3402,.T.);
#4391=ORIENTED_EDGE('',*,*,#3225,.T.);
#4392=ORIENTED_EDGE('',*,*,#3403,.F.);
#4393=ORIENTED_EDGE('',*,*,#3347,.T.);
#4394=ORIENTED_EDGE('',*,*,#3404,.T.);
#4395=ORIENTED_EDGE('',*,*,#3233,.T.);
#4396=ORIENTED_EDGE('',*,*,#3405,.F.);
#4397=ORIENTED_EDGE('',*,*,#3322,.T.);
#4398=ORIENTED_EDGE('',*,*,#3406,.T.);
#4399=ORIENTED_EDGE('',*,*,#3193,.T.);
#4400=ORIENTED_EDGE('',*,*,#3407,.F.);
#4401=ORIENTED_EDGE('',*,*,#3334,.T.);
#4402=ORIENTED_EDGE('',*,*,#3408,.T.);
#4403=ORIENTED_EDGE('',*,*,#3197,.T.);
#4404=ORIENTED_EDGE('',*,*,#3409,.F.);
#4405=ORIENTED_EDGE('',*,*,#3408,.F.);
#4406=ORIENTED_EDGE('',*,*,#3337,.F.);
#4407=ORIENTED_EDGE('',*,*,#3410,.T.);
#4408=ORIENTED_EDGE('',*,*,#3198,.F.);
#4409=ORIENTED_EDGE('',*,*,#3199,.F.);
#4410=ORIENTED_EDGE('',*,*,#3410,.F.);
#4411=ORIENTED_EDGE('',*,*,#3336,.F.);
#4412=ORIENTED_EDGE('',*,*,#3411,.F.);
#4413=ORIENTED_EDGE('',*,*,#3335,.F.);
#4414=ORIENTED_EDGE('',*,*,#3409,.T.);
#4415=ORIENTED_EDGE('',*,*,#3200,.F.);
#4416=ORIENTED_EDGE('',*,*,#3411,.T.);
#4417=ORIENTED_EDGE('',*,*,#3392,.F.);
#4418=ORIENTED_EDGE('',*,*,#3333,.F.);
#4419=ORIENTED_EDGE('',*,*,#3412,.T.);
#4420=ORIENTED_EDGE('',*,*,#3171,.F.);
#4421=ORIENTED_EDGE('',*,*,#3172,.F.);
#4422=ORIENTED_EDGE('',*,*,#3412,.F.);
#4423=ORIENTED_EDGE('',*,*,#3332,.F.);
#4424=ORIENTED_EDGE('',*,*,#3413,.F.);
#4425=ORIENTED_EDGE('',*,*,#3331,.F.);
#4426=ORIENTED_EDGE('',*,*,#3393,.T.);
#4427=ORIENTED_EDGE('',*,*,#3173,.F.);
#4428=ORIENTED_EDGE('',*,*,#3413,.T.);
#4429=ORIENTED_EDGE('',*,*,#3394,.F.);
#4430=ORIENTED_EDGE('',*,*,#3329,.F.);
#4431=ORIENTED_EDGE('',*,*,#3414,.T.);
#4432=ORIENTED_EDGE('',*,*,#3210,.F.);
#4433=ORIENTED_EDGE('',*,*,#3211,.F.);
#4434=ORIENTED_EDGE('',*,*,#3414,.F.);
#4435=ORIENTED_EDGE('',*,*,#3328,.F.);
#4436=ORIENTED_EDGE('',*,*,#3415,.F.);
#4437=ORIENTED_EDGE('',*,*,#3327,.F.);
#4438=ORIENTED_EDGE('',*,*,#3395,.T.);
#4439=ORIENTED_EDGE('',*,*,#3212,.F.);
#4440=ORIENTED_EDGE('',*,*,#3415,.T.);
#4441=ORIENTED_EDGE('',*,*,#3406,.F.);
#4442=ORIENTED_EDGE('',*,*,#3325,.F.);
#4443=ORIENTED_EDGE('',*,*,#3416,.T.);
#4444=ORIENTED_EDGE('',*,*,#3194,.F.);
#4445=ORIENTED_EDGE('',*,*,#3195,.F.);
#4446=ORIENTED_EDGE('',*,*,#3416,.F.);
#4447=ORIENTED_EDGE('',*,*,#3324,.F.);
#4448=ORIENTED_EDGE('',*,*,#3417,.F.);
#4449=ORIENTED_EDGE('',*,*,#3323,.F.);
#4450=ORIENTED_EDGE('',*,*,#3407,.T.);
#4451=ORIENTED_EDGE('',*,*,#3196,.F.);
#4452=ORIENTED_EDGE('',*,*,#3417,.T.);
#4453=ORIENTED_EDGE('',*,*,#3396,.F.);
#4454=ORIENTED_EDGE('',*,*,#3321,.F.);
#4455=ORIENTED_EDGE('',*,*,#3418,.T.);
#4456=ORIENTED_EDGE('',*,*,#3206,.F.);
#4457=ORIENTED_EDGE('',*,*,#3207,.F.);
#4458=ORIENTED_EDGE('',*,*,#3418,.F.);
#4459=ORIENTED_EDGE('',*,*,#3320,.F.);
#4460=ORIENTED_EDGE('',*,*,#3419,.F.);
#4461=ORIENTED_EDGE('',*,*,#3319,.F.);
#4462=ORIENTED_EDGE('',*,*,#3397,.T.);
#4463=ORIENTED_EDGE('',*,*,#3208,.F.);
#4464=ORIENTED_EDGE('',*,*,#3419,.T.);
#4465=ORIENTED_EDGE('',*,*,#3402,.F.);
#4466=ORIENTED_EDGE('',*,*,#3286,.T.);
#4467=ORIENTED_EDGE('',*,*,#3420,.F.);
#4468=ORIENTED_EDGE('',*,*,#3226,.T.);
#4469=ORIENTED_EDGE('',*,*,#3227,.T.);
#4470=ORIENTED_EDGE('',*,*,#3420,.T.);
#4471=ORIENTED_EDGE('',*,*,#3285,.T.);
#4472=ORIENTED_EDGE('',*,*,#3421,.T.);
#4473=ORIENTED_EDGE('',*,*,#3284,.T.);
#4474=ORIENTED_EDGE('',*,*,#3403,.T.);
#4475=ORIENTED_EDGE('',*,*,#3228,.T.);
#4476=ORIENTED_EDGE('',*,*,#3421,.F.);
#4477=ORIENTED_EDGE('',*,*,#3398,.F.);
#4478=ORIENTED_EDGE('',*,*,#3293,.T.);
#4479=ORIENTED_EDGE('',*,*,#3422,.F.);
#4480=ORIENTED_EDGE('',*,*,#3222,.T.);
#4481=ORIENTED_EDGE('',*,*,#3223,.T.);
#4482=ORIENTED_EDGE('',*,*,#3422,.T.);
#4483=ORIENTED_EDGE('',*,*,#3292,.T.);
#4484=ORIENTED_EDGE('',*,*,#3423,.T.);
#4485=ORIENTED_EDGE('',*,*,#3291,.T.);
#4486=ORIENTED_EDGE('',*,*,#3399,.T.);
#4487=ORIENTED_EDGE('',*,*,#3224,.T.);
#4488=ORIENTED_EDGE('',*,*,#3423,.F.);
#4489=ORIENTED_EDGE('',*,*,#3404,.F.);
#4490=ORIENTED_EDGE('',*,*,#3350,.T.);
#4491=ORIENTED_EDGE('',*,*,#3424,.F.);
#4492=ORIENTED_EDGE('',*,*,#3234,.T.);
#4493=ORIENTED_EDGE('',*,*,#3235,.T.);
#4494=ORIENTED_EDGE('',*,*,#3424,.T.);
#4495=ORIENTED_EDGE('',*,*,#3349,.T.);
#4496=ORIENTED_EDGE('',*,*,#3425,.T.);
#4497=ORIENTED_EDGE('',*,*,#3348,.T.);
#4498=ORIENTED_EDGE('',*,*,#3405,.T.);
#4499=ORIENTED_EDGE('',*,*,#3236,.T.);
#4500=ORIENTED_EDGE('',*,*,#3425,.F.);
#4501=ORIENTED_EDGE('',*,*,#3400,.F.);
#4502=ORIENTED_EDGE('',*,*,#3317,.T.);
#4503=ORIENTED_EDGE('',*,*,#3426,.F.);
#4504=ORIENTED_EDGE('',*,*,#3218,.T.);
#4505=ORIENTED_EDGE('',*,*,#3219,.T.);
#4506=ORIENTED_EDGE('',*,*,#3426,.T.);
#4507=ORIENTED_EDGE('',*,*,#3316,.T.);
#4508=ORIENTED_EDGE('',*,*,#3427,.T.);
#4509=ORIENTED_EDGE('',*,*,#3315,.T.);
#4510=ORIENTED_EDGE('',*,*,#3401,.T.);
#4511=ORIENTED_EDGE('',*,*,#3220,.T.);
#4512=ORIENTED_EDGE('',*,*,#3427,.F.);
#4513=ORIENTED_EDGE('',*,*,#3428,.T.);
#4514=ORIENTED_EDGE('',*,*,#3313,.F.);
#4515=ORIENTED_EDGE('',*,*,#3429,.T.);
#4516=ORIENTED_EDGE('',*,*,#3189,.F.);
#4517=ORIENTED_EDGE('',*,*,#3190,.F.);
#4518=ORIENTED_EDGE('',*,*,#3429,.F.);
#4519=ORIENTED_EDGE('',*,*,#3312,.F.);
#4520=ORIENTED_EDGE('',*,*,#3430,.F.);
#4521=ORIENTED_EDGE('',*,*,#3431,.T.);
#4522=ORIENTED_EDGE('',*,*,#3191,.F.);
#4523=ORIENTED_EDGE('',*,*,#3430,.T.);
#4524=ORIENTED_EDGE('',*,*,#3311,.F.);
#4525=ORIENTED_EDGE('',*,*,#3192,.F.);
#4526=ORIENTED_EDGE('',*,*,#3431,.F.);
#4527=ORIENTED_EDGE('',*,*,#3310,.F.);
#4528=ORIENTED_EDGE('',*,*,#3432,.T.);
#4529=ORIENTED_EDGE('',*,*,#3188,.F.);
#4530=ORIENTED_EDGE('',*,*,#3432,.F.);
#4531=ORIENTED_EDGE('',*,*,#3309,.F.);
#4532=ORIENTED_EDGE('',*,*,#3428,.F.);
#4533=ORIENTED_EDGE('',*,*,#3187,.F.);
#4534=ORIENTED_EDGE('',*,*,#3433,.T.);
#4535=ORIENTED_EDGE('',*,*,#3308,.F.);
#4536=ORIENTED_EDGE('',*,*,#3434,.F.);
#4537=ORIENTED_EDGE('',*,*,#3435,.T.);
#4538=ORIENTED_EDGE('',*,*,#3184,.F.);
#4539=ORIENTED_EDGE('',*,*,#3434,.T.);
#4540=ORIENTED_EDGE('',*,*,#3307,.F.);
#4541=ORIENTED_EDGE('',*,*,#3185,.F.);
#4542=ORIENTED_EDGE('',*,*,#3435,.F.);
#4543=ORIENTED_EDGE('',*,*,#3306,.F.);
#4544=ORIENTED_EDGE('',*,*,#3436,.F.);
#4545=ORIENTED_EDGE('',*,*,#3436,.T.);
#4546=ORIENTED_EDGE('',*,*,#3305,.F.);
#4547=ORIENTED_EDGE('',*,*,#3433,.F.);
#4548=ORIENTED_EDGE('',*,*,#3186,.F.);
#4549=ORIENTED_EDGE('',*,*,#3437,.T.);
#4550=ORIENTED_EDGE('',*,*,#3302,.T.);
#4551=ORIENTED_EDGE('',*,*,#3438,.T.);
#4552=ORIENTED_EDGE('',*,*,#3183,.T.);
#4553=ORIENTED_EDGE('',*,*,#3438,.F.);
#4554=ORIENTED_EDGE('',*,*,#3301,.T.);
#4555=ORIENTED_EDGE('',*,*,#3439,.F.);
#4556=ORIENTED_EDGE('',*,*,#3180,.T.);
#4557=ORIENTED_EDGE('',*,*,#3181,.T.);
#4558=ORIENTED_EDGE('',*,*,#3439,.T.);
#4559=ORIENTED_EDGE('',*,*,#3304,.T.);
#4560=ORIENTED_EDGE('',*,*,#3440,.F.);
#4561=ORIENTED_EDGE('',*,*,#3303,.T.);
#4562=ORIENTED_EDGE('',*,*,#3437,.F.);
#4563=ORIENTED_EDGE('',*,*,#3182,.T.);
#4564=ORIENTED_EDGE('',*,*,#3440,.T.);
#4565=ORIENTED_EDGE('',*,*,#3176,.T.);
#4566=ORIENTED_EDGE('',*,*,#3441,.F.);
#4567=ORIENTED_EDGE('',*,*,#3339,.T.);
#4568=ORIENTED_EDGE('',*,*,#3442,.T.);
#4569=ORIENTED_EDGE('',*,*,#3338,.T.);
#4570=ORIENTED_EDGE('',*,*,#3443,.F.);
#4571=ORIENTED_EDGE('',*,*,#3177,.T.);
#4572=ORIENTED_EDGE('',*,*,#3442,.F.);
#4573=ORIENTED_EDGE('',*,*,#3443,.T.);
#4574=ORIENTED_EDGE('',*,*,#3342,.T.);
#4575=ORIENTED_EDGE('',*,*,#3444,.T.);
#4576=ORIENTED_EDGE('',*,*,#3178,.T.);
#4577=ORIENTED_EDGE('',*,*,#3444,.F.);
#4578=ORIENTED_EDGE('',*,*,#3341,.T.);
#4579=ORIENTED_EDGE('',*,*,#3445,.F.);
#4580=ORIENTED_EDGE('',*,*,#3179,.T.);
#4581=ORIENTED_EDGE('',*,*,#3175,.T.);
#4582=ORIENTED_EDGE('',*,*,#3445,.T.);
#4583=ORIENTED_EDGE('',*,*,#3340,.T.);
#4584=ORIENTED_EDGE('',*,*,#3441,.T.);
#4585=ORIENTED_EDGE('',*,*,#3352,.F.);
#4586=ORIENTED_EDGE('',*,*,#3299,.T.);
#4587=ORIENTED_EDGE('',*,*,#3446,.F.);
#4588=ORIENTED_EDGE('',*,*,#3213,.T.);
#4589=ORIENTED_EDGE('',*,*,#3214,.T.);
#4590=ORIENTED_EDGE('',*,*,#3446,.T.);
#4591=ORIENTED_EDGE('',*,*,#3298,.T.);
#4592=ORIENTED_EDGE('',*,*,#3447,.T.);
#4593=ORIENTED_EDGE('',*,*,#3297,.T.);
#4594=ORIENTED_EDGE('',*,*,#3353,.T.);
#4595=ORIENTED_EDGE('',*,*,#3215,.T.);
#4596=ORIENTED_EDGE('',*,*,#3447,.F.);
#4597=ORIENTED_EDGE('',*,*,#3281,.F.);
#4598=ORIENTED_EDGE('',*,*,#3448,.T.);
#4599=ORIENTED_EDGE('',*,*,#3449,.T.);
#4600=ORIENTED_EDGE('',*,*,#3450,.F.);
#4601=ORIENTED_EDGE('',*,*,#3448,.F.);
#4602=ORIENTED_EDGE('',*,*,#3280,.F.);
#4603=ORIENTED_EDGE('',*,*,#3451,.T.);
#4604=ORIENTED_EDGE('',*,*,#3452,.T.);
#4605=ORIENTED_EDGE('',*,*,#3279,.F.);
#4606=ORIENTED_EDGE('',*,*,#3453,.T.);
#4607=ORIENTED_EDGE('',*,*,#3454,.T.);
#4608=ORIENTED_EDGE('',*,*,#3451,.F.);
#4609=ORIENTED_EDGE('',*,*,#3455,.F.);
#4610=ORIENTED_EDGE('',*,*,#3275,.F.);
#4611=ORIENTED_EDGE('',*,*,#3456,.T.);
#4612=ORIENTED_EDGE('',*,*,#3457,.T.);
#4613=ORIENTED_EDGE('',*,*,#3354,.F.);
#4614=ORIENTED_EDGE('',*,*,#3345,.F.);
#4615=ORIENTED_EDGE('',*,*,#3458,.T.);
#4616=ORIENTED_EDGE('',*,*,#3202,.F.);
#4617=ORIENTED_EDGE('',*,*,#3203,.F.);
#4618=ORIENTED_EDGE('',*,*,#3458,.F.);
#4619=ORIENTED_EDGE('',*,*,#3344,.F.);
#4620=ORIENTED_EDGE('',*,*,#3459,.F.);
#4621=ORIENTED_EDGE('',*,*,#3343,.F.);
#4622=ORIENTED_EDGE('',*,*,#3355,.T.);
#4623=ORIENTED_EDGE('',*,*,#3204,.F.);
#4624=ORIENTED_EDGE('',*,*,#3459,.T.);
#4625=ORIENTED_EDGE('',*,*,#3380,.F.);
#4626=ORIENTED_EDGE('',*,*,#3271,.T.);
#4627=ORIENTED_EDGE('',*,*,#3381,.F.);
#4628=ORIENTED_EDGE('',*,*,#3376,.T.);
#4629=ORIENTED_EDGE('',*,*,#3231,.T.);
#4630=ORIENTED_EDGE('',*,*,#3358,.T.);
#4631=ORIENTED_EDGE('',*,*,#3289,.T.);
#4632=ORIENTED_EDGE('',*,*,#3460,.T.);
#4633=ORIENTED_EDGE('',*,*,#3288,.T.);
#4634=ORIENTED_EDGE('',*,*,#3357,.T.);
#4635=ORIENTED_EDGE('',*,*,#3232,.T.);
#4636=ORIENTED_EDGE('',*,*,#3460,.F.);
#4637=ORIENTED_EDGE('',*,*,#3461,.T.);
#4638=ORIENTED_EDGE('',*,*,#3462,.T.);
#4639=ORIENTED_EDGE('',*,*,#3463,.T.);
#4640=ORIENTED_EDGE('',*,*,#3462,.F.);
#4641=ORIENTED_EDGE('',*,*,#3464,.F.);
#4642=ORIENTED_EDGE('',*,*,#3465,.T.);
#4643=ORIENTED_EDGE('',*,*,#3466,.T.);
#4644=ORIENTED_EDGE('',*,*,#3465,.F.);
#4645=ORIENTED_EDGE('',*,*,#3467,.F.);
#4646=ORIENTED_EDGE('',*,*,#3468,.T.);
#4647=ORIENTED_EDGE('',*,*,#3469,.T.);
#4648=ORIENTED_EDGE('',*,*,#3470,.F.);
#4649=ORIENTED_EDGE('',*,*,#3471,.F.);
#4650=ORIENTED_EDGE('',*,*,#3472,.F.);
#4651=ORIENTED_EDGE('',*,*,#3473,.F.);
#4652=ORIENTED_EDGE('',*,*,#3474,.F.);
#4653=ORIENTED_EDGE('',*,*,#3475,.F.);
#4654=ORIENTED_EDGE('',*,*,#3476,.F.);
#4655=ORIENTED_EDGE('',*,*,#3477,.F.);
#4656=ORIENTED_EDGE('',*,*,#3478,.F.);
#4657=ORIENTED_EDGE('',*,*,#3479,.F.);
#4658=ORIENTED_EDGE('',*,*,#3108,.F.);
#4659=ORIENTED_EDGE('',*,*,#3384,.F.);
#4660=ORIENTED_EDGE('',*,*,#3371,.F.);
#4661=ORIENTED_EDGE('',*,*,#3383,.F.);
#4662=ORIENTED_EDGE('',*,*,#3480,.T.);
#4663=ORIENTED_EDGE('',*,*,#3467,.T.);
#4664=ORIENTED_EDGE('',*,*,#3481,.T.);
#4665=ORIENTED_EDGE('',*,*,#3477,.T.);
#4666=ORIENTED_EDGE('',*,*,#3482,.F.);
#4667=ORIENTED_EDGE('',*,*,#3483,.F.);
#4668=ORIENTED_EDGE('',*,*,#3484,.F.);
#4669=ORIENTED_EDGE('',*,*,#3123,.T.);
#4670=ORIENTED_EDGE('',*,*,#3485,.F.);
#4671=ORIENTED_EDGE('',*,*,#3486,.F.);
#4672=ORIENTED_EDGE('',*,*,#3487,.F.);
#4673=ORIENTED_EDGE('',*,*,#3488,.F.);
#4674=ORIENTED_EDGE('',*,*,#3119,.T.);
#4675=ORIENTED_EDGE('',*,*,#3489,.F.);
#4676=ORIENTED_EDGE('',*,*,#3490,.F.);
#4677=ORIENTED_EDGE('',*,*,#3491,.F.);
#4678=ORIENTED_EDGE('',*,*,#3492,.F.);
#4679=ORIENTED_EDGE('',*,*,#3113,.T.);
#4680=ORIENTED_EDGE('',*,*,#3493,.F.);
#4681=ORIENTED_EDGE('',*,*,#3494,.F.);
#4682=ORIENTED_EDGE('',*,*,#3495,.F.);
#4683=ORIENTED_EDGE('',*,*,#3496,.F.);
#4684=ORIENTED_EDGE('',*,*,#3109,.T.);
#4685=ORIENTED_EDGE('',*,*,#3479,.T.);
#4686=ORIENTED_EDGE('',*,*,#3497,.T.);
#4687=ORIENTED_EDGE('',*,*,#3498,.F.);
#4688=ORIENTED_EDGE('',*,*,#3168,.F.);
#4689=ORIENTED_EDGE('',*,*,#3499,.T.);
#4690=ORIENTED_EDGE('',*,*,#3500,.T.);
#4691=ORIENTED_EDGE('',*,*,#3501,.T.);
#4692=ORIENTED_EDGE('',*,*,#3502,.T.);
#4693=ORIENTED_EDGE('',*,*,#3163,.F.);
#4694=ORIENTED_EDGE('',*,*,#3503,.T.);
#4695=ORIENTED_EDGE('',*,*,#3504,.T.);
#4696=ORIENTED_EDGE('',*,*,#3505,.T.);
#4697=ORIENTED_EDGE('',*,*,#3506,.T.);
#4698=ORIENTED_EDGE('',*,*,#3159,.F.);
#4699=ORIENTED_EDGE('',*,*,#3507,.T.);
#4700=ORIENTED_EDGE('',*,*,#3508,.T.);
#4701=ORIENTED_EDGE('',*,*,#3509,.T.);
#4702=ORIENTED_EDGE('',*,*,#3510,.T.);
#4703=ORIENTED_EDGE('',*,*,#3155,.F.);
#4704=ORIENTED_EDGE('',*,*,#3511,.T.);
#4705=ORIENTED_EDGE('',*,*,#3512,.T.);
#4706=ORIENTED_EDGE('',*,*,#3513,.T.);
#4707=ORIENTED_EDGE('',*,*,#3514,.T.);
#4708=ORIENTED_EDGE('',*,*,#3151,.F.);
#4709=ORIENTED_EDGE('',*,*,#3515,.T.);
#4710=ORIENTED_EDGE('',*,*,#3516,.T.);
#4711=ORIENTED_EDGE('',*,*,#3517,.T.);
#4712=ORIENTED_EDGE('',*,*,#3518,.T.);
#4713=ORIENTED_EDGE('',*,*,#3147,.F.);
#4714=ORIENTED_EDGE('',*,*,#3519,.T.);
#4715=ORIENTED_EDGE('',*,*,#3520,.T.);
#4716=ORIENTED_EDGE('',*,*,#3521,.T.);
#4717=ORIENTED_EDGE('',*,*,#3522,.T.);
#4718=ORIENTED_EDGE('',*,*,#3143,.F.);
#4719=ORIENTED_EDGE('',*,*,#3523,.T.);
#4720=ORIENTED_EDGE('',*,*,#3524,.T.);
#4721=ORIENTED_EDGE('',*,*,#3525,.T.);
#4722=ORIENTED_EDGE('',*,*,#3526,.T.);
#4723=ORIENTED_EDGE('',*,*,#3139,.T.);
#4724=ORIENTED_EDGE('',*,*,#3527,.F.);
#4725=ORIENTED_EDGE('',*,*,#3528,.F.);
#4726=ORIENTED_EDGE('',*,*,#3529,.F.);
#4727=ORIENTED_EDGE('',*,*,#3530,.F.);
#4728=ORIENTED_EDGE('',*,*,#3135,.T.);
#4729=ORIENTED_EDGE('',*,*,#3531,.F.);
#4730=ORIENTED_EDGE('',*,*,#3532,.F.);
#4731=ORIENTED_EDGE('',*,*,#3533,.F.);
#4732=ORIENTED_EDGE('',*,*,#3534,.F.);
#4733=ORIENTED_EDGE('',*,*,#3131,.T.);
#4734=ORIENTED_EDGE('',*,*,#3535,.F.);
#4735=ORIENTED_EDGE('',*,*,#3536,.F.);
#4736=ORIENTED_EDGE('',*,*,#3537,.F.);
#4737=ORIENTED_EDGE('',*,*,#3538,.F.);
#4738=ORIENTED_EDGE('',*,*,#3127,.T.);
#4739=ORIENTED_EDGE('',*,*,#3539,.F.);
#4740=ORIENTED_EDGE('',*,*,#3094,.T.);
#4741=ORIENTED_EDGE('',*,*,#3071,.T.);
#4742=ORIENTED_EDGE('',*,*,#3088,.T.);
#4743=ORIENTED_EDGE('',*,*,#3540,.T.);
#4744=ORIENTED_EDGE('',*,*,#3541,.F.);
#4745=ORIENTED_EDGE('',*,*,#3261,.T.);
#4746=ORIENTED_EDGE('',*,*,#3542,.F.);
#4747=ORIENTED_EDGE('',*,*,#3543,.T.);
#4748=ORIENTED_EDGE('',*,*,#3544,.T.);
#4749=ORIENTED_EDGE('',*,*,#3545,.F.);
#4750=ORIENTED_EDGE('',*,*,#3136,.T.);
#4751=ORIENTED_EDGE('',*,*,#3530,.T.);
#4752=ORIENTED_EDGE('',*,*,#3137,.T.);
#4753=ORIENTED_EDGE('',*,*,#3545,.T.);
#4754=ORIENTED_EDGE('',*,*,#3546,.T.);
#4755=ORIENTED_EDGE('',*,*,#3547,.T.);
#4756=ORIENTED_EDGE('',*,*,#3548,.F.);
#4757=ORIENTED_EDGE('',*,*,#3262,.T.);
#4758=ORIENTED_EDGE('',*,*,#3541,.T.);
#4759=ORIENTED_EDGE('',*,*,#3549,.T.);
#4760=ORIENTED_EDGE('',*,*,#3263,.T.);
#4761=ORIENTED_EDGE('',*,*,#3548,.T.);
#4762=ORIENTED_EDGE('',*,*,#3550,.T.);
#4763=ORIENTED_EDGE('',*,*,#3551,.T.);
#4764=ORIENTED_EDGE('',*,*,#3264,.T.);
#4765=ORIENTED_EDGE('',*,*,#3551,.F.);
#4766=ORIENTED_EDGE('',*,*,#3552,.T.);
#4767=ORIENTED_EDGE('',*,*,#3086,.T.);
#4768=ORIENTED_EDGE('',*,*,#3494,.T.);
#4769=ORIENTED_EDGE('',*,*,#3553,.T.);
#4770=ORIENTED_EDGE('',*,*,#3554,.T.);
#4771=ORIENTED_EDGE('',*,*,#3555,.T.);
#4772=ORIENTED_EDGE('',*,*,#3495,.T.);
#4773=ORIENTED_EDGE('',*,*,#3555,.F.);
#4774=ORIENTED_EDGE('',*,*,#3556,.T.);
#4775=ORIENTED_EDGE('',*,*,#3557,.T.);
#4776=ORIENTED_EDGE('',*,*,#3529,.T.);
#4777=ORIENTED_EDGE('',*,*,#3528,.T.);
#4778=ORIENTED_EDGE('',*,*,#3558,.T.);
#4779=ORIENTED_EDGE('',*,*,#3559,.T.);
#4780=ORIENTED_EDGE('',*,*,#3560,.T.);
#4781=ORIENTED_EDGE('',*,*,#3542,.T.);
#4782=ORIENTED_EDGE('',*,*,#3483,.T.);
#4783=ORIENTED_EDGE('',*,*,#3561,.T.);
#4784=ORIENTED_EDGE('',*,*,#3562,.T.);
#4785=ORIENTED_EDGE('',*,*,#3563,.T.);
#4786=ORIENTED_EDGE('',*,*,#3482,.T.);
#4787=ORIENTED_EDGE('',*,*,#3564,.T.);
#4788=ORIENTED_EDGE('',*,*,#3565,.T.);
#4789=ORIENTED_EDGE('',*,*,#3561,.F.);
#4790=ORIENTED_EDGE('',*,*,#3536,.T.);
#4791=ORIENTED_EDGE('',*,*,#3566,.T.);
#4792=ORIENTED_EDGE('',*,*,#3567,.T.);
#4793=ORIENTED_EDGE('',*,*,#3568,.T.);
#4794=ORIENTED_EDGE('',*,*,#3569,.T.);
#4795=ORIENTED_EDGE('',*,*,#3537,.T.);
#4796=ORIENTED_EDGE('',*,*,#3490,.T.);
#4797=ORIENTED_EDGE('',*,*,#3570,.T.);
#4798=ORIENTED_EDGE('',*,*,#3571,.T.);
#4799=ORIENTED_EDGE('',*,*,#3572,.T.);
#4800=ORIENTED_EDGE('',*,*,#3491,.T.);
#4801=ORIENTED_EDGE('',*,*,#3572,.F.);
#4802=ORIENTED_EDGE('',*,*,#3573,.T.);
#4803=ORIENTED_EDGE('',*,*,#3574,.T.);
#4804=ORIENTED_EDGE('',*,*,#3259,.T.);
#4805=ORIENTED_EDGE('',*,*,#3575,.T.);
#4806=ORIENTED_EDGE('',*,*,#3576,.T.);
#4807=ORIENTED_EDGE('',*,*,#3577,.T.);
#4808=ORIENTED_EDGE('',*,*,#3533,.T.);
#4809=ORIENTED_EDGE('',*,*,#3532,.T.);
#4810=ORIENTED_EDGE('',*,*,#3578,.T.);
#4811=ORIENTED_EDGE('',*,*,#3579,.T.);
#4812=ORIENTED_EDGE('',*,*,#3580,.T.);
#4813=ORIENTED_EDGE('',*,*,#3581,.T.);
#4814=ORIENTED_EDGE('',*,*,#3487,.T.);
#4815=ORIENTED_EDGE('',*,*,#3582,.T.);
#4816=ORIENTED_EDGE('',*,*,#3583,.T.);
#4817=ORIENTED_EDGE('',*,*,#3584,.T.);
#4818=ORIENTED_EDGE('',*,*,#3486,.T.);
#4819=ORIENTED_EDGE('',*,*,#3585,.T.);
#4820=ORIENTED_EDGE('',*,*,#3586,.T.);
#4821=ORIENTED_EDGE('',*,*,#3582,.F.);
#4822=ORIENTED_EDGE('',*,*,#3558,.F.);
#4823=ORIENTED_EDGE('',*,*,#3527,.T.);
#4824=ORIENTED_EDGE('',*,*,#3138,.T.);
#4825=ORIENTED_EDGE('',*,*,#3547,.F.);
#4826=ORIENTED_EDGE('',*,*,#3587,.T.);
#4827=ORIENTED_EDGE('',*,*,#3588,.T.);
#4828=ORIENTED_EDGE('',*,*,#3589,.T.);
#4829=ORIENTED_EDGE('',*,*,#3590,.T.);
#4830=ORIENTED_EDGE('',*,*,#3591,.F.);
#4831=ORIENTED_EDGE('',*,*,#3590,.F.);
#4832=ORIENTED_EDGE('',*,*,#3169,.T.);
#4833=ORIENTED_EDGE('',*,*,#3498,.T.);
#4834=ORIENTED_EDGE('',*,*,#3592,.T.);
#4835=ORIENTED_EDGE('',*,*,#3593,.T.);
#4836=ORIENTED_EDGE('',*,*,#3594,.T.);
#4837=ORIENTED_EDGE('',*,*,#3595,.F.);
#4838=ORIENTED_EDGE('',*,*,#3596,.F.);
#4839=ORIENTED_EDGE('',*,*,#3597,.F.);
#4840=ORIENTED_EDGE('',*,*,#3598,.F.);
#4841=ORIENTED_EDGE('',*,*,#3599,.F.);
#4842=ORIENTED_EDGE('',*,*,#3378,.F.);
#4843=ORIENTED_EDGE('',*,*,#3373,.F.);
#4844=ORIENTED_EDGE('',*,*,#3385,.T.);
#4845=ORIENTED_EDGE('',*,*,#3600,.F.);
#4846=ORIENTED_EDGE('',*,*,#3593,.F.);
#4847=ORIENTED_EDGE('',*,*,#3601,.F.);
#4848=ORIENTED_EDGE('',*,*,#3469,.F.);
#4849=ORIENTED_EDGE('',*,*,#3602,.T.);
#4850=ORIENTED_EDGE('',*,*,#3250,.F.);
#4851=ORIENTED_EDGE('',*,*,#3603,.T.);
#4852=ORIENTED_EDGE('',*,*,#3604,.F.);
#4853=ORIENTED_EDGE('',*,*,#3254,.F.);
#4854=ORIENTED_EDGE('',*,*,#3605,.T.);
#4855=ORIENTED_EDGE('',*,*,#3606,.F.);
#4856=ORIENTED_EDGE('',*,*,#3603,.F.);
#4857=ORIENTED_EDGE('',*,*,#3607,.T.);
#4858=ORIENTED_EDGE('',*,*,#3523,.F.);
#4859=ORIENTED_EDGE('',*,*,#3142,.F.);
#4860=ORIENTED_EDGE('',*,*,#3608,.T.);
#4861=ORIENTED_EDGE('',*,*,#3609,.F.);
#4862=ORIENTED_EDGE('',*,*,#3610,.F.);
#4863=ORIENTED_EDGE('',*,*,#3141,.F.);
#4864=ORIENTED_EDGE('',*,*,#3611,.F.);
#4865=ORIENTED_EDGE('',*,*,#3612,.F.);
#4866=ORIENTED_EDGE('',*,*,#3608,.F.);
#4867=ORIENTED_EDGE('',*,*,#3613,.T.);
#4868=ORIENTED_EDGE('',*,*,#3614,.F.);
#4869=ORIENTED_EDGE('',*,*,#3605,.F.);
#4870=ORIENTED_EDGE('',*,*,#3253,.F.);
#4871=ORIENTED_EDGE('',*,*,#3252,.F.);
#4872=ORIENTED_EDGE('',*,*,#3615,.F.);
#4873=ORIENTED_EDGE('',*,*,#3616,.F.);
#4874=ORIENTED_EDGE('',*,*,#3613,.F.);
#4875=ORIENTED_EDGE('',*,*,#3251,.F.);
#4876=ORIENTED_EDGE('',*,*,#3602,.F.);
#4877=ORIENTED_EDGE('',*,*,#3617,.F.);
#4878=ORIENTED_EDGE('',*,*,#3615,.T.);
#4879=ORIENTED_EDGE('',*,*,#3618,.T.);
#4880=ORIENTED_EDGE('',*,*,#3164,.F.);
#4881=ORIENTED_EDGE('',*,*,#3502,.F.);
#4882=ORIENTED_EDGE('',*,*,#3619,.T.);
#4883=ORIENTED_EDGE('',*,*,#3620,.F.);
#4884=ORIENTED_EDGE('',*,*,#3621,.F.);
#4885=ORIENTED_EDGE('',*,*,#3501,.F.);
#4886=ORIENTED_EDGE('',*,*,#3622,.F.);
#4887=ORIENTED_EDGE('',*,*,#3623,.F.);
#4888=ORIENTED_EDGE('',*,*,#3619,.F.);
#4889=ORIENTED_EDGE('',*,*,#3500,.F.);
#4890=ORIENTED_EDGE('',*,*,#3624,.F.);
#4891=ORIENTED_EDGE('',*,*,#3625,.F.);
#4892=ORIENTED_EDGE('',*,*,#3622,.T.);
#4893=ORIENTED_EDGE('',*,*,#3626,.T.);
#4894=ORIENTED_EDGE('',*,*,#3249,.F.);
#4895=ORIENTED_EDGE('',*,*,#3627,.T.);
#4896=ORIENTED_EDGE('',*,*,#3628,.F.);
#4897=ORIENTED_EDGE('',*,*,#3248,.F.);
#4898=ORIENTED_EDGE('',*,*,#3629,.F.);
#4899=ORIENTED_EDGE('',*,*,#3630,.F.);
#4900=ORIENTED_EDGE('',*,*,#3627,.F.);
#4901=ORIENTED_EDGE('',*,*,#3524,.F.);
#4902=ORIENTED_EDGE('',*,*,#3607,.F.);
#4903=ORIENTED_EDGE('',*,*,#3631,.F.);
#4904=ORIENTED_EDGE('',*,*,#3632,.F.);
#4905=ORIENTED_EDGE('',*,*,#3633,.F.);
#4906=ORIENTED_EDGE('',*,*,#3525,.F.);
#4907=ORIENTED_EDGE('',*,*,#3512,.F.);
#4908=ORIENTED_EDGE('',*,*,#3634,.F.);
#4909=ORIENTED_EDGE('',*,*,#3635,.F.);
#4910=ORIENTED_EDGE('',*,*,#3636,.F.);
#4911=ORIENTED_EDGE('',*,*,#3513,.F.);
#4912=ORIENTED_EDGE('',*,*,#3636,.T.);
#4913=ORIENTED_EDGE('',*,*,#3637,.F.);
#4914=ORIENTED_EDGE('',*,*,#3638,.F.);
#4915=ORIENTED_EDGE('',*,*,#3517,.F.);
#4916=ORIENTED_EDGE('',*,*,#3516,.F.);
#4917=ORIENTED_EDGE('',*,*,#3639,.F.);
#4918=ORIENTED_EDGE('',*,*,#3640,.F.);
#4919=ORIENTED_EDGE('',*,*,#3641,.F.);
#4920=ORIENTED_EDGE('',*,*,#3642,.F.);
#4921=ORIENTED_EDGE('',*,*,#3505,.F.);
#4922=ORIENTED_EDGE('',*,*,#3643,.F.);
#4923=ORIENTED_EDGE('',*,*,#3644,.F.);
#4924=ORIENTED_EDGE('',*,*,#3645,.F.);
#4925=ORIENTED_EDGE('',*,*,#3504,.F.);
#4926=ORIENTED_EDGE('',*,*,#3646,.F.);
#4927=ORIENTED_EDGE('',*,*,#3647,.F.);
#4928=ORIENTED_EDGE('',*,*,#3643,.T.);
#4929=ORIENTED_EDGE('',*,*,#3648,.T.);
#4930=ORIENTED_EDGE('',*,*,#3649,.F.);
#4931=ORIENTED_EDGE('',*,*,#3629,.T.);
#4932=ORIENTED_EDGE('',*,*,#3247,.F.);
#4933=ORIENTED_EDGE('',*,*,#3246,.F.);
#4934=ORIENTED_EDGE('',*,*,#3626,.F.);
#4935=ORIENTED_EDGE('',*,*,#3650,.F.);
#4936=ORIENTED_EDGE('',*,*,#3648,.F.);
#4937=ORIENTED_EDGE('',*,*,#3651,.T.);
#4938=ORIENTED_EDGE('',*,*,#3652,.F.);
#4939=ORIENTED_EDGE('',*,*,#3653,.F.);
#4940=ORIENTED_EDGE('',*,*,#3624,.T.);
#4941=ORIENTED_EDGE('',*,*,#3499,.F.);
#4942=ORIENTED_EDGE('',*,*,#3167,.F.);
#4943=ORIENTED_EDGE('',*,*,#3166,.F.);
#4944=ORIENTED_EDGE('',*,*,#3654,.F.);
#4945=ORIENTED_EDGE('',*,*,#3655,.F.);
#4946=ORIENTED_EDGE('',*,*,#3651,.F.);
#4947=ORIENTED_EDGE('',*,*,#3165,.F.);
#4948=ORIENTED_EDGE('',*,*,#3618,.F.);
#4949=ORIENTED_EDGE('',*,*,#3656,.F.);
#4950=ORIENTED_EDGE('',*,*,#3654,.T.);
#4951=ORIENTED_EDGE('',*,*,#3520,.F.);
#4952=ORIENTED_EDGE('',*,*,#3657,.F.);
#4953=ORIENTED_EDGE('',*,*,#3658,.F.);
#4954=ORIENTED_EDGE('',*,*,#3659,.F.);
#4955=ORIENTED_EDGE('',*,*,#3660,.F.);
#4956=ORIENTED_EDGE('',*,*,#3521,.F.);
#4957=ORIENTED_EDGE('',*,*,#3661,.F.);
#4958=ORIENTED_EDGE('',*,*,#3662,.F.);
#4959=ORIENTED_EDGE('',*,*,#3663,.F.);
#4960=ORIENTED_EDGE('',*,*,#3646,.T.);
#4961=ORIENTED_EDGE('',*,*,#3503,.F.);
#4962=ORIENTED_EDGE('',*,*,#3162,.F.);
#4963=ORIENTED_EDGE('',*,*,#3508,.F.);
#4964=ORIENTED_EDGE('',*,*,#3664,.F.);
#4965=ORIENTED_EDGE('',*,*,#3665,.F.);
#4966=ORIENTED_EDGE('',*,*,#3666,.F.);
#4967=ORIENTED_EDGE('',*,*,#3243,.F.);
#4968=ORIENTED_EDGE('',*,*,#3667,.F.);
#4969=ORIENTED_EDGE('',*,*,#3668,.F.);
#4970=ORIENTED_EDGE('',*,*,#3669,.F.);
#4971=ORIENTED_EDGE('',*,*,#3509,.F.);
#4972=ORIENTED_EDGE('',*,*,#3666,.T.);
#4973=ORIENTED_EDGE('',*,*,#3670,.F.);
#4974=ORIENTED_EDGE('',*,*,#3671,.F.);
#4975=ORIENTED_EDGE('',*,*,#3633,.T.);
#4976=ORIENTED_EDGE('',*,*,#3672,.F.);
#4977=ORIENTED_EDGE('',*,*,#3673,.F.);
#4978=ORIENTED_EDGE('',*,*,#3611,.T.);
#4979=ORIENTED_EDGE('',*,*,#3140,.F.);
#4980=ORIENTED_EDGE('',*,*,#3526,.F.);
#4981=ORIENTED_EDGE('',*,*,#3674,.T.);
#4982=ORIENTED_EDGE('',*,*,#3675,.T.);
#4983=ORIENTED_EDGE('',*,*,#3676,.F.);
#4984=ORIENTED_EDGE('',*,*,#3472,.T.);
#4985=ORIENTED_EDGE('',*,*,#3676,.T.);
#4986=ORIENTED_EDGE('',*,*,#3677,.T.);
#4987=ORIENTED_EDGE('',*,*,#3678,.F.);
#4988=ORIENTED_EDGE('',*,*,#3473,.T.);
#4989=ORIENTED_EDGE('',*,*,#3678,.T.);
#4990=ORIENTED_EDGE('',*,*,#3679,.T.);
#4991=ORIENTED_EDGE('',*,*,#3680,.F.);
#4992=ORIENTED_EDGE('',*,*,#3474,.T.);
#4993=ORIENTED_EDGE('',*,*,#3681,.T.);
#4994=ORIENTED_EDGE('',*,*,#3475,.T.);
#4995=ORIENTED_EDGE('',*,*,#3680,.T.);
#4996=ORIENTED_EDGE('',*,*,#3682,.T.);
#4997=ORIENTED_EDGE('',*,*,#3683,.F.);
#4998=ORIENTED_EDGE('',*,*,#3684,.T.);
#4999=ORIENTED_EDGE('',*,*,#3682,.F.);
#5000=ORIENTED_EDGE('',*,*,#3685,.F.);
#5001=ORIENTED_EDGE('',*,*,#3686,.F.);
#5002=ORIENTED_EDGE('',*,*,#3685,.T.);
#5003=ORIENTED_EDGE('',*,*,#3679,.F.);
#5004=ORIENTED_EDGE('',*,*,#3687,.T.);
#5005=ORIENTED_EDGE('',*,*,#3688,.F.);
#5006=ORIENTED_EDGE('',*,*,#3687,.F.);
#5007=ORIENTED_EDGE('',*,*,#3677,.F.);
#5008=ORIENTED_EDGE('',*,*,#3689,.T.);
#5009=ORIENTED_EDGE('',*,*,#3690,.F.);
#5010=ORIENTED_EDGE('',*,*,#3556,.F.);
#5011=ORIENTED_EDGE('',*,*,#3554,.F.);
#5012=ORIENTED_EDGE('',*,*,#3691,.F.);
#5013=ORIENTED_EDGE('',*,*,#3692,.T.);
#5014=ORIENTED_EDGE('',*,*,#3693,.F.);
#5015=ORIENTED_EDGE('',*,*,#3573,.F.);
#5016=ORIENTED_EDGE('',*,*,#3571,.F.);
#5017=ORIENTED_EDGE('',*,*,#3694,.F.);
#5018=ORIENTED_EDGE('',*,*,#3695,.T.);
#5019=ORIENTED_EDGE('',*,*,#3696,.F.);
#5020=ORIENTED_EDGE('',*,*,#3583,.F.);
#5021=ORIENTED_EDGE('',*,*,#3586,.F.);
#5022=ORIENTED_EDGE('',*,*,#3697,.F.);
#5023=ORIENTED_EDGE('',*,*,#3698,.T.);
#5024=ORIENTED_EDGE('',*,*,#3699,.F.);
#5025=ORIENTED_EDGE('',*,*,#3562,.F.);
#5026=ORIENTED_EDGE('',*,*,#3565,.F.);
#5027=ORIENTED_EDGE('',*,*,#3700,.F.);
#5028=ORIENTED_EDGE('',*,*,#3701,.T.);
#5029=ORIENTED_EDGE('',*,*,#3702,.F.);
#5030=ORIENTED_EDGE('',*,*,#3568,.F.);
#5031=ORIENTED_EDGE('',*,*,#3567,.F.);
#5032=ORIENTED_EDGE('',*,*,#3703,.F.);
#5033=ORIENTED_EDGE('',*,*,#3704,.T.);
#5034=ORIENTED_EDGE('',*,*,#3705,.F.);
#5035=ORIENTED_EDGE('',*,*,#3580,.F.);
#5036=ORIENTED_EDGE('',*,*,#3579,.F.);
#5037=ORIENTED_EDGE('',*,*,#3706,.F.);
#5038=ORIENTED_EDGE('',*,*,#3707,.T.);
#5039=ORIENTED_EDGE('',*,*,#3543,.F.);
#5040=ORIENTED_EDGE('',*,*,#3560,.F.);
#5041=ORIENTED_EDGE('',*,*,#3559,.F.);
#5042=ORIENTED_EDGE('',*,*,#3588,.F.);
#5043=ORIENTED_EDGE('',*,*,#3708,.T.);
#5044=ORIENTED_EDGE('',*,*,#3672,.T.);
#5045=ORIENTED_EDGE('',*,*,#3632,.T.);
#5046=ORIENTED_EDGE('',*,*,#3631,.T.);
#5047=ORIENTED_EDGE('',*,*,#3610,.T.);
#5048=ORIENTED_EDGE('',*,*,#3709,.F.);
#5049=ORIENTED_EDGE('',*,*,#3710,.T.);
#5050=ORIENTED_EDGE('',*,*,#3659,.T.);
#5051=ORIENTED_EDGE('',*,*,#3658,.T.);
#5052=ORIENTED_EDGE('',*,*,#3711,.T.);
#5053=ORIENTED_EDGE('',*,*,#3712,.F.);
#5054=ORIENTED_EDGE('',*,*,#3713,.T.);
#5055=ORIENTED_EDGE('',*,*,#3641,.T.);
#5056=ORIENTED_EDGE('',*,*,#3640,.T.);
#5057=ORIENTED_EDGE('',*,*,#3714,.T.);
#5058=ORIENTED_EDGE('',*,*,#3715,.F.);
#5059=ORIENTED_EDGE('',*,*,#3716,.T.);
#5060=ORIENTED_EDGE('',*,*,#3637,.T.);
#5061=ORIENTED_EDGE('',*,*,#3635,.T.);
#5062=ORIENTED_EDGE('',*,*,#3717,.T.);
#5063=ORIENTED_EDGE('',*,*,#3718,.F.);
#5064=ORIENTED_EDGE('',*,*,#3719,.T.);
#5065=ORIENTED_EDGE('',*,*,#3670,.T.);
#5066=ORIENTED_EDGE('',*,*,#3665,.T.);
#5067=ORIENTED_EDGE('',*,*,#3720,.T.);
#5068=ORIENTED_EDGE('',*,*,#3721,.F.);
#5069=ORIENTED_EDGE('',*,*,#3722,.T.);
#5070=ORIENTED_EDGE('',*,*,#3644,.T.);
#5071=ORIENTED_EDGE('',*,*,#3647,.T.);
#5072=ORIENTED_EDGE('',*,*,#3663,.T.);
#5073=ORIENTED_EDGE('',*,*,#3723,.F.);
#5074=ORIENTED_EDGE('',*,*,#3620,.T.);
#5075=ORIENTED_EDGE('',*,*,#3623,.T.);
#5076=ORIENTED_EDGE('',*,*,#3625,.T.);
#5077=ORIENTED_EDGE('',*,*,#3653,.T.);
#5078=ORIENTED_EDGE('',*,*,#3724,.F.);
#5079=ORIENTED_EDGE('',*,*,#3599,.T.);
#5080=ORIENTED_EDGE('',*,*,#3725,.F.);
#5081=ORIENTED_EDGE('',*,*,#3272,.T.);
#5082=ORIENTED_EDGE('',*,*,#3379,.T.);
#5083=ORIENTED_EDGE('',*,*,#3725,.T.);
#5084=ORIENTED_EDGE('',*,*,#3598,.T.);
#5085=ORIENTED_EDGE('',*,*,#3726,.F.);
#5086=ORIENTED_EDGE('',*,*,#3727,.T.);
#5087=ORIENTED_EDGE('',*,*,#3726,.T.);
#5088=ORIENTED_EDGE('',*,*,#3597,.T.);
#5089=ORIENTED_EDGE('',*,*,#3728,.F.);
#5090=ORIENTED_EDGE('',*,*,#3688,.T.);
#5091=ORIENTED_EDGE('',*,*,#3728,.T.);
#5092=ORIENTED_EDGE('',*,*,#3596,.T.);
#5093=ORIENTED_EDGE('',*,*,#3729,.F.);
#5094=ORIENTED_EDGE('',*,*,#3686,.T.);
#5095=ORIENTED_EDGE('',*,*,#3730,.T.);
#5096=ORIENTED_EDGE('',*,*,#3683,.T.);
#5097=ORIENTED_EDGE('',*,*,#3729,.T.);
#5098=ORIENTED_EDGE('',*,*,#3595,.T.);
#5099=ORIENTED_EDGE('',*,*,#3731,.F.);
#5100=ORIENTED_EDGE('',*,*,#3732,.F.);
#5101=ORIENTED_EDGE('',*,*,#3733,.F.);
#5102=ORIENTED_EDGE('',*,*,#3734,.F.);
#5103=ORIENTED_EDGE('',*,*,#3735,.F.);
#5104=ORIENTED_EDGE('',*,*,#3736,.F.);
#5105=ORIENTED_EDGE('',*,*,#3737,.F.);
#5106=ORIENTED_EDGE('',*,*,#3738,.F.);
#5107=ORIENTED_EDGE('',*,*,#3739,.T.);
#5108=ORIENTED_EDGE('',*,*,#3740,.T.);
#5109=ORIENTED_EDGE('',*,*,#3741,.T.);
#5110=ORIENTED_EDGE('',*,*,#3732,.T.);
#5111=ORIENTED_EDGE('',*,*,#3742,.F.);
#5112=ORIENTED_EDGE('',*,*,#3730,.F.);
#5113=ORIENTED_EDGE('',*,*,#3743,.T.);
#5114=ORIENTED_EDGE('',*,*,#3733,.T.);
#5115=ORIENTED_EDGE('',*,*,#3743,.F.);
#5116=ORIENTED_EDGE('',*,*,#3594,.F.);
#5117=ORIENTED_EDGE('',*,*,#3744,.T.);
#5118=ORIENTED_EDGE('',*,*,#3734,.T.);
#5119=ORIENTED_EDGE('',*,*,#3744,.F.);
#5120=ORIENTED_EDGE('',*,*,#3600,.T.);
#5121=ORIENTED_EDGE('',*,*,#3745,.T.);
#5122=ORIENTED_EDGE('',*,*,#3735,.T.);
#5123=ORIENTED_EDGE('',*,*,#3745,.F.);
#5124=ORIENTED_EDGE('',*,*,#3468,.F.);
#5125=ORIENTED_EDGE('',*,*,#3746,.T.);
#5126=ORIENTED_EDGE('',*,*,#3736,.T.);
#5127=ORIENTED_EDGE('',*,*,#3746,.F.);
#5128=ORIENTED_EDGE('',*,*,#3480,.F.);
#5129=ORIENTED_EDGE('',*,*,#3747,.T.);
#5130=ORIENTED_EDGE('',*,*,#3737,.T.);
#5131=ORIENTED_EDGE('',*,*,#3747,.F.);
#5132=ORIENTED_EDGE('',*,*,#3476,.T.);
#5133=ORIENTED_EDGE('',*,*,#3748,.T.);
#5134=ORIENTED_EDGE('',*,*,#3738,.T.);
#5135=ORIENTED_EDGE('',*,*,#3748,.F.);
#5136=ORIENTED_EDGE('',*,*,#3681,.F.);
#5137=ORIENTED_EDGE('',*,*,#3749,.T.);
#5138=ORIENTED_EDGE('',*,*,#3731,.T.);
#5139=ORIENTED_EDGE('',*,*,#3749,.F.);
#5140=ORIENTED_EDGE('',*,*,#3684,.F.);
#5141=ORIENTED_EDGE('',*,*,#3742,.T.);
#5142=ORIENTED_EDGE('',*,*,#3466,.F.);
#5143=ORIENTED_EDGE('',*,*,#3750,.T.);
#5144=ORIENTED_EDGE('',*,*,#3741,.F.);
#5145=ORIENTED_EDGE('',*,*,#3750,.F.);
#5146=ORIENTED_EDGE('',*,*,#3591,.T.);
#5147=ORIENTED_EDGE('',*,*,#3751,.T.);
#5148=ORIENTED_EDGE('',*,*,#3740,.F.);
#5149=ORIENTED_EDGE('',*,*,#3751,.F.);
#5150=ORIENTED_EDGE('',*,*,#3463,.F.);
#5151=ORIENTED_EDGE('',*,*,#3752,.T.);
#5152=ORIENTED_EDGE('',*,*,#3739,.F.);
#5153=ORIENTED_EDGE('',*,*,#3752,.F.);
#5154=ORIENTED_EDGE('',*,*,#3753,.F.);
#5155=ORIENTED_EDGE('',*,*,#3754,.T.);
#5156=ORIENTED_EDGE('',*,*,#3755,.T.);
#5157=ORIENTED_EDGE('',*,*,#3456,.F.);
#5158=ORIENTED_EDGE('',*,*,#3274,.F.);
#5159=ORIENTED_EDGE('',*,*,#3756,.T.);
#5160=ORIENTED_EDGE('',*,*,#3757,.T.);
#5161=ORIENTED_EDGE('',*,*,#3075,.T.);
#5162=ORIENTED_EDGE('',*,*,#3757,.F.);
#5163=ORIENTED_EDGE('',*,*,#3265,.F.);
#5164=ORIENTED_EDGE('',*,*,#3102,.F.);
#5165=ORIENTED_EDGE('',*,*,#3758,.T.);
#5166=ORIENTED_EDGE('',*,*,#3391,.T.);
#5167=ORIENTED_EDGE('',*,*,#3759,.T.);
#5168=ORIENTED_EDGE('',*,*,#3100,.T.);
#5169=ORIENTED_EDGE('',*,*,#3257,.F.);
#5170=ORIENTED_EDGE('',*,*,#3760,.F.);
#5171=ORIENTED_EDGE('',*,*,#3761,.T.);
#5172=ORIENTED_EDGE('',*,*,#3762,.T.);
#5173=ORIENTED_EDGE('',*,*,#3073,.T.);
#5174=ORIENTED_EDGE('',*,*,#3762,.F.);
#5175=ORIENTED_EDGE('',*,*,#3763,.F.);
#5176=ORIENTED_EDGE('',*,*,#3764,.F.);
#5177=ORIENTED_EDGE('',*,*,#3765,.T.);
#5178=ORIENTED_EDGE('',*,*,#3766,.T.);
#5179=ORIENTED_EDGE('',*,*,#3767,.F.);
#5180=ORIENTED_EDGE('',*,*,#3768,.T.);
#5181=ORIENTED_EDGE('',*,*,#3239,.F.);
#5182=ORIENTED_EDGE('',*,*,#3388,.F.);
#5183=ORIENTED_EDGE('',*,*,#3769,.F.);
#5184=ORIENTED_EDGE('',*,*,#3770,.T.);
#5185=ORIENTED_EDGE('',*,*,#3771,.T.);
#5186=ORIENTED_EDGE('',*,*,#3754,.F.);
#5187=ORIENTED_EDGE('',*,*,#3772,.T.);
#5188=ORIENTED_EDGE('',*,*,#3766,.F.);
#5189=ORIENTED_EDGE('',*,*,#3773,.T.);
#5190=ORIENTED_EDGE('',*,*,#3774,.T.);
#5191=ORIENTED_EDGE('',*,*,#3775,.T.);
#5192=ORIENTED_EDGE('',*,*,#3776,.F.);
#5193=ORIENTED_EDGE('',*,*,#3777,.T.);
#5194=ORIENTED_EDGE('',*,*,#3764,.T.);
#5195=ORIENTED_EDGE('',*,*,#3767,.T.);
#5196=ORIENTED_EDGE('',*,*,#3772,.F.);
#5197=ORIENTED_EDGE('',*,*,#3778,.T.);
#5198=ORIENTED_EDGE('',*,*,#3779,.T.);
#5199=ORIENTED_EDGE('',*,*,#3240,.F.);
#5200=ORIENTED_EDGE('',*,*,#3768,.F.);
#5201=ORIENTED_EDGE('',*,*,#3779,.F.);
#5202=ORIENTED_EDGE('',*,*,#3780,.T.);
#5203=ORIENTED_EDGE('',*,*,#3781,.T.);
#5204=ORIENTED_EDGE('',*,*,#3760,.T.);
#5205=ORIENTED_EDGE('',*,*,#3256,.F.);
#5206=ORIENTED_EDGE('',*,*,#3782,.F.);
#5207=ORIENTED_EDGE('',*,*,#3783,.T.);
#5208=ORIENTED_EDGE('',*,*,#3782,.T.);
#5209=ORIENTED_EDGE('',*,*,#3255,.F.);
#5210=ORIENTED_EDGE('',*,*,#3082,.F.);
#5211=ORIENTED_EDGE('',*,*,#3784,.F.);
#5212=ORIENTED_EDGE('',*,*,#3785,.T.);
#5213=ORIENTED_EDGE('',*,*,#3786,.T.);
#5214=ORIENTED_EDGE('',*,*,#3787,.F.);
#5215=ORIENTED_EDGE('',*,*,#3788,.F.);
#5216=ORIENTED_EDGE('',*,*,#3787,.T.);
#5217=ORIENTED_EDGE('',*,*,#3789,.T.);
#5218=ORIENTED_EDGE('',*,*,#3790,.F.);
#5219=ORIENTED_EDGE('',*,*,#3791,.F.);
#5220=ORIENTED_EDGE('',*,*,#3790,.T.);
#5221=ORIENTED_EDGE('',*,*,#3792,.T.);
#5222=ORIENTED_EDGE('',*,*,#3793,.F.);
#5223=ORIENTED_EDGE('',*,*,#3794,.F.);
#5224=ORIENTED_EDGE('',*,*,#3793,.T.);
#5225=ORIENTED_EDGE('',*,*,#3795,.T.);
#5226=ORIENTED_EDGE('',*,*,#3796,.F.);
#5227=ORIENTED_EDGE('',*,*,#3797,.F.);
#5228=ORIENTED_EDGE('',*,*,#3796,.T.);
#5229=ORIENTED_EDGE('',*,*,#3798,.T.);
#5230=ORIENTED_EDGE('',*,*,#3799,.F.);
#5231=ORIENTED_EDGE('',*,*,#3800,.F.);
#5232=ORIENTED_EDGE('',*,*,#3801,.T.);
#5233=ORIENTED_EDGE('',*,*,#3802,.T.);
#5234=ORIENTED_EDGE('',*,*,#3803,.F.);
#5235=ORIENTED_EDGE('',*,*,#3804,.F.);
#5236=ORIENTED_EDGE('',*,*,#3803,.T.);
#5237=ORIENTED_EDGE('',*,*,#3805,.T.);
#5238=ORIENTED_EDGE('',*,*,#3785,.F.);
#5239=ORIENTED_EDGE('',*,*,#3806,.F.);
#5240=ORIENTED_EDGE('',*,*,#3807,.T.);
#5241=ORIENTED_EDGE('',*,*,#3697,.T.);
#5242=ORIENTED_EDGE('',*,*,#3585,.F.);
#5243=ORIENTED_EDGE('',*,*,#3485,.T.);
#5244=ORIENTED_EDGE('',*,*,#3122,.T.);
#5245=ORIENTED_EDGE('',*,*,#3121,.T.);
#5246=ORIENTED_EDGE('',*,*,#3808,.F.);
#5247=ORIENTED_EDGE('',*,*,#3809,.T.);
#5248=ORIENTED_EDGE('',*,*,#3806,.T.);
#5249=ORIENTED_EDGE('',*,*,#3810,.F.);
#5250=ORIENTED_EDGE('',*,*,#3811,.F.);
#5251=ORIENTED_EDGE('',*,*,#3667,.T.);
#5252=ORIENTED_EDGE('',*,*,#3242,.F.);
#5253=ORIENTED_EDGE('',*,*,#3812,.T.);
#5254=ORIENTED_EDGE('',*,*,#3160,.F.);
#5255=ORIENTED_EDGE('',*,*,#3506,.F.);
#5256=ORIENTED_EDGE('',*,*,#3645,.T.);
#5257=ORIENTED_EDGE('',*,*,#3722,.F.);
#5258=ORIENTED_EDGE('',*,*,#3813,.F.);
#5259=ORIENTED_EDGE('',*,*,#3814,.F.);
#5260=ORIENTED_EDGE('',*,*,#3815,.F.);
#5261=ORIENTED_EDGE('',*,*,#3720,.F.);
#5262=ORIENTED_EDGE('',*,*,#3664,.T.);
#5263=ORIENTED_EDGE('',*,*,#3507,.F.);
#5264=ORIENTED_EDGE('',*,*,#3158,.F.);
#5265=ORIENTED_EDGE('',*,*,#3816,.T.);
#5266=ORIENTED_EDGE('',*,*,#3156,.F.);
#5267=ORIENTED_EDGE('',*,*,#3510,.F.);
#5268=ORIENTED_EDGE('',*,*,#3671,.T.);
#5269=ORIENTED_EDGE('',*,*,#3719,.F.);
#5270=ORIENTED_EDGE('',*,*,#3817,.F.);
#5271=ORIENTED_EDGE('',*,*,#3818,.F.);
#5272=ORIENTED_EDGE('',*,*,#3819,.F.);
#5273=ORIENTED_EDGE('',*,*,#3717,.F.);
#5274=ORIENTED_EDGE('',*,*,#3634,.T.);
#5275=ORIENTED_EDGE('',*,*,#3511,.F.);
#5276=ORIENTED_EDGE('',*,*,#3154,.F.);
#5277=ORIENTED_EDGE('',*,*,#3820,.T.);
#5278=ORIENTED_EDGE('',*,*,#3152,.F.);
#5279=ORIENTED_EDGE('',*,*,#3514,.F.);
#5280=ORIENTED_EDGE('',*,*,#3638,.T.);
#5281=ORIENTED_EDGE('',*,*,#3716,.F.);
#5282=ORIENTED_EDGE('',*,*,#3821,.F.);
#5283=ORIENTED_EDGE('',*,*,#3822,.F.);
#5284=ORIENTED_EDGE('',*,*,#3823,.F.);
#5285=ORIENTED_EDGE('',*,*,#3714,.F.);
#5286=ORIENTED_EDGE('',*,*,#3639,.T.);
#5287=ORIENTED_EDGE('',*,*,#3515,.F.);
#5288=ORIENTED_EDGE('',*,*,#3150,.F.);
#5289=ORIENTED_EDGE('',*,*,#3824,.T.);
#5290=ORIENTED_EDGE('',*,*,#3148,.F.);
#5291=ORIENTED_EDGE('',*,*,#3518,.F.);
#5292=ORIENTED_EDGE('',*,*,#3642,.T.);
#5293=ORIENTED_EDGE('',*,*,#3713,.F.);
#5294=ORIENTED_EDGE('',*,*,#3825,.F.);
#5295=ORIENTED_EDGE('',*,*,#3826,.F.);
#5296=ORIENTED_EDGE('',*,*,#3827,.F.);
#5297=ORIENTED_EDGE('',*,*,#3711,.F.);
#5298=ORIENTED_EDGE('',*,*,#3657,.T.);
#5299=ORIENTED_EDGE('',*,*,#3519,.F.);
#5300=ORIENTED_EDGE('',*,*,#3146,.F.);
#5301=ORIENTED_EDGE('',*,*,#3828,.T.);
#5302=ORIENTED_EDGE('',*,*,#3144,.F.);
#5303=ORIENTED_EDGE('',*,*,#3522,.F.);
#5304=ORIENTED_EDGE('',*,*,#3660,.T.);
#5305=ORIENTED_EDGE('',*,*,#3710,.F.);
#5306=ORIENTED_EDGE('',*,*,#3829,.F.);
#5307=ORIENTED_EDGE('',*,*,#3830,.F.);
#5308=ORIENTED_EDGE('',*,*,#3831,.T.);
#5309=ORIENTED_EDGE('',*,*,#3706,.T.);
#5310=ORIENTED_EDGE('',*,*,#3578,.F.);
#5311=ORIENTED_EDGE('',*,*,#3531,.T.);
#5312=ORIENTED_EDGE('',*,*,#3134,.T.);
#5313=ORIENTED_EDGE('',*,*,#3832,.T.);
#5314=ORIENTED_EDGE('',*,*,#3132,.T.);
#5315=ORIENTED_EDGE('',*,*,#3534,.T.);
#5316=ORIENTED_EDGE('',*,*,#3581,.F.);
#5317=ORIENTED_EDGE('',*,*,#3705,.T.);
#5318=ORIENTED_EDGE('',*,*,#3833,.T.);
#5319=ORIENTED_EDGE('',*,*,#3133,.T.);
#5320=ORIENTED_EDGE('',*,*,#3832,.F.);
#5321=ORIENTED_EDGE('',*,*,#3834,.T.);
#5322=ORIENTED_EDGE('',*,*,#3830,.T.);
#5323=ORIENTED_EDGE('',*,*,#3835,.F.);
#5324=ORIENTED_EDGE('',*,*,#3836,.T.);
#5325=ORIENTED_EDGE('',*,*,#3703,.T.);
#5326=ORIENTED_EDGE('',*,*,#3566,.F.);
#5327=ORIENTED_EDGE('',*,*,#3535,.T.);
#5328=ORIENTED_EDGE('',*,*,#3130,.T.);
#5329=ORIENTED_EDGE('',*,*,#3837,.T.);
#5330=ORIENTED_EDGE('',*,*,#3128,.T.);
#5331=ORIENTED_EDGE('',*,*,#3538,.T.);
#5332=ORIENTED_EDGE('',*,*,#3569,.F.);
#5333=ORIENTED_EDGE('',*,*,#3702,.T.);
#5334=ORIENTED_EDGE('',*,*,#3838,.T.);
#5335=ORIENTED_EDGE('',*,*,#3129,.T.);
#5336=ORIENTED_EDGE('',*,*,#3837,.F.);
#5337=ORIENTED_EDGE('',*,*,#3839,.T.);
#5338=ORIENTED_EDGE('',*,*,#3835,.T.);
#5339=ORIENTED_EDGE('',*,*,#3840,.F.);
#5340=ORIENTED_EDGE('',*,*,#3841,.T.);
#5341=ORIENTED_EDGE('',*,*,#3700,.T.);
#5342=ORIENTED_EDGE('',*,*,#3564,.F.);
#5343=ORIENTED_EDGE('',*,*,#3539,.T.);
#5344=ORIENTED_EDGE('',*,*,#3126,.T.);
#5345=ORIENTED_EDGE('',*,*,#3842,.T.);
#5346=ORIENTED_EDGE('',*,*,#3124,.T.);
#5347=ORIENTED_EDGE('',*,*,#3484,.T.);
#5348=ORIENTED_EDGE('',*,*,#3563,.F.);
#5349=ORIENTED_EDGE('',*,*,#3699,.T.);
#5350=ORIENTED_EDGE('',*,*,#3843,.T.);
#5351=ORIENTED_EDGE('',*,*,#3125,.T.);
#5352=ORIENTED_EDGE('',*,*,#3842,.F.);
#5353=ORIENTED_EDGE('',*,*,#3844,.T.);
#5354=ORIENTED_EDGE('',*,*,#3840,.T.);
#5355=ORIENTED_EDGE('',*,*,#3845,.T.);
#5356=ORIENTED_EDGE('',*,*,#3114,.T.);
#5357=ORIENTED_EDGE('',*,*,#3492,.T.);
#5358=ORIENTED_EDGE('',*,*,#3574,.F.);
#5359=ORIENTED_EDGE('',*,*,#3693,.T.);
#5360=ORIENTED_EDGE('',*,*,#3846,.T.);
#5361=ORIENTED_EDGE('',*,*,#3847,.F.);
#5362=ORIENTED_EDGE('',*,*,#3848,.T.);
#5363=ORIENTED_EDGE('',*,*,#3691,.T.);
#5364=ORIENTED_EDGE('',*,*,#3553,.F.);
#5365=ORIENTED_EDGE('',*,*,#3493,.T.);
#5366=ORIENTED_EDGE('',*,*,#3112,.T.);
#5367=ORIENTED_EDGE('',*,*,#3849,.T.);
#5368=ORIENTED_EDGE('',*,*,#3110,.T.);
#5369=ORIENTED_EDGE('',*,*,#3496,.T.);
#5370=ORIENTED_EDGE('',*,*,#3557,.F.);
#5371=ORIENTED_EDGE('',*,*,#3690,.T.);
#5372=ORIENTED_EDGE('',*,*,#3850,.T.);
#5373=ORIENTED_EDGE('',*,*,#3111,.T.);
#5374=ORIENTED_EDGE('',*,*,#3849,.F.);
#5375=ORIENTED_EDGE('',*,*,#3851,.T.);
#5376=ORIENTED_EDGE('',*,*,#3847,.T.);
#5377=ORIENTED_EDGE('',*,*,#3096,.T.);
#5378=ORIENTED_EDGE('',*,*,#3092,.F.);
#5379=ORIENTED_EDGE('',*,*,#3852,.T.);
#5380=ORIENTED_EDGE('',*,*,#3575,.F.);
#5381=ORIENTED_EDGE('',*,*,#3258,.T.);
#5382=ORIENTED_EDGE('',*,*,#3090,.T.);
#5383=ORIENTED_EDGE('',*,*,#3260,.T.);
#5384=ORIENTED_EDGE('',*,*,#3577,.F.);
#5385=ORIENTED_EDGE('',*,*,#3853,.T.);
#5386=ORIENTED_EDGE('',*,*,#3808,.T.);
#5387=ORIENTED_EDGE('',*,*,#3120,.T.);
#5388=ORIENTED_EDGE('',*,*,#3488,.T.);
#5389=ORIENTED_EDGE('',*,*,#3584,.F.);
#5390=ORIENTED_EDGE('',*,*,#3696,.T.);
#5391=ORIENTED_EDGE('',*,*,#3854,.T.);
#5392=ORIENTED_EDGE('',*,*,#3855,.F.);
#5393=ORIENTED_EDGE('',*,*,#3856,.T.);
#5394=ORIENTED_EDGE('',*,*,#3694,.T.);
#5395=ORIENTED_EDGE('',*,*,#3570,.F.);
#5396=ORIENTED_EDGE('',*,*,#3489,.T.);
#5397=ORIENTED_EDGE('',*,*,#3118,.T.);
#5398=ORIENTED_EDGE('',*,*,#3117,.T.);
#5399=ORIENTED_EDGE('',*,*,#3857,.T.);
#5400=ORIENTED_EDGE('',*,*,#3115,.T.);
#5401=ORIENTED_EDGE('',*,*,#3845,.F.);
#5402=ORIENTED_EDGE('',*,*,#3858,.T.);
#5403=ORIENTED_EDGE('',*,*,#3855,.T.);
#5404=ORIENTED_EDGE('',*,*,#3145,.T.);
#5405=ORIENTED_EDGE('',*,*,#3828,.F.);
#5406=ORIENTED_EDGE('',*,*,#3859,.T.);
#5407=ORIENTED_EDGE('',*,*,#3826,.T.);
#5408=ORIENTED_EDGE('',*,*,#3149,.T.);
#5409=ORIENTED_EDGE('',*,*,#3824,.F.);
#5410=ORIENTED_EDGE('',*,*,#3860,.T.);
#5411=ORIENTED_EDGE('',*,*,#3822,.T.);
#5412=ORIENTED_EDGE('',*,*,#3153,.T.);
#5413=ORIENTED_EDGE('',*,*,#3820,.F.);
#5414=ORIENTED_EDGE('',*,*,#3861,.T.);
#5415=ORIENTED_EDGE('',*,*,#3818,.T.);
#5416=ORIENTED_EDGE('',*,*,#3157,.T.);
#5417=ORIENTED_EDGE('',*,*,#3816,.F.);
#5418=ORIENTED_EDGE('',*,*,#3862,.T.);
#5419=ORIENTED_EDGE('',*,*,#3814,.T.);
#5420=ORIENTED_EDGE('',*,*,#3161,.T.);
#5421=ORIENTED_EDGE('',*,*,#3812,.F.);
#5422=ORIENTED_EDGE('',*,*,#3863,.T.);
#5423=ORIENTED_EDGE('',*,*,#3661,.T.);
#5424=ORIENTED_EDGE('',*,*,#3481,.F.);
#5425=ORIENTED_EDGE('',*,*,#3470,.T.);
#5426=ORIENTED_EDGE('',*,*,#3601,.T.);
#5427=ORIENTED_EDGE('',*,*,#3592,.F.);
#5428=ORIENTED_EDGE('',*,*,#3497,.F.);
#5429=ORIENTED_EDGE('',*,*,#3478,.T.);
#5430=ORIENTED_EDGE('',*,*,#3464,.T.);
#5431=ORIENTED_EDGE('',*,*,#3461,.F.);
#5432=ORIENTED_EDGE('',*,*,#3589,.F.);
#5433=ORIENTED_EDGE('',*,*,#3857,.F.);
#5434=ORIENTED_EDGE('',*,*,#3116,.F.);
#5435=ORIENTED_EDGE('',*,*,#3864,.T.);
#5436=ORIENTED_EDGE('',*,*,#3865,.T.);
#5437=ORIENTED_EDGE('',*,*,#3245,.T.);
#5438=ORIENTED_EDGE('',*,*,#3865,.F.);
#5439=ORIENTED_EDGE('',*,*,#3866,.T.);
#5440=ORIENTED_EDGE('',*,*,#3244,.F.);
#5441=ORIENTED_EDGE('',*,*,#3669,.T.);
#5442=ORIENTED_EDGE('',*,*,#3867,.F.);
#5443=ORIENTED_EDGE('',*,*,#3866,.F.);
#5444=ORIENTED_EDGE('',*,*,#3868,.T.);
#5445=ORIENTED_EDGE('',*,*,#3810,.T.);
#5446=ORIENTED_EDGE('',*,*,#3241,.T.);
#5447=ORIENTED_EDGE('',*,*,#3755,.F.);
#5448=ORIENTED_EDGE('',*,*,#3771,.F.);
#5449=ORIENTED_EDGE('',*,*,#3869,.F.);
#5450=ORIENTED_EDGE('',*,*,#3457,.F.);
#5451=ORIENTED_EDGE('',*,*,#3870,.F.);
#5452=ORIENTED_EDGE('',*,*,#3773,.F.);
#5453=ORIENTED_EDGE('',*,*,#3765,.F.);
#5454=ORIENTED_EDGE('',*,*,#3777,.F.);
#5455=ORIENTED_EDGE('',*,*,#3869,.T.);
#5456=ORIENTED_EDGE('',*,*,#3770,.F.);
#5457=ORIENTED_EDGE('',*,*,#3871,.F.);
#5458=ORIENTED_EDGE('',*,*,#3276,.F.);
#5459=ORIENTED_EDGE('',*,*,#3455,.T.);
#5460=ORIENTED_EDGE('',*,*,#3269,.F.);
#5461=ORIENTED_EDGE('',*,*,#3872,.T.);
#5462=ORIENTED_EDGE('',*,*,#3800,.T.);
#5463=ORIENTED_EDGE('',*,*,#3804,.T.);
#5464=ORIENTED_EDGE('',*,*,#3784,.T.);
#5465=ORIENTED_EDGE('',*,*,#3788,.T.);
#5466=ORIENTED_EDGE('',*,*,#3791,.T.);
#5467=ORIENTED_EDGE('',*,*,#3794,.T.);
#5468=ORIENTED_EDGE('',*,*,#3797,.T.);
#5469=ORIENTED_EDGE('',*,*,#3873,.T.);
#5470=ORIENTED_EDGE('',*,*,#3277,.F.);
#5471=ORIENTED_EDGE('',*,*,#3871,.T.);
#5472=ORIENTED_EDGE('',*,*,#3769,.T.);
#5473=ORIENTED_EDGE('',*,*,#3753,.T.);
#5474=ORIENTED_EDGE('',*,*,#3273,.F.);
#5475=ORIENTED_EDGE('',*,*,#3727,.F.);
#5476=ORIENTED_EDGE('',*,*,#3724,.T.);
#5477=ORIENTED_EDGE('',*,*,#3652,.T.);
#5478=ORIENTED_EDGE('',*,*,#3655,.T.);
#5479=ORIENTED_EDGE('',*,*,#3656,.T.);
#5480=ORIENTED_EDGE('',*,*,#3621,.T.);
#5481=ORIENTED_EDGE('',*,*,#3723,.T.);
#5482=ORIENTED_EDGE('',*,*,#3662,.T.);
#5483=ORIENTED_EDGE('',*,*,#3863,.F.);
#5484=ORIENTED_EDGE('',*,*,#3813,.T.);
#5485=ORIENTED_EDGE('',*,*,#3721,.T.);
#5486=ORIENTED_EDGE('',*,*,#3815,.T.);
#5487=ORIENTED_EDGE('',*,*,#3862,.F.);
#5488=ORIENTED_EDGE('',*,*,#3817,.T.);
#5489=ORIENTED_EDGE('',*,*,#3718,.T.);
#5490=ORIENTED_EDGE('',*,*,#3819,.T.);
#5491=ORIENTED_EDGE('',*,*,#3861,.F.);
#5492=ORIENTED_EDGE('',*,*,#3821,.T.);
#5493=ORIENTED_EDGE('',*,*,#3715,.T.);
#5494=ORIENTED_EDGE('',*,*,#3823,.T.);
#5495=ORIENTED_EDGE('',*,*,#3860,.F.);
#5496=ORIENTED_EDGE('',*,*,#3825,.T.);
#5497=ORIENTED_EDGE('',*,*,#3712,.T.);
#5498=ORIENTED_EDGE('',*,*,#3827,.T.);
#5499=ORIENTED_EDGE('',*,*,#3859,.F.);
#5500=ORIENTED_EDGE('',*,*,#3829,.T.);
#5501=ORIENTED_EDGE('',*,*,#3709,.T.);
#5502=ORIENTED_EDGE('',*,*,#3609,.T.);
#5503=ORIENTED_EDGE('',*,*,#3612,.T.);
#5504=ORIENTED_EDGE('',*,*,#3673,.T.);
#5505=ORIENTED_EDGE('',*,*,#3708,.F.);
#5506=ORIENTED_EDGE('',*,*,#3587,.F.);
#5507=ORIENTED_EDGE('',*,*,#3546,.F.);
#5508=ORIENTED_EDGE('',*,*,#3544,.F.);
#5509=ORIENTED_EDGE('',*,*,#3707,.F.);
#5510=ORIENTED_EDGE('',*,*,#3831,.F.);
#5511=ORIENTED_EDGE('',*,*,#3834,.F.);
#5512=ORIENTED_EDGE('',*,*,#3833,.F.);
#5513=ORIENTED_EDGE('',*,*,#3704,.F.);
#5514=ORIENTED_EDGE('',*,*,#3836,.F.);
#5515=ORIENTED_EDGE('',*,*,#3839,.F.);
#5516=ORIENTED_EDGE('',*,*,#3838,.F.);
#5517=ORIENTED_EDGE('',*,*,#3701,.F.);
#5518=ORIENTED_EDGE('',*,*,#3841,.F.);
#5519=ORIENTED_EDGE('',*,*,#3844,.F.);
#5520=ORIENTED_EDGE('',*,*,#3843,.F.);
#5521=ORIENTED_EDGE('',*,*,#3698,.F.);
#5522=ORIENTED_EDGE('',*,*,#3807,.F.);
#5523=ORIENTED_EDGE('',*,*,#3809,.F.);
#5524=ORIENTED_EDGE('',*,*,#3854,.F.);
#5525=ORIENTED_EDGE('',*,*,#3695,.F.);
#5526=ORIENTED_EDGE('',*,*,#3856,.F.);
#5527=ORIENTED_EDGE('',*,*,#3858,.F.);
#5528=ORIENTED_EDGE('',*,*,#3846,.F.);
#5529=ORIENTED_EDGE('',*,*,#3692,.F.);
#5530=ORIENTED_EDGE('',*,*,#3848,.F.);
#5531=ORIENTED_EDGE('',*,*,#3851,.F.);
#5532=ORIENTED_EDGE('',*,*,#3850,.F.);
#5533=ORIENTED_EDGE('',*,*,#3689,.F.);
#5534=ORIENTED_EDGE('',*,*,#3675,.F.);
#5535=ORIENTED_EDGE('',*,*,#3614,.T.);
#5536=ORIENTED_EDGE('',*,*,#3616,.T.);
#5537=ORIENTED_EDGE('',*,*,#3617,.T.);
#5538=ORIENTED_EDGE('',*,*,#3604,.T.);
#5539=ORIENTED_EDGE('',*,*,#3606,.T.);
#5540=ORIENTED_EDGE('',*,*,#3650,.T.);
#5541=ORIENTED_EDGE('',*,*,#3628,.T.);
#5542=ORIENTED_EDGE('',*,*,#3630,.T.);
#5543=ORIENTED_EDGE('',*,*,#3649,.T.);
#5544=ORIENTED_EDGE('',*,*,#3853,.F.);
#5545=ORIENTED_EDGE('',*,*,#3576,.F.);
#5546=ORIENTED_EDGE('',*,*,#3852,.F.);
#5547=ORIENTED_EDGE('',*,*,#3091,.F.);
#5548=ORIENTED_EDGE('',*,*,#3549,.F.);
#5549=ORIENTED_EDGE('',*,*,#3540,.F.);
#5550=ORIENTED_EDGE('',*,*,#3087,.F.);
#5551=ORIENTED_EDGE('',*,*,#3552,.F.);
#5552=ORIENTED_EDGE('',*,*,#3550,.F.);
#5553=ORIENTED_EDGE('',*,*,#3864,.F.);
#5554=ORIENTED_EDGE('',*,*,#3868,.F.);
#5555=ORIENTED_EDGE('',*,*,#3867,.T.);
#5556=ORIENTED_EDGE('',*,*,#3668,.T.);
#5557=ORIENTED_EDGE('',*,*,#3811,.T.);
#5558=ORIENTED_EDGE('',*,*,#3873,.F.);
#5559=ORIENTED_EDGE('',*,*,#3799,.T.);
#5560=ORIENTED_EDGE('',*,*,#3874,.T.);
#5561=ORIENTED_EDGE('',*,*,#3453,.F.);
#5562=ORIENTED_EDGE('',*,*,#3278,.F.);
#5563=ORIENTED_EDGE('',*,*,#3875,.F.);
#5564=ORIENTED_EDGE('',*,*,#3449,.F.);
#5565=ORIENTED_EDGE('',*,*,#3452,.F.);
#5566=ORIENTED_EDGE('',*,*,#3454,.F.);
#5567=ORIENTED_EDGE('',*,*,#3874,.F.);
#5568=ORIENTED_EDGE('',*,*,#3798,.F.);
#5569=ORIENTED_EDGE('',*,*,#3795,.F.);
#5570=ORIENTED_EDGE('',*,*,#3792,.F.);
#5571=ORIENTED_EDGE('',*,*,#3789,.F.);
#5572=ORIENTED_EDGE('',*,*,#3786,.F.);
#5573=ORIENTED_EDGE('',*,*,#3805,.F.);
#5574=ORIENTED_EDGE('',*,*,#3802,.F.);
#5575=ORIENTED_EDGE('',*,*,#3758,.F.);
#5576=ORIENTED_EDGE('',*,*,#3101,.F.);
#5577=ORIENTED_EDGE('',*,*,#3759,.F.);
#5578=ORIENTED_EDGE('',*,*,#3781,.F.);
#5579=ORIENTED_EDGE('',*,*,#3783,.F.);
#5580=ORIENTED_EDGE('',*,*,#3081,.F.);
#5581=ORIENTED_EDGE('',*,*,#3876,.F.);
#5582=ORIENTED_EDGE('',*,*,#3389,.F.);
#5583=ORIENTED_EDGE('',*,*,#3756,.F.);
#5584=ORIENTED_EDGE('',*,*,#3761,.F.);
#5585=ORIENTED_EDGE('',*,*,#3876,.T.);
#5586=ORIENTED_EDGE('',*,*,#3080,.T.);
#5587=ORIENTED_EDGE('',*,*,#3267,.F.);
#5588=ORIENTED_EDGE('',*,*,#3390,.F.);
#5589=ORIENTED_EDGE('',*,*,#3237,.F.);
#5590=ORIENTED_EDGE('',*,*,#3780,.F.);
#5591=ORIENTED_EDGE('',*,*,#3778,.F.);
#5592=ORIENTED_EDGE('',*,*,#3774,.F.);
#5593=ORIENTED_EDGE('',*,*,#3870,.T.);
#5594=ORIENTED_EDGE('',*,*,#3776,.T.);
#5595=ORIENTED_EDGE('',*,*,#3877,.F.);
#5596=ORIENTED_EDGE('',*,*,#3386,.T.);
#5597=ORIENTED_EDGE('',*,*,#3877,.T.);
#5598=ORIENTED_EDGE('',*,*,#3775,.F.);
#5599=ORIENTED_EDGE('',*,*,#3763,.T.);
#5600=ORIENTED_EDGE('',*,*,#3387,.T.);
#5601=ORIENTED_EDGE('',*,*,#3875,.T.);
#5602=ORIENTED_EDGE('',*,*,#3801,.F.);
#5603=ORIENTED_EDGE('',*,*,#3872,.F.);
#5604=ORIENTED_EDGE('',*,*,#3282,.F.);
#5605=ORIENTED_EDGE('',*,*,#3450,.T.);
#5606=ORIENTED_EDGE('',*,*,#3674,.F.);
#5607=ORIENTED_EDGE('',*,*,#3471,.T.);
#5608=ORIENTED_EDGE('',*,*,#3382,.T.);
#5609=ORIENTED_EDGE('',*,*,#3270,.T.);
#5610=ORIENTED_EDGE('',*,*,#3878,.F.);
#5611=ORIENTED_EDGE('',*,*,#3879,.F.);
#5612=ORIENTED_EDGE('',*,*,#3880,.F.);
#5613=ORIENTED_EDGE('',*,*,#3881,.F.);
#5614=ORIENTED_EDGE('',*,*,#3882,.F.);
#5615=ORIENTED_EDGE('',*,*,#3883,.F.);
#5616=ORIENTED_EDGE('',*,*,#3884,.F.);
#5617=ORIENTED_EDGE('',*,*,#3885,.T.);
#5618=ORIENTED_EDGE('',*,*,#3881,.T.);
#5619=ORIENTED_EDGE('',*,*,#3886,.T.);
#5620=ORIENTED_EDGE('',*,*,#3887,.F.);
#5621=ORIENTED_EDGE('',*,*,#3888,.T.);
#5622=ORIENTED_EDGE('',*,*,#3889,.T.);
#5623=ORIENTED_EDGE('',*,*,#3878,.T.);
#5624=ORIENTED_EDGE('',*,*,#3888,.F.);
#5625=ORIENTED_EDGE('',*,*,#3890,.F.);
#5626=ORIENTED_EDGE('',*,*,#3891,.F.);
#5627=ORIENTED_EDGE('',*,*,#3882,.T.);
#5628=ORIENTED_EDGE('',*,*,#3892,.T.);
#5629=ORIENTED_EDGE('',*,*,#3893,.T.);
#5630=ORIENTED_EDGE('',*,*,#3894,.F.);
#5631=ORIENTED_EDGE('',*,*,#3895,.F.);
#5632=ORIENTED_EDGE('',*,*,#3896,.F.);
#5633=ORIENTED_EDGE('',*,*,#3897,.T.);
#5634=ORIENTED_EDGE('',*,*,#3898,.F.);
#5635=ORIENTED_EDGE('',*,*,#3899,.F.);
#5636=ORIENTED_EDGE('',*,*,#3900,.F.);
#5637=ORIENTED_EDGE('',*,*,#3901,.T.);
#5638=ORIENTED_EDGE('',*,*,#3880,.T.);
#5639=ORIENTED_EDGE('',*,*,#3902,.T.);
#5640=ORIENTED_EDGE('',*,*,#3900,.T.);
#5641=ORIENTED_EDGE('',*,*,#3903,.T.);
#5642=ORIENTED_EDGE('',*,*,#3884,.T.);
#5643=ORIENTED_EDGE('',*,*,#3904,.F.);
#5644=ORIENTED_EDGE('',*,*,#3905,.F.);
#5645=ORIENTED_EDGE('',*,*,#3886,.F.);
#5646=ORIENTED_EDGE('',*,*,#3906,.F.);
#5647=ORIENTED_EDGE('',*,*,#3907,.F.);
#5648=ORIENTED_EDGE('',*,*,#3908,.F.);
#5649=ORIENTED_EDGE('',*,*,#3898,.T.);
#5650=ORIENTED_EDGE('',*,*,#3894,.T.);
#5651=ORIENTED_EDGE('',*,*,#3909,.T.);
#5652=ORIENTED_EDGE('',*,*,#3910,.T.);
#5653=ORIENTED_EDGE('',*,*,#3911,.F.);
#5654=ORIENTED_EDGE('',*,*,#3897,.F.);
#5655=ORIENTED_EDGE('',*,*,#3912,.F.);
#5656=ORIENTED_EDGE('',*,*,#3892,.F.);
#5657=ORIENTED_EDGE('',*,*,#3885,.F.);
#5658=ORIENTED_EDGE('',*,*,#3903,.F.);
#5659=ORIENTED_EDGE('',*,*,#3899,.T.);
#5660=ORIENTED_EDGE('',*,*,#3908,.T.);
#5661=ORIENTED_EDGE('',*,*,#3913,.T.);
#5662=ORIENTED_EDGE('',*,*,#3914,.T.);
#5663=ORIENTED_EDGE('',*,*,#3909,.F.);
#5664=ORIENTED_EDGE('',*,*,#3905,.T.);
#5665=ORIENTED_EDGE('',*,*,#3915,.F.);
#5666=ORIENTED_EDGE('',*,*,#3890,.T.);
#5667=ORIENTED_EDGE('',*,*,#3887,.T.);
#5668=ORIENTED_EDGE('',*,*,#3883,.T.);
#5669=ORIENTED_EDGE('',*,*,#3891,.T.);
#5670=ORIENTED_EDGE('',*,*,#3915,.T.);
#5671=ORIENTED_EDGE('',*,*,#3904,.T.);
#5672=ORIENTED_EDGE('',*,*,#3916,.T.);
#5673=ORIENTED_EDGE('',*,*,#3893,.F.);
#5674=ORIENTED_EDGE('',*,*,#3912,.T.);
#5675=ORIENTED_EDGE('',*,*,#3896,.T.);
#5676=ORIENTED_EDGE('',*,*,#3907,.T.);
#5677=ORIENTED_EDGE('',*,*,#3917,.T.);
#5678=ORIENTED_EDGE('',*,*,#3918,.T.);
#5679=ORIENTED_EDGE('',*,*,#3913,.F.);
#5680=ORIENTED_EDGE('',*,*,#3911,.T.);
#5681=ORIENTED_EDGE('',*,*,#3919,.T.);
#5682=ORIENTED_EDGE('',*,*,#3917,.F.);
#5683=ORIENTED_EDGE('',*,*,#3906,.T.);
#5684=ORIENTED_EDGE('',*,*,#3901,.F.);
#5685=ORIENTED_EDGE('',*,*,#3902,.F.);
#5686=ORIENTED_EDGE('',*,*,#3879,.T.);
#5687=ORIENTED_EDGE('',*,*,#3889,.F.);
#5688=ORIENTED_EDGE('',*,*,#3916,.F.);
#5689=ORIENTED_EDGE('',*,*,#3895,.T.);
#5690=ORIENTED_EDGE('',*,*,#3919,.F.);
#5691=ORIENTED_EDGE('',*,*,#3910,.F.);
#5692=ORIENTED_EDGE('',*,*,#3914,.F.);
#5693=ORIENTED_EDGE('',*,*,#3918,.F.);
#5694=ORIENTED_EDGE('',*,*,#3920,.F.);
#5695=ORIENTED_EDGE('',*,*,#3921,.F.);
#5696=ORIENTED_EDGE('',*,*,#3922,.F.);
#5697=ORIENTED_EDGE('',*,*,#3923,.T.);
#5698=ORIENTED_EDGE('',*,*,#3924,.F.);
#5699=ORIENTED_EDGE('',*,*,#3925,.F.);
#5700=ORIENTED_EDGE('',*,*,#3926,.F.);
#5701=ORIENTED_EDGE('',*,*,#3927,.T.);
#5702=ORIENTED_EDGE('',*,*,#3928,.F.);
#5703=ORIENTED_EDGE('',*,*,#3929,.T.);
#5704=ORIENTED_EDGE('',*,*,#3930,.F.);
#5705=ORIENTED_EDGE('',*,*,#3931,.F.);
#5706=ORIENTED_EDGE('',*,*,#3932,.F.);
#5707=ORIENTED_EDGE('',*,*,#3929,.F.);
#5708=ORIENTED_EDGE('',*,*,#3933,.F.);
#5709=ORIENTED_EDGE('',*,*,#3925,.T.);
#5710=ORIENTED_EDGE('',*,*,#3934,.F.);
#5711=ORIENTED_EDGE('',*,*,#3935,.T.);
#5712=ORIENTED_EDGE('',*,*,#3936,.F.);
#5713=ORIENTED_EDGE('',*,*,#3927,.F.);
#5714=ORIENTED_EDGE('',*,*,#3937,.F.);
#5715=ORIENTED_EDGE('',*,*,#3938,.T.);
#5716=ORIENTED_EDGE('',*,*,#3939,.F.);
#5717=ORIENTED_EDGE('',*,*,#3935,.F.);
#5718=ORIENTED_EDGE('',*,*,#3940,.F.);
#5719=ORIENTED_EDGE('',*,*,#3921,.T.);
#5720=ORIENTED_EDGE('',*,*,#3941,.F.);
#5721=ORIENTED_EDGE('',*,*,#3938,.F.);
#5722=ORIENTED_EDGE('',*,*,#3942,.F.);
#5723=ORIENTED_EDGE('',*,*,#3943,.F.);
#5724=ORIENTED_EDGE('',*,*,#3944,.F.);
#5725=ORIENTED_EDGE('',*,*,#3945,.F.);
#5726=ORIENTED_EDGE('',*,*,#3946,.F.);
#5727=ORIENTED_EDGE('',*,*,#3947,.F.);
#5728=ORIENTED_EDGE('',*,*,#3948,.F.);
#5729=ORIENTED_EDGE('',*,*,#3949,.F.);
#5730=ORIENTED_EDGE('',*,*,#3950,.F.);
#5731=ORIENTED_EDGE('',*,*,#3951,.F.);
#5732=ORIENTED_EDGE('',*,*,#3952,.F.);
#5733=ORIENTED_EDGE('',*,*,#3953,.F.);
#5734=ORIENTED_EDGE('',*,*,#3933,.T.);
#5735=ORIENTED_EDGE('',*,*,#3928,.T.);
#5736=ORIENTED_EDGE('',*,*,#3954,.T.);
#5737=ORIENTED_EDGE('',*,*,#3922,.T.);
#5738=ORIENTED_EDGE('',*,*,#3940,.T.);
#5739=ORIENTED_EDGE('',*,*,#3937,.T.);
#5740=ORIENTED_EDGE('',*,*,#3934,.T.);
#5741=ORIENTED_EDGE('',*,*,#3926,.T.);
#5742=ORIENTED_EDGE('',*,*,#3955,.F.);
#5743=ORIENTED_EDGE('',*,*,#3956,.F.);
#5744=ORIENTED_EDGE('',*,*,#3954,.F.);
#5745=ORIENTED_EDGE('',*,*,#3931,.T.);
#5746=ORIENTED_EDGE('',*,*,#3957,.F.);
#5747=ORIENTED_EDGE('',*,*,#3923,.F.);
#5748=ORIENTED_EDGE('',*,*,#3948,.T.);
#5749=ORIENTED_EDGE('',*,*,#3958,.F.);
#5750=ORIENTED_EDGE('',*,*,#3959,.T.);
#5751=ORIENTED_EDGE('',*,*,#3960,.T.);
#5752=ORIENTED_EDGE('',*,*,#3947,.T.);
#5753=ORIENTED_EDGE('',*,*,#3961,.F.);
#5754=ORIENTED_EDGE('',*,*,#3962,.F.);
#5755=ORIENTED_EDGE('',*,*,#3958,.T.);
#5756=ORIENTED_EDGE('',*,*,#3946,.T.);
#5757=ORIENTED_EDGE('',*,*,#3963,.F.);
#5758=ORIENTED_EDGE('',*,*,#3964,.T.);
#5759=ORIENTED_EDGE('',*,*,#3961,.T.);
#5760=ORIENTED_EDGE('',*,*,#3945,.T.);
#5761=ORIENTED_EDGE('',*,*,#3965,.F.);
#5762=ORIENTED_EDGE('',*,*,#3966,.F.);
#5763=ORIENTED_EDGE('',*,*,#3963,.T.);
#5764=ORIENTED_EDGE('',*,*,#3944,.T.);
#5765=ORIENTED_EDGE('',*,*,#3967,.F.);
#5766=ORIENTED_EDGE('',*,*,#3968,.F.);
#5767=ORIENTED_EDGE('',*,*,#3965,.T.);
#5768=ORIENTED_EDGE('',*,*,#3943,.T.);
#5769=ORIENTED_EDGE('',*,*,#3969,.F.);
#5770=ORIENTED_EDGE('',*,*,#3970,.F.);
#5771=ORIENTED_EDGE('',*,*,#3967,.T.);
#5772=ORIENTED_EDGE('',*,*,#3955,.T.);
#5773=ORIENTED_EDGE('',*,*,#3971,.T.);
#5774=ORIENTED_EDGE('',*,*,#3972,.F.);
#5775=ORIENTED_EDGE('',*,*,#3971,.F.);
#5776=ORIENTED_EDGE('',*,*,#3956,.T.);
#5777=ORIENTED_EDGE('',*,*,#3973,.T.);
#5778=ORIENTED_EDGE('',*,*,#3974,.F.);
#5779=ORIENTED_EDGE('',*,*,#3973,.F.);
#5780=ORIENTED_EDGE('',*,*,#3950,.T.);
#5781=ORIENTED_EDGE('',*,*,#3975,.F.);
#5782=ORIENTED_EDGE('',*,*,#3976,.F.);
#5783=ORIENTED_EDGE('',*,*,#3977,.T.);
#5784=ORIENTED_EDGE('',*,*,#3949,.T.);
#5785=ORIENTED_EDGE('',*,*,#3960,.F.);
#5786=ORIENTED_EDGE('',*,*,#3978,.F.);
#5787=ORIENTED_EDGE('',*,*,#3975,.T.);
#5788=ORIENTED_EDGE('',*,*,#3942,.T.);
#5789=ORIENTED_EDGE('',*,*,#3979,.F.);
#5790=ORIENTED_EDGE('',*,*,#3980,.T.);
#5791=ORIENTED_EDGE('',*,*,#3969,.T.);
#5792=ORIENTED_EDGE('',*,*,#3953,.T.);
#5793=ORIENTED_EDGE('',*,*,#3981,.F.);
#5794=ORIENTED_EDGE('',*,*,#3982,.F.);
#5795=ORIENTED_EDGE('',*,*,#3979,.T.);
#5796=ORIENTED_EDGE('',*,*,#3952,.T.);
#5797=ORIENTED_EDGE('',*,*,#3983,.F.);
#5798=ORIENTED_EDGE('',*,*,#3984,.T.);
#5799=ORIENTED_EDGE('',*,*,#3981,.T.);
#5800=ORIENTED_EDGE('',*,*,#3951,.T.);
#5801=ORIENTED_EDGE('',*,*,#3977,.F.);
#5802=ORIENTED_EDGE('',*,*,#3985,.F.);
#5803=ORIENTED_EDGE('',*,*,#3983,.T.);
#5804=ORIENTED_EDGE('',*,*,#3966,.T.);
#5805=ORIENTED_EDGE('',*,*,#3968,.T.);
#5806=ORIENTED_EDGE('',*,*,#3970,.T.);
#5807=ORIENTED_EDGE('',*,*,#3980,.F.);
#5808=ORIENTED_EDGE('',*,*,#3982,.T.);
#5809=ORIENTED_EDGE('',*,*,#3984,.F.);
#5810=ORIENTED_EDGE('',*,*,#3985,.T.);
#5811=ORIENTED_EDGE('',*,*,#3976,.T.);
#5812=ORIENTED_EDGE('',*,*,#3978,.T.);
#5813=ORIENTED_EDGE('',*,*,#3959,.F.);
#5814=ORIENTED_EDGE('',*,*,#3962,.T.);
#5815=ORIENTED_EDGE('',*,*,#3964,.F.);
#5816=ORIENTED_EDGE('',*,*,#3974,.T.);
#5817=ORIENTED_EDGE('',*,*,#3972,.T.);
#5818=ORIENTED_EDGE('',*,*,#3920,.T.);
#5819=ORIENTED_EDGE('',*,*,#3957,.T.);
#5820=ORIENTED_EDGE('',*,*,#3930,.T.);
#5821=ORIENTED_EDGE('',*,*,#3932,.T.);
#5822=ORIENTED_EDGE('',*,*,#3924,.T.);
#5823=ORIENTED_EDGE('',*,*,#3936,.T.);
#5824=ORIENTED_EDGE('',*,*,#3939,.T.);
#5825=ORIENTED_EDGE('',*,*,#3941,.T.);
#5826=CONICAL_SURFACE('',#6145,3.30000000000004,1.0471975511966);
#5827=CONICAL_SURFACE('',#6154,3.29999999999998,1.0471975511966);
#5828=CONICAL_SURFACE('',#6162,3.30000000000004,1.0471975511966);
#5829=CONICAL_SURFACE('',#6565,1.,0.785398163397448);
#5830=CONICAL_SURFACE('',#6567,6.,0.785398163397448);
#5831=CONICAL_SURFACE('',#6569,6.,0.785398163397448);
#5832=CONICAL_SURFACE('',#6571,1.,0.785398163397448);
#5833=CONICAL_SURFACE('',#6573,2.7,0.785398163397448);
#5834=CONICAL_SURFACE('',#6574,2.7,0.785398163397448);
#5835=CONICAL_SURFACE('',#6575,2.69999999999945,0.785398163397448);
#5836=ADVANCED_FACE('',(#551),#5826,.T.);
#5837=ADVANCED_FACE('',(#552,#340),#406,.F.);
#5838=ADVANCED_FACE('',(#553,#341),#407,.F.);
#5839=ADVANCED_FACE('',(#554),#5827,.T.);
#5840=ADVANCED_FACE('',(#555),#408,.F.);
#5841=ADVANCED_FACE('',(#556),#409,.T.);
#5842=ADVANCED_FACE('',(#557),#210,.F.);
#5843=ADVANCED_FACE('',(#558),#5828,.T.);
#5844=ADVANCED_FACE('',(#559),#410,.F.);
#5845=ADVANCED_FACE('',(#560,#342),#411,.F.);
#5846=ADVANCED_FACE('',(#561,#343),#412,.F.);
#5847=ADVANCED_FACE('',(#562),#211,.F.);
#5848=ADVANCED_FACE('',(#563,#344,#345,#346,#347,#348,#349,#350,#351,#352,
#353,#354,#355,#356,#357,#358,#359,#360,#361,#362,#363,#364,#365),#413,
 .F.);
#5849=ADVANCED_FACE('',(#564),#212,.F.);
#5850=ADVANCED_FACE('',(#565,#366,#367,#368,#369,#370,#371,#372,#373,#374,
#375,#376,#377,#378,#379,#380,#381),#213,.F.);
#5851=ADVANCED_FACE('',(#566),#414,.T.);
#5852=ADVANCED_FACE('',(#567),#214,.F.);
#5853=ADVANCED_FACE('',(#568),#215,.F.);
#5854=ADVANCED_FACE('',(#569),#216,.F.);
#5855=ADVANCED_FACE('',(#570),#415,.T.);
#5856=ADVANCED_FACE('',(#571),#416,.T.);
#5857=ADVANCED_FACE('',(#572),#217,.T.);
#5858=ADVANCED_FACE('',(#573),#417,.F.);
#5859=ADVANCED_FACE('',(#574),#418,.T.);
#5860=ADVANCED_FACE('',(#575),#218,.T.);
#5861=ADVANCED_FACE('',(#576),#219,.T.);
#5862=ADVANCED_FACE('',(#577),#220,.T.);
#5863=ADVANCED_FACE('',(#578),#221,.T.);
#5864=ADVANCED_FACE('',(#579),#419,.F.);
#5865=ADVANCED_FACE('',(#580),#19,.T.);
#5866=ADVANCED_FACE('',(#581),#20,.T.);
#5867=ADVANCED_FACE('',(#582,#382,#383,#384),#420,.T.);
#5868=ADVANCED_FACE('',(#583),#421,.F.);
#5869=ADVANCED_FACE('',(#584),#422,.F.);
#5870=ADVANCED_FACE('',(#585),#222,.F.);
#5871=ADVANCED_FACE('',(#586),#223,.F.);
#5872=ADVANCED_FACE('',(#587),#224,.F.);
#5873=ADVANCED_FACE('',(#588),#225,.F.);
#5874=ADVANCED_FACE('',(#589),#226,.F.);
#5875=ADVANCED_FACE('',(#590),#227,.F.);
#5876=ADVANCED_FACE('',(#591),#228,.F.);
#5877=ADVANCED_FACE('',(#592),#229,.F.);
#5878=ADVANCED_FACE('',(#593),#230,.F.);
#5879=ADVANCED_FACE('',(#594),#423,.F.);
#5880=ADVANCED_FACE('',(#595),#231,.F.);
#5881=ADVANCED_FACE('',(#596),#424,.F.);
#5882=ADVANCED_FACE('',(#597),#425,.F.);
#5883=ADVANCED_FACE('',(#598),#232,.F.);
#5884=ADVANCED_FACE('',(#599),#426,.F.);
#5885=ADVANCED_FACE('',(#600),#427,.F.);
#5886=ADVANCED_FACE('',(#601),#233,.F.);
#5887=ADVANCED_FACE('',(#602),#428,.F.);
#5888=ADVANCED_FACE('',(#603),#429,.F.);
#5889=ADVANCED_FACE('',(#604),#234,.F.);
#5890=ADVANCED_FACE('',(#605),#430,.F.);
#5891=ADVANCED_FACE('',(#606),#431,.F.);
#5892=ADVANCED_FACE('',(#607),#235,.F.);
#5893=ADVANCED_FACE('',(#608),#432,.F.);
#5894=ADVANCED_FACE('',(#609),#433,.T.);
#5895=ADVANCED_FACE('',(#610),#236,.F.);
#5896=ADVANCED_FACE('',(#611),#434,.T.);
#5897=ADVANCED_FACE('',(#612),#435,.T.);
#5898=ADVANCED_FACE('',(#613),#237,.F.);
#5899=ADVANCED_FACE('',(#614),#436,.T.);
#5900=ADVANCED_FACE('',(#615),#437,.T.);
#5901=ADVANCED_FACE('',(#616),#238,.F.);
#5902=ADVANCED_FACE('',(#617),#438,.T.);
#5903=ADVANCED_FACE('',(#618),#439,.T.);
#5904=ADVANCED_FACE('',(#619),#239,.F.);
#5905=ADVANCED_FACE('',(#620),#440,.T.);
#5906=ADVANCED_FACE('',(#621),#441,.F.);
#5907=ADVANCED_FACE('',(#622),#240,.F.);
#5908=ADVANCED_FACE('',(#623),#442,.F.);
#5909=ADVANCED_FACE('',(#624),#241,.F.);
#5910=ADVANCED_FACE('',(#625),#242,.F.);
#5911=ADVANCED_FACE('',(#626),#243,.F.);
#5912=ADVANCED_FACE('',(#627),#443,.F.);
#5913=ADVANCED_FACE('',(#628),#244,.F.);
#5914=ADVANCED_FACE('',(#629),#444,.F.);
#5915=ADVANCED_FACE('',(#630),#245,.F.);
#5916=ADVANCED_FACE('',(#631),#445,.T.);
#5917=ADVANCED_FACE('',(#632),#246,.F.);
#5918=ADVANCED_FACE('',(#633),#446,.T.);
#5919=ADVANCED_FACE('',(#634),#247,.F.);
#5920=ADVANCED_FACE('',(#635),#447,.T.);
#5921=ADVANCED_FACE('',(#636),#248,.F.);
#5922=ADVANCED_FACE('',(#637),#448,.T.);
#5923=ADVANCED_FACE('',(#638),#249,.F.);
#5924=ADVANCED_FACE('',(#639),#449,.T.);
#5925=ADVANCED_FACE('',(#640),#250,.F.);
#5926=ADVANCED_FACE('',(#641),#450,.T.);
#5927=ADVANCED_FACE('',(#642),#251,.F.);
#5928=ADVANCED_FACE('',(#643),#451,.T.);
#5929=ADVANCED_FACE('',(#644),#252,.F.);
#5930=ADVANCED_FACE('',(#645),#452,.T.);
#5931=ADVANCED_FACE('',(#646),#453,.F.);
#5932=ADVANCED_FACE('',(#647),#253,.F.);
#5933=ADVANCED_FACE('',(#648),#454,.F.);
#5934=ADVANCED_FACE('',(#649),#254,.T.);
#5935=ADVANCED_FACE('',(#650),#255,.F.);
#5936=ADVANCED_FACE('',(#651),#455,.T.);
#5937=ADVANCED_FACE('',(#652),#256,.F.);
#5938=ADVANCED_FACE('',(#653),#257,.F.);
#5939=ADVANCED_FACE('',(#654),#456,.T.);
#5940=ADVANCED_FACE('',(#655),#457,.F.);
#5941=ADVANCED_FACE('',(#656),#258,.T.);
#5942=ADVANCED_FACE('',(#657),#259,.F.);
#5943=ADVANCED_FACE('',(#658),#260,.F.);
#5944=ADVANCED_FACE('',(#659),#458,.T.);
#5945=ADVANCED_FACE('',(#660),#261,.F.);
#5946=ADVANCED_FACE('',(#661),#459,.T.);
#5947=ADVANCED_FACE('',(#662),#262,.F.);
#5948=ADVANCED_FACE('',(#663),#263,.F.);
#5949=ADVANCED_FACE('',(#664),#264,.F.);
#5950=ADVANCED_FACE('',(#665),#265,.F.);
#5951=ADVANCED_FACE('',(#666),#266,.F.);
#5952=ADVANCED_FACE('',(#667),#267,.F.);
#5953=ADVANCED_FACE('',(#668),#268,.F.);
#5954=ADVANCED_FACE('',(#669),#269,.F.);
#5955=ADVANCED_FACE('',(#670),#270,.F.);
#5956=ADVANCED_FACE('',(#671),#271,.F.);
#5957=ADVANCED_FACE('',(#672),#272,.F.);
#5958=ADVANCED_FACE('',(#673),#273,.F.);
#5959=ADVANCED_FACE('',(#674),#274,.F.);
#5960=ADVANCED_FACE('',(#675),#275,.F.);
#5961=ADVANCED_FACE('',(#676),#460,.T.);
#5962=ADVANCED_FACE('',(#677),#276,.F.);
#5963=ADVANCED_FACE('',(#678),#461,.T.);
#5964=ADVANCED_FACE('',(#679),#277,.T.);
#5965=ADVANCED_FACE('',(#680),#462,.F.);
#5966=ADVANCED_FACE('',(#681),#278,.F.);
#5967=ADVANCED_FACE('',(#682),#463,.F.);
#5968=ADVANCED_FACE('',(#683),#279,.F.);
#5969=ADVANCED_FACE('',(#684),#464,.F.);
#5970=ADVANCED_FACE('',(#685),#280,.F.);
#5971=ADVANCED_FACE('',(#686),#281,.F.);
#5972=ADVANCED_FACE('',(#687),#465,.F.);
#5973=ADVANCED_FACE('',(#688),#282,.F.);
#5974=ADVANCED_FACE('',(#689),#283,.F.);
#5975=ADVANCED_FACE('',(#690),#466,.F.);
#5976=ADVANCED_FACE('',(#691),#284,.F.);
#5977=ADVANCED_FACE('',(#692),#285,.F.);
#5978=ADVANCED_FACE('',(#693),#286,.F.);
#5979=ADVANCED_FACE('',(#694),#287,.F.);
#5980=ADVANCED_FACE('',(#695),#288,.F.);
#5981=ADVANCED_FACE('',(#696),#289,.F.);
#5982=ADVANCED_FACE('',(#697),#290,.F.);
#5983=ADVANCED_FACE('',(#698),#467,.F.);
#5984=ADVANCED_FACE('',(#699),#291,.F.);
#5985=ADVANCED_FACE('',(#700),#468,.F.);
#5986=ADVANCED_FACE('',(#701),#292,.F.);
#5987=ADVANCED_FACE('',(#702),#293,.F.);
#5988=ADVANCED_FACE('',(#703),#294,.F.);
#5989=ADVANCED_FACE('',(#704),#469,.F.);
#5990=ADVANCED_FACE('',(#705),#295,.F.);
#5991=ADVANCED_FACE('',(#706),#296,.F.);
#5992=ADVANCED_FACE('',(#707),#297,.F.);
#5993=ADVANCED_FACE('',(#708),#470,.F.);
#5994=ADVANCED_FACE('',(#709),#298,.T.);
#5995=ADVANCED_FACE('',(#710),#21,.T.);
#5996=ADVANCED_FACE('',(#711),#22,.T.);
#5997=ADVANCED_FACE('',(#712),#299,.T.);
#5998=ADVANCED_FACE('',(#713),#471,.T.);
#5999=ADVANCED_FACE('',(#714),#300,.T.);
#6000=ADVANCED_FACE('',(#715),#301,.F.);
#6001=ADVANCED_FACE('',(#716),#23,.T.);
#6002=ADVANCED_FACE('',(#717),#302,.T.);
#6003=ADVANCED_FACE('',(#718),#24,.T.);
#6004=ADVANCED_FACE('',(#719),#25,.T.);
#6005=ADVANCED_FACE('',(#720),#303,.T.);
#6006=ADVANCED_FACE('',(#721,#385,#386,#387),#472,.F.);
#6007=ADVANCED_FACE('',(#722),#5829,.T.);
#6008=ADVANCED_FACE('',(#723),#473,.T.);
#6009=ADVANCED_FACE('',(#724),#5830,.T.);
#6010=ADVANCED_FACE('',(#725),#474,.T.);
#6011=ADVANCED_FACE('',(#726),#5831,.T.);
#6012=ADVANCED_FACE('',(#727),#475,.T.);
#6013=ADVANCED_FACE('',(#728),#5832,.T.);
#6014=ADVANCED_FACE('',(#729),#476,.T.);
#6015=ADVANCED_FACE('',(#730),#5833,.F.);
#6016=ADVANCED_FACE('',(#731),#5834,.F.);
#6017=ADVANCED_FACE('',(#732),#5835,.F.);
#6018=ADVANCED_FACE('',(#733),#477,.F.);
#6019=ADVANCED_FACE('',(#734),#304,.F.);
#6020=ADVANCED_FACE('',(#735),#305,.F.);
#6021=ADVANCED_FACE('',(#736),#306,.F.);
#6022=ADVANCED_FACE('',(#737),#307,.F.);
#6023=ADVANCED_FACE('',(#738),#478,.F.);
#6024=ADVANCED_FACE('',(#739),#479,.F.);
#6025=ADVANCED_FACE('',(#740),#480,.F.);
#6026=ADVANCED_FACE('',(#741),#481,.F.);
#6027=ADVANCED_FACE('',(#742),#482,.F.);
#6028=ADVANCED_FACE('',(#743),#483,.F.);
#6029=ADVANCED_FACE('',(#744),#484,.F.);
#6030=ADVANCED_FACE('',(#745),#308,.F.);
#6031=ADVANCED_FACE('',(#746),#309,.F.);
#6032=ADVANCED_FACE('',(#747),#485,.F.);
#6033=ADVANCED_FACE('',(#748),#310,.F.);
#6034=ADVANCED_FACE('',(#749),#486,.F.);
#6035=ADVANCED_FACE('',(#750),#311,.F.);
#6036=ADVANCED_FACE('',(#751),#312,.F.);
#6037=ADVANCED_FACE('',(#752),#487,.F.);
#6038=ADVANCED_FACE('',(#753),#488,.T.);
#6039=ADVANCED_FACE('',(#754),#313,.F.);
#6040=ADVANCED_FACE('',(#755),#489,.F.);
#6041=ADVANCED_FACE('',(#756),#490,.F.);
#6042=ADVANCED_FACE('',(#757),#491,.F.);
#6043=ADVANCED_FACE('',(#758),#492,.F.);
#6044=ADVANCED_FACE('',(#759),#493,.F.);
#6045=ADVANCED_FACE('',(#760),#494,.F.);
#6046=ADVANCED_FACE('',(#761),#495,.F.);
#6047=ADVANCED_FACE('',(#762),#496,.F.);
#6048=ADVANCED_FACE('',(#763),#497,.F.);
#6049=ADVANCED_FACE('',(#764),#498,.F.);
#6050=ADVANCED_FACE('',(#765),#499,.T.);
#6051=ADVANCED_FACE('',(#766),#500,.T.);
#6052=ADVANCED_FACE('',(#767),#314,.F.);
#6053=ADVANCED_FACE('',(#768),#501,.T.);
#6054=ADVANCED_FACE('',(#769),#502,.T.);
#6055=ADVANCED_FACE('',(#770),#315,.F.);
#6056=ADVANCED_FACE('',(#771),#503,.T.);
#6057=ADVANCED_FACE('',(#772),#504,.T.);
#6058=ADVANCED_FACE('',(#773),#316,.F.);
#6059=ADVANCED_FACE('',(#774),#505,.T.);
#6060=ADVANCED_FACE('',(#775),#506,.T.);
#6061=ADVANCED_FACE('',(#776),#507,.T.);
#6062=ADVANCED_FACE('',(#777),#317,.F.);
#6063=ADVANCED_FACE('',(#778),#508,.T.);
#6064=ADVANCED_FACE('',(#779),#509,.T.);
#6065=ADVANCED_FACE('',(#780),#510,.T.);
#6066=ADVANCED_FACE('',(#781),#511,.T.);
#6067=ADVANCED_FACE('',(#782),#318,.F.);
#6068=ADVANCED_FACE('',(#783),#319,.F.);
#6069=ADVANCED_FACE('',(#784),#320,.F.);
#6070=ADVANCED_FACE('',(#785),#321,.F.);
#6071=ADVANCED_FACE('',(#786),#322,.F.);
#6072=ADVANCED_FACE('',(#787),#323,.F.);
#6073=ADVANCED_FACE('',(#788,#388,#389,#390),#512,.T.);
#6074=ADVANCED_FACE('',(#789),#324,.T.);
#6075=ADVANCED_FACE('',(#790),#325,.F.);
#6076=ADVANCED_FACE('',(#791),#513,.F.);
#6077=ADVANCED_FACE('',(#792),#326,.F.);
#6078=ADVANCED_FACE('',(#793,#391),#514,.F.);
#6079=ADVANCED_FACE('',(#794),#515,.F.);
#6080=ADVANCED_FACE('',(#795,#392,#393,#394,#395,#396,#397),#516,.T.);
#6081=ADVANCED_FACE('',(#796),#517,.F.);
#6082=ADVANCED_FACE('',(#797,#398,#399,#400),#518,.T.);
#6083=ADVANCED_FACE('',(#798),#327,.F.);
#6084=ADVANCED_FACE('',(#799),#519,.F.);
#6085=ADVANCED_FACE('',(#800),#520,.F.);
#6086=ADVANCED_FACE('',(#801),#521,.F.);
#6087=ADVANCED_FACE('',(#802),#26,.T.);
#6088=ADVANCED_FACE('',(#803),#522,.F.);
#6089=ADVANCED_FACE('',(#804),#523,.F.);
#6090=ADVANCED_FACE('',(#805),#524,.T.);
#6091=ADVANCED_FACE('',(#806),#525,.T.);
#6092=ADVANCED_FACE('',(#807),#526,.T.);
#6093=ADVANCED_FACE('',(#808),#527,.T.);
#6094=ADVANCED_FACE('',(#809),#528,.T.);
#6095=ADVANCED_FACE('',(#810),#529,.T.);
#6096=ADVANCED_FACE('',(#811),#530,.T.);
#6097=ADVANCED_FACE('',(#812),#531,.T.);
#6098=ADVANCED_FACE('',(#813),#532,.T.);
#6099=ADVANCED_FACE('',(#814),#533,.T.);
#6100=ADVANCED_FACE('',(#815),#534,.T.);
#6101=ADVANCED_FACE('',(#816),#535,.T.);
#6102=ADVANCED_FACE('',(#817),#536,.T.);
#6103=ADVANCED_FACE('',(#818),#537,.T.);
#6104=ADVANCED_FACE('',(#819),#538,.T.);
#6105=ADVANCED_FACE('',(#820),#539,.T.);
#6106=ADVANCED_FACE('',(#821),#540,.T.);
#6107=ADVANCED_FACE('',(#822),#328,.T.);
#6108=ADVANCED_FACE('',(#823),#329,.T.);
#6109=ADVANCED_FACE('',(#824),#541,.T.);
#6110=ADVANCED_FACE('',(#825),#330,.T.);
#6111=ADVANCED_FACE('',(#826,#401,#402,#403),#542,.F.);
#6112=ADVANCED_FACE('',(#827),#331,.T.);
#6113=ADVANCED_FACE('',(#828),#543,.T.);
#6114=ADVANCED_FACE('',(#829),#332,.T.);
#6115=ADVANCED_FACE('',(#830),#544,.T.);
#6116=ADVANCED_FACE('',(#831),#333,.T.);
#6117=ADVANCED_FACE('',(#832),#545,.T.);
#6118=ADVANCED_FACE('',(#833),#334,.T.);
#6119=ADVANCED_FACE('',(#834),#335,.F.);
#6120=ADVANCED_FACE('',(#835),#336,.F.);
#6121=ADVANCED_FACE('',(#836),#546,.T.);
#6122=ADVANCED_FACE('',(#837),#337,.T.);
#6123=ADVANCED_FACE('',(#838),#547,.T.);
#6124=ADVANCED_FACE('',(#839),#338,.T.);
#6125=ADVANCED_FACE('',(#840),#548,.T.);
#6126=ADVANCED_FACE('',(#841),#339,.T.);
#6127=ADVANCED_FACE('',(#842,#404,#405),#549,.T.);
#6128=ADVANCED_FACE('',(#843),#550,.T.);
#6129=CLOSED_SHELL('',(#5836,#5837,#5838,#5839,#5840,#5841,#5842,#5843,
#5844,#5845,#5846,#5847,#5848,#5849,#5850,#5851,#5852,#5853,#5854,#5855,
#5856,#5857,#5858,#5859,#5860,#5861,#5862,#5863,#5864,#5865,#5866,#5867,
#5868,#5869,#5870,#5871,#5872,#5873,#5874,#5875,#5876,#5877,#5878,#5879,
#5880,#5881,#5882,#5883,#5884,#5885,#5886,#5887,#5888,#5889,#5890,#5891,
#5892,#5893,#5894,#5895,#5896,#5897,#5898,#5899,#5900,#5901,#5902,#5903,
#5904,#5905,#5906,#5907,#5908,#5909,#5910,#5911,#5912,#5913,#5914,#5915,
#5916,#5917,#5918,#5919,#5920,#5921,#5922,#5923,#5924,#5925,#5926,#5927,
#5928,#5929,#5930,#5931,#5932,#5933,#5934,#5935,#5936,#5937,#5938,#5939,
#5940,#5941,#5942,#5943,#5944,#5945,#5946,#5947,#5948,#5949,#5950,#5951,
#5952,#5953,#5954,#5955,#5956,#5957,#5958,#5959,#5960,#5961,#5962,#5963,
#5964,#5965,#5966,#5967,#5968,#5969,#5970,#5971,#5972,#5973,#5974,#5975,
#5976,#5977,#5978,#5979,#5980,#5981,#5982,#5983,#5984,#5985,#5986,#5987,
#5988,#5989,#5990,#5991,#5992,#5993,#5994,#5995,#5996,#5997,#5998,#5999,
#6000,#6001,#6002,#6003,#6004,#6005,#6006,#6007,#6008,#6009,#6010,#6011,
#6012,#6013,#6014,#6015,#6016,#6017,#6018,#6019,#6020,#6021,#6022,#6023,
#6024,#6025,#6026,#6027,#6028,#6029,#6030,#6031,#6032,#6033,#6034,#6035,
#6036,#6037,#6038,#6039,#6040,#6041,#6042,#6043,#6044,#6045,#6046,#6047,
#6048,#6049,#6050,#6051,#6052,#6053,#6054,#6055,#6056,#6057,#6058,#6059,
#6060,#6061,#6062,#6063,#6064,#6065,#6066,#6067,#6068,#6069,#6070,#6071,
#6072,#6073,#6074,#6075,#6076,#6077,#6078,#6079,#6080,#6081,#6082,#6083,
#6084,#6085,#6086,#6087));
#6130=CLOSED_SHELL('',(#6088,#6089,#6090,#6091,#6092,#6093,#6094,#6095,
#6096,#6097,#6098,#6099,#6100,#6101,#6102,#6103));
#6131=CLOSED_SHELL('',(#6104,#6105,#6106,#6107,#6108,#6109,#6110,#6111,
#6112,#6113,#6114,#6115,#6116,#6117,#6118,#6119,#6120,#6121,#6122,#6123,
#6124,#6125,#6126,#6127,#6128));
#6132=DERIVED_UNIT_ELEMENT(#6134,1.);
#6133=DERIVED_UNIT_ELEMENT(#11773,-3.);
#6134=(
MASS_UNIT()
NAMED_UNIT(*)
SI_UNIT(.KILO.,.GRAM.)
);
#6135=DERIVED_UNIT((#6132,#6133));
#6136=MEASURE_REPRESENTATION_ITEM('density measure',
POSITIVE_RATIO_MEASURE(1060.),#6135);
#6137=PROPERTY_DEFINITION_REPRESENTATION(#6142,#6139);
#6138=PROPERTY_DEFINITION_REPRESENTATION(#6143,#6140);
#6139=REPRESENTATION('material name',(#6141),#11770);
#6140=REPRESENTATION('density',(#6136),#11770);
#6141=DESCRIPTIVE_REPRESENTATION_ITEM('ABS Plastic','ABS Plastic');
#6142=PROPERTY_DEFINITION('material property','material name',#11780);
#6143=PROPERTY_DEFINITION('material property','density of part',#11780);
#6144=AXIS2_PLACEMENT_3D('',#8443,#6738,#6739);
#6145=AXIS2_PLACEMENT_3D('',#8444,#6740,#6741);
#6146=AXIS2_PLACEMENT_3D('',#8449,#6743,#6744);
#6147=AXIS2_PLACEMENT_3D('',#8456,#6745,#6746);
#6148=AXIS2_PLACEMENT_3D('',#8467,#6747,#6748);
#6149=AXIS2_PLACEMENT_3D('',#8469,#6749,#6750);
#6150=AXIS2_PLACEMENT_3D('',#8471,#6751,#6752);
#6151=AXIS2_PLACEMENT_3D('',#8472,#6753,#6754);
#6152=AXIS2_PLACEMENT_3D('',#8474,#6755,#6756);
#6153=AXIS2_PLACEMENT_3D('',#8476,#6757,#6758);
#6154=AXIS2_PLACEMENT_3D('',#8477,#6759,#6760);
#6155=AXIS2_PLACEMENT_3D('',#8485,#6761,#6762);
#6156=AXIS2_PLACEMENT_3D('',#8491,#6763,#6764);
#6157=AXIS2_PLACEMENT_3D('',#8492,#6765,#6766);
#6158=AXIS2_PLACEMENT_3D('',#8502,#6772,#6773);
#6159=AXIS2_PLACEMENT_3D('',#8510,#6778,#6779);
#6160=AXIS2_PLACEMENT_3D('',#8513,#6780,#6781);
#6161=AXIS2_PLACEMENT_3D('',#8517,#6783,#6784);
#6162=AXIS2_PLACEMENT_3D('',#8540,#6786,#6787);
#6163=AXIS2_PLACEMENT_3D('',#8550,#6788,#6789);
#6164=AXIS2_PLACEMENT_3D('',#8556,#6790,#6791);
#6165=AXIS2_PLACEMENT_3D('',#8562,#6792,#6793);
#6166=AXIS2_PLACEMENT_3D('',#8563,#6794,#6795);
#6167=AXIS2_PLACEMENT_3D('',#8573,#6801,#6802);
#6168=AXIS2_PLACEMENT_3D('',#8575,#6803,#6804);
#6169=AXIS2_PLACEMENT_3D('',#8576,#6805,#6806);
#6170=AXIS2_PLACEMENT_3D('',#8578,#6807,#6808);
#6171=AXIS2_PLACEMENT_3D('',#8579,#6809,#6810);
#6172=AXIS2_PLACEMENT_3D('',#8581,#6812,#6813);
#6173=AXIS2_PLACEMENT_3D('',#8590,#6817,#6818);
#6174=AXIS2_PLACEMENT_3D('',#8598,#6822,#6823);
#6175=AXIS2_PLACEMENT_3D('',#8600,#6824,#6825);
#6176=AXIS2_PLACEMENT_3D('',#8602,#6826,#6827);
#6177=AXIS2_PLACEMENT_3D('',#8610,#6831,#6832);
#6178=AXIS2_PLACEMENT_3D('',#8618,#6836,#6837);
#6179=AXIS2_PLACEMENT_3D('',#8626,#6841,#6842);
#6180=AXIS2_PLACEMENT_3D('',#8634,#6846,#6847);
#6181=AXIS2_PLACEMENT_3D('',#8642,#6851,#6852);
#6182=AXIS2_PLACEMENT_3D('',#8650,#6856,#6857);
#6183=AXIS2_PLACEMENT_3D('',#8658,#6861,#6862);
#6184=AXIS2_PLACEMENT_3D('',#8666,#6866,#6867);
#6185=AXIS2_PLACEMENT_3D('',#8674,#6871,#6872);
#6186=AXIS2_PLACEMENT_3D('',#8682,#6876,#6877);
#6187=AXIS2_PLACEMENT_3D('',#8690,#6881,#6882);
#6188=AXIS2_PLACEMENT_3D('',#8698,#6886,#6887);
#6189=AXIS2_PLACEMENT_3D('',#8700,#6888,#6889);
#6190=AXIS2_PLACEMENT_3D('',#8712,#6895,#6896);
#6191=AXIS2_PLACEMENT_3D('',#8715,#6898,#6899);
#6192=AXIS2_PLACEMENT_3D('',#8718,#6900,#6901);
#6193=AXIS2_PLACEMENT_3D('',#8720,#6902,#6903);
#6194=AXIS2_PLACEMENT_3D('',#8724,#6905,#6906);
#6195=AXIS2_PLACEMENT_3D('',#8730,#6909,#6910);
#6196=AXIS2_PLACEMENT_3D('',#8733,#6912,#6913);
#6197=AXIS2_PLACEMENT_3D('',#8738,#6915,#6916);
#6198=AXIS2_PLACEMENT_3D('',#8741,#6918,#6919);
#6199=AXIS2_PLACEMENT_3D('',#8744,#6920,#6921);
#6200=AXIS2_PLACEMENT_3D('',#8748,#6923,#6924);
#6201=AXIS2_PLACEMENT_3D('',#8751,#6926,#6927);
#6202=AXIS2_PLACEMENT_3D('',#8754,#6928,#6929);
#6203=AXIS2_PLACEMENT_3D('',#8758,#6931,#6932);
#6204=AXIS2_PLACEMENT_3D('',#8762,#6934,#6935);
#6205=AXIS2_PLACEMENT_3D('',#8766,#6937,#6938);
#6206=AXIS2_PLACEMENT_3D('',#8770,#6940,#6941);
#6207=AXIS2_PLACEMENT_3D('',#8774,#6943,#6944);
#6208=AXIS2_PLACEMENT_3D('',#8778,#6946,#6947);
#6209=AXIS2_PLACEMENT_3D('',#8782,#6949,#6950);
#6210=AXIS2_PLACEMENT_3D('',#8786,#6952,#6953);
#6211=AXIS2_PLACEMENT_3D('',#8790,#6955,#6956);
#6212=AXIS2_PLACEMENT_3D('',#8796,#6959,#6960);
#6213=AXIS2_PLACEMENT_3D('',#8799,#6962,#6963);
#6214=AXIS2_PLACEMENT_3D('',#8802,#6964,#6965);
#6215=AXIS2_PLACEMENT_3D('',#8806,#6967,#6968);
#6216=AXIS2_PLACEMENT_3D('',#8810,#6970,#6971);
#6217=AXIS2_PLACEMENT_3D('',#8814,#6973,#6974);
#6218=AXIS2_PLACEMENT_3D('',#8818,#6976,#6977);
#6219=AXIS2_PLACEMENT_3D('',#8822,#6979,#6980);
#6220=AXIS2_PLACEMENT_3D('',#8826,#6982,#6983);
#6221=AXIS2_PLACEMENT_3D('',#8830,#6985,#6986);
#6222=AXIS2_PLACEMENT_3D('',#8834,#6988,#6989);
#6223=AXIS2_PLACEMENT_3D('',#8838,#6991,#6992);
#6224=AXIS2_PLACEMENT_3D('',#8850,#6998,#6999);
#6225=AXIS2_PLACEMENT_3D('',#8854,#7001,#7002);
#6226=AXIS2_PLACEMENT_3D('',#8857,#7004,#7005);
#6227=AXIS2_PLACEMENT_3D('',#8860,#7006,#7007);
#6228=AXIS2_PLACEMENT_3D('',#8864,#7009,#7010);
#6229=AXIS2_PLACEMENT_3D('',#8870,#7013,#7014);
#6230=AXIS2_PLACEMENT_3D('',#8872,#7015,#7016);
#6231=AXIS2_PLACEMENT_3D('',#8875,#7018,#7019);
#6232=AXIS2_PLACEMENT_3D('',#8877,#7020,#7021);
#6233=AXIS2_PLACEMENT_3D('',#8880,#7023,#7024);
#6234=AXIS2_PLACEMENT_3D('',#8884,#7026,#7027);
#6235=AXIS2_PLACEMENT_3D('',#8887,#7029,#7030);
#6236=AXIS2_PLACEMENT_3D('',#8891,#7032,#7033);
#6237=AXIS2_PLACEMENT_3D('',#8892,#7034,#7035);
#6238=AXIS2_PLACEMENT_3D('',#8894,#7036,#7037);
#6239=AXIS2_PLACEMENT_3D('',#8897,#7039,#7040);
#6240=AXIS2_PLACEMENT_3D('',#8898,#7041,#7042);
#6241=AXIS2_PLACEMENT_3D('',#8900,#7044,#7045);
#6242=AXIS2_PLACEMENT_3D('',#8905,#7047,#7048);
#6243=AXIS2_PLACEMENT_3D('',#8909,#7050,#7051);
#6244=AXIS2_PLACEMENT_3D('',#8913,#7053,#7054);
#6245=AXIS2_PLACEMENT_3D('',#8917,#7056,#7057);
#6246=AXIS2_PLACEMENT_3D('',#8921,#7059,#7060);
#6247=AXIS2_PLACEMENT_3D('',#8942,#7062,#7063);
#6248=AXIS2_PLACEMENT_3D('',#8974,#7064,#7065);
#6249=AXIS2_PLACEMENT_3D('',#9006,#7066,#7067);
#6250=AXIS2_PLACEMENT_3D('',#9030,#7068,#7069);
#6251=AXIS2_PLACEMENT_3D('',#9054,#7070,#7071);
#6252=AXIS2_PLACEMENT_3D('',#9057,#7072,#7073);
#6253=AXIS2_PLACEMENT_3D('',#9090,#7074,#7075);
#6254=AXIS2_PLACEMENT_3D('',#9121,#7076,#7077);
#6255=AXIS2_PLACEMENT_3D('',#9136,#7078,#7079);
#6256=AXIS2_PLACEMENT_3D('',#9169,#7080,#7081);
#6257=AXIS2_PLACEMENT_3D('',#9176,#7082,#7083);
#6258=AXIS2_PLACEMENT_3D('',#9201,#7084,#7085);
#6259=AXIS2_PLACEMENT_3D('',#9224,#7086,#7087);
#6260=AXIS2_PLACEMENT_3D('',#9249,#7088,#7089);
#6261=AXIS2_PLACEMENT_3D('',#9296,#7090,#7091);
#6262=AXIS2_PLACEMENT_3D('',#9320,#7092,#7093);
#6263=AXIS2_PLACEMENT_3D('',#9352,#7094,#7095);
#6264=AXIS2_PLACEMENT_3D('',#9384,#7096,#7097);
#6265=AXIS2_PLACEMENT_3D('',#9411,#7098,#7099);
#6266=AXIS2_PLACEMENT_3D('',#9443,#7100,#7101);
#6267=AXIS2_PLACEMENT_3D('',#9470,#7102,#7103);
#6268=AXIS2_PLACEMENT_3D('',#9502,#7104,#7105);
#6269=AXIS2_PLACEMENT_3D('',#9529,#7106,#7107);
#6270=AXIS2_PLACEMENT_3D('',#9556,#7108,#7109);
#6271=AXIS2_PLACEMENT_3D('',#9581,#7110,#7111);
#6272=AXIS2_PLACEMENT_3D('',#9608,#7112,#7113);
#6273=AXIS2_PLACEMENT_3D('',#9635,#7114,#7115);
#6274=AXIS2_PLACEMENT_3D('',#9662,#7116,#7117);
#6275=AXIS2_PLACEMENT_3D('',#9665,#7118,#7119);
#6276=AXIS2_PLACEMENT_3D('',#9691,#7120,#7121);
#6277=AXIS2_PLACEMENT_3D('',#9716,#7122,#7123);
#6278=AXIS2_PLACEMENT_3D('',#9749,#7124,#7125);
#6279=AXIS2_PLACEMENT_3D('',#9804,#7126,#7127);
#6280=AXIS2_PLACEMENT_3D('',#9836,#7128,#7129);
#6281=AXIS2_PLACEMENT_3D('',#9837,#7130,#7131);
#6282=AXIS2_PLACEMENT_3D('',#9838,#7132,#7133);
#6283=AXIS2_PLACEMENT_3D('',#9839,#7134,#7135);
#6284=AXIS2_PLACEMENT_3D('',#9842,#7138,#7139);
#6285=AXIS2_PLACEMENT_3D('',#9845,#7142,#7143);
#6286=AXIS2_PLACEMENT_3D('',#9848,#7146,#7147);
#6287=AXIS2_PLACEMENT_3D('',#9850,#7149,#7150);
#6288=AXIS2_PLACEMENT_3D('',#9852,#7151,#7152);
#6289=AXIS2_PLACEMENT_3D('',#9853,#7153,#7154);
#6290=AXIS2_PLACEMENT_3D('',#9856,#7156,#7157);
#6291=AXIS2_PLACEMENT_3D('',#9857,#7158,#7159);
#6292=AXIS2_PLACEMENT_3D('',#9859,#7160,#7161);
#6293=AXIS2_PLACEMENT_3D('',#9860,#7162,#7163);
#6294=AXIS2_PLACEMENT_3D('',#9862,#7164,#7165);
#6295=AXIS2_PLACEMENT_3D('',#9863,#7166,#7167);
#6296=AXIS2_PLACEMENT_3D('',#9866,#7169,#7170);
#6297=AXIS2_PLACEMENT_3D('',#9867,#7171,#7172);
#6298=AXIS2_PLACEMENT_3D('',#9870,#7174,#7175);
#6299=AXIS2_PLACEMENT_3D('',#9871,#7176,#7177);
#6300=AXIS2_PLACEMENT_3D('',#9874,#7178,#7179);
#6301=AXIS2_PLACEMENT_3D('',#9878,#7181,#7182);
#6302=AXIS2_PLACEMENT_3D('',#9880,#7184,#7185);
#6303=AXIS2_PLACEMENT_3D('',#9883,#7186,#7187);
#6304=AXIS2_PLACEMENT_3D('',#9887,#7189,#7190);
#6305=AXIS2_PLACEMENT_3D('',#9889,#7192,#7193);
#6306=AXIS2_PLACEMENT_3D('',#9892,#7196,#7197);
#6307=AXIS2_PLACEMENT_3D('',#9894,#7198,#7199);
#6308=AXIS2_PLACEMENT_3D('',#9895,#7200,#7201);
#6309=AXIS2_PLACEMENT_3D('',#9896,#7202,#7203);
#6310=AXIS2_PLACEMENT_3D('',#9897,#7204,#7205);
#6311=AXIS2_PLACEMENT_3D('',#9898,#7206,#7207);
#6312=AXIS2_PLACEMENT_3D('',#9900,#7208,#7209);
#6313=AXIS2_PLACEMENT_3D('',#9901,#7210,#7211);
#6314=AXIS2_PLACEMENT_3D('',#9902,#7212,#7213);
#6315=AXIS2_PLACEMENT_3D('',#9905,#7216,#7217);
#6316=AXIS2_PLACEMENT_3D('',#9911,#7221,#7222);
#6317=AXIS2_PLACEMENT_3D('',#9917,#7226,#7227);
#6318=AXIS2_PLACEMENT_3D('',#9920,#7230,#7231);
#6319=AXIS2_PLACEMENT_3D('',#9923,#7234,#7235);
#6320=AXIS2_PLACEMENT_3D('',#9926,#7238,#7239);
#6321=AXIS2_PLACEMENT_3D('',#9929,#7242,#7243);
#6322=AXIS2_PLACEMENT_3D('',#9932,#7246,#7247);
#6323=AXIS2_PLACEMENT_3D('',#9935,#7250,#7251);
#6324=AXIS2_PLACEMENT_3D('',#9938,#7254,#7255);
#6325=AXIS2_PLACEMENT_3D('',#9941,#7258,#7259);
#6326=AXIS2_PLACEMENT_3D('',#9944,#7262,#7263);
#6327=AXIS2_PLACEMENT_3D('',#9946,#7265,#7266);
#6328=AXIS2_PLACEMENT_3D('',#9948,#7268,#7269);
#6329=AXIS2_PLACEMENT_3D('',#9949,#7270,#7271);
#6330=AXIS2_PLACEMENT_3D('',#9951,#7273,#7274);
#6331=AXIS2_PLACEMENT_3D('',#9953,#7276,#7277);
#6332=AXIS2_PLACEMENT_3D('',#9954,#7278,#7279);
#6333=AXIS2_PLACEMENT_3D('',#9956,#7281,#7282);
#6334=AXIS2_PLACEMENT_3D('',#9958,#7284,#7285);
#6335=AXIS2_PLACEMENT_3D('',#9959,#7286,#7287);
#6336=AXIS2_PLACEMENT_3D('',#9961,#7289,#7290);
#6337=AXIS2_PLACEMENT_3D('',#9963,#7292,#7293);
#6338=AXIS2_PLACEMENT_3D('',#9964,#7294,#7295);
#6339=AXIS2_PLACEMENT_3D('',#9966,#7297,#7298);
#6340=AXIS2_PLACEMENT_3D('',#9968,#7300,#7301);
#6341=AXIS2_PLACEMENT_3D('',#9969,#7302,#7303);
#6342=AXIS2_PLACEMENT_3D('',#9971,#7305,#7306);
#6343=AXIS2_PLACEMENT_3D('',#9973,#7308,#7309);
#6344=AXIS2_PLACEMENT_3D('',#9974,#7310,#7311);
#6345=AXIS2_PLACEMENT_3D('',#9976,#7313,#7314);
#6346=AXIS2_PLACEMENT_3D('',#9978,#7316,#7317);
#6347=AXIS2_PLACEMENT_3D('',#9979,#7318,#7319);
#6348=AXIS2_PLACEMENT_3D('',#9981,#7321,#7322);
#6349=AXIS2_PLACEMENT_3D('',#9983,#7324,#7325);
#6350=AXIS2_PLACEMENT_3D('',#9984,#7326,#7327);
#6351=AXIS2_PLACEMENT_3D('',#9986,#7329,#7330);
#6352=AXIS2_PLACEMENT_3D('',#9988,#7332,#7333);
#6353=AXIS2_PLACEMENT_3D('',#9989,#7334,#7335);
#6354=AXIS2_PLACEMENT_3D('',#9992,#7338,#7339);
#6355=AXIS2_PLACEMENT_3D('',#9994,#7341,#7342);
#6356=AXIS2_PLACEMENT_3D('',#9996,#7344,#7345);
#6357=AXIS2_PLACEMENT_3D('',#9998,#7347,#7348);
#6358=AXIS2_PLACEMENT_3D('',#9999,#7349,#7350);
#6359=AXIS2_PLACEMENT_3D('',#10002,#7353,#7354);
#6360=AXIS2_PLACEMENT_3D('',#10004,#7356,#7357);
#6361=AXIS2_PLACEMENT_3D('',#10006,#7359,#7360);
#6362=AXIS2_PLACEMENT_3D('',#10007,#7361,#7362);
#6363=AXIS2_PLACEMENT_3D('',#10010,#7365,#7366);
#6364=AXIS2_PLACEMENT_3D('',#10012,#7368,#7369);
#6365=AXIS2_PLACEMENT_3D('',#10014,#7371,#7372);
#6366=AXIS2_PLACEMENT_3D('',#10015,#7373,#7374);
#6367=AXIS2_PLACEMENT_3D('',#10018,#7377,#7378);
#6368=AXIS2_PLACEMENT_3D('',#10020,#7380,#7381);
#6369=AXIS2_PLACEMENT_3D('',#10022,#7383,#7384);
#6370=AXIS2_PLACEMENT_3D('',#10024,#7386,#7387);
#6371=AXIS2_PLACEMENT_3D('',#10025,#7388,#7389);
#6372=AXIS2_PLACEMENT_3D('',#10027,#7391,#7392);
#6373=AXIS2_PLACEMENT_3D('',#10029,#7394,#7395);
#6374=AXIS2_PLACEMENT_3D('',#10030,#7396,#7397);
#6375=AXIS2_PLACEMENT_3D('',#10034,#7399,#7400);
#6376=AXIS2_PLACEMENT_3D('',#10036,#7402,#7403);
#6377=AXIS2_PLACEMENT_3D('',#10040,#7406,#7407);
#6378=AXIS2_PLACEMENT_3D('',#10043,#7409,#7410);
#6379=AXIS2_PLACEMENT_3D('',#10044,#7411,#7412);
#6380=AXIS2_PLACEMENT_3D('',#10050,#7416,#7417);
#6381=AXIS2_PLACEMENT_3D('',#10052,#7419,#7420);
#6382=AXIS2_PLACEMENT_3D('',#10054,#7422,#7423);
#6383=AXIS2_PLACEMENT_3D('',#10055,#7424,#7425);
#6384=AXIS2_PLACEMENT_3D('',#10056,#7426,#7427);
#6385=AXIS2_PLACEMENT_3D('',#10058,#7429,#7430);
#6386=AXIS2_PLACEMENT_3D('',#10059,#7431,#7432);
#6387=AXIS2_PLACEMENT_3D('',#10061,#7433,#7434);
#6388=AXIS2_PLACEMENT_3D('',#10064,#7436,#7437);
#6389=AXIS2_PLACEMENT_3D('',#10065,#7438,#7439);
#6390=AXIS2_PLACEMENT_3D('',#10067,#7440,#7441);
#6391=AXIS2_PLACEMENT_3D('',#10070,#7443,#7444);
#6392=AXIS2_PLACEMENT_3D('',#10071,#7445,#7446);
#6393=AXIS2_PLACEMENT_3D('',#10080,#7451,#7452);
#6394=AXIS2_PLACEMENT_3D('',#10082,#7453,#7454);
#6395=AXIS2_PLACEMENT_3D('',#10086,#7456,#7457);
#6396=AXIS2_PLACEMENT_3D('',#10088,#7458,#7459);
#6397=AXIS2_PLACEMENT_3D('',#10097,#7464,#7465);
#6398=AXIS2_PLACEMENT_3D('',#10098,#7466,#7467);
#6399=AXIS2_PLACEMENT_3D('',#10099,#7468,#7469);
#6400=AXIS2_PLACEMENT_3D('',#10100,#7470,#7471);
#6401=AXIS2_PLACEMENT_3D('',#10101,#7472,#7473);
#6402=AXIS2_PLACEMENT_3D('',#10131,#7474,#7475);
#6403=AXIS2_PLACEMENT_3D('',#10133,#7476,#7477);
#6404=AXIS2_PLACEMENT_3D('',#10162,#7478,#7479);
#6405=AXIS2_PLACEMENT_3D('',#10164,#7480,#7481);
#6406=AXIS2_PLACEMENT_3D('',#10193,#7482,#7483);
#6407=AXIS2_PLACEMENT_3D('',#10195,#7484,#7485);
#6408=AXIS2_PLACEMENT_3D('',#10224,#7486,#7487);
#6409=AXIS2_PLACEMENT_3D('',#10227,#7489,#7490);
#6410=AXIS2_PLACEMENT_3D('',#10229,#7491,#7492);
#6411=AXIS2_PLACEMENT_3D('',#10258,#7493,#7494);
#6412=AXIS2_PLACEMENT_3D('',#10260,#7495,#7496);
#6413=AXIS2_PLACEMENT_3D('',#10289,#7497,#7498);
#6414=AXIS2_PLACEMENT_3D('',#10291,#7499,#7500);
#6415=AXIS2_PLACEMENT_3D('',#10320,#7501,#7502);
#6416=AXIS2_PLACEMENT_3D('',#10322,#7503,#7504);
#6417=AXIS2_PLACEMENT_3D('',#10351,#7505,#7506);
#6418=AXIS2_PLACEMENT_3D('',#10353,#7507,#7508);
#6419=AXIS2_PLACEMENT_3D('',#10382,#7509,#7510);
#6420=AXIS2_PLACEMENT_3D('',#10384,#7511,#7512);
#6421=AXIS2_PLACEMENT_3D('',#10413,#7513,#7514);
#6422=AXIS2_PLACEMENT_3D('',#10415,#7515,#7516);
#6423=AXIS2_PLACEMENT_3D('',#10444,#7517,#7518);
#6424=AXIS2_PLACEMENT_3D('',#10446,#7519,#7520);
#6425=AXIS2_PLACEMENT_3D('',#10475,#7521,#7522);
#6426=AXIS2_PLACEMENT_3D('',#10477,#7523,#7524);
#6427=AXIS2_PLACEMENT_3D('',#10506,#7525,#7526);
#6428=AXIS2_PLACEMENT_3D('',#10508,#7527,#7528);
#6429=AXIS2_PLACEMENT_3D('',#10537,#7529,#7530);
#6430=AXIS2_PLACEMENT_3D('',#10538,#7531,#7532);
#6431=AXIS2_PLACEMENT_3D('',#10539,#7533,#7534);
#6432=AXIS2_PLACEMENT_3D('',#10541,#7535,#7536);
#6433=AXIS2_PLACEMENT_3D('',#10543,#7538,#7539);
#6434=AXIS2_PLACEMENT_3D('',#10547,#7541,#7542);
#6435=AXIS2_PLACEMENT_3D('',#10551,#7545,#7546);
#6436=AXIS2_PLACEMENT_3D('',#10553,#7547,#7548);
#6437=AXIS2_PLACEMENT_3D('',#10555,#7550,#7551);
#6438=AXIS2_PLACEMENT_3D('',#10559,#7554,#7555);
#6439=AXIS2_PLACEMENT_3D('',#10561,#7556,#7557);
#6440=AXIS2_PLACEMENT_3D('',#10563,#7559,#7560);
#6441=AXIS2_PLACEMENT_3D('',#10564,#7561,#7562);
#6442=AXIS2_PLACEMENT_3D('',#10565,#7563,#7564);
#6443=AXIS2_PLACEMENT_3D('',#10582,#7567,#7568);
#6444=AXIS2_PLACEMENT_3D('',#10599,#7570,#7571);
#6445=AXIS2_PLACEMENT_3D('',#10629,#7573,#7574);
#6446=AXIS2_PLACEMENT_3D('',#10648,#7577,#7578);
#6447=AXIS2_PLACEMENT_3D('',#10663,#7580,#7581);
#6448=AXIS2_PLACEMENT_3D('',#10695,#7584,#7585);
#6449=AXIS2_PLACEMENT_3D('',#10712,#7588,#7589);
#6450=AXIS2_PLACEMENT_3D('',#10729,#7591,#7592);
#6451=AXIS2_PLACEMENT_3D('',#10733,#7594,#7595);
#6452=AXIS2_PLACEMENT_3D('',#10735,#7597,#7598);
#6453=AXIS2_PLACEMENT_3D('',#10767,#7601,#7602);
#6454=AXIS2_PLACEMENT_3D('',#10786,#7605,#7606);
#6455=AXIS2_PLACEMENT_3D('',#10801,#7608,#7609);
#6456=AXIS2_PLACEMENT_3D('',#10804,#7611,#7612);
#6457=AXIS2_PLACEMENT_3D('',#10805,#7613,#7614);
#6458=AXIS2_PLACEMENT_3D('',#10807,#7615,#7616);
#6459=AXIS2_PLACEMENT_3D('',#10810,#7618,#7619);
#6460=AXIS2_PLACEMENT_3D('',#10811,#7620,#7621);
#6461=AXIS2_PLACEMENT_3D('',#10821,#7626,#7627);
#6462=AXIS2_PLACEMENT_3D('',#10823,#7628,#7629);
#6463=AXIS2_PLACEMENT_3D('',#10826,#7631,#7632);
#6464=AXIS2_PLACEMENT_3D('',#10827,#7633,#7634);
#6465=AXIS2_PLACEMENT_3D('',#10828,#7635,#7636);
#6466=AXIS2_PLACEMENT_3D('',#10829,#7637,#7638);
#6467=AXIS2_PLACEMENT_3D('',#10830,#7639,#7640);
#6468=AXIS2_PLACEMENT_3D('',#10836,#7644,#7645);
#6469=AXIS2_PLACEMENT_3D('',#10839,#7647,#7648);
#6470=AXIS2_PLACEMENT_3D('',#10840,#7649,#7650);
#6471=AXIS2_PLACEMENT_3D('',#10847,#7654,#7655);
#6472=AXIS2_PLACEMENT_3D('',#10848,#7656,#7657);
#6473=AXIS2_PLACEMENT_3D('',#10851,#7659,#7660);
#6474=AXIS2_PLACEMENT_3D('',#10852,#7661,#7662);
#6475=AXIS2_PLACEMENT_3D('',#10856,#7665,#7666);
#6476=AXIS2_PLACEMENT_3D('',#10859,#7668,#7669);
#6477=AXIS2_PLACEMENT_3D('',#10860,#7670,#7671);
#6478=AXIS2_PLACEMENT_3D('',#10861,#7672,#7673);
#6479=AXIS2_PLACEMENT_3D('',#10862,#7674,#7675);
#6480=AXIS2_PLACEMENT_3D('',#10868,#7678,#7679);
#6481=AXIS2_PLACEMENT_3D('',#10870,#7681,#7682);
#6482=AXIS2_PLACEMENT_3D('',#10885,#7684,#7685);
#6483=AXIS2_PLACEMENT_3D('',#10902,#7687,#7688);
#6484=AXIS2_PLACEMENT_3D('',#10908,#7692,#7693);
#6485=AXIS2_PLACEMENT_3D('',#10911,#7695,#7696);
#6486=AXIS2_PLACEMENT_3D('',#10912,#7697,#7698);
#6487=AXIS2_PLACEMENT_3D('',#10942,#7700,#7701);
#6488=AXIS2_PLACEMENT_3D('',#10961,#7704,#7705);
#6489=AXIS2_PLACEMENT_3D('',#10976,#7707,#7708);
#6490=AXIS2_PLACEMENT_3D('',#11008,#7711,#7712);
#6491=AXIS2_PLACEMENT_3D('',#11025,#7715,#7716);
#6492=AXIS2_PLACEMENT_3D('',#11042,#7718,#7719);
#6493=AXIS2_PLACEMENT_3D('',#11046,#7722,#7723);
#6494=AXIS2_PLACEMENT_3D('',#11047,#7724,#7725);
#6495=AXIS2_PLACEMENT_3D('',#11048,#7726,#7727);
#6496=AXIS2_PLACEMENT_3D('',#11053,#7730,#7731);
#6497=AXIS2_PLACEMENT_3D('',#11054,#7732,#7733);
#6498=AXIS2_PLACEMENT_3D('',#11057,#7735,#7736);
#6499=AXIS2_PLACEMENT_3D('',#11058,#7737,#7738);
#6500=AXIS2_PLACEMENT_3D('',#11059,#7739,#7740);
#6501=AXIS2_PLACEMENT_3D('',#11060,#7741,#7742);
#6502=AXIS2_PLACEMENT_3D('',#11092,#7745,#7746);
#6503=AXIS2_PLACEMENT_3D('',#11097,#7749,#7750);
#6504=AXIS2_PLACEMENT_3D('',#11098,#7751,#7752);
#6505=AXIS2_PLACEMENT_3D('',#11117,#7755,#7756);
#6506=AXIS2_PLACEMENT_3D('',#11121,#7758,#7759);
#6507=AXIS2_PLACEMENT_3D('',#11123,#7761,#7762);
#6508=AXIS2_PLACEMENT_3D('',#11138,#7764,#7765);
#6509=AXIS2_PLACEMENT_3D('',#11140,#7766,#7767);
#6510=AXIS2_PLACEMENT_3D('',#11142,#7769,#7770);
#6511=AXIS2_PLACEMENT_3D('',#11143,#7771,#7772);
#6512=AXIS2_PLACEMENT_3D('',#11146,#7774,#7775);
#6513=AXIS2_PLACEMENT_3D('',#11147,#7776,#7777);
#6514=AXIS2_PLACEMENT_3D('',#11149,#7778,#7779);
#6515=AXIS2_PLACEMENT_3D('',#11150,#7780,#7781);
#6516=AXIS2_PLACEMENT_3D('',#11151,#7782,#7783);
#6517=AXIS2_PLACEMENT_3D('',#11153,#7784,#7785);
#6518=AXIS2_PLACEMENT_3D('',#11154,#7786,#7787);
#6519=AXIS2_PLACEMENT_3D('',#11155,#7788,#7789);
#6520=AXIS2_PLACEMENT_3D('',#11157,#7790,#7791);
#6521=AXIS2_PLACEMENT_3D('',#11159,#7793,#7794);
#6522=AXIS2_PLACEMENT_3D('',#11165,#7798,#7799);
#6523=AXIS2_PLACEMENT_3D('',#11167,#7800,#7801);
#6524=AXIS2_PLACEMENT_3D('',#11169,#7803,#7804);
#6525=AXIS2_PLACEMENT_3D('',#11171,#7805,#7806);
#6526=AXIS2_PLACEMENT_3D('',#11174,#7808,#7809);
#6527=AXIS2_PLACEMENT_3D('',#11176,#7810,#7811);
#6528=AXIS2_PLACEMENT_3D('',#11179,#7813,#7814);
#6529=AXIS2_PLACEMENT_3D('',#11181,#7815,#7816);
#6530=AXIS2_PLACEMENT_3D('',#11184,#7818,#7819);
#6531=AXIS2_PLACEMENT_3D('',#11186,#7820,#7821);
#6532=AXIS2_PLACEMENT_3D('',#11189,#7823,#7824);
#6533=AXIS2_PLACEMENT_3D('',#11191,#7825,#7826);
#6534=AXIS2_PLACEMENT_3D('',#11194,#7828,#7829);
#6535=AXIS2_PLACEMENT_3D('',#11196,#7830,#7831);
#6536=AXIS2_PLACEMENT_3D('',#11199,#7833,#7834);
#6537=AXIS2_PLACEMENT_3D('',#11201,#7835,#7836);
#6538=AXIS2_PLACEMENT_3D('',#11206,#7840,#7841);
#6539=AXIS2_PLACEMENT_3D('',#11208,#7842,#7843);
#6540=AXIS2_PLACEMENT_3D('',#11211,#7845,#7846);
#6541=AXIS2_PLACEMENT_3D('',#11213,#7847,#7848);
#6542=AXIS2_PLACEMENT_3D('',#11216,#7850,#7851);
#6543=AXIS2_PLACEMENT_3D('',#11218,#7852,#7853);
#6544=AXIS2_PLACEMENT_3D('',#11221,#7855,#7856);
#6545=AXIS2_PLACEMENT_3D('',#11223,#7857,#7858);
#6546=AXIS2_PLACEMENT_3D('',#11226,#7860,#7861);
#6547=AXIS2_PLACEMENT_3D('',#11229,#7864,#7865);
#6548=AXIS2_PLACEMENT_3D('',#11230,#7866,#7867);
#6549=AXIS2_PLACEMENT_3D('',#11231,#7868,#7869);
#6550=AXIS2_PLACEMENT_3D('',#11232,#7870,#7871);
#6551=AXIS2_PLACEMENT_3D('',#11234,#7873,#7874);
#6552=AXIS2_PLACEMENT_3D('',#11235,#7875,#7876);
#6553=AXIS2_PLACEMENT_3D('',#11236,#7877,#7878);
#6554=AXIS2_PLACEMENT_3D('',#11237,#7879,#7880);
#6555=AXIS2_PLACEMENT_3D('',#11238,#7881,#7882);
#6556=AXIS2_PLACEMENT_3D('',#11239,#7883,#7884);
#6557=AXIS2_PLACEMENT_3D('',#11240,#7885,#7886);
#6558=AXIS2_PLACEMENT_3D('',#11245,#7888,#7889);
#6559=AXIS2_PLACEMENT_3D('',#11249,#7891,#7892);
#6560=AXIS2_PLACEMENT_3D('',#11253,#7894,#7895);
#6561=AXIS2_PLACEMENT_3D('',#11256,#7897,#7898);
#6562=AXIS2_PLACEMENT_3D('',#11258,#7899,#7900);
#6563=AXIS2_PLACEMENT_3D('',#11260,#7901,#7902);
#6564=AXIS2_PLACEMENT_3D('',#11262,#7903,#7904);
#6565=AXIS2_PLACEMENT_3D('',#11263,#7905,#7906);
#6566=AXIS2_PLACEMENT_3D('',#11266,#7909,#7910);
#6567=AXIS2_PLACEMENT_3D('',#11268,#7912,#7913);
#6568=AXIS2_PLACEMENT_3D('',#11270,#7915,#7916);
#6569=AXIS2_PLACEMENT_3D('',#11272,#7918,#7919);
#6570=AXIS2_PLACEMENT_3D('',#11274,#7921,#7922);
#6571=AXIS2_PLACEMENT_3D('',#11276,#7924,#7925);
#6572=AXIS2_PLACEMENT_3D('',#11278,#7927,#7928);
#6573=AXIS2_PLACEMENT_3D('',#11279,#7929,#7930);
#6574=AXIS2_PLACEMENT_3D('',#11281,#7932,#7933);
#6575=AXIS2_PLACEMENT_3D('',#11283,#7935,#7936);
#6576=AXIS2_PLACEMENT_3D('',#11285,#7938,#7939);
#6577=AXIS2_PLACEMENT_3D('',#11291,#7943,#7944);
#6578=AXIS2_PLACEMENT_3D('',#11293,#7945,#7946);
#6579=AXIS2_PLACEMENT_3D('',#11295,#7948,#7949);
#6580=AXIS2_PLACEMENT_3D('',#11296,#7950,#7951);
#6581=AXIS2_PLACEMENT_3D('',#11297,#7952,#7953);
#6582=AXIS2_PLACEMENT_3D('',#11299,#7954,#7955);
#6583=AXIS2_PLACEMENT_3D('',#11301,#7957,#7958);
#6584=AXIS2_PLACEMENT_3D('',#11303,#7959,#7960);
#6585=AXIS2_PLACEMENT_3D('',#11305,#7962,#7963);
#6586=AXIS2_PLACEMENT_3D('',#11317,#7970,#7971);
#6587=AXIS2_PLACEMENT_3D('',#11323,#7975,#7976);
#6588=AXIS2_PLACEMENT_3D('',#11329,#7980,#7981);
#6589=AXIS2_PLACEMENT_3D('',#11335,#7985,#7986);
#6590=AXIS2_PLACEMENT_3D('',#11339,#7989,#7990);
#6591=AXIS2_PLACEMENT_3D('',#11341,#7992,#7993);
#6592=AXIS2_PLACEMENT_3D('',#11345,#7996,#7997);
#6593=AXIS2_PLACEMENT_3D('',#11346,#7998,#7999);
#6594=AXIS2_PLACEMENT_3D('',#11347,#8000,#8001);
#6595=AXIS2_PLACEMENT_3D('',#11350,#8002,#8003);
#6596=AXIS2_PLACEMENT_3D('',#11354,#8005,#8006);
#6597=AXIS2_PLACEMENT_3D('',#11356,#8008,#8009);
#6598=AXIS2_PLACEMENT_3D('',#11362,#8013,#8014);
#6599=AXIS2_PLACEMENT_3D('',#11364,#8015,#8016);
#6600=AXIS2_PLACEMENT_3D('',#11366,#8017,#8018);
#6601=AXIS2_PLACEMENT_3D('',#11368,#8020,#8021);
#6602=AXIS2_PLACEMENT_3D('',#11374,#8025,#8026);
#6603=AXIS2_PLACEMENT_3D('',#11376,#8027,#8028);
#6604=AXIS2_PLACEMENT_3D('',#11378,#8029,#8030);
#6605=AXIS2_PLACEMENT_3D('',#11380,#8032,#8033);
#6606=AXIS2_PLACEMENT_3D('',#11383,#8034,#8035);
#6607=AXIS2_PLACEMENT_3D('',#11387,#8037,#8038);
#6608=AXIS2_PLACEMENT_3D('',#11389,#8040,#8041);
#6609=AXIS2_PLACEMENT_3D('',#11392,#8044,#8045);
#6610=AXIS2_PLACEMENT_3D('',#11396,#8048,#8049);
#6611=AXIS2_PLACEMENT_3D('',#11399,#8051,#8052);
#6612=AXIS2_PLACEMENT_3D('',#11400,#8053,#8054);
#6613=AXIS2_PLACEMENT_3D('',#11404,#8057,#8058);
#6614=AXIS2_PLACEMENT_3D('',#11408,#8061,#8062);
#6615=AXIS2_PLACEMENT_3D('',#11412,#8065,#8066);
#6616=AXIS2_PLACEMENT_3D('',#11416,#8069,#8070);
#6617=AXIS2_PLACEMENT_3D('',#11420,#8073,#8074);
#6618=AXIS2_PLACEMENT_3D('',#11424,#8077,#8078);
#6619=AXIS2_PLACEMENT_3D('',#11428,#8081,#8082);
#6620=AXIS2_PLACEMENT_3D('',#11432,#8085,#8086);
#6621=AXIS2_PLACEMENT_3D('',#11436,#8089,#8090);
#6622=AXIS2_PLACEMENT_3D('',#11440,#8093,#8094);
#6623=AXIS2_PLACEMENT_3D('',#11444,#8097,#8098);
#6624=AXIS2_PLACEMENT_3D('',#11448,#8101,#8102);
#6625=AXIS2_PLACEMENT_3D('',#11449,#8103,#8104);
#6626=AXIS2_PLACEMENT_3D('',#11450,#8105,#8106);
#6627=AXIS2_PLACEMENT_3D('',#11454,#8109,#8110);
#6628=AXIS2_PLACEMENT_3D('',#11458,#8113,#8114);
#6629=AXIS2_PLACEMENT_3D('',#11459,#8115,#8116);
#6630=AXIS2_PLACEMENT_3D('',#11460,#8117,#8118);
#6631=AXIS2_PLACEMENT_3D('',#11464,#8121,#8122);
#6632=AXIS2_PLACEMENT_3D('',#11468,#8125,#8126);
#6633=AXIS2_PLACEMENT_3D('',#11469,#8127,#8128);
#6634=AXIS2_PLACEMENT_3D('',#11470,#8129,#8130);
#6635=AXIS2_PLACEMENT_3D('',#11474,#8133,#8134);
#6636=AXIS2_PLACEMENT_3D('',#11478,#8137,#8138);
#6637=AXIS2_PLACEMENT_3D('',#11482,#8141,#8142);
#6638=AXIS2_PLACEMENT_3D('',#11483,#8143,#8144);
#6639=AXIS2_PLACEMENT_3D('',#11484,#8145,#8146);
#6640=AXIS2_PLACEMENT_3D('',#11486,#8148,#8149);
#6641=AXIS2_PLACEMENT_3D('',#11488,#8151,#8152);
#6642=AXIS2_PLACEMENT_3D('',#11490,#8154,#8155);
#6643=AXIS2_PLACEMENT_3D('',#11494,#8158,#8159);
#6644=AXIS2_PLACEMENT_3D('',#11505,#8160,#8161);
#6645=AXIS2_PLACEMENT_3D('',#11506,#8162,#8163);
#6646=AXIS2_PLACEMENT_3D('',#11507,#8164,#8165);
#6647=AXIS2_PLACEMENT_3D('',#11508,#8166,#8167);
#6648=AXIS2_PLACEMENT_3D('',#11509,#8168,#8169);
#6649=AXIS2_PLACEMENT_3D('',#11510,#8170,#8171);
#6650=AXIS2_PLACEMENT_3D('',#11511,#8172,#8173);
#6651=AXIS2_PLACEMENT_3D('',#11512,#8174,#8175);
#6652=AXIS2_PLACEMENT_3D('',#11513,#8176,#8177);
#6653=AXIS2_PLACEMENT_3D('',#11514,#8178,#8179);
#6654=AXIS2_PLACEMENT_3D('',#11515,#8180,#8181);
#6655=AXIS2_PLACEMENT_3D('',#11516,#8182,#8183);
#6656=AXIS2_PLACEMENT_3D('',#11517,#8184,#8185);
#6657=AXIS2_PLACEMENT_3D('',#11518,#8186,#8187);
#6658=AXIS2_PLACEMENT_3D('',#11520,#8188,#8189);
#6659=AXIS2_PLACEMENT_3D('',#11522,#8191,#8192);
#6660=AXIS2_PLACEMENT_3D('',#11526,#8195,#8196);
#6661=AXIS2_PLACEMENT_3D('',#11527,#8197,#8198);
#6662=AXIS2_PLACEMENT_3D('',#11528,#8199,#8200);
#6663=AXIS2_PLACEMENT_3D('',#11531,#8203,#8204);
#6664=AXIS2_PLACEMENT_3D('',#11533,#8206,#8207);
#6665=AXIS2_PLACEMENT_3D('',#11536,#8210,#8211);
#6666=AXIS2_PLACEMENT_3D('',#11538,#8213,#8214);
#6667=AXIS2_PLACEMENT_3D('',#11540,#8216,#8217);
#6668=AXIS2_PLACEMENT_3D('',#11541,#8218,#8219);
#6669=AXIS2_PLACEMENT_3D('',#11542,#8220,#8221);
#6670=AXIS2_PLACEMENT_3D('',#11544,#8223,#8224);
#6671=AXIS2_PLACEMENT_3D('',#11545,#8225,#8226);
#6672=AXIS2_PLACEMENT_3D('',#11546,#8227,#8228);
#6673=AXIS2_PLACEMENT_3D('',#11547,#8229,#8230);
#6674=AXIS2_PLACEMENT_3D('',#11556,#8235,#8236);
#6675=AXIS2_PLACEMENT_3D('',#11565,#8241,#8242);
#6676=AXIS2_PLACEMENT_3D('',#11571,#8246,#8247);
#6677=AXIS2_PLACEMENT_3D('',#11580,#8253,#8254);
#6678=AXIS2_PLACEMENT_3D('',#11589,#8259,#8260);
#6679=AXIS2_PLACEMENT_3D('',#11598,#8265,#8266);
#6680=AXIS2_PLACEMENT_3D('',#11604,#8271,#8272);
#6681=AXIS2_PLACEMENT_3D('',#11610,#8276,#8277);
#6682=AXIS2_PLACEMENT_3D('',#11616,#8281,#8282);
#6683=AXIS2_PLACEMENT_3D('',#11621,#8286,#8287);
#6684=AXIS2_PLACEMENT_3D('',#11623,#8289,#8290);
#6685=AXIS2_PLACEMENT_3D('',#11624,#8291,#8292);
#6686=AXIS2_PLACEMENT_3D('',#11626,#8294,#8295);
#6687=AXIS2_PLACEMENT_3D('',#11630,#8298,#8299);
#6688=AXIS2_PLACEMENT_3D('',#11632,#8301,#8302);
#6689=AXIS2_PLACEMENT_3D('',#11633,#8303,#8304);
#6690=AXIS2_PLACEMENT_3D('',#11642,#8309,#8310);
#6691=AXIS2_PLACEMENT_3D('',#11651,#8315,#8316);
#6692=AXIS2_PLACEMENT_3D('',#11660,#8321,#8322);
#6693=AXIS2_PLACEMENT_3D('',#11661,#8323,#8324);
#6694=AXIS2_PLACEMENT_3D('',#11662,#8325,#8326);
#6695=AXIS2_PLACEMENT_3D('',#11663,#8327,#8328);
#6696=AXIS2_PLACEMENT_3D('',#11665,#8329,#8330);
#6697=AXIS2_PLACEMENT_3D('',#11668,#8332,#8333);
#6698=AXIS2_PLACEMENT_3D('',#11669,#8334,#8335);
#6699=AXIS2_PLACEMENT_3D('',#11675,#8339,#8340);
#6700=AXIS2_PLACEMENT_3D('',#11676,#8341,#8342);
#6701=AXIS2_PLACEMENT_3D('',#11677,#8343,#8344);
#6702=AXIS2_PLACEMENT_3D('',#11678,#8345,#8346);
#6703=AXIS2_PLACEMENT_3D('',#11683,#8348,#8349);
#6704=AXIS2_PLACEMENT_3D('',#11687,#8351,#8352);
#6705=AXIS2_PLACEMENT_3D('',#11691,#8354,#8355);
#6706=AXIS2_PLACEMENT_3D('',#11695,#8357,#8358);
#6707=AXIS2_PLACEMENT_3D('',#11699,#8360,#8361);
#6708=AXIS2_PLACEMENT_3D('',#11702,#8363,#8364);
#6709=AXIS2_PLACEMENT_3D('',#11703,#8365,#8366);
#6710=AXIS2_PLACEMENT_3D('',#11705,#8367,#8368);
#6711=AXIS2_PLACEMENT_3D('',#11707,#8369,#8370);
#6712=AXIS2_PLACEMENT_3D('',#11708,#8371,#8372);
#6713=AXIS2_PLACEMENT_3D('',#11709,#8373,#8374);
#6714=AXIS2_PLACEMENT_3D('',#11710,#8375,#8376);
#6715=AXIS2_PLACEMENT_3D('',#11716,#8380,#8381);
#6716=AXIS2_PLACEMENT_3D('',#11719,#8383,#8384);
#6717=AXIS2_PLACEMENT_3D('',#11720,#8385,#8386);
#6718=AXIS2_PLACEMENT_3D('',#11724,#8389,#8390);
#6719=AXIS2_PLACEMENT_3D('',#11727,#8392,#8393);
#6720=AXIS2_PLACEMENT_3D('',#11728,#8394,#8395);
#6721=AXIS2_PLACEMENT_3D('',#11732,#8398,#8399);
#6722=AXIS2_PLACEMENT_3D('',#11735,#8401,#8402);
#6723=AXIS2_PLACEMENT_3D('',#11736,#8403,#8404);
#6724=AXIS2_PLACEMENT_3D('',#11739,#8406,#8407);
#6725=AXIS2_PLACEMENT_3D('',#11740,#8408,#8409);
#6726=AXIS2_PLACEMENT_3D('',#11743,#8411,#8412);
#6727=AXIS2_PLACEMENT_3D('',#11744,#8413,#8414);
#6728=AXIS2_PLACEMENT_3D('',#11750,#8418,#8419);
#6729=AXIS2_PLACEMENT_3D('',#11751,#8420,#8421);
#6730=AXIS2_PLACEMENT_3D('',#11752,#8422,#8423);
#6731=AXIS2_PLACEMENT_3D('',#11756,#8426,#8427);
#6732=AXIS2_PLACEMENT_3D('',#11759,#8429,#8430);
#6733=AXIS2_PLACEMENT_3D('',#11760,#8431,#8432);
#6734=AXIS2_PLACEMENT_3D('',#11764,#8435,#8436);
#6735=AXIS2_PLACEMENT_3D('',#11765,#8437,#8438);
#6736=AXIS2_PLACEMENT_3D('',#11766,#8439,#8440);
#6737=AXIS2_PLACEMENT_3D('',#11767,#8441,#8442);
#6738=DIRECTION('axis',(0.,0.,1.));
#6739=DIRECTION('refdir',(1.,0.,0.));
#6740=DIRECTION('center_axis',(0.984807753012208,0.,0.17364817766693));
#6741=DIRECTION('ref_axis',(0.,-1.,0.));
#6742=DIRECTION('',(0.492403876506104,0.866025403784439,0.0868240888334649));
#6743=DIRECTION('center_axis',(0.984807753012208,-1.05025864818774E-27,
0.17364817766693));
#6744=DIRECTION('ref_axis',(0.,-1.,0.));
#6745=DIRECTION('center_axis',(-0.984807753012208,0.,-0.17364817766693));
#6746=DIRECTION('ref_axis',(0.,-1.,0.));
#6747=DIRECTION('center_axis',(0.984807753012208,0.,0.17364817766693));
#6748=DIRECTION('ref_axis',(0.17364817766693,0.,-0.984807753012208));
#6749=DIRECTION('center_axis',(0.984807753012208,0.,0.17364817766693));
#6750=DIRECTION('ref_axis',(0.,-1.,0.));
#6751=DIRECTION('center_axis',(-0.984807753012208,0.,-0.17364817766693));
#6752=DIRECTION('ref_axis',(0.,1.,0.));
#6753=DIRECTION('center_axis',(0.984807753012208,0.,0.17364817766693));
#6754=DIRECTION('ref_axis',(0.17364817766693,0.,-0.984807753012208));
#6755=DIRECTION('center_axis',(0.984807753012208,0.,0.17364817766693));
#6756=DIRECTION('ref_axis',(0.,-1.,0.));
#6757=DIRECTION('center_axis',(-0.984807753012208,0.,-0.17364817766693));
#6758=DIRECTION('ref_axis',(0.,1.,0.));
#6759=DIRECTION('center_axis',(0.984807753012208,0.,0.17364817766693));
#6760=DIRECTION('ref_axis',(0.,-1.,0.));
#6761=DIRECTION('center_axis',(0.984807753012208,-1.05025864818774E-27,
0.17364817766693));
#6762=DIRECTION('ref_axis',(0.,-1.,0.));
#6763=DIRECTION('center_axis',(0.984807753012208,0.,0.17364817766693));
#6764=DIRECTION('ref_axis',(0.,-1.,0.));
#6765=DIRECTION('center_axis',(0.,-1.,0.));
#6766=DIRECTION('ref_axis',(-0.17364817766693,0.,0.984807753012208));
#6767=DIRECTION('',(-0.984807753012208,0.,-0.17364817766693));
#6768=DIRECTION('',(0.17364817766693,0.,-0.984807753012208));
#6769=DIRECTION('',(-0.984807753012208,0.,-0.17364817766693));
#6770=DIRECTION('',(0.17364817766693,0.,-0.984807753012208));
#6771=DIRECTION('',(0.17364817766693,0.,-0.984807753012208));
#6772=DIRECTION('center_axis',(0.,0.939692620742404,0.342020143445196));
#6773=DIRECTION('ref_axis',(0.,-0.342020143445196,0.939692620742404));
#6774=DIRECTION('',(-0.163464460881485,-0.337419706874861,0.927053025150778));
#6775=DIRECTION('',(-1.,0.,0.));
#6776=DIRECTION('',(0.163464460881485,0.337419706874861,-0.927053025150778));
#6777=DIRECTION('',(1.,0.,0.));
#6778=DIRECTION('center_axis',(1.,0.,0.));
#6779=DIRECTION('ref_axis',(0.,-0.342019420082489,0.939692884024583));
#6780=DIRECTION('center_axis',(-0.984807753012208,0.,-0.17364817766693));
#6781=DIRECTION('ref_axis',(-0.17364817766693,0.,0.984807753012208));
#6782=DIRECTION('',(-1.,0.,0.));
#6783=DIRECTION('center_axis',(0.984807753012208,-1.05025864818774E-27,
0.17364817766693));
#6784=DIRECTION('ref_axis',(-0.17364817766693,0.,0.984807753012208));
#6785=DIRECTION('',(-1.,0.,0.));
#6786=DIRECTION('center_axis',(0.984807753012208,0.,0.17364817766693));
#6787=DIRECTION('ref_axis',(0.,-1.,0.));
#6788=DIRECTION('center_axis',(-0.984807753012208,0.,-0.17364817766693));
#6789=DIRECTION('ref_axis',(0.,-1.,0.));
#6790=DIRECTION('center_axis',(-0.984807753012208,0.,-0.17364817766693));
#6791=DIRECTION('ref_axis',(0.,-1.,0.));
#6792=DIRECTION('center_axis',(0.984807753012208,-1.05025864818774E-27,
0.17364817766693));
#6793=DIRECTION('ref_axis',(0.,-1.,0.));
#6794=DIRECTION('center_axis',(0.,1.,0.));
#6795=DIRECTION('ref_axis',(0.17364817766693,0.,-0.984807753012208));
#6796=DIRECTION('',(-0.984807753012208,0.,-0.17364817766693));
#6797=DIRECTION('',(-0.17364817766693,0.,0.984807753012208));
#6798=DIRECTION('',(-0.984807753012208,0.,-0.17364817766693));
#6799=DIRECTION('',(-0.17364817766693,0.,0.984807753012208));
#6800=DIRECTION('',(-0.17364817766693,0.,0.984807753012208));
#6801=DIRECTION('center_axis',(0.984807753012208,-1.05025864818774E-27,
0.17364817766693));
#6802=DIRECTION('ref_axis',(0.17364817766693,0.,-0.984807753012208));
#6803=DIRECTION('center_axis',(-0.984807753012208,1.05025864818774E-27,
-0.17364817766693));
#6804=DIRECTION('ref_axis',(0.,-1.,0.));
#6805=DIRECTION('center_axis',(0.984807753012208,-1.05025864818774E-27,
0.17364817766693));
#6806=DIRECTION('ref_axis',(0.17364817766693,0.,-0.984807753012208));
#6807=DIRECTION('center_axis',(-0.984807753012208,1.05025864818774E-27,
-0.17364817766693));
#6808=DIRECTION('ref_axis',(0.,-1.,0.));
#6809=DIRECTION('center_axis',(-0.984807753012208,0.,-0.17364817766693));
#6810=DIRECTION('ref_axis',(0.,-1.,0.));
#6811=DIRECTION('',(0.984807753012208,0.,0.17364817766693));
#6812=DIRECTION('center_axis',(0.984807753012208,0.,0.17364817766693));
#6813=DIRECTION('ref_axis',(0.17364817766693,0.,-0.984807753012208));
#6814=DIRECTION('',(0.17364817766693,0.,-0.984807753012208));
#6815=DIRECTION('',(0.,1.,0.));
#6816=DIRECTION('',(0.163464460881614,0.337419706872798,-0.927053025151506));
#6817=DIRECTION('center_axis',(-0.984807753012208,0.,-0.17364817766693));
#6818=DIRECTION('ref_axis',(-0.17364817766693,0.,0.984807753012208));
#6819=DIRECTION('',(-0.163464460881714,-0.337419706871184,0.927053025152076));
#6820=DIRECTION('',(0.,1.,0.));
#6821=DIRECTION('',(0.163464460881473,0.337419706875063,-0.927053025150706));
#6822=DIRECTION('center_axis',(-0.984807753012208,0.,-0.17364817766693));
#6823=DIRECTION('ref_axis',(-0.17364817766693,0.,0.984807753012208));
#6824=DIRECTION('center_axis',(-0.984807753012208,0.,-0.17364817766693));
#6825=DIRECTION('ref_axis',(0.173648177635335,1.90761034267352E-5,-0.984807752833023));
#6826=DIRECTION('center_axis',(-0.984807753012208,0.,-0.17364817766693));
#6827=DIRECTION('ref_axis',(-0.17364817766693,0.,0.984807753012208));
#6828=DIRECTION('',(-0.163464460881571,-0.337419706873477,0.927053025151266));
#6829=DIRECTION('',(0.,1.,0.));
#6830=DIRECTION('',(0.163464460883168,0.337419706847829,-0.92705302516032));
#6831=DIRECTION('center_axis',(-0.984807753012208,0.,-0.17364817766693));
#6832=DIRECTION('ref_axis',(-0.17364817766693,0.,0.984807753012208));
#6833=DIRECTION('',(-0.163464460879082,-0.337419706913479,0.927053025137145));
#6834=DIRECTION('',(0.,1.,0.));
#6835=DIRECTION('',(0.163464460880058,0.33741970689779,-0.927053025142684));
#6836=DIRECTION('center_axis',(-0.984807753012208,0.,-0.17364817766693));
#6837=DIRECTION('ref_axis',(-0.17364817766693,0.,0.984807753012208));
#6838=DIRECTION('',(-0.163464460881744,-0.337419706870699,0.927053025152247));
#6839=DIRECTION('',(0.,1.,0.));
#6840=DIRECTION('',(0.163464460881499,0.337419706874635,-0.927053025150857));
#6841=DIRECTION('center_axis',(-0.984807753012208,0.,-0.17364817766693));
#6842=DIRECTION('ref_axis',(-0.17364817766693,0.,0.984807753012208));
#6843=DIRECTION('',(-0.163464460881476,-0.337419706875012,0.927053025150724));
#6844=DIRECTION('',(0.,1.,0.));
#6845=DIRECTION('',(0.163464460881462,0.337419706875227,-0.927053025150648));
#6846=DIRECTION('center_axis',(-0.984807753012208,0.,-0.17364817766693));
#6847=DIRECTION('ref_axis',(-0.17364817766693,0.,0.984807753012208));
#6848=DIRECTION('',(-0.163464460880654,-0.337419706888218,0.927053025146062));
#6849=DIRECTION('',(0.,1.,0.));
#6850=DIRECTION('',(0.163464460876842,0.337419706949453,-0.927053025124447));
#6851=DIRECTION('center_axis',(-0.984807753012208,0.,-0.17364817766693));
#6852=DIRECTION('ref_axis',(-0.17364817766693,-2.62405498133644E-15,0.984807753012208));
#6853=DIRECTION('',(-0.163464460876476,-0.33741970695534,0.927053025122369));
#6854=DIRECTION('',(0.,1.,0.));
#6855=DIRECTION('',(-0.163464460876476,0.33741970695534,0.927053025122369));
#6856=DIRECTION('center_axis',(0.984807753012208,0.,0.17364817766693));
#6857=DIRECTION('ref_axis',(-0.17364817766693,2.62405498133644E-15,0.984807753012208));
#6858=DIRECTION('',(0.163464460876842,-0.337419706949453,-0.927053025124447));
#6859=DIRECTION('',(0.,-1.,0.));
#6860=DIRECTION('',(-0.163464460880654,0.337419706888218,0.927053025146062));
#6861=DIRECTION('center_axis',(-0.984807753012208,0.,-0.17364817766693));
#6862=DIRECTION('ref_axis',(-0.17364817766693,0.,0.984807753012208));
#6863=DIRECTION('',(0.163464460881462,-0.337419706875227,-0.927053025150648));
#6864=DIRECTION('',(0.,-1.,0.));
#6865=DIRECTION('',(-0.163464460881476,0.337419706875012,0.927053025150724));
#6866=DIRECTION('center_axis',(-0.984807753012208,0.,-0.17364817766693));
#6867=DIRECTION('ref_axis',(-0.17364817766693,0.,0.984807753012208));
#6868=DIRECTION('',(0.163464460881499,-0.337419706874635,-0.927053025150857));
#6869=DIRECTION('',(0.,-1.,0.));
#6870=DIRECTION('',(-0.163464460881744,0.337419706870699,0.927053025152247));
#6871=DIRECTION('center_axis',(-0.984807753012208,0.,-0.17364817766693));
#6872=DIRECTION('ref_axis',(-0.17364817766693,0.,0.984807753012208));
#6873=DIRECTION('',(0.163464460880058,-0.33741970689779,-0.927053025142684));
#6874=DIRECTION('',(0.,-1.,0.));
#6875=DIRECTION('',(-0.163464460879082,0.337419706913479,0.927053025137145));
#6876=DIRECTION('center_axis',(-0.984807753012208,0.,-0.17364817766693));
#6877=DIRECTION('ref_axis',(-0.17364817766693,0.,0.984807753012208));
#6878=DIRECTION('',(0.163464460883168,-0.337419706847829,-0.92705302516032));
#6879=DIRECTION('',(0.,-1.,0.));
#6880=DIRECTION('',(-0.163464460881571,0.337419706873477,0.927053025151266));
#6881=DIRECTION('center_axis',(-0.984807753012208,0.,-0.17364817766693));
#6882=DIRECTION('ref_axis',(-0.17364817766693,0.,0.984807753012208));
#6883=DIRECTION('',(0.163464460881473,-0.337419706875063,-0.927053025150706));
#6884=DIRECTION('',(0.,-1.,0.));
#6885=DIRECTION('',(-0.163464460881714,0.337419706871184,0.927053025152076));
#6886=DIRECTION('center_axis',(0.984807753012208,0.,0.17364817766693));
#6887=DIRECTION('ref_axis',(-0.17364817766693,1.74936998755763E-15,0.984807753012208));
#6888=DIRECTION('center_axis',(0.984807753012208,0.,0.17364817766693));
#6889=DIRECTION('ref_axis',(-0.17364817766693,1.23913707451999E-15,0.984807753012208));
#6890=DIRECTION('',(0.163464460881614,-0.337419706872798,-0.927053025151506));
#6891=DIRECTION('',(0.,-1.,0.));
#6892=DIRECTION('',(0.17364817766693,0.,-0.984807753012208));
#6893=DIRECTION('',(0.,1.,0.));
#6894=DIRECTION('',(-0.163464460881476,0.337419706875008,0.927053025150726));
#6895=DIRECTION('center_axis',(0.984807753012208,0.,0.17364817766693));
#6896=DIRECTION('ref_axis',(-0.17364817766693,3.42584955896702E-15,0.984807753012208));
#6897=DIRECTION('',(0.163464460881611,-0.337419706872847,-0.927053025151488));
#6898=DIRECTION('center_axis',(-0.984807753012208,0.,-0.17364817766693));
#6899=DIRECTION('ref_axis',(-0.17364817766693,0.,0.984807753012208));
#6900=DIRECTION('center_axis',(-0.984807753012208,0.,-0.17364817766693));
#6901=DIRECTION('ref_axis',(0.17364817766693,6.56013745334111E-16,-0.984807753012208));
#6902=DIRECTION('center_axis',(-0.984807753012208,0.,-0.17364817766693));
#6903=DIRECTION('ref_axis',(0.17364817766693,2.18671248444704E-16,-0.984807753012208));
#6904=DIRECTION('',(0.163464460884045,0.337419706833735,-0.927053025165295));
#6905=DIRECTION('center_axis',(-0.984807753012208,0.,-0.17364817766693));
#6906=DIRECTION('ref_axis',(-0.17364817766693,1.02046582607528E-15,0.984807753012208));
#6907=DIRECTION('',(-0.163464460880086,-0.337419706897341,0.927053025142842));
#6908=DIRECTION('',(-0.163464460882771,-0.337419706854198,0.927053025158071));
#6909=DIRECTION('center_axis',(-0.984807753012208,0.,-0.17364817766693));
#6910=DIRECTION('ref_axis',(0.17364817766693,6.19568537241905E-16,-0.984807753012208));
#6911=DIRECTION('',(0.163464460883127,0.337419706848486,-0.927053025160088));
#6912=DIRECTION('center_axis',(-0.984807753012208,0.,-0.17364817766693));
#6913=DIRECTION('ref_axis',(-0.17364817766693,-9.47575409927049E-16,0.984807753012208));
#6914=DIRECTION('',(-0.163464460882771,0.337419706854198,0.927053025158071));
#6915=DIRECTION('center_axis',(0.984807753012208,0.,0.17364817766693));
#6916=DIRECTION('ref_axis',(-0.17364817766693,9.47575409927049E-16,0.984807753012208));
#6917=DIRECTION('',(0.163464460883127,-0.337419706848486,-0.927053025160088));
#6918=DIRECTION('center_axis',(0.984807753012208,0.,0.17364817766693));
#6919=DIRECTION('ref_axis',(0.17364817766693,-6.19568537241905E-16,-0.984807753012208));
#6920=DIRECTION('center_axis',(0.984807753012208,0.,0.17364817766693));
#6921=DIRECTION('ref_axis',(0.17364817766693,-6.56013745334111E-16,-0.984807753012208));
#6922=DIRECTION('',(-0.163464460880086,0.337419706897341,0.927053025142842));
#6923=DIRECTION('center_axis',(0.984807753012208,0.,0.17364817766693));
#6924=DIRECTION('ref_axis',(-0.17364817766693,-1.02046582607528E-15,0.984807753012208));
#6925=DIRECTION('',(0.163464460884045,-0.337419706833735,-0.927053025165295));
#6926=DIRECTION('center_axis',(0.984807753012208,0.,0.17364817766693));
#6927=DIRECTION('ref_axis',(0.17364817766693,-2.18671248444704E-16,-0.984807753012208));
#6928=DIRECTION('center_axis',(-0.984807753012208,0.,-0.17364817766693));
#6929=DIRECTION('ref_axis',(-0.17364817766693,0.,0.984807753012208));
#6930=DIRECTION('',(-0.16346446088066,0.337419706888118,0.927053025146098));
#6931=DIRECTION('center_axis',(0.984807753012208,0.,0.17364817766693));
#6932=DIRECTION('ref_axis',(-0.17364817766693,1.45780832296469E-16,0.984807753012208));
#6933=DIRECTION('',(0.163464460884498,-0.337419706826459,-0.927053025167863));
#6934=DIRECTION('center_axis',(-0.984807753012208,0.,-0.17364817766693));
#6935=DIRECTION('ref_axis',(-0.17364817766693,0.,0.984807753012208));
#6936=DIRECTION('',(-0.163464460881744,0.337419706870702,0.927053025152246));
#6937=DIRECTION('center_axis',(0.984807753012208,0.,0.17364817766693));
#6938=DIRECTION('ref_axis',(-0.17364817766693,1.38491790681646E-15,0.984807753012208));
#6939=DIRECTION('',(0.16346446088001,-0.337419706898563,-0.927053025142411));
#6940=DIRECTION('center_axis',(-0.984807753012208,0.,-0.17364817766693));
#6941=DIRECTION('ref_axis',(-0.17364817766693,0.,0.984807753012208));
#6942=DIRECTION('',(-0.163464460882771,0.337419706854198,0.927053025158071));
#6943=DIRECTION('center_axis',(0.984807753012208,0.,0.17364817766693));
#6944=DIRECTION('ref_axis',(-0.17364817766693,1.53069873911292E-15,0.984807753012208));
#6945=DIRECTION('',(0.163464460883127,-0.337419706848486,-0.927053025160088));
#6946=DIRECTION('center_axis',(-0.984807753012208,0.,-0.17364817766693));
#6947=DIRECTION('ref_axis',(-0.17364817766693,0.,0.984807753012208));
#6948=DIRECTION('',(-0.163464460880086,0.337419706897341,0.927053025142842));
#6949=DIRECTION('center_axis',(0.984807753012208,0.,0.17364817766693));
#6950=DIRECTION('ref_axis',(-0.17364817766693,-1.02046582607528E-15,0.984807753012208));
#6951=DIRECTION('',(0.163464460884045,-0.337419706833735,-0.927053025165295));
#6952=DIRECTION('center_axis',(-0.984807753012208,0.,-0.17364817766693));
#6953=DIRECTION('ref_axis',(-0.17364817766693,0.,0.984807753012208));
#6954=DIRECTION('',(-0.163464460882771,0.337419706854198,0.927053025158071));
#6955=DIRECTION('center_axis',(0.984807753012208,0.,0.17364817766693));
#6956=DIRECTION('ref_axis',(-0.17364817766693,2.76983581363291E-15,0.984807753012208));
#6957=DIRECTION('',(0.163464460883127,-0.337419706848486,-0.927053025160088));
#6958=DIRECTION('',(0.163464460881611,0.337419706872847,-0.927053025151488));
#6959=DIRECTION('center_axis',(-0.984807753012208,0.,-0.17364817766693));
#6960=DIRECTION('ref_axis',(-0.17364817766693,-3.42584955896702E-15,0.984807753012208));
#6961=DIRECTION('',(-0.163464460881476,-0.337419706875008,0.927053025150726));
#6962=DIRECTION('center_axis',(-0.984807753012208,0.,-0.17364817766693));
#6963=DIRECTION('ref_axis',(-0.17364817766693,0.,0.984807753012208));
#6964=DIRECTION('center_axis',(-0.984807753012208,0.,-0.17364817766693));
#6965=DIRECTION('ref_axis',(-0.17364817766693,0.,0.984807753012208));
#6966=DIRECTION('',(0.163464460884498,0.337419706826459,-0.927053025167863));
#6967=DIRECTION('center_axis',(-0.984807753012208,0.,-0.17364817766693));
#6968=DIRECTION('ref_axis',(-0.17364817766693,-1.45780832296469E-16,0.984807753012208));
#6969=DIRECTION('',(-0.16346446088066,-0.337419706888118,0.927053025146098));
#6970=DIRECTION('center_axis',(-0.984807753012208,0.,-0.17364817766693));
#6971=DIRECTION('ref_axis',(-0.17364817766693,0.,0.984807753012208));
#6972=DIRECTION('',(0.16346446088001,0.337419706898563,-0.927053025142411));
#6973=DIRECTION('center_axis',(-0.984807753012208,0.,-0.17364817766693));
#6974=DIRECTION('ref_axis',(-0.17364817766693,-1.38491790681646E-15,0.984807753012208));
#6975=DIRECTION('',(-0.163464460881744,-0.337419706870702,0.927053025152246));
#6976=DIRECTION('center_axis',(-0.984807753012208,0.,-0.17364817766693));
#6977=DIRECTION('ref_axis',(-0.17364817766693,0.,0.984807753012208));
#6978=DIRECTION('',(0.163464460883127,0.337419706848486,-0.927053025160088));
#6979=DIRECTION('center_axis',(-0.984807753012208,0.,-0.17364817766693));
#6980=DIRECTION('ref_axis',(-0.17364817766693,-2.76983581363291E-15,0.984807753012208));
#6981=DIRECTION('',(-0.163464460882771,-0.337419706854198,0.927053025158071));
#6982=DIRECTION('center_axis',(0.984807753012208,0.,0.17364817766693));
#6983=DIRECTION('ref_axis',(-0.17364817766693,0.,0.984807753012208));
#6984=DIRECTION('',(0.163464460883127,0.337419706848486,-0.927053025160088));
#6985=DIRECTION('center_axis',(-0.984807753012208,0.,-0.17364817766693));
#6986=DIRECTION('ref_axis',(-0.17364817766693,-1.53069873911292E-15,0.984807753012208));
#6987=DIRECTION('',(-0.163464460882771,-0.337419706854198,0.927053025158071));
#6988=DIRECTION('center_axis',(-0.984807753012208,0.,-0.17364817766693));
#6989=DIRECTION('ref_axis',(-0.17364817766693,0.,0.984807753012208));
#6990=DIRECTION('',(0.163464460884045,0.337419706833735,-0.927053025165295));
#6991=DIRECTION('center_axis',(-0.984807753012208,0.,-0.17364817766693));
#6992=DIRECTION('ref_axis',(-0.17364817766693,1.02046582607528E-15,0.984807753012208));
#6993=DIRECTION('',(-0.163464460880086,-0.337419706897341,0.927053025142842));
#6994=DIRECTION('',(-0.17364817766693,-9.60192886162297E-16,0.984807753012208));
#6995=DIRECTION('',(-3.67877647672718E-34,-1.,2.08633781509001E-33));
#6996=DIRECTION('',(0.17364817766693,0.,-0.984807753012208));
#6997=DIRECTION('',(2.69006797716315E-17,1.,-1.52561336124212E-16));
#6998=DIRECTION('center_axis',(-0.984807753012208,0.,-0.17364817766693));
#6999=DIRECTION('ref_axis',(-0.17364817766693,0.,0.984807753012208));
#7000=DIRECTION('',(0.163464460883127,-0.337419706848486,-0.927053025160088));
#7001=DIRECTION('center_axis',(0.984807753012208,0.,0.17364817766693));
#7002=DIRECTION('ref_axis',(0.17364817766693,6.56013745334111E-16,-0.984807753012208));
#7003=DIRECTION('',(-0.163464460882771,0.337419706854198,0.927053025158071));
#7004=DIRECTION('center_axis',(-0.984807753012208,0.,-0.17364817766693));
#7005=DIRECTION('ref_axis',(-0.17364817766693,0.,0.984807753012208));
#7006=DIRECTION('center_axis',(0.984807753012208,0.,0.17364817766693));
#7007=DIRECTION('ref_axis',(0.17364817766693,-9.47575409927049E-16,-0.984807753012208));
#7008=DIRECTION('',(-0.163464460881595,0.337419706873103,0.927053025151398));
#7009=DIRECTION('center_axis',(0.984807753012208,0.,0.17364817766693));
#7010=DIRECTION('ref_axis',(-0.17364817766693,-1.23913707451999E-15,0.984807753012208));
#7011=DIRECTION('',(0.163464460881538,-0.337419706874008,-0.927053025151079));
#7012=DIRECTION('',(-0.163464460881485,0.337419706874861,0.927053025150778));
#7013=DIRECTION('center_axis',(0.984807753012208,0.,0.17364817766693));
#7014=DIRECTION('ref_axis',(-0.17364817766693,4.08186330430113E-15,0.984807753012208));
#7015=DIRECTION('center_axis',(0.984807753012208,0.,0.17364817766693));
#7016=DIRECTION('ref_axis',(-0.17364817766693,5.83123329185876E-16,0.984807753012208));
#7017=DIRECTION('',(0.163464460881601,-0.337419706873008,-0.927053025151432));
#7018=DIRECTION('center_axis',(0.984807753012208,0.,0.17364817766693));
#7019=DIRECTION('ref_axis',(0.17364817766693,1.45780832349548E-16,-0.984807753012208));
#7020=DIRECTION('center_axis',(0.984807753012208,0.,0.17364817766693));
#7021=DIRECTION('ref_axis',(0.,-1.,0.));
#7022=DIRECTION('',(-2.11274745238384E-16,1.,1.19819862161481E-15));
#7023=DIRECTION('center_axis',(0.984807753012208,0.,0.17364817766693));
#7024=DIRECTION('ref_axis',(0.17364817766693,0.,-0.984807753012208));
#7025=DIRECTION('',(-0.163464460881595,-0.337419706873103,0.927053025151398));
#7026=DIRECTION('center_axis',(-0.984807753012208,0.,-0.17364817766693));
#7027=DIRECTION('ref_axis',(0.17364817766693,9.47575409927049E-16,-0.984807753012208));
#7028=DIRECTION('',(0.163464460881538,0.337419706874008,-0.927053025151079));
#7029=DIRECTION('center_axis',(-0.984807753012208,0.,-0.17364817766693));
#7030=DIRECTION('ref_axis',(0.17364817766693,-1.45780832349548E-16,-0.984807753012208));
#7031=DIRECTION('',(0.163464460881601,0.337419706873008,-0.927053025151432));
#7032=DIRECTION('center_axis',(-0.984807753012208,0.,-0.17364817766693));
#7033=DIRECTION('ref_axis',(-0.17364817766693,-5.83123329185876E-16,0.984807753012208));
#7034=DIRECTION('center_axis',(-0.984807753012208,0.,-0.17364817766693));
#7035=DIRECTION('ref_axis',(-0.17364817766693,-4.08186330430113E-15,0.984807753012208));
#7036=DIRECTION('center_axis',(0.984807753012208,0.,0.17364817766693));
#7037=DIRECTION('ref_axis',(0.,1.,0.));
#7038=DIRECTION('',(0.,-1.,0.));
#7039=DIRECTION('center_axis',(0.984807753012208,0.,0.17364817766693));
#7040=DIRECTION('ref_axis',(-0.17364817766693,0.,0.984807753012208));
#7041=DIRECTION('center_axis',(-0.984807753012208,0.,-0.17364817766693));
#7042=DIRECTION('ref_axis',(0.,-1.,0.));
#7043=DIRECTION('',(0.984807753012208,0.,0.17364817766693));
#7044=DIRECTION('center_axis',(-7.2179859808538E-17,-1.,-1.27272567479996E-17));
#7045=DIRECTION('ref_axis',(-0.687951066110197,0.,0.725757074121806));
#7046=DIRECTION('',(1.06646058073298E-27,1.,0.));
#7047=DIRECTION('center_axis',(0.,-1.,0.));
#7048=DIRECTION('ref_axis',(-0.966591190762306,0.,0.256322979735934));
#7049=DIRECTION('',(7.2179859808538E-17,1.,1.27272567479996E-17));
#7050=DIRECTION('center_axis',(0.,1.,0.));
#7051=DIRECTION('ref_axis',(-0.966591190762306,0.,0.256322979735934));
#7052=DIRECTION('',(1.06646058073298E-27,1.,0.));
#7053=DIRECTION('center_axis',(0.,1.,0.));
#7054=DIRECTION('ref_axis',(-0.687951066110197,0.,0.725757074121806));
#7055=DIRECTION('',(7.2179859808538E-17,1.,1.27272567479996E-17));
#7056=DIRECTION('center_axis',(0.,-1.,0.));
#7057=DIRECTION('ref_axis',(-0.687951066110197,0.,0.725757074121806));
#7058=DIRECTION('',(7.2179859808538E-17,1.,1.27272567479996E-17));
#7059=DIRECTION('center_axis',(0.0851659822834731,0.871468575592135,-0.483000286974145));
#7060=DIRECTION('ref_axis',(-0.15132893004557,0.490451344941998,0.85822900974964));
#7061=DIRECTION('',(7.2179859808538E-17,1.,1.27272567479996E-17));
#7062=DIRECTION('center_axis',(0.0851659822743051,-0.871468575621849,-0.48300028692215));
#7063=DIRECTION('ref_axis',(-0.15132893005073,-0.490451344889202,0.858229009778902));
#7064=DIRECTION('center_axis',(0.,-0.93969262075,-0.342020143424325));
#7065=DIRECTION('ref_axis',(-3.06843642243237E-16,-0.342020143424325,0.93969262075));
#7066=DIRECTION('center_axis',(0.,0.9396926207521,0.342020143418556));
#7067=DIRECTION('ref_axis',(-5.52318556039061E-16,-0.342020143418556,0.9396926207521));
#7068=DIRECTION('center_axis',(0.,-0.93969262075,-0.342020143424325));
#7069=DIRECTION('ref_axis',(-3.06843642243237E-16,-0.342020143424325,0.93969262075));
#7070=DIRECTION('center_axis',(0.,0.9396926207521,0.342020143418556));
#7071=DIRECTION('ref_axis',(-5.52318556039061E-16,-0.342020143418556,0.9396926207521));
#7072=DIRECTION('center_axis',(0.,-0.939692620743933,-0.342020143440995));
#7073=DIRECTION('ref_axis',(-6.13687284482511E-17,-0.342020143440995,0.939692620743933));
#7074=DIRECTION('center_axis',(0.,0.93969262073369,0.342020143469137));
#7075=DIRECTION('ref_axis',(-1.84106185342747E-16,-0.342020143469137,0.93969262073369));
#7076=DIRECTION('center_axis',(0.0851659822823718,0.871468575595704,-0.483000286967899));
#7077=DIRECTION('ref_axis',(-0.151328930046189,0.490451344935656,0.858229009753155));
#7078=DIRECTION('center_axis',(0.,-0.93969262074235,-0.342020143445345));
#7079=DIRECTION('ref_axis',(1.84106185344443E-16,-0.342020143445345,0.93969262074235));
#7080=DIRECTION('center_axis',(0.,0.939692620743144,0.342020143443162));
#7081=DIRECTION('ref_axis',(-4.29581099137397E-16,-0.342020143443162,0.939692620743144));
#7082=DIRECTION('center_axis',(0.,-0.93969262075,-0.342020143424325));
#7083=DIRECTION('ref_axis',(-3.06843642243237E-16,-0.342020143424325,0.93969262075));
#7084=DIRECTION('center_axis',(0.,0.9396926207521,0.342020143418556));
#7085=DIRECTION('ref_axis',(-5.52318556039061E-16,-0.342020143418556,0.9396926207521));
#7086=DIRECTION('center_axis',(0.,0.9396926207521,-0.342020143418556));
#7087=DIRECTION('ref_axis',(-5.52318556039061E-16,0.342020143418556,0.9396926207521));
#7088=DIRECTION('center_axis',(0.,-0.93969262075,0.342020143424325));
#7089=DIRECTION('ref_axis',(-3.06843642243237E-16,0.342020143424325,0.93969262075));
#7090=DIRECTION('center_axis',(0.,0.939692620757523,-0.342020143403657));
#7091=DIRECTION('ref_axis',(-6.13687284491387E-17,0.342020143403657,0.939692620757523));
#7092=DIRECTION('center_axis',(0.,-0.93969262073414,0.342020143467902));
#7093=DIRECTION('ref_axis',(-6.13687284476116E-17,0.342020143467902,0.93969262073414));
#7094=DIRECTION('center_axis',(0.,-0.93969262073753,-0.342020143458586));
#7095=DIRECTION('ref_axis',(3.06843642239165E-16,-0.342020143458586,0.93969262073753));
#7096=DIRECTION('center_axis',(0.,0.939692620760198,0.342020143396307));
#7097=DIRECTION('ref_axis',(1.8410618534794E-16,-0.342020143396307,0.939692620760198));
#7098=DIRECTION('center_axis',(0.,0.939692620757523,-0.342020143403657));
#7099=DIRECTION('ref_axis',(-6.13687284491387E-17,0.342020143403657,0.939692620757523));
#7100=DIRECTION('center_axis',(0.,-0.93969262073414,0.342020143467902));
#7101=DIRECTION('ref_axis',(-6.13687284476116E-17,0.342020143467902,0.93969262073414));
#7102=DIRECTION('center_axis',(0.,0.939692620760198,-0.342020143396307));
#7103=DIRECTION('ref_axis',(1.8410618534794E-16,0.342020143396307,0.939692620760198));
#7104=DIRECTION('center_axis',(0.,-0.93969262073753,0.342020143458586));
#7105=DIRECTION('ref_axis',(3.06843642239165E-16,0.342020143458586,0.93969262073753));
#7106=DIRECTION('center_axis',(0.,0.9396926207521,-0.342020143418556));
#7107=DIRECTION('ref_axis',(-5.52318556039061E-16,0.342020143418556,0.9396926207521));
#7108=DIRECTION('center_axis',(0.,-0.93969262075,0.342020143424325));
#7109=DIRECTION('ref_axis',(-3.06843642243237E-16,0.342020143424325,0.93969262075));
#7110=DIRECTION('center_axis',(0.,0.939692620743144,-0.342020143443162));
#7111=DIRECTION('ref_axis',(-4.29581099137397E-16,0.342020143443162,0.939692620743144));
#7112=DIRECTION('center_axis',(0.,-0.93969262074235,0.342020143445345));
#7113=DIRECTION('ref_axis',(1.84106185344443E-16,0.342020143445345,0.93969262074235));
#7114=DIRECTION('center_axis',(0.,0.93969262073369,-0.342020143469137));
#7115=DIRECTION('ref_axis',(-1.84106185342747E-16,0.342020143469137,0.93969262073369));
#7116=DIRECTION('center_axis',(0.,-0.939692620743933,0.342020143440995));
#7117=DIRECTION('ref_axis',(-6.13687284482511E-17,0.342020143440995,0.939692620743933));
#7118=DIRECTION('center_axis',(0.,0.939692620757523,0.342020143403657));
#7119=DIRECTION('ref_axis',(-6.13687284491387E-17,-0.342020143403657,0.939692620757523));
#7120=DIRECTION('center_axis',(0.,-0.93969262073414,-0.342020143467902));
#7121=DIRECTION('ref_axis',(-6.13687284476116E-17,-0.342020143467902,0.93969262073414));
#7122=DIRECTION('center_axis',(0.,0.9396926207521,-0.342020143418556));
#7123=DIRECTION('ref_axis',(-5.52318556039061E-16,0.342020143418556,0.9396926207521));
#7124=DIRECTION('center_axis',(0.,-0.93969262075,0.342020143424325));
#7125=DIRECTION('ref_axis',(-3.06843642243237E-16,0.342020143424325,0.93969262075));
#7126=DIRECTION('center_axis',(0.,-0.93969262073414,-0.342020143467902));
#7127=DIRECTION('ref_axis',(-6.13687284476116E-17,-0.342020143467902,0.93969262073414));
#7128=DIRECTION('center_axis',(0.,0.939692620757523,0.342020143403657));
#7129=DIRECTION('ref_axis',(-6.13687284491387E-17,-0.342020143403657,0.939692620757523));
#7130=DIRECTION('center_axis',(-0.0851659822823718,-0.871468575595704,0.483000286967899));
#7131=DIRECTION('ref_axis',(0.15132893004619,-0.490451344935656,-0.858229009753155));
#7132=DIRECTION('center_axis',(0.0851659822823718,0.871468575595704,-0.483000286967899));
#7133=DIRECTION('ref_axis',(-0.996366777578357,0.074490116430032,-0.0412851921681558));
#7134=DIRECTION('center_axis',(1.,0.,0.));
#7135=DIRECTION('ref_axis',(0.,1.,0.));
#7136=DIRECTION('',(-1.,0.,0.));
#7137=DIRECTION('',(-1.,0.,0.));
#7138=DIRECTION('center_axis',(1.,0.,0.));
#7139=DIRECTION('ref_axis',(0.,-0.342016407441021,-0.939693980528309));
#7140=DIRECTION('',(-1.,0.,0.));
#7141=DIRECTION('',(-1.,0.,0.));
#7142=DIRECTION('center_axis',(1.,0.,0.));
#7143=DIRECTION('ref_axis',(0.,1.,0.));
#7144=DIRECTION('',(-1.,0.,0.));
#7145=DIRECTION('',(-1.,0.,0.));
#7146=DIRECTION('center_axis',(0.,-0.9396926207521,-0.342020143418556));
#7147=DIRECTION('ref_axis',(0.,0.342020143418556,-0.9396926207521));
#7148=DIRECTION('',(1.,0.,0.));
#7149=DIRECTION('center_axis',(0.,0.,1.));
#7150=DIRECTION('ref_axis',(-1.,0.,0.));
#7151=DIRECTION('center_axis',(0.,0.,1.));
#7152=DIRECTION('ref_axis',(-1.,0.,0.));
#7153=DIRECTION('center_axis',(0.,0.,1.));
#7154=DIRECTION('ref_axis',(-1.,0.,0.));
#7155=DIRECTION('',(0.,0.,-1.));
#7156=DIRECTION('center_axis',(0.,0.,-1.));
#7157=DIRECTION('ref_axis',(-1.,0.,0.));
#7158=DIRECTION('center_axis',(0.,0.,-1.));
#7159=DIRECTION('ref_axis',(-1.,0.,0.));
#7160=DIRECTION('center_axis',(0.,0.,-1.));
#7161=DIRECTION('ref_axis',(-1.,0.,0.));
#7162=DIRECTION('center_axis',(0.,0.,1.));
#7163=DIRECTION('ref_axis',(-1.,0.,0.));
#7164=DIRECTION('center_axis',(0.,0.,1.));
#7165=DIRECTION('ref_axis',(1.,0.,0.));
#7166=DIRECTION('center_axis',(0.,0.,-1.));
#7167=DIRECTION('ref_axis',(-1.,0.,0.));
#7168=DIRECTION('',(0.,0.,-1.));
#7169=DIRECTION('center_axis',(0.,0.,1.));
#7170=DIRECTION('ref_axis',(-1.,0.,0.));
#7171=DIRECTION('center_axis',(0.,0.,1.));
#7172=DIRECTION('ref_axis',(1.,0.,0.));
#7173=DIRECTION('',(0.,0.,-1.));
#7174=DIRECTION('center_axis',(0.,0.,-1.));
#7175=DIRECTION('ref_axis',(1.,0.,0.));
#7176=DIRECTION('center_axis',(0.,0.,1.));
#7177=DIRECTION('ref_axis',(0.707106781186557,0.707106781186538,0.));
#7178=DIRECTION('center_axis',(0.,0.,-1.));
#7179=DIRECTION('ref_axis',(0.707106781186557,0.707106781186538,0.));
#7180=DIRECTION('',(0.,0.,-1.));
#7181=DIRECTION('center_axis',(0.,0.,-1.));
#7182=DIRECTION('ref_axis',(0.,1.,0.));
#7183=DIRECTION('',(0.,0.,1.));
#7184=DIRECTION('center_axis',(0.,0.,1.));
#7185=DIRECTION('ref_axis',(0.707106781186544,-0.707106781186551,0.));
#7186=DIRECTION('center_axis',(0.,0.,-1.));
#7187=DIRECTION('ref_axis',(0.707106781186544,-0.707106781186551,0.));
#7188=DIRECTION('',(0.,0.,-1.));
#7189=DIRECTION('center_axis',(0.,0.,-1.));
#7190=DIRECTION('ref_axis',(1.,0.,0.));
#7191=DIRECTION('',(0.,0.,1.));
#7192=DIRECTION('center_axis',(-1.,0.,0.));
#7193=DIRECTION('ref_axis',(0.,-1.,0.));
#7194=DIRECTION('',(0.,-1.,-1.27272567479996E-17));
#7195=DIRECTION('',(0.,-1.,0.));
#7196=DIRECTION('center_axis',(0.,-1.,0.));
#7197=DIRECTION('ref_axis',(0.,0.,-1.));
#7198=DIRECTION('center_axis',(0.,1.,0.));
#7199=DIRECTION('ref_axis',(0.940572999777418,0.,-0.339591566576247));
#7200=DIRECTION('center_axis',(-0.63882131694747,0.,-0.769355135820578));
#7201=DIRECTION('ref_axis',(0.769355135820578,0.,-0.63882131694747));
#7202=DIRECTION('center_axis',(0.,-1.,0.));
#7203=DIRECTION('ref_axis',(0.940572999777418,0.,-0.339591566576247));
#7204=DIRECTION('center_axis',(0.,-1.,0.));
#7205=DIRECTION('ref_axis',(0.,0.,-1.));
#7206=DIRECTION('center_axis',(0.,1.,0.));
#7207=DIRECTION('ref_axis',(0.940572999777418,0.,-0.339591566576248));
#7208=DIRECTION('center_axis',(-0.638821316947472,0.,-0.769355135820576));
#7209=DIRECTION('ref_axis',(0.,1.,0.));
#7210=DIRECTION('center_axis',(0.,-1.,0.));
#7211=DIRECTION('ref_axis',(0.940572999777417,0.,-0.339591566576248));
#7212=DIRECTION('center_axis',(0.,0.,1.));
#7213=DIRECTION('ref_axis',(1.,0.,0.));
#7214=DIRECTION('',(-1.,0.,0.));
#7215=DIRECTION('',(-1.,0.,0.));
#7216=DIRECTION('center_axis',(-0.17364817766693,2.11852293882596E-33,0.984807753012208));
#7217=DIRECTION('ref_axis',(3.67877647672713E-34,1.,-2.08633781509001E-33));
#7218=DIRECTION('',(-0.984807753012208,0.,-0.17364817766693));
#7219=DIRECTION('',(3.67877647672713E-34,1.,-2.08633781509001E-33));
#7220=DIRECTION('',(-0.984807753012208,0.,-0.17364817766693));
#7221=DIRECTION('center_axis',(-0.17364817766693,0.,0.984807753012208));
#7222=DIRECTION('ref_axis',(0.,1.,0.));
#7223=DIRECTION('',(-1.03430285940341E-27,-1.,-1.82375500336735E-28));
#7224=DIRECTION('',(-0.984807753012208,0.,-0.17364817766693));
#7225=DIRECTION('',(-0.984807753012208,0.,-0.17364817766693));
#7226=DIRECTION('center_axis',(1.,0.,0.));
#7227=DIRECTION('ref_axis',(0.,-0.342012324582365,-0.939695466538903));
#7228=DIRECTION('',(-1.,0.,0.));
#7229=DIRECTION('',(-1.,0.,0.));
#7230=DIRECTION('center_axis',(1.,0.,0.));
#7231=DIRECTION('ref_axis',(0.,-0.342020155658657,-0.939692616297068));
#7232=DIRECTION('',(-1.,0.,0.));
#7233=DIRECTION('',(-1.,0.,0.));
#7234=DIRECTION('center_axis',(1.,0.,0.));
#7235=DIRECTION('ref_axis',(0.,-0.342028471910976,-0.939689589386965));
#7236=DIRECTION('',(-1.,0.,0.));
#7237=DIRECTION('',(-1.,0.,0.));
#7238=DIRECTION('center_axis',(1.,0.,0.));
#7239=DIRECTION('ref_axis',(0.,1.,0.));
#7240=DIRECTION('',(-1.,0.,0.));
#7241=DIRECTION('',(-1.,0.,0.));
#7242=DIRECTION('center_axis',(1.,0.,0.));
#7243=DIRECTION('ref_axis',(0.,1.,0.));
#7244=DIRECTION('',(-1.,0.,0.));
#7245=DIRECTION('',(-1.,0.,0.));
#7246=DIRECTION('center_axis',(1.,0.,0.));
#7247=DIRECTION('ref_axis',(0.,1.,0.));
#7248=DIRECTION('',(-1.,0.,0.));
#7249=DIRECTION('',(-1.,0.,0.));
#7250=DIRECTION('center_axis',(1.,0.,0.));
#7251=DIRECTION('ref_axis',(0.,1.,0.));
#7252=DIRECTION('',(-1.,0.,0.));
#7253=DIRECTION('',(-1.,0.,0.));
#7254=DIRECTION('center_axis',(1.,0.,0.));
#7255=DIRECTION('ref_axis',(0.,-0.342020143427532,-0.939692620748833));
#7256=DIRECTION('',(-1.,0.,0.));
#7257=DIRECTION('',(-1.,0.,0.));
#7258=DIRECTION('center_axis',(1.,0.,0.));
#7259=DIRECTION('ref_axis',(0.,-0.342020143454925,-0.939692620738863));
#7260=DIRECTION('',(-1.,0.,0.));
#7261=DIRECTION('',(-1.,0.,0.));
#7262=DIRECTION('center_axis',(0.,0.939692620743933,-0.342020143440995));
#7263=DIRECTION('ref_axis',(0.,0.342020143440995,0.939692620743933));
#7264=DIRECTION('',(-1.,0.,0.));
#7265=DIRECTION('center_axis',(-1.,0.,0.));
#7266=DIRECTION('ref_axis',(0.,-0.573576436287974,0.819152044333156));
#7267=DIRECTION('',(1.,0.,0.));
#7268=DIRECTION('center_axis',(0.,-0.93969262073369,0.342020143469137));
#7269=DIRECTION('ref_axis',(0.,-0.342020143469137,-0.93969262073369));
#7270=DIRECTION('center_axis',(0.,0.93969262074235,-0.342020143445345));
#7271=DIRECTION('ref_axis',(0.,0.342020143445345,0.93969262074235));
#7272=DIRECTION('',(-1.,0.,0.));
#7273=DIRECTION('center_axis',(-1.,0.,0.));
#7274=DIRECTION('ref_axis',(0.,0.819152044325902,0.573576436298332));
#7275=DIRECTION('',(1.,0.,0.));
#7276=DIRECTION('center_axis',(0.,-0.939692620743144,0.342020143443162));
#7277=DIRECTION('ref_axis',(0.,-0.342020143443162,-0.939692620743144));
#7278=DIRECTION('center_axis',(0.,0.93969262075,-0.342020143424325));
#7279=DIRECTION('ref_axis',(0.,0.342020143424325,0.93969262075));
#7280=DIRECTION('',(-1.,0.,0.));
#7281=DIRECTION('center_axis',(-1.,0.,0.));
#7282=DIRECTION('ref_axis',(0.,-0.573576436310007,0.819152044317727));
#7283=DIRECTION('',(1.,0.,0.));
#7284=DIRECTION('center_axis',(0.,-0.9396926207521,0.342020143418556));
#7285=DIRECTION('ref_axis',(0.,-0.342020143418556,-0.9396926207521));
#7286=DIRECTION('center_axis',(0.,0.93969262073753,-0.342020143458586));
#7287=DIRECTION('ref_axis',(0.,0.342020143458586,0.93969262073753));
#7288=DIRECTION('',(-1.,0.,0.));
#7289=DIRECTION('center_axis',(-1.,0.,0.));
#7290=DIRECTION('ref_axis',(0.,-0.573576436319711,0.819152044310933));
#7291=DIRECTION('',(1.,0.,0.));
#7292=DIRECTION('center_axis',(0.,-0.939692620760198,0.342020143396307));
#7293=DIRECTION('ref_axis',(0.,-0.342020143396307,-0.939692620760198));
#7294=DIRECTION('center_axis',(0.,0.93969262073414,-0.342020143467902));
#7295=DIRECTION('ref_axis',(0.,0.342020143467902,0.93969262073414));
#7296=DIRECTION('',(-1.,0.,0.));
#7297=DIRECTION('center_axis',(-1.,0.,0.));
#7298=DIRECTION('ref_axis',(0.,-0.573576436316509,0.819152044313175));
#7299=DIRECTION('',(1.,0.,0.));
#7300=DIRECTION('center_axis',(0.,-0.939692620757523,0.342020143403657));
#7301=DIRECTION('ref_axis',(0.,-0.342020143403657,-0.939692620757523));
#7302=DIRECTION('center_axis',(0.,-0.9396926207521,-0.342020143418556));
#7303=DIRECTION('ref_axis',(0.,0.342020143418556,-0.9396926207521));
#7304=DIRECTION('',(1.,0.,0.));
#7305=DIRECTION('center_axis',(1.,0.,0.));
#7306=DIRECTION('ref_axis',(0.,0.573576436310007,0.819152044317727));
#7307=DIRECTION('',(-1.,0.,0.));
#7308=DIRECTION('center_axis',(0.,0.93969262075,0.342020143424325));
#7309=DIRECTION('ref_axis',(0.,-0.342020143424325,0.93969262075));
#7310=DIRECTION('center_axis',(0.,-0.93969262073369,-0.342020143469137));
#7311=DIRECTION('ref_axis',(0.,0.342020143469137,-0.93969262073369));
#7312=DIRECTION('',(1.,0.,0.));
#7313=DIRECTION('center_axis',(1.,0.,0.));
#7314=DIRECTION('ref_axis',(0.,0.573576436287974,0.819152044333156));
#7315=DIRECTION('',(-1.,0.,0.));
#7316=DIRECTION('center_axis',(0.,0.939692620743933,0.342020143440995));
#7317=DIRECTION('ref_axis',(0.,-0.342020143440995,0.939692620743933));
#7318=DIRECTION('center_axis',(0.,-0.939692620757523,-0.342020143403657));
#7319=DIRECTION('ref_axis',(0.,0.342020143403657,-0.939692620757523));
#7320=DIRECTION('',(1.,0.,0.));
#7321=DIRECTION('center_axis',(1.,0.,0.));
#7322=DIRECTION('ref_axis',(0.,0.573576436316509,0.819152044313175));
#7323=DIRECTION('',(-1.,0.,0.));
#7324=DIRECTION('center_axis',(0.,0.93969262073414,0.342020143467902));
#7325=DIRECTION('ref_axis',(0.,-0.342020143467902,0.93969262073414));
#7326=DIRECTION('center_axis',(0.,-0.939692620760198,-0.342020143396307));
#7327=DIRECTION('ref_axis',(0.,0.342020143396307,-0.939692620760198));
#7328=DIRECTION('',(1.,0.,0.));
#7329=DIRECTION('center_axis',(1.,0.,0.));
#7330=DIRECTION('ref_axis',(0.,0.573576436319711,0.819152044310933));
#7331=DIRECTION('',(-1.,0.,0.));
#7332=DIRECTION('center_axis',(0.,0.93969262073753,0.342020143458586));
#7333=DIRECTION('ref_axis',(0.,-0.342020143458586,0.93969262073753));
#7334=DIRECTION('center_axis',(0.,0.93969262073414,-0.342020143467902));
#7335=DIRECTION('ref_axis',(0.,0.342020143467902,0.93969262073414));
#7336=DIRECTION('',(1.,0.,0.));
#7337=DIRECTION('',(-1.,0.,0.));
#7338=DIRECTION('center_axis',(-1.,0.,0.));
#7339=DIRECTION('ref_axis',(0.,-0.573576436316509,0.819152044313175));
#7340=DIRECTION('',(1.,0.,0.));
#7341=DIRECTION('center_axis',(0.,-0.939692620757523,0.342020143403657));
#7342=DIRECTION('ref_axis',(0.,-0.342020143403657,-0.939692620757523));
#7343=DIRECTION('',(-1.,0.,0.));
#7344=DIRECTION('center_axis',(-1.,0.,0.));
#7345=DIRECTION('ref_axis',(0.,-0.819152044313052,-0.573576436316685));
#7346=DIRECTION('',(-1.,0.,0.));
#7347=DIRECTION('center_axis',(-1.,0.,0.));
#7348=DIRECTION('ref_axis',(0.,0.573576436288684,-0.819152044332658));
#7349=DIRECTION('center_axis',(-1.,0.,0.));
#7350=DIRECTION('ref_axis',(0.,0.93969262076947,-0.342020143370832));
#7351=DIRECTION('',(1.,0.,0.));
#7352=DIRECTION('',(1.,0.,0.));
#7353=DIRECTION('center_axis',(0.,0.93969262075,-0.342020143424325));
#7354=DIRECTION('ref_axis',(0.,0.342020143424325,0.93969262075));
#7355=DIRECTION('',(-1.,0.,0.));
#7356=DIRECTION('center_axis',(-1.,0.,0.));
#7357=DIRECTION('ref_axis',(0.,-0.573576436310007,0.819152044317727));
#7358=DIRECTION('',(1.,0.,0.));
#7359=DIRECTION('center_axis',(0.,-0.9396926207521,0.342020143418556));
#7360=DIRECTION('ref_axis',(0.,-0.342020143418556,-0.9396926207521));
#7361=DIRECTION('center_axis',(1.,0.,0.));
#7362=DIRECTION('ref_axis',(0.,0.573576436310007,0.819152044317727));
#7363=DIRECTION('',(1.,0.,0.));
#7364=DIRECTION('',(-1.,0.,0.));
#7365=DIRECTION('center_axis',(0.,0.93969262075,0.342020143424325));
#7366=DIRECTION('ref_axis',(0.,-0.342020143424325,0.93969262075));
#7367=DIRECTION('',(1.,0.,0.));
#7368=DIRECTION('center_axis',(1.,0.,0.));
#7369=DIRECTION('ref_axis',(0.,-0.93969262076947,-0.342020143370832));
#7370=DIRECTION('',(1.,0.,0.));
#7371=DIRECTION('center_axis',(0.,-0.9396926207521,-0.342020143418556));
#7372=DIRECTION('ref_axis',(0.,0.342020143418556,-0.9396926207521));
#7373=DIRECTION('center_axis',(1.,0.,0.));
#7374=DIRECTION('ref_axis',(0.,0.819152044313052,-0.573576436316685));
#7375=DIRECTION('',(-1.,0.,0.));
#7376=DIRECTION('',(-1.,0.,0.));
#7377=DIRECTION('center_axis',(0.,-0.939692620757523,-0.342020143403657));
#7378=DIRECTION('ref_axis',(0.,0.342020143403657,-0.939692620757523));
#7379=DIRECTION('',(1.,0.,0.));
#7380=DIRECTION('center_axis',(1.,0.,0.));
#7381=DIRECTION('ref_axis',(0.,0.573576436316509,0.819152044313175));
#7382=DIRECTION('',(-1.,0.,0.));
#7383=DIRECTION('center_axis',(0.,0.93969262073414,0.342020143467902));
#7384=DIRECTION('ref_axis',(0.,-0.342020143467902,0.93969262073414));
#7385=DIRECTION('',(1.,0.,0.));
#7386=DIRECTION('center_axis',(1.,0.,0.));
#7387=DIRECTION('ref_axis',(0.,-0.573576436288684,-0.819152044332658));
#7388=DIRECTION('center_axis',(0.,-0.939692620743144,-0.342020143443162));
#7389=DIRECTION('ref_axis',(0.,0.342020143443162,-0.939692620743144));
#7390=DIRECTION('',(1.,0.,0.));
#7391=DIRECTION('center_axis',(1.,0.,0.));
#7392=DIRECTION('ref_axis',(0.,-0.819152044325902,0.573576436298332));
#7393=DIRECTION('',(-1.,0.,0.));
#7394=DIRECTION('center_axis',(0.,0.93969262074235,0.342020143445345));
#7395=DIRECTION('ref_axis',(0.,-0.342020143445345,0.93969262074235));
#7396=DIRECTION('center_axis',(0.984807753012208,0.,0.17364817766693));
#7397=DIRECTION('ref_axis',(-0.0851659822748413,0.87146857562011,0.483000286925191));
#7398=DIRECTION('',(-0.984807753012208,0.,-0.17364817766693));
#7399=DIRECTION('center_axis',(-0.984807753012208,0.,-0.17364817766693));
#7400=DIRECTION('ref_axis',(-0.0851659822748412,0.87146857562011,0.483000286925191));
#7401=DIRECTION('',(-0.984807753012208,0.,-0.17364817766693));
#7402=DIRECTION('center_axis',(0.17364817766693,-3.39762379889634E-11,-0.984807753012208));
#7403=DIRECTION('ref_axis',(5.89991181076141E-12,1.,-3.3460062589719E-11));
#7404=DIRECTION('',(-0.984807753012208,0.,-0.17364817766693));
#7405=DIRECTION('',(5.89991181076141E-12,1.,-3.3460062589719E-11));
#7406=DIRECTION('center_axis',(0.984807753012208,0.,0.17364817766693));
#7407=DIRECTION('ref_axis',(-0.17364817766693,-2.21818523054765E-10,0.984807753012208));
#7408=DIRECTION('',(-0.984807753012208,0.,-0.17364817766693));
#7409=DIRECTION('center_axis',(-0.984807753012209,1.21650851237923E-29,
-0.173648177666928));
#7410=DIRECTION('ref_axis',(-0.173648177666928,-2.21818523054765E-10,0.984807753012209));
#7411=DIRECTION('center_axis',(0.17364817766693,-1.39322105051E-15,-0.984807753012208));
#7412=DIRECTION('ref_axis',(2.41930296508268E-16,1.,-1.37205489220206E-15));
#7413=DIRECTION('',(-0.984807753012208,0.,-0.173648177666928));
#7414=DIRECTION('',(-0.984807753012208,0.,-0.173648177666928));
#7415=DIRECTION('',(2.41930296508268E-16,1.,-1.37205489220206E-15));
#7416=DIRECTION('center_axis',(0.,0.93969262075,-0.342020143424325));
#7417=DIRECTION('ref_axis',(0.,0.342020143424325,0.93969262075));
#7418=DIRECTION('',(-1.,0.,0.));
#7419=DIRECTION('center_axis',(-1.,0.,0.));
#7420=DIRECTION('ref_axis',(0.,-0.573576436310007,0.819152044317727));
#7421=DIRECTION('',(1.,0.,0.));
#7422=DIRECTION('center_axis',(0.,-0.9396926207521,0.342020143418556));
#7423=DIRECTION('ref_axis',(0.,-0.342020143418556,-0.9396926207521));
#7424=DIRECTION('center_axis',(-7.2179859808538E-17,-1.,-1.27272567479996E-17));
#7425=DIRECTION('ref_axis',(0.940572999777418,0.,-0.339591566576247));
#7426=DIRECTION('center_axis',(1.,0.,0.));
#7427=DIRECTION('ref_axis',(0.,0.573576436310007,0.819152044317727));
#7428=DIRECTION('',(-1.,0.,0.));
#7429=DIRECTION('center_axis',(0.,0.93969262075,0.342020143424325));
#7430=DIRECTION('ref_axis',(0.,-0.342020143424325,0.93969262075));
#7431=DIRECTION('center_axis',(0.,0.,1.));
#7432=DIRECTION('ref_axis',(1.,0.,0.));
#7433=DIRECTION('center_axis',(0.,0.,1.));
#7434=DIRECTION('ref_axis',(1.,0.,0.));
#7435=DIRECTION('',(0.,0.,-1.));
#7436=DIRECTION('center_axis',(0.,0.,-1.));
#7437=DIRECTION('ref_axis',(1.,0.,0.));
#7438=DIRECTION('center_axis',(0.,0.,1.));
#7439=DIRECTION('ref_axis',(1.,0.,0.));
#7440=DIRECTION('center_axis',(0.,0.,-1.));
#7441=DIRECTION('ref_axis',(1.,0.,0.));
#7442=DIRECTION('',(0.,0.,-1.));
#7443=DIRECTION('center_axis',(0.,0.,-1.));
#7444=DIRECTION('ref_axis',(1.,0.,0.));
#7445=DIRECTION('center_axis',(-1.,8.76084410568512E-13,0.));
#7446=DIRECTION('ref_axis',(-8.76084410568512E-13,-1.,0.));
#7447=DIRECTION('',(0.,0.,1.));
#7448=DIRECTION('',(-8.76084410568512E-13,-1.,0.));
#7449=DIRECTION('',(0.,0.,1.));
#7450=DIRECTION('',(-8.76084410568512E-13,-1.,0.));
#7451=DIRECTION('center_axis',(0.,-1.,0.));
#7452=DIRECTION('ref_axis',(0.,0.,-1.));
#7453=DIRECTION('center_axis',(0.,1.,0.));
#7454=DIRECTION('ref_axis',(-0.966591190762306,0.,0.256322979735934));
#7455=DIRECTION('',(-0.17364817766693,0.,0.984807753012208));
#7456=DIRECTION('center_axis',(0.,1.,0.));
#7457=DIRECTION('ref_axis',(-0.771167282344648,0.,-0.636632564860745));
#7458=DIRECTION('center_axis',(0.,-1.,0.));
#7459=DIRECTION('ref_axis',(0.823718942061343,0.,0.566998328471382));
#7460=DIRECTION('',(0.,0.,1.));
#7461=DIRECTION('',(1.,0.,0.));
#7462=DIRECTION('',(0.,0.,-1.));
#7463=DIRECTION('',(-1.,0.,0.));
#7464=DIRECTION('center_axis',(0.,1.,0.));
#7465=DIRECTION('ref_axis',(0.766044443118979,0.,-0.642787609686539));
#7466=DIRECTION('center_axis',(0.,0.,-1.));
#7467=DIRECTION('ref_axis',(-0.707106781186239,0.707106781186856,0.));
#7468=DIRECTION('center_axis',(0.,0.,1.));
#7469=DIRECTION('ref_axis',(-0.707106781186239,0.707106781186856,0.));
#7470=DIRECTION('center_axis',(0.,0.,-1.));
#7471=DIRECTION('ref_axis',(-0.707106781186239,0.707106781186856,0.));
#7472=DIRECTION('center_axis',(0.,1.,0.));
#7473=DIRECTION('ref_axis',(0.766044443118979,0.,-0.642787609686539));
#7474=DIRECTION('center_axis',(0.,0.939692620733974,0.342020143468356));
#7475=DIRECTION('ref_axis',(8.69390319674344E-17,0.342020143468356,-0.939692620733974));
#7476=DIRECTION('center_axis',(0.,-0.939692620728207,-0.342020143484203));
#7477=DIRECTION('ref_axis',(-8.69390319669008E-17,0.342020143484203,-0.939692620728207));
#7478=DIRECTION('center_axis',(0.,0.939692620752342,0.342020143417892));
#7479=DIRECTION('ref_axis',(-3.47756127876535E-16,0.342020143417892,-0.939692620752342));
#7480=DIRECTION('center_axis',(0.,-0.939692620742913,-0.342020143443799));
#7481=DIRECTION('ref_axis',(-1.73878063936523E-16,0.342020143443799,-0.939692620742913));
#7482=DIRECTION('center_axis',(0.,0.93969262074233,0.3420201434454));
#7483=DIRECTION('ref_axis',(8.69390319682074E-17,0.3420201434454,-0.93969262074233));
#7484=DIRECTION('center_axis',(0.,-0.939692620743756,-0.342020143441482));
#7485=DIRECTION('ref_axis',(1.73878063936679E-16,0.342020143441482,-0.939692620743756));
#7486=DIRECTION('center_axis',(0.,0.939692620743162,0.342020143443112));
#7487=DIRECTION('ref_axis',(-1.73878063936569E-16,0.342020143443112,-0.939692620743162));
#7488=DIRECTION('',(0.,-1.,0.));
#7489=DIRECTION('center_axis',(0.,1.,0.));
#7490=DIRECTION('ref_axis',(0.766044443118979,0.,-0.642787609686539));
#7491=DIRECTION('center_axis',(0.,0.939692620743162,-0.342020143443112));
#7492=DIRECTION('ref_axis',(-1.73878063936569E-16,-0.342020143443112,-0.939692620743162));
#7493=DIRECTION('center_axis',(0.,-0.939692620743756,0.342020143441482));
#7494=DIRECTION('ref_axis',(1.73878063936679E-16,-0.342020143441482,-0.939692620743756));
#7495=DIRECTION('center_axis',(0.,0.93969262074233,-0.3420201434454));
#7496=DIRECTION('ref_axis',(8.69390319682074E-17,-0.3420201434454,-0.93969262074233));
#7497=DIRECTION('center_axis',(0.,-0.939692620742913,0.342020143443799));
#7498=DIRECTION('ref_axis',(-1.73878063936523E-16,-0.342020143443799,-0.939692620742913));
#7499=DIRECTION('center_axis',(0.,0.939692620752342,-0.342020143417892));
#7500=DIRECTION('ref_axis',(-3.47756127876535E-16,-0.342020143417892,-0.939692620752342));
#7501=DIRECTION('center_axis',(0.,-0.939692620728207,0.342020143484203));
#7502=DIRECTION('ref_axis',(-8.69390319669008E-17,-0.342020143484203,-0.939692620728207));
#7503=DIRECTION('center_axis',(0.,0.939692620733974,-0.342020143468356));
#7504=DIRECTION('ref_axis',(8.69390319674344E-17,-0.342020143468356,-0.939692620733974));
#7505=DIRECTION('center_axis',(0.,-0.939692620743934,0.342020143440992));
#7506=DIRECTION('ref_axis',(4.34695159841779E-16,-0.342020143440992,-0.939692620743934));
#7507=DIRECTION('center_axis',(0.,0.939692620742487,-0.342020143444968));
#7508=DIRECTION('ref_axis',(1.73878063936444E-16,-0.342020143444968,-0.939692620742487));
#7509=DIRECTION('center_axis',(0.,-0.939692620742348,0.342020143445349));
#7510=DIRECTION('ref_axis',(-1.73878063936418E-16,-0.342020143445349,-0.939692620742348));
#7511=DIRECTION('center_axis',(0.,0.939692620742269,-0.342020143445566));
#7512=DIRECTION('ref_axis',(-8.69390319682018E-17,-0.342020143445566,-0.939692620742269));
#7513=DIRECTION('center_axis',(0.,-0.939692620737493,0.342020143458688));
#7514=DIRECTION('ref_axis',(-3.4775612787104E-16,-0.342020143458688,-0.939692620737493));
#7515=DIRECTION('center_axis',(0.,0.939692620714982,-0.342020143520539));
#7516=DIRECTION('ref_axis',(1.73878063931354E-16,-0.342020143520539,-0.939692620714982));
#7517=DIRECTION('center_axis',(0.,-0.939692620712817,0.342020143526485));
#7518=DIRECTION('ref_axis',(-1.73878063930954E-16,-0.342020143526485,-0.939692620712817));
#7519=DIRECTION('center_axis',(0.,-0.939692620712817,-0.342020143526485));
#7520=DIRECTION('ref_axis',(-1.73878063930954E-16,0.342020143526485,-0.939692620712817));
#7521=DIRECTION('center_axis',(0.,0.939692620714982,0.342020143520539));
#7522=DIRECTION('ref_axis',(1.73878063931354E-16,0.342020143520539,-0.939692620714982));
#7523=DIRECTION('center_axis',(0.,-0.939692620737493,-0.342020143458688));
#7524=DIRECTION('ref_axis',(-3.4775612787104E-16,0.342020143458688,-0.939692620737493));
#7525=DIRECTION('center_axis',(0.,0.939692620742269,0.342020143445566));
#7526=DIRECTION('ref_axis',(-8.69390319682018E-17,0.342020143445566,-0.939692620742269));
#7527=DIRECTION('center_axis',(0.,-0.939692620742348,-0.342020143445349));
#7528=DIRECTION('ref_axis',(-1.73878063936418E-16,0.342020143445349,-0.939692620742348));
#7529=DIRECTION('center_axis',(0.,0.939692620742487,0.342020143444968));
#7530=DIRECTION('ref_axis',(1.73878063936444E-16,0.342020143444968,-0.939692620742487));
#7531=DIRECTION('center_axis',(0.,-0.939692620743934,-0.342020143440992));
#7532=DIRECTION('ref_axis',(4.34695159841779E-16,0.342020143440992,-0.939692620743934));
#7533=DIRECTION('center_axis',(1.,0.,0.));
#7534=DIRECTION('ref_axis',(0.,-0.939692620742649,-0.342020143444522));
#7535=DIRECTION('center_axis',(0.984807753012208,-7.32933504917718E-17,
0.17364817766693));
#7536=DIRECTION('ref_axis',(0.17364817766693,-1.45780832349548E-16,-0.984807753012208));
#7537=DIRECTION('',(1.,0.,0.));
#7538=DIRECTION('center_axis',(0.,-0.939692620714982,-0.342020143520539));
#7539=DIRECTION('ref_axis',(0.,0.342020143520539,-0.939692620714982));
#7540=DIRECTION('',(-1.,0.,0.));
#7541=DIRECTION('center_axis',(0.,0.939692620714982,0.342020143520539));
#7542=DIRECTION('ref_axis',(-7.82451287691095E-16,0.342020143520539,-0.939692620714982));
#7543=DIRECTION('',(-0.163464460876842,-0.337419706949453,0.927053025124447));
#7544=DIRECTION('',(1.,0.,0.));
#7545=DIRECTION('center_axis',(1.,0.,0.));
#7546=DIRECTION('ref_axis',(0.,0.573576436265875,0.819152044348629));
#7547=DIRECTION('center_axis',(0.984807753012208,-7.32933504917718E-17,
0.17364817766693));
#7548=DIRECTION('ref_axis',(-0.17364817766693,8.74684993778814E-16,0.984807753012208));
#7549=DIRECTION('',(-1.,0.,0.));
#7550=DIRECTION('center_axis',(0.,-0.939692620743085,-0.342020143443324));
#7551=DIRECTION('ref_axis',(0.,0.342020143443324,-0.939692620743085));
#7552=DIRECTION('',(1.,0.,0.));
#7553=DIRECTION('',(-0.1634644608816,-0.337419706873008,0.927053025151432));
#7554=DIRECTION('center_axis',(1.,0.,0.));
#7555=DIRECTION('ref_axis',(0.,0.573576436299162,0.819152044325322));
#7556=DIRECTION('center_axis',(0.984807753012208,-7.32933504917718E-17,
0.17364817766693));
#7557=DIRECTION('ref_axis',(-0.17364817766693,-5.83123329185876E-16,0.984807753012208));
#7558=DIRECTION('',(-1.,0.,0.));
#7559=DIRECTION('center_axis',(1.,0.,0.));
#7560=DIRECTION('ref_axis',(0.,-0.819152044325895,0.573576436298343));
#7561=DIRECTION('center_axis',(0.984807753012208,-7.32933504917718E-17,
0.17364817766693));
#7562=DIRECTION('ref_axis',(-0.17364817766693,-2.98850706207762E-15,0.984807753012208));
#7563=DIRECTION('center_axis',(1.,0.,0.));
#7564=DIRECTION('ref_axis',(0.,-0.573576436300591,-0.819152044324321));
#7565=DIRECTION('',(1.,0.,0.));
#7566=DIRECTION('',(-1.,0.,0.));
#7567=DIRECTION('center_axis',(1.,0.,0.));
#7568=DIRECTION('ref_axis',(0.,0.819152044324821,-0.573576436299877));
#7569=DIRECTION('',(-1.,0.,0.));
#7570=DIRECTION('center_axis',(1.,0.,0.));
#7571=DIRECTION('ref_axis',(0.,0.819152044348461,-0.573576436266116));
#7572=DIRECTION('',(1.,0.,0.));
#7573=DIRECTION('center_axis',(1.,0.,0.));
#7574=DIRECTION('ref_axis',(0.,0.819152044332606,-0.573576436288758));
#7575=DIRECTION('',(1.,0.,0.));
#7576=DIRECTION('',(-1.,0.,0.));
#7577=DIRECTION('center_axis',(1.,0.,0.));
#7578=DIRECTION('ref_axis',(0.,-0.573576436300685,-0.819152044324255));
#7579=DIRECTION('',(1.,0.,0.));
#7580=DIRECTION('center_axis',(1.,0.,0.));
#7581=DIRECTION('ref_axis',(0.,-0.573576436298891,-0.819152044325511));
#7582=DIRECTION('',(1.,0.,0.));
#7583=DIRECTION('',(-1.,0.,0.));
#7584=DIRECTION('center_axis',(1.,0.,0.));
#7585=DIRECTION('ref_axis',(0.,-0.573576436299291,-0.819152044325231));
#7586=DIRECTION('',(1.,0.,0.));
#7587=DIRECTION('',(-1.,0.,0.));
#7588=DIRECTION('center_axis',(1.,0.,0.));
#7589=DIRECTION('ref_axis',(0.,0.819152044325719,-0.573576436298594));
#7590=DIRECTION('',(-1.,0.,0.));
#7591=DIRECTION('center_axis',(1.,0.,0.));
#7592=DIRECTION('ref_axis',(0.,-0.573576436299724,-0.819152044324928));
#7593=DIRECTION('',(1.,0.,0.));
#7594=DIRECTION('center_axis',(0.984807753012208,-7.32933504917718E-17,
0.17364817766693));
#7595=DIRECTION('ref_axis',(0.17364817766693,-5.83123329185876E-16,-0.984807753012208));
#7596=DIRECTION('',(-1.,0.,0.));
#7597=DIRECTION('center_axis',(1.,0.,0.));
#7598=DIRECTION('ref_axis',(0.,0.819152044325551,-0.573576436298835));
#7599=DIRECTION('',(1.,0.,0.));
#7600=DIRECTION('',(-1.,0.,0.));
#7601=DIRECTION('center_axis',(1.,0.,0.));
#7602=DIRECTION('ref_axis',(0.,0.819152044317136,-0.573576436310852));
#7603=DIRECTION('',(1.,0.,0.));
#7604=DIRECTION('',(-1.,0.,0.));
#7605=DIRECTION('center_axis',(1.,0.,0.));
#7606=DIRECTION('ref_axis',(0.,-0.573576436281952,-0.819152044337372));
#7607=DIRECTION('',(1.,0.,0.));
#7608=DIRECTION('center_axis',(0.,0.939692620712817,0.342020143526485));
#7609=DIRECTION('ref_axis',(0.,-0.342020143526485,0.939692620712817));
#7610=DIRECTION('',(0.163464460876476,0.33741970695534,-0.927053025122369));
#7611=DIRECTION('center_axis',(0.,-0.939692620712817,-0.342020143526485));
#7612=DIRECTION('ref_axis',(3.12980515075717E-16,0.342020143526485,-0.939692620712817));
#7613=DIRECTION('center_axis',(0.,0.,-1.));
#7614=DIRECTION('ref_axis',(1.,0.,0.));
#7615=DIRECTION('center_axis',(0.,0.,1.));
#7616=DIRECTION('ref_axis',(1.,0.,0.));
#7617=DIRECTION('',(0.,0.,-1.));
#7618=DIRECTION('center_axis',(0.,0.,1.));
#7619=DIRECTION('ref_axis',(1.,0.,0.));
#7620=DIRECTION('center_axis',(0.,-1.,0.));
#7621=DIRECTION('ref_axis',(0.,0.,-1.));
#7622=DIRECTION('',(-1.,0.,0.));
#7623=DIRECTION('',(0.,0.,-1.));
#7624=DIRECTION('',(1.,0.,0.));
#7625=DIRECTION('',(0.,0.,-1.));
#7626=DIRECTION('center_axis',(0.,1.,0.));
#7627=DIRECTION('ref_axis',(0.823718942061344,0.,0.566998328471381));
#7628=DIRECTION('center_axis',(0.,-1.,0.));
#7629=DIRECTION('ref_axis',(-0.771167282344647,0.,-0.636632564860746));
#7630=DIRECTION('',(0.17364817766693,0.,-0.984807753012208));
#7631=DIRECTION('center_axis',(0.,-1.,0.));
#7632=DIRECTION('ref_axis',(-0.966591190762306,0.,0.256322979735934));
#7633=DIRECTION('center_axis',(0.,0.,1.));
#7634=DIRECTION('ref_axis',(-0.707106781186239,-0.707106781186856,0.));
#7635=DIRECTION('center_axis',(0.,0.,-1.));
#7636=DIRECTION('ref_axis',(-0.707106781186239,-0.707106781186856,0.));
#7637=DIRECTION('center_axis',(0.,0.,1.));
#7638=DIRECTION('ref_axis',(-0.707106781186239,-0.707106781186856,0.));
#7639=DIRECTION('center_axis',(0.,0.939692620742404,-0.342020143445196));
#7640=DIRECTION('ref_axis',(0.,0.342020143445196,0.939692620742404));
#7641=DIRECTION('',(-1.,0.,0.));
#7642=DIRECTION('',(1.,0.,0.));
#7643=DIRECTION('',(0.163464460881485,-0.337419706874861,-0.927053025150778));
#7644=DIRECTION('center_axis',(-1.,0.,0.));
#7645=DIRECTION('ref_axis',(0.,0.939692620742649,-0.342020143444522));
#7646=DIRECTION('',(1.,0.,0.));
#7647=DIRECTION('center_axis',(-0.984807753012208,-7.32933504917718E-17,
-0.17364817766693));
#7648=DIRECTION('ref_axis',(0.17364817766693,1.45780832349548E-16,-0.984807753012208));
#7649=DIRECTION('center_axis',(0.,-0.939692620714982,0.342020143520539));
#7650=DIRECTION('ref_axis',(0.,-0.342020143520539,-0.939692620714982));
#7651=DIRECTION('',(-1.,0.,0.));
#7652=DIRECTION('',(1.,0.,0.));
#7653=DIRECTION('',(-0.163464460876842,0.337419706949453,0.927053025124447));
#7654=DIRECTION('center_axis',(0.,0.939692620714982,-0.342020143520539));
#7655=DIRECTION('ref_axis',(-7.82451287691095E-16,-0.342020143520539,-0.939692620714982));
#7656=DIRECTION('center_axis',(-1.,0.,0.));
#7657=DIRECTION('ref_axis',(0.,-0.573576436265875,0.819152044348629));
#7658=DIRECTION('',(-1.,0.,0.));
#7659=DIRECTION('center_axis',(-0.984807753012208,-7.32933504917718E-17,
-0.17364817766693));
#7660=DIRECTION('ref_axis',(-0.17364817766693,-8.74684993778814E-16,0.984807753012208));
#7661=DIRECTION('center_axis',(0.,-0.939692620743085,0.342020143443324));
#7662=DIRECTION('ref_axis',(0.,-0.342020143443324,-0.939692620743085));
#7663=DIRECTION('',(1.,0.,0.));
#7664=DIRECTION('',(-0.1634644608816,0.337419706873008,0.927053025151432));
#7665=DIRECTION('center_axis',(-1.,0.,0.));
#7666=DIRECTION('ref_axis',(0.,-0.573576436299162,0.819152044325322));
#7667=DIRECTION('',(-1.,0.,0.));
#7668=DIRECTION('center_axis',(-0.984807753012208,-7.32933504917718E-17,
-0.17364817766693));
#7669=DIRECTION('ref_axis',(-0.17364817766693,5.83123329185876E-16,0.984807753012208));
#7670=DIRECTION('center_axis',(-1.,0.,0.));
#7671=DIRECTION('ref_axis',(0.,0.819152044325895,0.573576436298343));
#7672=DIRECTION('center_axis',(-0.984807753012208,-7.32933504917718E-17,
-0.17364817766693));
#7673=DIRECTION('ref_axis',(-0.17364817766693,2.98850706207762E-15,0.984807753012208));
#7674=DIRECTION('center_axis',(0.,0.939692620743756,-0.342020143441482));
#7675=DIRECTION('ref_axis',(0.,0.342020143441482,0.939692620743756));
#7676=DIRECTION('',(-1.,0.,0.));
#7677=DIRECTION('',(1.,0.,0.));
#7678=DIRECTION('center_axis',(0.,-0.939692620743756,0.342020143441482));
#7679=DIRECTION('ref_axis',(-1.56490257543011E-16,-0.342020143441482,-0.939692620743756));
#7680=DIRECTION('',(0.163464460881714,-0.337419706871184,-0.927053025152076));
#7681=DIRECTION('center_axis',(-1.,0.,0.));
#7682=DIRECTION('ref_axis',(0.,0.573576436300591,-0.819152044324321));
#7683=DIRECTION('',(-1.,0.,0.));
#7684=DIRECTION('center_axis',(-1.,0.,0.));
#7685=DIRECTION('ref_axis',(0.,-0.819152044324821,-0.573576436299877));
#7686=DIRECTION('',(-1.,0.,0.));
#7687=DIRECTION('center_axis',(0.,-0.939692620742718,0.342020143444334));
#7688=DIRECTION('ref_axis',(0.,-0.342020143444334,-0.939692620742718));
#7689=DIRECTION('',(-1.,0.,0.));
#7690=DIRECTION('',(1.,0.,0.));
#7691=DIRECTION('',(-0.163464460881538,0.337419706874008,0.927053025151079));
#7692=DIRECTION('center_axis',(-1.,0.,0.));
#7693=DIRECTION('ref_axis',(0.,-0.573576436298695,0.819152044325648));
#7694=DIRECTION('',(-1.,0.,0.));
#7695=DIRECTION('center_axis',(-0.984807753012208,-7.32933504917718E-17,
-0.17364817766693));
#7696=DIRECTION('ref_axis',(-0.17364817766693,-2.91561664592938E-16,0.984807753012208));
#7697=DIRECTION('center_axis',(-1.,0.,0.));
#7698=DIRECTION('ref_axis',(0.,-0.819152044348461,-0.573576436266116));
#7699=DIRECTION('',(1.,0.,0.));
#7700=DIRECTION('center_axis',(-1.,0.,0.));
#7701=DIRECTION('ref_axis',(0.,-0.819152044332606,-0.573576436288758));
#7702=DIRECTION('',(-1.,0.,0.));
#7703=DIRECTION('',(1.,0.,0.));
#7704=DIRECTION('center_axis',(-1.,0.,0.));
#7705=DIRECTION('ref_axis',(0.,0.573576436300685,-0.819152044324255));
#7706=DIRECTION('',(1.,0.,0.));
#7707=DIRECTION('center_axis',(-1.,0.,0.));
#7708=DIRECTION('ref_axis',(0.,0.573576436298891,-0.819152044325511));
#7709=DIRECTION('',(-1.,0.,0.));
#7710=DIRECTION('',(1.,0.,0.));
#7711=DIRECTION('center_axis',(-1.,0.,0.));
#7712=DIRECTION('ref_axis',(0.,0.573576436299291,-0.819152044325231));
#7713=DIRECTION('',(-1.,0.,0.));
#7714=DIRECTION('',(1.,0.,0.));
#7715=DIRECTION('center_axis',(-1.,0.,0.));
#7716=DIRECTION('ref_axis',(0.,-0.819152044325719,-0.573576436298594));
#7717=DIRECTION('',(-1.,0.,0.));
#7718=DIRECTION('center_axis',(0.,0.93969262074305,-0.342020143443421));
#7719=DIRECTION('ref_axis',(0.,0.34202014344342,0.93969262074305));
#7720=DIRECTION('',(1.,0.,0.));
#7721=DIRECTION('',(0.163464460881594,-0.337419706873103,-0.927053025151398));
#7722=DIRECTION('center_axis',(-1.,0.,0.));
#7723=DIRECTION('ref_axis',(0.,0.573576436299724,-0.819152044324928));
#7724=DIRECTION('center_axis',(-0.984807753012208,-7.32933504917718E-17,
-0.17364817766693));
#7725=DIRECTION('ref_axis',(0.17364817766693,5.83123329185876E-16,-0.984807753012208));
#7726=DIRECTION('center_axis',(0.,-0.939692620743162,0.342020143443112));
#7727=DIRECTION('ref_axis',(0.,-0.342020143443112,-0.939692620743162));
#7728=DIRECTION('',(1.,0.,0.));
#7729=DIRECTION('',(-0.163464460881614,0.337419706872798,0.927053025151506));
#7730=DIRECTION('center_axis',(0.,0.939692620743162,-0.342020143443112));
#7731=DIRECTION('ref_axis',(1.04326838361941E-16,-0.342020143443112,-0.939692620743162));
#7732=DIRECTION('center_axis',(-1.,0.,0.));
#7733=DIRECTION('ref_axis',(0.,-0.573576436299704,0.819152044324942));
#7734=DIRECTION('',(-1.,0.,0.));
#7735=DIRECTION('center_axis',(-0.984807753012208,-7.32933504917718E-17,
-0.17364817766693));
#7736=DIRECTION('ref_axis',(-0.17364817766693,1.23913707451999E-15,0.984807753012208));
#7737=DIRECTION('center_axis',(-1.,0.,0.));
#7738=DIRECTION('ref_axis',(0.,0.819152044324445,0.573576436300414));
#7739=DIRECTION('center_axis',(-0.984807753012208,-7.32933504917718E-17,
-0.17364817766693));
#7740=DIRECTION('ref_axis',(-0.17364817766693,1.74936998755763E-15,0.984807753012208));
#7741=DIRECTION('center_axis',(-1.,0.,0.));
#7742=DIRECTION('ref_axis',(0.,-0.819152044325551,-0.573576436298835));
#7743=DIRECTION('',(-1.,0.,0.));
#7744=DIRECTION('',(1.,0.,0.));
#7745=DIRECTION('center_axis',(0.,-0.93969262074233,0.3420201434454));
#7746=DIRECTION('ref_axis',(0.,-0.3420201434454,-0.93969262074233));
#7747=DIRECTION('',(-1.,0.,0.));
#7748=DIRECTION('',(-0.163464460881473,0.337419706875063,0.927053025150706));
#7749=DIRECTION('center_axis',(0.,0.93969262074233,-0.3420201434454));
#7750=DIRECTION('ref_axis',(5.73797610990169E-16,-0.3420201434454,-0.93969262074233));
#7751=DIRECTION('center_axis',(-1.,0.,0.));
#7752=DIRECTION('ref_axis',(0.,-0.819152044317136,-0.573576436310852));
#7753=DIRECTION('',(-1.,0.,0.));
#7754=DIRECTION('',(1.,0.,0.));
#7755=DIRECTION('center_axis',(-1.,0.,0.));
#7756=DIRECTION('ref_axis',(0.,-0.819152044317933,-0.573576436309714));
#7757=DIRECTION('',(-1.,0.,0.));
#7758=DIRECTION('center_axis',(-0.984807753012208,-7.32933504917718E-17,
-0.17364817766693));
#7759=DIRECTION('ref_axis',(0.17364817766693,-1.82226040370586E-15,-0.984807753012208));
#7760=DIRECTION('',(1.,0.,0.));
#7761=DIRECTION('center_axis',(-1.,0.,0.));
#7762=DIRECTION('ref_axis',(0.,0.573576436281952,-0.819152044337372));
#7763=DIRECTION('',(1.,0.,0.));
#7764=DIRECTION('center_axis',(0.,0.939692620712817,-0.342020143526485));
#7765=DIRECTION('ref_axis',(0.,0.342020143526485,0.939692620712817));
#7766=DIRECTION('center_axis',(0.,-0.939692620712817,0.342020143526485));
#7767=DIRECTION('ref_axis',(3.12980515075717E-16,-0.342020143526485,-0.939692620712817));
#7768=DIRECTION('',(0.163464460876476,-0.33741970695534,-0.927053025122369));
#7769=DIRECTION('center_axis',(-0.17364817766693,0.,0.984807753012208));
#7770=DIRECTION('ref_axis',(0.696364240320027,0.70710678118654,0.122787803968975));
#7771=DIRECTION('center_axis',(0.173648177666922,0.,-0.98480775301221));
#7772=DIRECTION('ref_axis',(0.,1.,0.));
#7773=DIRECTION('',(0.17364817766693,0.,-0.984807753012208));
#7774=DIRECTION('center_axis',(0.173648177666929,0.,-0.984807753012208));
#7775=DIRECTION('ref_axis',(0.,1.,0.));
#7776=DIRECTION('center_axis',(0.,1.,0.));
#7777=DIRECTION('ref_axis',(0.,0.,1.));
#7778=DIRECTION('center_axis',(0.,-1.,0.));
#7779=DIRECTION('ref_axis',(-0.771167282344648,0.,-0.636632564860745));
#7780=DIRECTION('center_axis',(0.934094526557994,0.,-0.357025791021317));
#7781=DIRECTION('ref_axis',(0.,1.,0.));
#7782=DIRECTION('center_axis',(0.,-1.,0.));
#7783=DIRECTION('ref_axis',(0.,0.,-1.));
#7784=DIRECTION('center_axis',(0.,1.,0.));
#7785=DIRECTION('ref_axis',(0.823718942061343,0.,0.566998328471382));
#7786=DIRECTION('center_axis',(0.,0.,-1.));
#7787=DIRECTION('ref_axis',(0.,1.,0.));
#7788=DIRECTION('center_axis',(0.,0.,1.));
#7789=DIRECTION('ref_axis',(0.707106781186557,0.707106781186538,0.));
#7790=DIRECTION('center_axis',(0.,0.,1.));
#7791=DIRECTION('ref_axis',(0.707106781186557,0.707106781186538,0.));
#7792=DIRECTION('',(0.,0.,-1.));
#7793=DIRECTION('center_axis',(1.,9.76020241428709E-16,0.));
#7794=DIRECTION('ref_axis',(-9.76020241428709E-16,1.,0.));
#7795=DIRECTION('',(0.,0.,1.));
#7796=DIRECTION('',(9.76020241428709E-16,1.,0.));
#7797=DIRECTION('',(-9.76020241428709E-16,1.,-2.06256432294781E-32));
#7798=DIRECTION('center_axis',(-7.44240185636142E-17,-1.,2.06256432294781E-32));
#7799=DIRECTION('ref_axis',(0.823718942061342,0.,0.566998328471384));
#7800=DIRECTION('center_axis',(0.,-1.,0.));
#7801=DIRECTION('ref_axis',(0.823718942061344,0.,0.566998328471381));
#7802=DIRECTION('',(-7.44240185636142E-17,-1.,2.06256432294781E-32));
#7803=DIRECTION('center_axis',(7.44240185636142E-17,1.,-2.06256432294781E-32));
#7804=DIRECTION('ref_axis',(-0.64278760968654,0.,-0.766044443118978));
#7805=DIRECTION('center_axis',(0.,1.,0.));
#7806=DIRECTION('ref_axis',(-0.771167282344647,0.,-0.636632564860745));
#7807=DIRECTION('',(-7.44240185636142E-17,-1.,2.00037039855908E-32));
#7808=DIRECTION('center_axis',(0.,0.939692620743162,0.342020143443112));
#7809=DIRECTION('ref_axis',(1.04326838361941E-16,0.342020143443112,-0.939692620743162));
#7810=DIRECTION('center_axis',(0.,-0.939692620743756,-0.342020143441482));
#7811=DIRECTION('ref_axis',(-1.56490257543011E-16,0.342020143441482,-0.939692620743756));
#7812=DIRECTION('',(-7.44240185636142E-17,-1.,2.00037039855908E-32));
#7813=DIRECTION('center_axis',(0.,0.93969262074233,0.3420201434454));
#7814=DIRECTION('ref_axis',(5.73797610990169E-16,0.3420201434454,-0.93969262074233));
#7815=DIRECTION('center_axis',(0.,-0.939692620742913,-0.342020143443799));
#7816=DIRECTION('ref_axis',(-1.04326838361914E-16,0.342020143443799,-0.939692620742913));
#7817=DIRECTION('',(-7.44240185636142E-17,-1.,2.00037039855908E-32));
#7818=DIRECTION('center_axis',(0.,0.939692620752342,0.342020143417892));
#7819=DIRECTION('ref_axis',(-1.04326838362961E-16,0.342020143417892,-0.939692620752342));
#7820=DIRECTION('center_axis',(0.,-0.939692620728207,-0.342020143484203));
#7821=DIRECTION('ref_axis',(5.21634191801405E-17,0.342020143484203,-0.939692620728207));
#7822=DIRECTION('',(-7.44240185636142E-17,-1.,2.00037039855908E-32));
#7823=DIRECTION('center_axis',(0.,0.939692620733974,0.342020143468356));
#7824=DIRECTION('ref_axis',(5.21634191804607E-17,0.342020143468356,-0.939692620733974));
#7825=DIRECTION('center_axis',(0.,-0.939692620743934,-0.342020143440992));
#7826=DIRECTION('ref_axis',(3.12980515086081E-16,0.342020143440992,-0.939692620743934));
#7827=DIRECTION('',(-7.44240185636142E-17,-1.,2.00037039855908E-32));
#7828=DIRECTION('center_axis',(0.,0.939692620742487,0.342020143444968));
#7829=DIRECTION('ref_axis',(-6.25961030171198E-16,0.342020143444968,-0.939692620742487));
#7830=DIRECTION('center_axis',(0.,-0.939692620742348,-0.342020143445349));
#7831=DIRECTION('ref_axis',(-2.60817095904628E-16,0.342020143445349,-0.939692620742348));
#7832=DIRECTION('',(-7.44240185636142E-17,-1.,2.00037039855908E-32));
#7833=DIRECTION('center_axis',(0.,0.939692620742269,0.342020143445566));
#7834=DIRECTION('ref_axis',(-3.65143934266448E-16,0.342020143445566,-0.939692620742269));
#7835=DIRECTION('center_axis',(0.,-0.939692620737493,-0.342020143458688));
#7836=DIRECTION('ref_axis',(5.2163419180656E-17,0.342020143458688,-0.939692620737493));
#7837=DIRECTION('',(-7.44240185636142E-17,-1.,2.00037039855908E-32));
#7838=DIRECTION('',(-7.44240185636142E-17,-1.,2.00037039855908E-32));
#7839=DIRECTION('',(-7.44240185636142E-17,1.,2.00037039855908E-32));
#7840=DIRECTION('center_axis',(0.,-0.939692620737493,0.342020143458688));
#7841=DIRECTION('ref_axis',(5.2163419180656E-17,-0.342020143458688,-0.939692620737493));
#7842=DIRECTION('center_axis',(0.,0.939692620742269,-0.342020143445566));
#7843=DIRECTION('ref_axis',(-3.65143934266448E-16,-0.342020143445566,-0.939692620742269));
#7844=DIRECTION('',(-7.44240185636142E-17,1.,2.00037039855908E-32));
#7845=DIRECTION('center_axis',(0.,-0.939692620742348,0.342020143445349));
#7846=DIRECTION('ref_axis',(-2.60817095904628E-16,-0.342020143445349,-0.939692620742348));
#7847=DIRECTION('center_axis',(0.,0.939692620742487,-0.342020143444968));
#7848=DIRECTION('ref_axis',(-6.25961030171198E-16,-0.342020143444968,-0.939692620742487));
#7849=DIRECTION('',(-7.44240185636142E-17,1.,2.00037039855908E-32));
#7850=DIRECTION('center_axis',(0.,-0.939692620743934,0.342020143440992));
#7851=DIRECTION('ref_axis',(3.12980515086081E-16,-0.342020143440992,-0.939692620743934));
#7852=DIRECTION('center_axis',(0.,0.939692620733974,-0.342020143468356));
#7853=DIRECTION('ref_axis',(5.21634191804607E-17,-0.342020143468356,-0.939692620733974));
#7854=DIRECTION('',(-7.44240185636142E-17,1.,2.00037039855908E-32));
#7855=DIRECTION('center_axis',(0.,-0.939692620728207,0.342020143484203));
#7856=DIRECTION('ref_axis',(5.21634191801405E-17,-0.342020143484203,-0.939692620728207));
#7857=DIRECTION('center_axis',(0.,0.939692620752342,-0.342020143417892));
#7858=DIRECTION('ref_axis',(-1.04326838362961E-16,-0.342020143417892,-0.939692620752342));
#7859=DIRECTION('',(-7.44240185636142E-17,1.,2.00037039855908E-32));
#7860=DIRECTION('center_axis',(0.,-0.939692620742913,0.342020143443799));
#7861=DIRECTION('ref_axis',(-1.04326838361914E-16,-0.342020143443799,-0.939692620742913));
#7862=DIRECTION('',(-7.44240185636142E-17,1.,2.00037039855908E-32));
#7863=DIRECTION('',(-7.44240185636142E-17,1.,2.00037039855908E-32));
#7864=DIRECTION('center_axis',(0.,1.,0.));
#7865=DIRECTION('ref_axis',(0.,0.,1.));
#7866=DIRECTION('center_axis',(0.173648177666931,0.,-0.984807753012208));
#7867=DIRECTION('ref_axis',(0.984807753012208,0.,0.173648177666931));
#7868=DIRECTION('center_axis',(-0.17364817766693,0.,0.984807753012208));
#7869=DIRECTION('ref_axis',(0.696364240320014,-0.707106781186552,0.122787803968973));
#7870=DIRECTION('center_axis',(0.17364817766693,0.,-0.984807753012208));
#7871=DIRECTION('ref_axis',(0.984807753012208,0.,0.17364817766693));
#7872=DIRECTION('',(-0.17364817766693,0.,0.984807753012208));
#7873=DIRECTION('center_axis',(0.,1.,0.));
#7874=DIRECTION('ref_axis',(0.,0.,1.));
#7875=DIRECTION('center_axis',(0.934094526557994,0.,-0.357025791021317));
#7876=DIRECTION('ref_axis',(0.357025791021317,0.,0.934094526557994));
#7877=DIRECTION('center_axis',(0.,-1.,0.));
#7878=DIRECTION('ref_axis',(0.,0.,-1.));
#7879=DIRECTION('center_axis',(0.,0.,-1.));
#7880=DIRECTION('ref_axis',(1.,0.,0.));
#7881=DIRECTION('center_axis',(0.,0.,1.));
#7882=DIRECTION('ref_axis',(0.707106781186544,-0.707106781186551,0.));
#7883=DIRECTION('center_axis',(0.,0.,1.));
#7884=DIRECTION('ref_axis',(0.707106781186544,-0.707106781186551,0.));
#7885=DIRECTION('center_axis',(0.,0.,1.));
#7886=DIRECTION('ref_axis',(1.,0.,0.));
#7887=DIRECTION('',(9.76020241428709E-16,1.,0.));
#7888=DIRECTION('center_axis',(0.,0.,1.));
#7889=DIRECTION('ref_axis',(0.707106781186544,-0.707106781186551,0.));
#7890=DIRECTION('',(1.,0.,0.));
#7891=DIRECTION('center_axis',(0.,0.,1.));
#7892=DIRECTION('ref_axis',(-0.707106781186239,-0.707106781186856,0.));
#7893=DIRECTION('',(-8.76084410568512E-13,-1.,0.));
#7894=DIRECTION('center_axis',(0.,0.,1.));
#7895=DIRECTION('ref_axis',(-0.707106781186239,0.707106781186856,0.));
#7896=DIRECTION('',(-1.,0.,0.));
#7897=DIRECTION('center_axis',(0.,0.,1.));
#7898=DIRECTION('ref_axis',(0.707106781186557,0.707106781186538,0.));
#7899=DIRECTION('center_axis',(0.,0.,1.));
#7900=DIRECTION('ref_axis',(1.,0.,0.));
#7901=DIRECTION('center_axis',(0.,0.,1.));
#7902=DIRECTION('ref_axis',(1.,0.,0.));
#7903=DIRECTION('center_axis',(0.,0.,1.));
#7904=DIRECTION('ref_axis',(1.,0.,0.));
#7905=DIRECTION('center_axis',(0.,0.,1.));
#7906=DIRECTION('ref_axis',(0.707106781186544,-0.707106781186551,0.));
#7907=DIRECTION('',(-0.707106781186548,0.,-0.707106781186547));
#7908=DIRECTION('',(0.,0.70710678118654,-0.707106781186555));
#7909=DIRECTION('center_axis',(0.,-0.707106781186555,-0.70710678118654));
#7910=DIRECTION('ref_axis',(-1.,0.,0.));
#7911=DIRECTION('',(0.,0.70710678118654,-0.707106781186555));
#7912=DIRECTION('center_axis',(0.,0.,1.));
#7913=DIRECTION('ref_axis',(-0.707106781186239,-0.707106781186856,0.));
#7914=DIRECTION('',(0.707106781186549,6.28036983473509E-13,-0.707106781186546));
#7915=DIRECTION('center_axis',(-0.707106781186548,6.19485227604815E-13,
-0.707106781186547));
#7916=DIRECTION('ref_axis',(8.76084410568512E-13,1.,0.));
#7917=DIRECTION('',(0.707106781186547,-5.96635134299834E-13,-0.707106781186548));
#7918=DIRECTION('center_axis',(0.,0.,1.));
#7919=DIRECTION('ref_axis',(-0.707106781186239,0.707106781186856,0.));
#7920=DIRECTION('',(0.,-0.70710678118654,-0.707106781186555));
#7921=DIRECTION('center_axis',(0.,0.707106781186555,-0.70710678118654));
#7922=DIRECTION('ref_axis',(1.,0.,0.));
#7923=DIRECTION('',(0.,-0.70710678118654,-0.707106781186555));
#7924=DIRECTION('center_axis',(0.,0.,1.));
#7925=DIRECTION('ref_axis',(0.707106781186557,0.707106781186538,0.));
#7926=DIRECTION('',(-0.707106781186642,0.,-0.707106781186453));
#7927=DIRECTION('center_axis',(0.707106781186547,-6.90150531289571E-16,
-0.707106781186548));
#7928=DIRECTION('ref_axis',(-9.76020241428709E-16,-1.,0.));
#7929=DIRECTION('center_axis',(0.,0.,-1.));
#7930=DIRECTION('ref_axis',(1.,0.,0.));
#7931=DIRECTION('',(-0.707106781186548,8.65956056235493E-17,-0.707106781186548));
#7932=DIRECTION('center_axis',(0.,0.,-1.));
#7933=DIRECTION('ref_axis',(1.,0.,0.));
#7934=DIRECTION('',(-0.707106781186548,8.65956056235493E-17,-0.707106781186548));
#7935=DIRECTION('center_axis',(0.,0.,-1.));
#7936=DIRECTION('ref_axis',(1.,0.,0.));
#7937=DIRECTION('',(-0.707106781186548,8.65956056235493E-17,-0.707106781186548));
#7938=DIRECTION('center_axis',(0.,-1.,0.));
#7939=DIRECTION('ref_axis',(0.17364817766693,0.,-0.984807753012208));
#7940=DIRECTION('',(-0.17364817766693,0.,0.984807753012208));
#7941=DIRECTION('',(-0.984807753012208,0.,-0.173648177666928));
#7942=DIRECTION('',(-0.17364817766693,0.,0.984807753012208));
#7943=DIRECTION('center_axis',(-0.984807753012208,0.,-0.17364817766693));
#7944=DIRECTION('ref_axis',(0.,1.,0.));
#7945=DIRECTION('center_axis',(0.984807753012208,-1.05025864818774E-27,
0.17364817766693));
#7946=DIRECTION('ref_axis',(0.,1.,0.));
#7947=DIRECTION('',(-0.984807753012208,0.,-0.17364817766693));
#7948=DIRECTION('center_axis',(-0.984807753012208,0.,-0.17364817766693));
#7949=DIRECTION('ref_axis',(0.,1.,0.));
#7950=DIRECTION('center_axis',(0.984807753012208,-1.05025864818774E-27,
0.17364817766693));
#7951=DIRECTION('ref_axis',(0.,1.,0.));
#7952=DIRECTION('center_axis',(-0.984807753012208,0.,-0.17364817766693));
#7953=DIRECTION('ref_axis',(0.17364817766693,0.,-0.984807753012208));
#7954=DIRECTION('center_axis',(0.984807753012208,-1.05025864818774E-27,
0.17364817766693));
#7955=DIRECTION('ref_axis',(0.17364817766693,0.,-0.984807753012208));
#7956=DIRECTION('',(-0.984807753012208,0.,-0.17364817766693));
#7957=DIRECTION('center_axis',(-0.984807753012208,0.,-0.17364817766693));
#7958=DIRECTION('ref_axis',(0.,1.,0.));
#7959=DIRECTION('center_axis',(0.984807753012208,-1.05025864818774E-27,
0.17364817766693));
#7960=DIRECTION('ref_axis',(0.,1.,0.));
#7961=DIRECTION('',(-0.984807753012208,0.,-0.17364817766693));
#7962=DIRECTION('center_axis',(0.,-1.,0.));
#7963=DIRECTION('ref_axis',(-0.17364817766693,0.,0.984807753012208));
#7964=DIRECTION('',(-0.173648177666928,0.,0.984807753012208));
#7965=DIRECTION('',(-0.984807753012208,0.,-0.17364817766693));
#7966=DIRECTION('',(0.173648177666928,0.,-0.984807753012208));
#7967=DIRECTION('',(-0.984807753012208,0.,-0.17364817766693));
#7968=DIRECTION('',(-0.173648177666928,0.,0.984807753012208));
#7969=DIRECTION('',(-0.984807753012208,0.,-0.17364817766693));
#7970=DIRECTION('center_axis',(0.173648177666928,-1.39322105051E-15,-0.984807753012208));
#7971=DIRECTION('ref_axis',(-9.52217721848678E-17,-1.,1.3979235633402E-15));
#7972=DIRECTION('',(-2.41930296509302E-16,-1.,1.37205489220188E-15));
#7973=DIRECTION('',(-0.984807753012208,0.,-0.173648177666928));
#7974=DIRECTION('',(-9.52217721848678E-17,-1.,1.3979235633402E-15));
#7975=DIRECTION('center_axis',(0.17364817766693,1.03276560430247E-16,-0.984807753012208));
#7976=DIRECTION('ref_axis',(6.87875652224915E-17,-1.,-9.27406641589306E-17));
#7977=DIRECTION('',(1.79337865144208E-17,-1.,-1.01707557416141E-16));
#7978=DIRECTION('',(-1.79337865144208E-17,1.,1.01707557416141E-16));
#7979=DIRECTION('',(-0.984807753012208,0.,-0.17364817766693));
#7980=DIRECTION('center_axis',(-0.17364817766693,0.,0.984807753012208));
#7981=DIRECTION('ref_axis',(0.,1.,0.));
#7982=DIRECTION('',(0.,1.,0.));
#7983=DIRECTION('',(-0.984807753012208,0.,-0.17364817766693));
#7984=DIRECTION('',(0.,-1.,0.));
#7985=DIRECTION('center_axis',(0.984807753012208,0.,0.173648177666928));
#7986=DIRECTION('ref_axis',(0.173648177666928,0.,-0.984807753012208));
#7987=DIRECTION('',(0.173648177666928,9.60192886162297E-16,-0.984807753012208));
#7988=DIRECTION('',(-2.69006797716312E-17,-1.,1.52561336124212E-16));
#7989=DIRECTION('center_axis',(0.17364817766693,-1.54914840645371E-16,-0.984807753012208));
#7990=DIRECTION('ref_axis',(-2.69006797716312E-17,-1.,1.52561336124212E-16));
#7991=DIRECTION('',(-0.984807753012208,0.,-0.17364817766693));
#7992=DIRECTION('center_axis',(0.17364817766693,1.21668276671249E-15,-0.984807753012208));
#7993=DIRECTION('ref_axis',(2.11274745238383E-16,-1.,-1.19819862161481E-15));
#7994=DIRECTION('',(-2.11274745237349E-16,1.,1.19819862161499E-15));
#7995=DIRECTION('',(-0.984807753012208,0.,-0.17364817766693));
#7996=DIRECTION('center_axis',(-0.984807753012208,0.,-0.17364817766693));
#7997=DIRECTION('ref_axis',(0.,-1.,0.));
#7998=DIRECTION('center_axis',(0.984807753012208,-1.05025864818774E-27,
0.17364817766693));
#7999=DIRECTION('ref_axis',(0.,-1.,0.));
#8000=DIRECTION('center_axis',(-0.984807753012208,0.,-0.17364817766693));
#8001=DIRECTION('ref_axis',(0.17364817766693,0.,-0.984807753012208));
#8002=DIRECTION('center_axis',(-0.984807753012208,1.05025864818774E-27,
-0.17364817766693));
#8003=DIRECTION('ref_axis',(0.17364817766693,0.,-0.984807753012208));
#8004=DIRECTION('',(-0.984807753012208,0.,-0.17364817766693));
#8005=DIRECTION('center_axis',(-0.984807753012208,0.,-0.17364817766693));
#8006=DIRECTION('ref_axis',(0.17364817766693,0.,-0.984807753012208));
#8007=DIRECTION('',(-0.984807753012208,0.,-0.17364817766693));
#8008=DIRECTION('center_axis',(0.17364817766693,4.24338705122312E-12,-0.984807753012208));
#8009=DIRECTION('ref_axis',(7.36856428580344E-13,-1.,-4.17892046707614E-12));
#8010=DIRECTION('',(7.36856428580344E-13,-1.,-4.17892046707614E-12));
#8011=DIRECTION('',(7.36856428580344E-13,-1.,-4.17892046707614E-12));
#8012=DIRECTION('',(-0.984807753012208,0.,-0.17364817766693));
#8013=DIRECTION('center_axis',(-0.984807753012208,0.,-0.17364817766693));
#8014=DIRECTION('ref_axis',(0.0851659821995497,-0.871468575864127,-0.483000286498192));
#8015=DIRECTION('center_axis',(-0.984807753012208,1.05025864818774E-27,
-0.17364817766693));
#8016=DIRECTION('ref_axis',(0.0851659821995497,-0.871468575864127,-0.483000286498192));
#8017=DIRECTION('center_axis',(-0.984807753012208,0.,-0.17364817766693));
#8018=DIRECTION('ref_axis',(0.0851659821995497,-0.871468575864127,-0.483000286498192));
#8019=DIRECTION('',(-0.984807753012208,0.,-0.17364817766693));
#8020=DIRECTION('center_axis',(0.0851659821977324,-0.871468575870017,-0.483000286487886));
#8021=DIRECTION('ref_axis',(-0.151328930093823,-0.490451344448238,0.8582290100233));
#8022=DIRECTION('',(-0.151328930093824,-0.490451344448238,0.8582290100233));
#8023=DIRECTION('',(-0.151328930093823,-0.490451344448238,0.8582290100233));
#8024=DIRECTION('',(-0.984807753012208,0.,-0.17364817766693));
#8025=DIRECTION('center_axis',(-0.984807753012208,0.,-0.17364817766693));
#8026=DIRECTION('ref_axis',(-0.0851659822847363,-0.871468575588041,0.483000286981309));
#8027=DIRECTION('center_axis',(-0.984807753012208,1.05025864818774E-27,
-0.17364817766693));
#8028=DIRECTION('ref_axis',(-0.0851659822847363,-0.871468575588041,0.483000286981309));
#8029=DIRECTION('center_axis',(-0.984807753012208,0.,-0.17364817766693));
#8030=DIRECTION('ref_axis',(-0.0851659822847363,-0.871468575588041,0.483000286981309));
#8031=DIRECTION('',(-0.984807753012208,0.,-0.17364817766693));
#8032=DIRECTION('center_axis',(-0.984807753012208,0.,-0.17364817766693));
#8033=DIRECTION('ref_axis',(0.0851659822839586,0.871468575590561,-0.483000286976899));
#8034=DIRECTION('center_axis',(-0.984807753012208,1.05025864818774E-27,
-0.17364817766693));
#8035=DIRECTION('ref_axis',(0.0851659822839586,0.871468575590561,-0.483000286976899));
#8036=DIRECTION('',(-0.984807753012208,0.,-0.17364817766693));
#8037=DIRECTION('center_axis',(-0.984807753012208,0.,-0.17364817766693));
#8038=DIRECTION('ref_axis',(0.0851659822839586,0.871468575590561,-0.483000286976899));
#8039=DIRECTION('',(-0.984807753012208,0.,-0.17364817766693));
#8040=DIRECTION('center_axis',(0.0851659822843915,0.871468575589158,-0.483000286979354));
#8041=DIRECTION('ref_axis',(0.151328930045053,-0.490451344947288,-0.858229009746709));
#8042=DIRECTION('',(0.151328930045053,-0.490451344947288,-0.858229009746709));
#8043=DIRECTION('',(0.151328930045053,-0.490451344947288,-0.858229009746709));
#8044=DIRECTION('center_axis',(0.,0.939692620728207,0.342020143484203));
#8045=DIRECTION('ref_axis',(0.,-0.342020143484203,0.939692620728207));
#8046=DIRECTION('',(-1.,0.,0.));
#8047=DIRECTION('',(0.163464460879081,0.337419706913479,-0.927053025137145));
#8048=DIRECTION('center_axis',(1.,0.,0.));
#8049=DIRECTION('ref_axis',(0.,-0.342019610584445,0.939692814687685));
#8050=DIRECTION('',(-1.,0.,0.));
#8051=DIRECTION('center_axis',(0.984807753012208,-1.05025864818774E-27,
0.17364817766693));
#8052=DIRECTION('ref_axis',(-0.17364817766693,0.,0.984807753012208));
#8053=DIRECTION('center_axis',(0.,-0.9396926207521,0.342020143418556));
#8054=DIRECTION('ref_axis',(0.,-0.342020143418556,-0.9396926207521));
#8055=DIRECTION('',(-1.,0.,0.));
#8056=DIRECTION('',(-0.163464460883127,0.337419706848486,0.927053025160088));
#8057=DIRECTION('center_axis',(0.,0.939692620742913,-0.342020143443799));
#8058=DIRECTION('ref_axis',(0.,0.342020143443799,0.939692620742913));
#8059=DIRECTION('',(-1.,0.,0.));
#8060=DIRECTION('',(0.163464460881571,-0.337419706873477,-0.927053025151266));
#8061=DIRECTION('center_axis',(0.,-0.939692620752342,0.342020143417892));
#8062=DIRECTION('ref_axis',(0.,-0.342020143417892,-0.939692620752342));
#8063=DIRECTION('',(-1.,0.,0.));
#8064=DIRECTION('',(-0.163464460883168,0.337419706847829,0.92705302516032));
#8065=DIRECTION('center_axis',(0.,0.939692620728207,-0.342020143484203));
#8066=DIRECTION('ref_axis',(0.,0.342020143484203,0.939692620728207));
#8067=DIRECTION('',(-1.,0.,0.));
#8068=DIRECTION('',(0.163464460879081,-0.337419706913479,-0.927053025137145));
#8069=DIRECTION('center_axis',(0.,-0.939692620733974,0.342020143468356));
#8070=DIRECTION('ref_axis',(0.,-0.342020143468356,-0.939692620733974));
#8071=DIRECTION('',(-1.,0.,0.));
#8072=DIRECTION('',(-0.163464460880058,0.33741970689779,0.927053025142684));
#8073=DIRECTION('center_axis',(0.,0.939692620743934,-0.342020143440992));
#8074=DIRECTION('ref_axis',(0.,0.342020143440992,0.939692620743934));
#8075=DIRECTION('',(-1.,0.,0.));
#8076=DIRECTION('',(0.163464460881744,-0.337419706870699,-0.927053025152247));
#8077=DIRECTION('center_axis',(0.,-0.939692620742487,0.342020143444968));
#8078=DIRECTION('ref_axis',(0.,-0.342020143444968,-0.939692620742487));
#8079=DIRECTION('',(-1.,0.,0.));
#8080=DIRECTION('',(-0.163464460881499,0.337419706874635,0.927053025150857));
#8081=DIRECTION('center_axis',(0.,0.939692620742348,-0.342020143445349));
#8082=DIRECTION('ref_axis',(0.,0.342020143445349,0.939692620742348));
#8083=DIRECTION('',(-1.,0.,0.));
#8084=DIRECTION('',(0.163464460881476,-0.337419706875012,-0.927053025150724));
#8085=DIRECTION('center_axis',(0.,-0.939692620742269,0.342020143445566));
#8086=DIRECTION('ref_axis',(0.,-0.342020143445566,-0.939692620742269));
#8087=DIRECTION('',(-1.,0.,0.));
#8088=DIRECTION('',(-0.163464460881462,0.337419706875227,0.927053025150648));
#8089=DIRECTION('center_axis',(0.,0.939692620737493,-0.342020143458688));
#8090=DIRECTION('ref_axis',(0.,0.342020143458688,0.939692620737493));
#8091=DIRECTION('',(-1.,0.,0.));
#8092=DIRECTION('',(0.163464460880654,-0.337419706888218,-0.927053025146062));
#8093=DIRECTION('center_axis',(0.,0.939692620737493,0.342020143458688));
#8094=DIRECTION('ref_axis',(0.,-0.342020143458688,0.939692620737493));
#8095=DIRECTION('',(-1.,0.,0.));
#8096=DIRECTION('',(0.163464460880654,0.337419706888218,-0.927053025146062));
#8097=DIRECTION('center_axis',(0.,-0.939692620742269,-0.342020143445566));
#8098=DIRECTION('ref_axis',(0.,0.342020143445566,-0.939692620742269));
#8099=DIRECTION('',(-1.,0.,0.));
#8100=DIRECTION('',(-0.163464460881462,-0.337419706875227,0.927053025150648));
#8101=DIRECTION('center_axis',(1.,0.,0.));
#8102=DIRECTION('ref_axis',(0.,-0.342020143452128,0.939692620739881));
#8103=DIRECTION('center_axis',(0.984807753012208,-1.05025864818774E-27,
0.17364817766693));
#8104=DIRECTION('ref_axis',(-0.17364817766693,0.,0.984807753012208));
#8105=DIRECTION('center_axis',(0.,0.939692620742348,0.342020143445349));
#8106=DIRECTION('ref_axis',(0.,-0.342020143445349,0.939692620742348));
#8107=DIRECTION('',(-1.,0.,0.));
#8108=DIRECTION('',(0.163464460881476,0.337419706875012,-0.927053025150724));
#8109=DIRECTION('center_axis',(0.,-0.939692620742487,-0.342020143444968));
#8110=DIRECTION('ref_axis',(0.,0.342020143444968,-0.939692620742487));
#8111=DIRECTION('',(-1.,0.,0.));
#8112=DIRECTION('',(-0.163464460881499,-0.337419706874635,0.927053025150857));
#8113=DIRECTION('center_axis',(1.,0.,0.));
#8114=DIRECTION('ref_axis',(0.,-0.342020143445159,0.939692620742418));
#8115=DIRECTION('center_axis',(0.984807753012208,-1.05025864818774E-27,
0.17364817766693));
#8116=DIRECTION('ref_axis',(-0.17364817766693,0.,0.984807753012208));
#8117=DIRECTION('center_axis',(0.,0.939692620743934,0.342020143440992));
#8118=DIRECTION('ref_axis',(0.,-0.342020143440992,0.939692620743934));
#8119=DIRECTION('',(-1.,0.,0.));
#8120=DIRECTION('',(0.163464460881744,0.337419706870699,-0.927053025152247));
#8121=DIRECTION('center_axis',(0.,-0.939692620733974,-0.342020143468356));
#8122=DIRECTION('ref_axis',(0.,0.342020143468356,-0.939692620733974));
#8123=DIRECTION('',(-1.,0.,0.));
#8124=DIRECTION('',(-0.163464460880058,-0.33741970689779,0.927053025142684));
#8125=DIRECTION('center_axis',(1.,0.,0.));
#8126=DIRECTION('ref_axis',(0.,-0.342014299547127,0.939694747726775));
#8127=DIRECTION('center_axis',(0.984807753012208,-1.05025864818774E-27,
0.17364817766693));
#8128=DIRECTION('ref_axis',(-0.17364817766693,0.,0.984807753012208));
#8129=DIRECTION('center_axis',(0.,-0.93969262074233,-0.3420201434454));
#8130=DIRECTION('ref_axis',(0.,0.3420201434454,-0.93969262074233));
#8131=DIRECTION('',(-1.,0.,0.));
#8132=DIRECTION('',(-0.163464460881473,-0.337419706875063,0.927053025150706));
#8133=DIRECTION('center_axis',(0.,0.939692620743756,0.342020143441482));
#8134=DIRECTION('ref_axis',(0.,-0.342020143441482,0.939692620743756));
#8135=DIRECTION('',(-1.,0.,0.));
#8136=DIRECTION('',(0.163464460881714,0.337419706871184,-0.927053025152076));
#8137=DIRECTION('center_axis',(0.,-0.939692620743162,-0.342020143443112));
#8138=DIRECTION('ref_axis',(0.,0.342020143443112,-0.939692620743162));
#8139=DIRECTION('',(-1.,0.,0.));
#8140=DIRECTION('',(-0.163464460881614,-0.337419706872798,0.927053025151506));
#8141=DIRECTION('center_axis',(1.,0.,0.));
#8142=DIRECTION('ref_axis',(0.,-0.342019760426249,0.939692760149811));
#8143=DIRECTION('center_axis',(0.984807753012208,-1.05025864818774E-27,
0.17364817766693));
#8144=DIRECTION('ref_axis',(-0.17364817766693,0.,0.984807753012208));
#8145=DIRECTION('center_axis',(0.,0.93969262074305,0.342020143443421));
#8146=DIRECTION('ref_axis',(0.,-0.34202014344342,0.93969262074305));
#8147=DIRECTION('',(0.163464460881594,0.337419706873103,-0.927053025151398));
#8148=DIRECTION('center_axis',(0.,-0.939692620742718,-0.342020143444334));
#8149=DIRECTION('ref_axis',(0.,0.342020143444334,-0.939692620742718));
#8150=DIRECTION('',(-0.163464460881538,-0.337419706874008,0.927053025151079));
#8151=DIRECTION('center_axis',(0.,-0.939692620752342,-0.342020143417892));
#8152=DIRECTION('ref_axis',(0.,0.342020143417892,-0.939692620752342));
#8153=DIRECTION('',(-0.163464460883168,-0.337419706847829,0.92705302516032));
#8154=DIRECTION('center_axis',(0.,0.939692620742913,0.342020143443799));
#8155=DIRECTION('ref_axis',(0.,-0.342020143443799,0.939692620742913));
#8156=DIRECTION('',(-1.,0.,0.));
#8157=DIRECTION('',(0.163464460881571,0.337419706873477,-0.927053025151266));
#8158=DIRECTION('center_axis',(1.,0.,0.));
#8159=DIRECTION('ref_axis',(0.,-0.34201391056765,0.939694889300896));
#8160=DIRECTION('center_axis',(0.984807753012208,-1.05025864818774E-27,
0.17364817766693));
#8161=DIRECTION('ref_axis',(-0.17364817766693,0.,0.984807753012208));
#8162=DIRECTION('center_axis',(1.,0.,0.));
#8163=DIRECTION('ref_axis',(0.,1.,0.));
#8164=DIRECTION('center_axis',(0.984807753012208,-1.05025864818774E-27,
0.17364817766693));
#8165=DIRECTION('ref_axis',(-0.17364817766693,0.,0.984807753012208));
#8166=DIRECTION('center_axis',(1.,0.,0.));
#8167=DIRECTION('ref_axis',(0.,1.,0.));
#8168=DIRECTION('center_axis',(0.984807753012208,-1.05025864818774E-27,
0.17364817766693));
#8169=DIRECTION('ref_axis',(-0.17364817766693,0.,0.984807753012208));
#8170=DIRECTION('center_axis',(1.,0.,0.));
#8171=DIRECTION('ref_axis',(0.,1.,0.));
#8172=DIRECTION('center_axis',(0.984807753012208,-1.05025864818774E-27,
0.17364817766693));
#8173=DIRECTION('ref_axis',(-0.17364817766693,0.,0.984807753012208));
#8174=DIRECTION('center_axis',(1.,0.,0.));
#8175=DIRECTION('ref_axis',(0.,1.,0.));
#8176=DIRECTION('center_axis',(0.984807753012208,-1.05025864818774E-27,
0.17364817766693));
#8177=DIRECTION('ref_axis',(-0.17364817766693,0.,0.984807753012208));
#8178=DIRECTION('center_axis',(1.,0.,0.));
#8179=DIRECTION('ref_axis',(0.,1.,0.));
#8180=DIRECTION('center_axis',(0.984807753012208,-1.05025864818774E-27,
0.17364817766693));
#8181=DIRECTION('ref_axis',(-0.17364817766693,0.,0.984807753012208));
#8182=DIRECTION('center_axis',(0.,0.,1.));
#8183=DIRECTION('ref_axis',(1.,0.,0.));
#8184=DIRECTION('center_axis',(-0.984807753012208,0.,-0.17364817766693));
#8185=DIRECTION('ref_axis',(0.173648177635335,1.90761034267352E-5,-0.984807752833023));
#8186=DIRECTION('center_axis',(1.,0.,0.));
#8187=DIRECTION('ref_axis',(0.,1.,0.));
#8188=DIRECTION('center_axis',(0.984807753012208,-1.05025864818774E-27,
0.17364817766693));
#8189=DIRECTION('ref_axis',(-0.17364817766693,0.,0.984807753012208));
#8190=DIRECTION('',(-1.,0.,0.));
#8191=DIRECTION('center_axis',(0.,0.93969262075,-0.342020143424325));
#8192=DIRECTION('ref_axis',(0.,0.342020143424325,0.93969262075));
#8193=DIRECTION('',(-1.,0.,0.));
#8194=DIRECTION('',(0.163464460882771,-0.337419706854198,-0.927053025158072));
#8195=DIRECTION('center_axis',(1.,0.,0.));
#8196=DIRECTION('ref_axis',(0.,1.,0.));
#8197=DIRECTION('center_axis',(0.984807753012208,-1.05025864818774E-27,
0.17364817766693));
#8198=DIRECTION('ref_axis',(-0.17364817766693,0.,0.984807753012208));
#8199=DIRECTION('center_axis',(-0.984807753012208,0.,-0.173648177666928));
#8200=DIRECTION('ref_axis',(-0.173648177666928,0.,0.984807753012208));
#8201=DIRECTION('',(0.17364817766693,0.,-0.984807753012208));
#8202=DIRECTION('',(-0.173648177666928,-9.60192886162297E-16,0.984807753012208));
#8203=DIRECTION('center_axis',(0.,1.,0.));
#8204=DIRECTION('ref_axis',(-0.17364817766693,0.,0.984807753012208));
#8205=DIRECTION('',(0.17364817766693,0.,-0.984807753012208));
#8206=DIRECTION('center_axis',(0.984807753012208,-1.05025864818774E-27,
0.17364817766693));
#8207=DIRECTION('ref_axis',(1.03430285940341E-27,1.,1.82375500336735E-28));
#8208=DIRECTION('',(0.15132893005073,0.490451344889202,-0.858229009778902));
#8209=DIRECTION('',(-0.15132893004557,0.490451344941998,0.85822900974964));
#8210=DIRECTION('center_axis',(-0.0851659822834731,-0.871468575592135,0.483000286974145));
#8211=DIRECTION('ref_axis',(0.15132893004557,-0.490451344941998,-0.85822900974964));
#8212=DIRECTION('',(-0.15132893004557,0.490451344941998,0.85822900974964));
#8213=DIRECTION('center_axis',(0.984807753012208,-1.05025864818774E-27,
0.17364817766693));
#8214=DIRECTION('ref_axis',(1.03430285940341E-27,1.,1.82375500336735E-28));
#8215=DIRECTION('',(0.151328930050729,0.490451344889202,-0.858229009778902));
#8216=DIRECTION('center_axis',(0.984807753012208,-1.05025864818774E-27,
0.17364817766693));
#8217=DIRECTION('ref_axis',(-0.17364817766693,0.,0.984807753012208));
#8218=DIRECTION('center_axis',(-0.984807753012208,0.,-0.17364817766693));
#8219=DIRECTION('ref_axis',(-0.17364817766693,0.,0.984807753012208));
#8220=DIRECTION('center_axis',(-1.66735744890833E-16,1.,9.45605398679799E-16));
#8221=DIRECTION('ref_axis',(0.17364817766693,9.60192886162297E-16,-0.984807753012208));
#8222=DIRECTION('',(0.173648177666928,9.60192886162297E-16,-0.984807753012208));
#8223=DIRECTION('center_axis',(0.984807753012208,0.,0.173648177666928));
#8224=DIRECTION('ref_axis',(0.173648177666928,0.,-0.984807753012208));
#8225=DIRECTION('center_axis',(-0.0851659822743051,0.871468575621849,0.48300028692215));
#8226=DIRECTION('ref_axis',(-0.151328930050729,-0.490451344889202,0.858229009778902));
#8227=DIRECTION('center_axis',(0.,1.,0.));
#8228=DIRECTION('ref_axis',(0.,0.,1.));
#8229=DIRECTION('center_axis',(-0.122787803968972,-0.707106781186546,0.69636424032002));
#8230=DIRECTION('ref_axis',(0.122787803968972,-0.707106781186549,-0.696364240320018));
#8231=DIRECTION('',(-0.122787803968973,0.707106781186549,0.696364240320018));
#8232=DIRECTION('',(0.984807753012208,0.,0.173648177666928));
#8233=DIRECTION('',(0.122787803968971,-0.707106781186549,-0.696364240320018));
#8234=DIRECTION('',(-0.984807753012208,0.,-0.173648177666928));
#8235=DIRECTION('center_axis',(-0.122787803968969,0.707106781186562,0.696364240320005));
#8236=DIRECTION('ref_axis',(-0.122787803968974,-0.707106781186533,0.696364240320034));
#8237=DIRECTION('',(0.122787803968975,0.707106781186533,-0.696364240320033));
#8238=DIRECTION('',(0.984807753012208,0.,0.173648177666928));
#8239=DIRECTION('',(-0.122787803968974,-0.707106781186533,0.696364240320034));
#8240=DIRECTION('',(0.984807753012208,0.,0.173648177666928));
#8241=DIRECTION('center_axis',(0.,1.,0.));
#8242=DIRECTION('ref_axis',(0.17364817766693,0.,-0.984807753012208));
#8243=DIRECTION('',(0.173648177666928,0.,-0.984807753012208));
#8244=DIRECTION('',(0.984807753012208,0.,0.17364817766693));
#8245=DIRECTION('',(0.17364817766693,0.,-0.984807753012208));
#8246=DIRECTION('center_axis',(0.984807753012208,2.1671315991958E-34,0.17364817766693));
#8247=DIRECTION('ref_axis',(-2.13420800068577E-34,1.,-3.76318452964771E-35));
#8248=DIRECTION('',(-0.17364817766693,-1.2166827667125E-15,0.984807753012208));
#8249=DIRECTION('',(2.41930296508268E-16,1.,-1.37205489220206E-15));
#8250=DIRECTION('',(-0.17364817766693,0.,0.984807753012208));
#8251=DIRECTION('',(0.17364817766693,-1.2166827667125E-15,-0.984807753012208));
#8252=DIRECTION('',(-2.41930296508267E-16,-1.,1.37205489220206E-15));
#8253=DIRECTION('center_axis',(0.17364817766693,1.03276560430247E-16,-0.984807753012208));
#8254=DIRECTION('ref_axis',(6.87875652224915E-17,-1.,-9.27406641589306E-17));
#8255=DIRECTION('',(-1.79337865144208E-17,1.,1.01707557416141E-16));
#8256=DIRECTION('',(-0.984807753012208,-1.23259516440783E-31,-0.17364817766693));
#8257=DIRECTION('',(-2.41930296508265E-16,-1.,1.37205489220206E-15));
#8258=DIRECTION('',(0.984807753012208,0.,0.17364817766693));
#8259=DIRECTION('center_axis',(-0.17364817766693,0.,0.984807753012208));
#8260=DIRECTION('ref_axis',(0.,1.,0.));
#8261=DIRECTION('',(0.,-1.,0.));
#8262=DIRECTION('',(-0.984807753012208,0.,-0.17364817766693));
#8263=DIRECTION('',(0.,1.,0.));
#8264=DIRECTION('',(0.984807753012208,1.23259516440783E-31,0.17364817766693));
#8265=DIRECTION('center_axis',(-0.984807753012208,0.,-0.173648177666928));
#8266=DIRECTION('ref_axis',(-0.173648177666928,0.,0.984807753012208));
#8267=DIRECTION('',(0.173648177666928,9.60192886162297E-16,-0.984807753012208));
#8268=DIRECTION('',(-0.173648177666928,0.,0.984807753012208));
#8269=DIRECTION('',(-0.173648177666928,0.,0.984807753012208));
#8270=DIRECTION('',(2.41930296508265E-16,1.,-1.37205489220206E-15));
#8271=DIRECTION('center_axis',(0.984807753012208,0.,0.173648177666928));
#8272=DIRECTION('ref_axis',(0.173648177666928,0.,-0.984807753012208));
#8273=DIRECTION('',(-0.173648177666928,-9.60192886162297E-16,0.984807753012208));
#8274=DIRECTION('',(1.00330267547104E-34,-1.,-5.69001222297276E-34));
#8275=DIRECTION('',(0.173648177666928,0.,-0.984807753012208));
#8276=DIRECTION('center_axis',(-0.766044443118978,-1.71962032155058E-16,
-0.642787609686539));
#8277=DIRECTION('ref_axis',(7.64883842406176E-17,-1.,1.76370124028478E-16));
#8278=DIRECTION('',(-0.642787609686539,0.,0.766044443118978));
#8279=DIRECTION('',(5.97217870232559E-17,1.,-3.38699084980072E-16));
#8280=DIRECTION('',(0.642787609686539,8.31551431949649E-16,-0.766044443118978));
#8281=DIRECTION('center_axis',(0.,-1.,0.));
#8282=DIRECTION('ref_axis',(-0.17364817766693,0.,0.984807753012208));
#8283=DIRECTION('',(-0.573576436351046,-8.60324634895222E-16,-0.819152044288992));
#8284=DIRECTION('',(-0.984807753012208,0.,-0.17364817766693));
#8285=DIRECTION('',(0.17364817766693,0.,-0.984807753012208));
#8286=DIRECTION('center_axis',(-0.17364817766693,1.39322105051E-15,0.984807753012208));
#8287=DIRECTION('ref_axis',(2.41930296508268E-16,1.,-1.37205489220206E-15));
#8288=DIRECTION('',(-0.984807753012208,0.,-0.17364817766693));
#8289=DIRECTION('center_axis',(0.,-1.,0.));
#8290=DIRECTION('ref_axis',(-0.17364817766693,0.,0.984807753012208));
#8291=DIRECTION('center_axis',(0.819152044288992,-9.85156052507465E-16,
-0.573576436351046));
#8292=DIRECTION('ref_axis',(-1.56483616883382E-16,-1.,1.49408539739107E-15));
#8293=DIRECTION('',(0.573576436351046,-8.60324634895221E-16,0.819152044288992));
#8294=DIRECTION('center_axis',(-0.17364817766693,-5.77778983316171E-34,
0.984807753012208));
#8295=DIRECTION('ref_axis',(-3.56292424726948E-18,1.,-6.28239675014007E-19));
#8296=DIRECTION('',(0.984807753012208,-2.46519032881566E-32,0.17364817766693));
#8297=DIRECTION('',(1.00330267547105E-34,-1.,-5.69001222297276E-34));
#8298=DIRECTION('center_axis',(-1.66735744890833E-16,1.,9.45605398679799E-16));
#8299=DIRECTION('ref_axis',(0.17364817766693,9.60192886162297E-16,-0.984807753012208));
#8300=DIRECTION('',(-0.17364817766693,-9.60192886162297E-16,0.984807753012208));
#8301=DIRECTION('center_axis',(-0.984807753012208,0.,-0.17364817766693));
#8302=DIRECTION('ref_axis',(-0.17364817766693,0.,0.984807753012208));
#8303=DIRECTION('center_axis',(0.,-1.,0.));
#8304=DIRECTION('ref_axis',(-0.17364817766693,0.,0.984807753012208));
#8305=DIRECTION('',(0.17364817766693,0.,-0.984807753012208));
#8306=DIRECTION('',(-0.984807753012208,0.,-0.17364817766693));
#8307=DIRECTION('',(-0.17364817766693,0.,0.984807753012208));
#8308=DIRECTION('',(-0.984807753012208,0.,-0.17364817766693));
#8309=DIRECTION('center_axis',(0.,1.,0.));
#8310=DIRECTION('ref_axis',(0.17364817766693,0.,-0.984807753012208));
#8311=DIRECTION('',(-0.17364817766693,0.,0.984807753012208));
#8312=DIRECTION('',(-0.984807753012208,0.,-0.17364817766693));
#8313=DIRECTION('',(0.17364817766693,0.,-0.984807753012208));
#8314=DIRECTION('',(-0.984807753012208,0.,-0.17364817766693));
#8315=DIRECTION('center_axis',(-0.17364817766693,0.,0.984807753012208));
#8316=DIRECTION('ref_axis',(0.,1.,0.));
#8317=DIRECTION('',(1.03430285940341E-27,1.,1.82375500336735E-28));
#8318=DIRECTION('',(-0.984807753012208,0.,-0.17364817766693));
#8319=DIRECTION('',(0.,-1.,0.));
#8320=DIRECTION('',(-0.984807753012208,0.,-0.17364817766693));
#8321=DIRECTION('center_axis',(-0.984807753012208,0.,-0.17364817766693));
#8322=DIRECTION('ref_axis',(0.,1.,0.));
#8323=DIRECTION('center_axis',(0.984807753012208,0.,0.17364817766693));
#8324=DIRECTION('ref_axis',(0.,1.,0.));
#8325=DIRECTION('center_axis',(-0.984807753012208,1.05025864818774E-27,
-0.17364817766693));
#8326=DIRECTION('ref_axis',(0.,1.,0.));
#8327=DIRECTION('center_axis',(-0.984807753012208,0.,-0.17364817766693));
#8328=DIRECTION('ref_axis',(0.17364817766693,0.,-0.984807753012208));
#8329=DIRECTION('center_axis',(-0.984807753012208,1.05025864818774E-27,
-0.17364817766693));
#8330=DIRECTION('ref_axis',(0.17364817766693,0.,-0.984807753012208));
#8331=DIRECTION('',(-0.984807753012208,0.,-0.17364817766693));
#8332=DIRECTION('center_axis',(0.984807753012208,0.,0.17364817766693));
#8333=DIRECTION('ref_axis',(0.17364817766693,0.,-0.984807753012208));
#8334=DIRECTION('center_axis',(0.17364817766693,1.21668276671249E-15,-0.984807753012208));
#8335=DIRECTION('ref_axis',(2.11274745238383E-16,-1.,-1.19819862161481E-15));
#8336=DIRECTION('',(2.11274745237349E-16,-1.,-1.19819862161499E-15));
#8337=DIRECTION('',(-0.984807753012208,0.,-0.17364817766693));
#8338=DIRECTION('',(-2.11274745238384E-16,1.,1.19819862161481E-15));
#8339=DIRECTION('center_axis',(-0.984807753012208,0.,-0.17364817766693));
#8340=DIRECTION('ref_axis',(0.,-1.,0.));
#8341=DIRECTION('center_axis',(-0.984807753012208,1.05025864818774E-27,
-0.17364817766693));
#8342=DIRECTION('ref_axis',(0.,-1.,0.));
#8343=DIRECTION('center_axis',(0.984807753012208,0.,0.17364817766693));
#8344=DIRECTION('ref_axis',(0.,-1.,0.));
#8345=DIRECTION('center_axis',(0.984807753012208,-1.05025864818774E-27,
0.17364817766693));
#8346=DIRECTION('ref_axis',(1.03430285940341E-27,1.,1.82375500336735E-28));
#8347=DIRECTION('',(0.15132893005073,0.490451344889202,-0.858229009778902));
#8348=DIRECTION('center_axis',(-0.984807753012208,1.05025864818774E-27,
-0.17364817766693));
#8349=DIRECTION('ref_axis',(0.0851659822839585,0.871468575590561,-0.483000286976899));
#8350=DIRECTION('',(0.151328930045053,-0.490451344947288,-0.858229009746709));
#8351=DIRECTION('center_axis',(-0.984807753012208,1.05025864818774E-27,
-0.17364817766693));
#8352=DIRECTION('ref_axis',(0.17364817766693,0.,-0.984807753012208));
#8353=DIRECTION('',(7.36856428580344E-13,-1.,-4.17892046707614E-12));
#8354=DIRECTION('center_axis',(-0.984807753012208,1.05025864818774E-27,
-0.17364817766693));
#8355=DIRECTION('ref_axis',(0.0851659821995496,-0.871468575864127,-0.483000286498192));
#8356=DIRECTION('',(-0.151328930093824,-0.490451344448238,0.8582290100233));
#8357=DIRECTION('center_axis',(-0.984807753012208,1.05025864818774E-27,
-0.17364817766693));
#8358=DIRECTION('ref_axis',(-0.0851659822847362,-0.871468575588041,0.483000286981309));
#8359=DIRECTION('',(-0.15132893004557,0.490451344941998,0.85822900974964));
#8360=DIRECTION('center_axis',(-0.984807753012208,1.05025864818774E-27,
-0.17364817766693));
#8361=DIRECTION('ref_axis',(-0.17364817766693,-2.21818523054765E-10,0.984807753012208));
#8362=DIRECTION('',(5.89991181076142E-12,1.,-3.3460062589719E-11));
#8363=DIRECTION('center_axis',(-0.984807753012208,1.05025864818774E-27,
-0.17364817766693));
#8364=DIRECTION('ref_axis',(-0.0851659822748411,0.87146857562011,0.483000286925191));
#8365=DIRECTION('center_axis',(-0.984807753012208,1.05025864818774E-27,
-0.17364817766693));
#8366=DIRECTION('ref_axis',(-0.17364817766693,0.,0.984807753012208));
#8367=DIRECTION('center_axis',(-0.984807753012208,1.05025864818774E-27,
-0.17364817766693));
#8368=DIRECTION('ref_axis',(0.,1.,0.));
#8369=DIRECTION('center_axis',(-0.984807753012208,1.05025864818774E-27,
-0.17364817766693));
#8370=DIRECTION('ref_axis',(0.,1.,0.));
#8371=DIRECTION('center_axis',(-0.984807753012208,0.,-0.17364817766693));
#8372=DIRECTION('ref_axis',(-0.17364817766693,0.,0.984807753012208));
#8373=DIRECTION('center_axis',(0.984807753012208,0.,0.17364817766693));
#8374=DIRECTION('ref_axis',(-0.17364817766693,0.,0.984807753012208));
#8375=DIRECTION('center_axis',(0.0851659821977324,-0.871468575870017,-0.483000286487886));
#8376=DIRECTION('ref_axis',(-0.151328930093823,-0.490451344448238,0.8582290100233));
#8377=DIRECTION('',(-0.984807753012208,0.,-0.17364817766693));
#8378=DIRECTION('',(-0.151328930093824,-0.490451344448238,0.8582290100233));
#8379=DIRECTION('',(-0.984807753012208,0.,-0.17364817766693));
#8380=DIRECTION('center_axis',(-0.984807753012208,0.,-0.17364817766693));
#8381=DIRECTION('ref_axis',(0.0851659821995496,-0.871468575864127,-0.483000286498192));
#8382=DIRECTION('',(-0.984807753012208,0.,-0.17364817766693));
#8383=DIRECTION('center_axis',(-0.984807753012208,1.05025864818774E-27,
-0.17364817766693));
#8384=DIRECTION('ref_axis',(0.0851659821995496,-0.871468575864127,-0.483000286498192));
#8385=DIRECTION('center_axis',(0.17364817766693,4.24338705122312E-12,-0.984807753012208));
#8386=DIRECTION('ref_axis',(7.36856428580344E-13,-1.,-4.17892046707614E-12));
#8387=DIRECTION('',(-0.984807753012208,0.,-0.17364817766693));
#8388=DIRECTION('',(7.36856428580344E-13,-1.,-4.17892046707614E-12));
#8389=DIRECTION('center_axis',(-0.984807753012208,0.,-0.17364817766693));
#8390=DIRECTION('ref_axis',(0.17364817766693,0.,-0.984807753012208));
#8391=DIRECTION('',(-0.984807753012208,0.,-0.17364817766693));
#8392=DIRECTION('center_axis',(-0.984807753012208,1.05025864818774E-27,
-0.17364817766693));
#8393=DIRECTION('ref_axis',(0.17364817766693,0.,-0.984807753012208));
#8394=DIRECTION('center_axis',(0.0851659822843914,0.871468575589158,-0.483000286979354));
#8395=DIRECTION('ref_axis',(0.151328930045053,-0.490451344947288,-0.858229009746709));
#8396=DIRECTION('',(-0.984807753012208,0.,-0.17364817766693));
#8397=DIRECTION('',(0.151328930045053,-0.490451344947288,-0.858229009746709));
#8398=DIRECTION('center_axis',(-0.984807753012208,0.,-0.17364817766693));
#8399=DIRECTION('ref_axis',(0.0851659822839585,0.871468575590561,-0.483000286976899));
#8400=DIRECTION('',(-0.984807753012208,0.,-0.17364817766693));
#8401=DIRECTION('center_axis',(-0.984807753012208,1.05025864818774E-27,
-0.17364817766693));
#8402=DIRECTION('ref_axis',(0.0851659822839585,0.871468575590561,-0.483000286976899));
#8403=DIRECTION('center_axis',(-0.984807753012208,0.,-0.17364817766693));
#8404=DIRECTION('ref_axis',(0.,1.,0.));
#8405=DIRECTION('',(0.984807753012208,0.,0.17364817766693));
#8406=DIRECTION('center_axis',(-0.984807753012208,0.,-0.17364817766693));
#8407=DIRECTION('ref_axis',(0.,1.,0.));
#8408=DIRECTION('center_axis',(-0.984807753012208,0.,-0.17364817766693));
#8409=DIRECTION('ref_axis',(0.,1.,0.));
#8410=DIRECTION('',(0.984807753012208,0.,0.17364817766693));
#8411=DIRECTION('center_axis',(-0.984807753012208,0.,-0.17364817766693));
#8412=DIRECTION('ref_axis',(0.,1.,0.));
#8413=DIRECTION('center_axis',(-0.0851659822834729,-0.871468575592135,0.483000286974145));
#8414=DIRECTION('ref_axis',(-0.15132893004557,0.490451344941998,0.85822900974964));
#8415=DIRECTION('',(-0.984807753012208,0.,-0.17364817766693));
#8416=DIRECTION('',(-0.15132893004557,0.490451344941998,0.85822900974964));
#8417=DIRECTION('',(-0.984807753012208,0.,-0.17364817766693));
#8418=DIRECTION('center_axis',(-0.984807753012208,0.,-0.17364817766693));
#8419=DIRECTION('ref_axis',(-0.0851659822847362,-0.871468575588041,0.483000286981309));
#8420=DIRECTION('center_axis',(-0.984807753012208,1.05025864818774E-27,
-0.17364817766693));
#8421=DIRECTION('ref_axis',(-0.0851659822847362,-0.871468575588041,0.483000286981309));
#8422=DIRECTION('center_axis',(-0.0851659822743048,0.871468575621849,0.48300028692215));
#8423=DIRECTION('ref_axis',(0.151328930050729,0.490451344889202,-0.858229009778902));
#8424=DIRECTION('',(-0.984807753012208,0.,-0.17364817766693));
#8425=DIRECTION('',(0.15132893005073,0.490451344889202,-0.858229009778902));
#8426=DIRECTION('center_axis',(-0.984807753012208,0.,-0.17364817766693));
#8427=DIRECTION('ref_axis',(-0.0851659822748411,0.87146857562011,0.483000286925191));
#8428=DIRECTION('',(-0.984807753012208,0.,-0.17364817766693));
#8429=DIRECTION('center_axis',(-0.984807753012208,1.05025864818774E-27,
-0.17364817766693));
#8430=DIRECTION('ref_axis',(-0.0851659822748411,0.87146857562011,0.483000286925191));
#8431=DIRECTION('center_axis',(-0.17364817766693,3.39762379889634E-11,0.984807753012208));
#8432=DIRECTION('ref_axis',(5.89991181076141E-12,1.,-3.3460062589719E-11));
#8433=DIRECTION('',(-0.984807753012208,0.,-0.17364817766693));
#8434=DIRECTION('',(5.89991181076142E-12,1.,-3.3460062589719E-11));
#8435=DIRECTION('center_axis',(-0.984807753012208,0.,-0.17364817766693));
#8436=DIRECTION('ref_axis',(-0.17364817766693,-2.21818523054765E-10,0.984807753012208));
#8437=DIRECTION('center_axis',(-0.984807753012208,1.05025864818774E-27,
-0.17364817766693));
#8438=DIRECTION('ref_axis',(-0.17364817766693,-2.21818523054765E-10,0.984807753012208));
#8439=DIRECTION('center_axis',(0.984807753012208,-1.05025864818774E-27,
0.17364817766693));
#8440=DIRECTION('ref_axis',(1.03430285940341E-27,1.,1.82375500336735E-28));
#8441=DIRECTION('center_axis',(-0.984807753012208,0.,-0.17364817766693));
#8442=DIRECTION('ref_axis',(-0.17364817766693,0.,0.984807753012208));
#8443=CARTESIAN_POINT('',(0.,0.,0.));
#8444=CARTESIAN_POINT('Origin',(20.6109129762874,-145.25,32.3639250525905));
#8445=CARTESIAN_POINT('',(20.610912976287,-141.950000000001,32.3639250525905));
#8446=CARTESIAN_POINT('',(23.8625669241694,-136.231087012556,32.9372793838819));
#8447=CARTESIAN_POINT('',(20.6109129762874,-141.95,32.3639250525905));
#8448=CARTESIAN_POINT('',(20.6109129762874,-148.55,32.3639250525905));
#8449=CARTESIAN_POINT('Origin',(20.6109129762874,-145.25,32.3639250525905));
#8450=CARTESIAN_POINT('',(22.7500419849513,-148.55,42.2393777973693));
#8451=CARTESIAN_POINT('Ctrl Pts',(22.7500419849513,-148.55,42.2393777973693));
#8452=CARTESIAN_POINT('Ctrl Pts',(21.4028956571925,-148.55,38.228676648445));
#8453=CARTESIAN_POINT('Ctrl Pts',(20.351263572382,-148.55,33.8364699964288));
#8454=CARTESIAN_POINT('Ctrl Pts',(20.6109129762879,-148.55,32.3639250525875));
#8455=CARTESIAN_POINT('',(23.0004205045316,-139.267905308892,40.8194106512504));
#8456=CARTESIAN_POINT('Origin',(24.3743412343822,-145.25,33.0275189944533));
#8457=CARTESIAN_POINT('',(23.5261472196767,-136.636923662568,33.5908479897963));
#8458=CARTESIAN_POINT('Ctrl Pts',(23.0004205045406,-139.267905308915,40.8194106513129));
#8459=CARTESIAN_POINT('Ctrl Pts',(22.426748937207,-137.816290044639,36.8311304925591));
#8460=CARTESIAN_POINT('Ctrl Pts',(23.5261472196831,-136.636923662556,33.590847989803));
#8461=CARTESIAN_POINT('Ctrl Pts',(23.862566922741,-136.231087012556,32.9372793919826));
#8462=CARTESIAN_POINT('Ctrl Pts',(23.7957126574019,-136.317806907933,33.0281000628692));
#8463=CARTESIAN_POINT('Ctrl Pts',(23.7309155974236,-136.398907477537,33.1316716414616));
#8464=CARTESIAN_POINT('Ctrl Pts',(23.6169771252953,-136.535914354053,33.352841300056));
#8465=CARTESIAN_POINT('Ctrl Pts',(23.5672210650986,-136.592862185262,33.4697900758785));
#8466=CARTESIAN_POINT('Ctrl Pts',(23.5261472196767,-136.636923662568,33.5908479897963));
#8467=CARTESIAN_POINT('Origin',(21.6610883407986,-185.,55.2047312014854));
#8468=CARTESIAN_POINT('',(25.5354295751835,-142.9,33.2322501959226));
#8469=CARTESIAN_POINT('Origin',(25.5354295751835,-145.25,33.2322501959226));
#8470=CARTESIAN_POINT('',(25.5354295751835,-146.95,33.2322501959226));
#8471=CARTESIAN_POINT('Origin',(25.5354295751835,-145.25,33.2322501959226));
#8472=CARTESIAN_POINT('Origin',(21.6610883407986,-185.,55.2047312014853));
#8473=CARTESIAN_POINT('',(25.5354295751836,-178.5,33.2322501959226));
#8474=CARTESIAN_POINT('Origin',(25.5354295751835,-180.85,33.2322501959226));
#8475=CARTESIAN_POINT('',(25.5354295751835,-182.55,33.2322501959226));
#8476=CARTESIAN_POINT('Origin',(25.5354295751835,-180.85,33.2322501959226));
#8477=CARTESIAN_POINT('Origin',(20.6109129762874,-180.85,32.3639250525905));
#8478=CARTESIAN_POINT('',(20.6109129762874,-177.55,32.3639250525905));
#8479=CARTESIAN_POINT('',(22.7500419849513,-177.55,42.2393777973693));
#8480=CARTESIAN_POINT('Ctrl Pts',(20.6109129762869,-177.55,32.3639250525936));
#8481=CARTESIAN_POINT('Ctrl Pts',(20.5185419999643,-177.55,32.887786891274));
#8482=CARTESIAN_POINT('Ctrl Pts',(20.5306734326713,-177.55,35.3469516384446));
#8483=CARTESIAN_POINT('Ctrl Pts',(22.3107119194403,-177.55,40.9314117938296));
#8484=CARTESIAN_POINT('Ctrl Pts',(22.7500419849513,-177.55,42.2393777973693));
#8485=CARTESIAN_POINT('Origin',(20.6109129762874,-180.85,32.3639250525905));
#8486=CARTESIAN_POINT('',(25.998640483813,-177.55,23.8156601915373));
#8487=CARTESIAN_POINT('Ctrl Pts',(25.998640483813,-177.55,23.8156601915373));
#8488=CARTESIAN_POINT('Ctrl Pts',(23.3609964387079,-177.55,27.1237352852581));
#8489=CARTESIAN_POINT('Ctrl Pts',(20.8705623801912,-177.55,30.8913801087518));
#8490=CARTESIAN_POINT('Ctrl Pts',(20.6109129762869,-177.55,32.3639250525936));
#8491=CARTESIAN_POINT('Origin',(24.3743412343822,-180.85,33.0275189944533));
#8492=CARTESIAN_POINT('Origin',(32.7337816338463,-177.55,21.1994252647998));
#8493=CARTESIAN_POINT('',(24.4419299175263,-177.55,46.3415253185855));
#8494=CARTESIAN_POINT('',(22.0995501069454,-177.55,45.9285005589132));
#8495=CARTESIAN_POINT('',(28.1841993789727,-177.55,47.0013883937198));
#8496=CARTESIAN_POINT('',(28.9915121723999,-177.55,20.5395621896655));
#8497=CARTESIAN_POINT('',(27.8541166086247,-177.55,26.9900529722176));
#8498=CARTESIAN_POINT('',(26.649132361819,-177.55,20.1265374299933));
#8499=CARTESIAN_POINT('',(32.7337816338463,-177.55,21.1994252647998));
#8500=CARTESIAN_POINT('',(23.5745661809081,-177.55,37.5632687150047));
#8501=CARTESIAN_POINT('',(23.5745661809081,-177.55,37.5632687150047));
#8502=CARTESIAN_POINT('Origin',(0.,-136.636923662555,33.5908479898011));
#8503=CARTESIAN_POINT('',(22.5129995531988,-140.27402880287,43.583712231045));
#8504=CARTESIAN_POINT('',(20.9443200917658,-143.512062080581,52.4801355414781));
#8505=CARTESIAN_POINT('',(28.7868278977765,-140.27402880287,43.583712231045));
#8506=CARTESIAN_POINT('',(0.,-140.27402880287,43.583712231045));
#8507=CARTESIAN_POINT('',(30.5488394780654,-136.636923662568,33.5908479897963));
#8508=CARTESIAN_POINT('',(31.0718732459464,-135.557288984212,30.6245760909666));
#8509=CARTESIAN_POINT('',(0.,-136.636923662568,33.5908479897963));
#8510=CARTESIAN_POINT('Origin',(0.,-138.302976259175,26.4786892566695));
#8511=CARTESIAN_POINT('',(25.3073369775215,-136.912221725376,27.7362371986067));
#8512=CARTESIAN_POINT('',(25.4160007514776,-136.541051608066,27.1199743129183));
#8513=CARTESIAN_POINT('Origin',(25.5290766092194,-138.302976259175,26.4786892566695));
#8514=CARTESIAN_POINT('',(31.6898290960552,-136.541051608066,27.1199743129183));
#8515=CARTESIAN_POINT('',(0.,-136.541052595395,27.1199770255868));
#8516=CARTESIAN_POINT('',(31.9159812898663,-140.064899922933,25.837401487691));
#8517=CARTESIAN_POINT('Origin',(31.802904953797,-138.302976259175,26.4786892566695));
#8518=CARTESIAN_POINT('',(25.0259237903156,-140.064899922956,25.8374014877539));
#8519=CARTESIAN_POINT('',(0.,-140.064899922956,25.8374014877539));
#8520=CARTESIAN_POINT('Ctrl Pts',(25.0259237903156,-140.064899922956,25.8374014877539));
#8521=CARTESIAN_POINT('Ctrl Pts',(25.0154834602948,-140.069430532186,25.8498492343058));
#8522=CARTESIAN_POINT('Ctrl Pts',(25.0050526550318,-140.073832795473,25.8623548531091));
#8523=CARTESIAN_POINT('Ctrl Pts',(24.8151279545647,-140.151716399951,26.0913362380492));
#8524=CARTESIAN_POINT('Ctrl Pts',(24.6398016076341,-140.184991078481,26.3243034254038));
#8525=CARTESIAN_POINT('Ctrl Pts',(24.3731559404015,-140.170200972611,26.7230947083944));
#8526=CARTESIAN_POINT('Ctrl Pts',(24.2548515539504,-140.137047390246,26.9180739529982));
#8527=CARTESIAN_POINT('Ctrl Pts',(24.061551787897,-140.000420228642,27.3006138375907));
#8528=CARTESIAN_POINT('Ctrl Pts',(23.9871358604665,-139.896405384191,27.4882735438585));
#8529=CARTESIAN_POINT('Ctrl Pts',(23.9084127522599,-139.647481506029,27.7996091897932));
#8530=CARTESIAN_POINT('Ctrl Pts',(23.8960881135692,-139.491981508086,27.9430596216148));
#8531=CARTESIAN_POINT('Ctrl Pts',(23.9356430139102,-139.145457468039,28.1663916653268));
#8532=CARTESIAN_POINT('Ctrl Pts',(23.9869258339046,-138.954516951269,28.2465080941766));
#8533=CARTESIAN_POINT('Ctrl Pts',(24.1343113279167,-138.551897915246,28.3514571065933));
#8534=CARTESIAN_POINT('Ctrl Pts',(24.2497872176801,-138.313488942118,28.3674245994778));
#8535=CARTESIAN_POINT('Ctrl Pts',(24.5127236529986,-137.861287206642,28.3150830306191));
#8536=CARTESIAN_POINT('Ctrl Pts',(24.6600721482718,-137.647418867752,28.2468641523103));
#8537=CARTESIAN_POINT('Ctrl Pts',(24.958875606439,-137.264043784351,28.0559367405521));
#8538=CARTESIAN_POINT('Ctrl Pts',(25.1329557299823,-137.071620117968,27.9125199706464));
#8539=CARTESIAN_POINT('Ctrl Pts',(25.3073369775214,-136.912221725376,27.7362371986067));
#8540=CARTESIAN_POINT('Origin',(20.6109129762874,-145.25,32.3639250525905));
#8541=CARTESIAN_POINT('',(24.4817492116949,-135.350297906708,32.4183780854376));
#8542=CARTESIAN_POINT('Ctrl Pts',(24.4817492116949,-135.350297906708,32.4183780854376));
#8543=CARTESIAN_POINT('Ctrl Pts',(24.4534943095419,-135.394114084597,32.4298601803004));
#8544=CARTESIAN_POINT('Ctrl Pts',(24.4251088156506,-135.437594227755,32.44295385842));
#8545=CARTESIAN_POINT('Ctrl Pts',(24.2536541642146,-135.697094618445,32.5315058902478));
#8546=CARTESIAN_POINT('Ctrl Pts',(24.1107655597571,-135.899594252301,32.6468276181385));
#8547=CARTESIAN_POINT('Ctrl Pts',(23.9450052607837,-136.123061937263,32.831013999334));
#8548=CARTESIAN_POINT('Ctrl Pts',(23.9034120380595,-136.178104841423,32.8817918212665));
#8549=CARTESIAN_POINT('Ctrl Pts',(23.862566922741,-136.231087012556,32.9372793919825));
#8550=CARTESIAN_POINT('Origin',(24.3743412343822,-145.25,33.0275189944533));
#8551=CARTESIAN_POINT('',(25.80520503054,-139.72833143267,24.9126871609542));
#8552=CARTESIAN_POINT('Ctrl Pts',(25.80520503054,-139.72833143267,24.9126871609541));
#8553=CARTESIAN_POINT('Ctrl Pts',(25.3924391374751,-139.905849604468,25.4004143293223));
#8554=CARTESIAN_POINT('Ctrl Pts',(25.0259237903172,-140.064899922955,25.837401487752));
#8555=CARTESIAN_POINT('',(25.998640483813,-148.55,23.8156601915373));
#8556=CARTESIAN_POINT('Origin',(24.3743412343822,-145.25,33.0275189944533));
#8557=CARTESIAN_POINT('Ctrl Pts',(20.6109129762879,-148.55,32.3639250525875));
#8558=CARTESIAN_POINT('Ctrl Pts',(20.7032839526111,-148.55,31.8400632139071));
#8559=CARTESIAN_POINT('Ctrl Pts',(21.5557676496942,-148.55,29.5333534420472));
#8560=CARTESIAN_POINT('Ctrl Pts',(25.1384545431673,-148.55,24.8944864613289));
#8561=CARTESIAN_POINT('Ctrl Pts',(25.998640483813,-148.55,23.8156601915373));
#8562=CARTESIAN_POINT('Origin',(20.6109129762874,-145.25,32.3639250525905));
#8563=CARTESIAN_POINT('Origin',(28.1841993789727,-148.55,47.0013883937199));
#8564=CARTESIAN_POINT('',(28.9915121723999,-148.55,20.5395621896656));
#8565=CARTESIAN_POINT('',(26.6491323618189,-148.55,20.1265374299934));
#8566=CARTESIAN_POINT('',(32.7337816338463,-148.55,21.1994252647999));
#8567=CARTESIAN_POINT('',(24.4419299175263,-148.55,46.3415253185855));
#8568=CARTESIAN_POINT('',(25.5793254811879,-148.55,39.8910345366776));
#8569=CARTESIAN_POINT('',(22.0995501069454,-148.55,45.9285005589133));
#8570=CARTESIAN_POINT('',(28.1841993789727,-148.55,47.0013883937199));
#8571=CARTESIAN_POINT('',(21.2997750534713,-148.55,50.4642502794647));
#8572=CARTESIAN_POINT('',(21.2997750534713,-148.55,50.4642502794647));
#8573=CARTESIAN_POINT('Origin',(20.6109129762874,-163.05,32.3639250525905));
#8574=CARTESIAN_POINT('',(20.6109129762874,-142.9,32.3639250525905));
#8575=CARTESIAN_POINT('Origin',(20.6109129762874,-145.25,32.3639250525905));
#8576=CARTESIAN_POINT('Origin',(20.6109129762874,-163.05,32.3639250525905));
#8577=CARTESIAN_POINT('',(20.6109129762874,-178.5,32.3639250525905));
#8578=CARTESIAN_POINT('Origin',(20.6109129762874,-180.85,32.3639250525905));
#8579=CARTESIAN_POINT('Origin',(24.3743412343822,-180.85,33.0275189944533));
#8580=CARTESIAN_POINT('',(24.3743412343822,-178.5,33.0275189944533));
#8581=CARTESIAN_POINT('Origin',(20.4999999999972,-185.,55.000000000016));
#8582=CARTESIAN_POINT('',(18.1019530623649,-128.,68.6));
#8583=CARTESIAN_POINT('',(28.7660423089606,-128.,8.12094453300079));
#8584=CARTESIAN_POINT('',(22.2624777112183,-128.,45.0044921988862));
#8585=CARTESIAN_POINT('',(28.7660423089606,-135.87597028543,8.12094453300079));
#8586=CARTESIAN_POINT('',(28.7660423089606,-157.75,8.12094453300079));
#8587=CARTESIAN_POINT('',(26.5941032755085,-140.359238563197,20.438622886736));
#8588=CARTESIAN_POINT('',(22.0019597101138,-149.83823924259,46.4819632022332));
#8589=CARTESIAN_POINT('',(26.8202556942976,-143.883086412502,19.1560487855948));
#8590=CARTESIAN_POINT('Origin',(26.7071793562827,-142.121162753344,19.7973365656078));
#8591=CARTESIAN_POINT('',(28.7660423089606,-139.866636930993,8.12094453300079));
#8592=CARTESIAN_POINT('',(23.7423609958851,-150.236408237423,36.6116570313994));
#8593=CARTESIAN_POINT('',(28.7660423089606,-142.125970284759,8.12094453300079));
#8594=CARTESIAN_POINT('',(28.7660423089606,-157.75,8.12094453300079));
#8595=CARTESIAN_POINT('',(27.709319142417,-144.307234757839,14.1139194157887));
#8596=CARTESIAN_POINT('',(22.6891688559292,-154.669717397629,42.5846064672958));
#8597=CARTESIAN_POINT('',(27.5709055232233,-147.286312930543,14.8989020579095));
#8598=CARTESIAN_POINT('Origin',(27.8223913571654,-146.069166929196,13.4726550199819));
#8599=CARTESIAN_POINT('',(27.5918366159654,-147.413027697553,14.7801959321764));
#8600=CARTESIAN_POINT('Origin',(26.996428717092,-150.554000639982,18.1569219243138));
#8601=CARTESIAN_POINT('',(27.9354645348522,-147.831097112949,12.8313851630806));
#8602=CARTESIAN_POINT('Origin',(27.8223913571654,-146.069166929196,13.4726550199819));
#8603=CARTESIAN_POINT('',(28.7660423089606,-146.116636932755,8.12094453300079));
#8604=CARTESIAN_POINT('',(23.9147239036662,-156.130620556084,35.6341384061239));
#8605=CARTESIAN_POINT('',(28.7660423089606,-148.375970286591,8.12094453300079));
#8606=CARTESIAN_POINT('',(28.7660423089606,-157.75,8.12094453300079));
#8607=CARTESIAN_POINT('',(27.9693354202307,-150.020514937985,12.6392938266189));
#8608=CARTESIAN_POINT('',(22.346685525603,-161.626663876436,44.5269259520963));
#8609=CARTESIAN_POINT('',(28.1954877398494,-153.544362990387,11.3567202879012));
#8610=CARTESIAN_POINT('Origin',(28.0824113785813,-151.782439380032,11.9980081997893));
#8611=CARTESIAN_POINT('',(28.7660423089606,-152.366636930225,8.12094453300079));
#8612=CARTESIAN_POINT('',(24.0870868113622,-162.024832871842,34.6566197813312));
#8613=CARTESIAN_POINT('',(28.7660423089606,-154.625970283476,8.12094453300079));
#8614=CARTESIAN_POINT('',(28.7660423089606,-157.75,8.12094453300079));
#8615=CARTESIAN_POINT('',(28.0214333603885,-156.162975525186,12.3438317257625));
#8616=CARTESIAN_POINT('',(23.0338946713871,-166.458142031096,40.6295692173365));
#8617=CARTESIAN_POINT('',(28.2475806327045,-159.686834000432,11.0612868117209));
#8618=CARTESIAN_POINT('Origin',(28.1345058323545,-157.924907165843,11.7025658712027));
#8619=CARTESIAN_POINT('',(28.7660423089606,-158.616636932052,8.12094453300079));
#8620=CARTESIAN_POINT('',(24.2594497191124,-167.919045189173,33.6791011562308));
#8621=CARTESIAN_POINT('',(28.7660423089606,-160.875970285073,8.12094453300079));
#8622=CARTESIAN_POINT('',(28.7660423089606,-157.75,8.12094453300079));
#8623=CARTESIAN_POINT('',(28.0214294961208,-162.412983503045,12.3438536411139));
#8624=CARTESIAN_POINT('',(23.0499383132503,-172.67502510284,40.5385812029172));
#8625=CARTESIAN_POINT('',(28.2475821057237,-165.936830959791,11.061278457814));
#8626=CARTESIAN_POINT('Origin',(28.134505832218,-164.174907166818,11.702565871977));
#8627=CARTESIAN_POINT('',(28.7660423089606,-164.866636931931,8.12094453300079));
#8628=CARTESIAN_POINT('',(24.4318126268495,-173.813257506096,32.701582531205));
#8629=CARTESIAN_POINT('',(28.7660423089606,-167.125970285077,8.12094453300079));
#8630=CARTESIAN_POINT('',(28.7660423089606,-157.75,8.12094453300079));
#8631=CARTESIAN_POINT('',(28.0214254091549,-168.662991939449,12.3438768194493));
#8632=CARTESIAN_POINT('',(23.499954297293,-177.996112110978,37.9864137340782));
#8633=CARTESIAN_POINT('',(28.2475799529429,-172.186835403501,11.0612906668406));
#8634=CARTESIAN_POINT('Origin',(28.1345058322142,-170.424907166848,11.7025658719984));
#8635=CARTESIAN_POINT('',(28.7660423089606,-171.116636931926,8.12094453300079));
#8636=CARTESIAN_POINT('',(24.604175534612,-179.707469823326,31.7240639060351));
#8637=CARTESIAN_POINT('',(28.7660423089606,-173.375970285357,8.12094453300079));
#8638=CARTESIAN_POINT('',(28.7660423089606,-157.75,8.12094453300079));
#8639=CARTESIAN_POINT('',(28.0167438070571,-174.922655598934,12.3704275043134));
#8640=CARTESIAN_POINT('',(23.928182081559,-183.362173839549,35.5578132865156));
#8641=CARTESIAN_POINT('',(28.2428964792407,-178.446502926369,11.0878519661002));
#8642=CARTESIAN_POINT('Origin',(28.1298201431479,-176.684579262532,11.7291397352124));
#8643=CARTESIAN_POINT('',(28.7660423089606,-177.36663693218,8.12094453300079));
#8644=CARTESIAN_POINT('',(24.7765384425301,-185.601682141948,30.7465452799832));
#8645=CARTESIAN_POINT('',(28.7660423089606,-192.63336306782,8.12094453300079));
#8646=CARTESIAN_POINT('',(28.7660423089606,-157.75,8.12094453300079));
#8647=CARTESIAN_POINT('',(28.2428964792407,-191.553497073631,11.0878519661002));
#8648=CARTESIAN_POINT('',(24.7765384425301,-184.398317858052,30.7465452799832));
#8649=CARTESIAN_POINT('',(28.0167438070571,-195.077344401066,12.3704275043134));
#8650=CARTESIAN_POINT('Origin',(28.1298201431479,-193.315420737467,11.7291397352124));
#8651=CARTESIAN_POINT('',(28.7660423089606,-196.624029714643,8.12094453300079));
#8652=CARTESIAN_POINT('',(23.928182081559,-186.637826160451,35.5578132865156));
#8653=CARTESIAN_POINT('',(28.7660423089606,-198.883363068074,8.12094453300079));
#8654=CARTESIAN_POINT('',(28.7660423089606,-212.25,8.12094453300079));
#8655=CARTESIAN_POINT('',(28.1173460037047,-197.544338573088,11.799884095452));
#8656=CARTESIAN_POINT('',(24.604175534612,-190.292530176674,31.7240639060351));
#8657=CARTESIAN_POINT('',(27.8911925801111,-201.068184349654,13.0824638951225));
#8658=CARTESIAN_POINT('Origin',(28.0042696988772,-199.306262301431,12.4411716872499));
#8659=CARTESIAN_POINT('',(28.7660423089606,-202.874029714923,8.12094453300079));
#8660=CARTESIAN_POINT('',(23.499954297293,-192.003887889022,37.9864137340782));
#8661=CARTESIAN_POINT('',(28.7660423089606,-205.133363068068,8.12094453300079));
#8662=CARTESIAN_POINT('',(28.7660423089606,-212.25,8.12094453300079));
#8663=CARTESIAN_POINT('',(28.1173459235499,-203.794338407688,11.7998845500327));
#8664=CARTESIAN_POINT('',(24.4318126268495,-196.186742493904,32.701582531205));
#8665=CARTESIAN_POINT('',(27.8911932698747,-207.31818577346,13.082459983279));
#8666=CARTESIAN_POINT('Origin',(28.0042696988732,-205.556262301452,12.4411716872726));
#8667=CARTESIAN_POINT('',(28.7660423089606,-209.124029714927,8.12094453300079));
#8668=CARTESIAN_POINT('',(23.0499383132503,-197.32497489716,40.5385812029172));
#8669=CARTESIAN_POINT('',(28.7660423089606,-211.383363067948,8.12094453300079));
#8670=CARTESIAN_POINT('',(28.7660423089606,-212.25,8.12094453300079));
#8671=CARTESIAN_POINT('',(28.1173457617616,-210.044338073627,11.7998854675794));
#8672=CARTESIAN_POINT('',(24.2594497191124,-202.080954810826,33.6791011562308));
#8673=CARTESIAN_POINT('',(27.8911941280295,-213.568187546314,13.082455116441));
#8674=CARTESIAN_POINT('Origin',(28.0042696990038,-211.806262302409,12.4411716865318));
#8675=CARTESIAN_POINT('',(28.7660423089606,-215.374029716524,8.12094453300079));
#8676=CARTESIAN_POINT('',(23.0338946713871,-203.541857968904,40.6295692173365));
#8677=CARTESIAN_POINT('',(28.7660423089606,-217.633363069775,8.12094453300079));
#8678=CARTESIAN_POINT('',(28.7660423089606,-212.25,8.12094453300079));
#8679=CARTESIAN_POINT('',(28.117350227581,-216.294347293689,11.799860140659));
#8680=CARTESIAN_POINT('',(24.0870868113622,-207.975167128158,34.6566197813312));
#8681=CARTESIAN_POINT('',(27.8911931132118,-219.818185448696,13.0824608717584));
#8682=CARTESIAN_POINT('Origin',(28.0042696986314,-218.056262301028,12.4411716886436));
#8683=CARTESIAN_POINT('',(28.7660423089606,-221.624029713409,8.12094453300079));
#8684=CARTESIAN_POINT('',(22.346685525603,-208.373336123564,44.5269259520963));
#8685=CARTESIAN_POINT('',(28.7660423089606,-223.883363067245,8.12094453300079));
#8686=CARTESIAN_POINT('',(28.7660423089606,-212.25,8.12094453300079));
#8687=CARTESIAN_POINT('',(28.0097543958225,-222.322250366891,12.4100664251778));
#8688=CARTESIAN_POINT('',(23.9147239036662,-213.869379443916,35.6341384061239));
#8689=CARTESIAN_POINT('',(27.7835981627129,-225.846090345054,13.6926621584056));
#8690=CARTESIAN_POINT('Origin',(27.8966742693466,-224.084166207064,13.0513756906208));
#8691=CARTESIAN_POINT('',(28.7660423089606,-227.874029715241,8.12094453300079));
#8692=CARTESIAN_POINT('',(22.6891688559292,-215.330282602371,42.5846064672958));
#8693=CARTESIAN_POINT('',(28.7660423089606,-230.133363069007,8.12094453300079));
#8694=CARTESIAN_POINT('',(28.7660423089606,-212.25,8.12094453300079));
#8695=CARTESIAN_POINT('',(26.4098258268542,-225.269713377636,21.4837122310547));
#8696=CARTESIAN_POINT('',(23.7423609958851,-219.763591762577,36.6116570313994));
#8697=CARTESIAN_POINT('',(25.9661364019611,-227.031637040101,24.0000000000075));
#8698=CARTESIAN_POINT('Origin',(26.2967494907895,-227.031637041531,22.1250000000075));
#8699=CARTESIAN_POINT('',(26.1836731547242,-228.793560703995,22.7662877689633));
#8700=CARTESIAN_POINT('Origin',(26.2967494907895,-227.031637040102,22.1250000000075));
#8701=CARTESIAN_POINT('',(28.7660423089606,-234.12402971457,8.12094453300079));
#8702=CARTESIAN_POINT('',(22.0019597101138,-220.16176075741,46.4819632022332));
#8703=CARTESIAN_POINT('',(28.7660423089606,-242.,8.12094453300079));
#8704=CARTESIAN_POINT('',(28.7660423089606,-212.25,8.12094453300079));
#8705=CARTESIAN_POINT('',(18.1019530623649,-242.,68.6));
#8706=CARTESIAN_POINT('',(22.2624777112183,-242.,45.0044921988862));
#8707=CARTESIAN_POINT('',(18.1019530623649,-185.,68.6));
#8708=CARTESIAN_POINT('',(20.6960336336249,-188.475430530404,53.8882380175895));
#8709=CARTESIAN_POINT('',(19.6917678618631,-186.402447445601,59.5837122310465));
#8710=CARTESIAN_POINT('',(20.4927728856996,-188.055864212101,55.0409870019405));
#8711=CARTESIAN_POINT('',(19.4656151897319,-189.926294773375,60.8662877689624));
#8712=CARTESIAN_POINT('Origin',(19.5786915257971,-188.164371109493,60.2250000000065));
#8713=CARTESIAN_POINT('',(20.4698861319806,-191.999288530717,55.1707842322171));
#8714=CARTESIAN_POINT('',(19.422137729048,-189.836549565393,61.112860701302));
#8715=CARTESIAN_POINT('Origin',(20.5829624676029,-190.23736486591,54.5294964657731));
#8716=CARTESIAN_POINT('',(21.5403291861979,-140.968904221678,49.0999999998983));
#8717=CARTESIAN_POINT('',(21.322792433443,-142.730827885556,50.333712230896));
#8718=CARTESIAN_POINT('Origin',(21.2097160973695,-140.968904221679,50.9749999998983));
#8719=CARTESIAN_POINT('',(21.0966397613173,-139.206980558773,51.6162877687802));
#8720=CARTESIAN_POINT('Origin',(21.2097160973695,-140.968904222694,50.9749999998983));
#8721=CARTESIAN_POINT('',(19.465615189739,-142.573705226657,60.8662877689219));
#8722=CARTESIAN_POINT('',(18.3879602827681,-144.7981765326,66.9779724506481));
#8723=CARTESIAN_POINT('',(19.6917678618647,-146.097552554156,59.5837122310377));
#8724=CARTESIAN_POINT('Origin',(19.5786915257912,-144.335628890279,60.2250000000401));
#8725=CARTESIAN_POINT('',(19.6135153302791,-146.25907969057,60.027504390758));
#8726=CARTESIAN_POINT('',(21.2471711475246,-136.636923663747,50.762581854901));
#8727=CARTESIAN_POINT('',(19.6917678618517,-139.847552554317,59.5837122311111));
#8728=CARTESIAN_POINT('',(19.2984900870798,-140.659347795676,61.8141013252348));
#8729=CARTESIAN_POINT('',(21.0210184754353,-133.113076335758,52.045157392579));
#8730=CARTESIAN_POINT('Origin',(21.1340948114799,-134.874999999753,51.40386962374));
#8731=CARTESIAN_POINT('',(19.4656151897356,-136.323705226645,60.8662877689415));
#8732=CARTESIAN_POINT('',(18.2155973749985,-138.903964215817,67.955491075858));
#8733=CARTESIAN_POINT('Origin',(19.5786915257927,-138.085628890411,60.2250000000317));
#8734=CARTESIAN_POINT('',(21.2471711475246,-233.363076336253,50.762581854901));
#8735=CARTESIAN_POINT('',(19.6917678618517,-230.152447445683,59.5837122311111));
#8736=CARTESIAN_POINT('',(19.2984900870798,-229.340652204324,61.8141013252348));
#8737=CARTESIAN_POINT('',(19.4656151897356,-233.676294773355,60.8662877689415));
#8738=CARTESIAN_POINT('Origin',(19.5786915257927,-231.914371109589,60.2250000000317));
#8739=CARTESIAN_POINT('',(21.0210184754353,-236.886923664242,52.045157392579));
#8740=CARTESIAN_POINT('',(18.2155973749985,-231.096035784182,67.955491075858));
#8741=CARTESIAN_POINT('Origin',(21.1340948114799,-235.125000000247,51.40386962374));
#8742=CARTESIAN_POINT('',(21.5403291861979,-229.031095778322,49.0999999998983));
#8743=CARTESIAN_POINT('',(21.322792433443,-227.269172114444,50.333712230896));
#8744=CARTESIAN_POINT('Origin',(21.2097160973695,-229.03109577832,50.9749999998983));
#8745=CARTESIAN_POINT('',(19.6917678618647,-223.902447445844,59.5837122310377));
#8746=CARTESIAN_POINT('',(19.6135153302791,-223.740920309429,60.027504390758));
#8747=CARTESIAN_POINT('',(19.465615189739,-227.426294773343,60.8662877689219));
#8748=CARTESIAN_POINT('Origin',(19.5786915257912,-225.664371109721,60.2250000000401));
#8749=CARTESIAN_POINT('',(21.0966397613173,-230.793019441227,51.6162877687802));
#8750=CARTESIAN_POINT('',(18.3879602827681,-225.2018234674,66.9779724506481));
#8751=CARTESIAN_POINT('Origin',(21.2097160973695,-229.031095777306,50.9749999998983));
#8752=CARTESIAN_POINT('',(20.6491450564381,-200.87864417185,54.1541563529368));
#8753=CARTESIAN_POINT('',(20.4229895154559,-204.402485576779,55.4367481609147));
#8754=CARTESIAN_POINT('Origin',(20.5360637427005,-202.640557560319,54.7954723516754));
#8755=CARTESIAN_POINT('',(19.6917678618646,-198.90244744581,59.5837122310384));
#8756=CARTESIAN_POINT('',(20.3029669612748,-200.164071041925,56.1174298903864));
#8757=CARTESIAN_POINT('',(19.4656151897444,-202.426294773337,60.8662877688914));
#8758=CARTESIAN_POINT('Origin',(19.5786915257942,-200.664371109693,60.2250000000233));
#8759=CARTESIAN_POINT('',(19.0774119136455,-201.624974199424,63.0678979509472));
#8760=CARTESIAN_POINT('',(20.64914010558,-194.628633951971,54.1541844306484));
#8761=CARTESIAN_POINT('',(20.4229881912385,-198.152482844084,55.436755670925));
#8762=CARTESIAN_POINT('Origin',(20.5360637426294,-196.390557560429,54.7954723520783));
#8763=CARTESIAN_POINT('',(19.6917678618602,-192.652447445744,59.583712231063));
#8764=CARTESIAN_POINT('',(20.7124177114075,-194.759250179465,53.7953192951299));
#8765=CARTESIAN_POINT('',(19.4656151897218,-196.176294773396,60.8662877690195));
#8766=CARTESIAN_POINT('Origin',(19.5786915257957,-194.414371109639,60.2250000000149));
#8767=CARTESIAN_POINT('',(19.249774821288,-195.73076188226,62.090379326458));
#8768=CARTESIAN_POINT('',(20.6491359286861,-219.628625330144,54.1542081189908));
#8769=CARTESIAN_POINT('',(20.4229857269123,-223.152477756901,55.4367696468132));
#8770=CARTESIAN_POINT('Origin',(20.536063742646,-221.39055756021,54.7954723519846));
#8771=CARTESIAN_POINT('',(19.6917678618517,-217.652447445683,59.5837122311111));
#8772=CARTESIAN_POINT('',(20.3007244762274,-218.909442153889,56.1301476550666));
#8773=CARTESIAN_POINT('',(19.4656151897356,-221.176294773355,60.8662877689415));
#8774=CARTESIAN_POINT('Origin',(19.5786915257927,-219.414371109589,60.2250000000317));
#8775=CARTESIAN_POINT('',(18.5603231904443,-219.307611150243,66.0004538259672));
#8776=CARTESIAN_POINT('',(20.6491401235796,-213.378633989392,54.1541843285673));
#8777=CARTESIAN_POINT('',(20.4229818996607,-216.902469856354,55.4367913522358));
#8778=CARTESIAN_POINT('Origin',(20.536063742692,-215.140557560448,54.7954723517236));
#8779=CARTESIAN_POINT('',(19.6917678618647,-211.402447445844,59.5837122310378));
#8780=CARTESIAN_POINT('',(19.9582411457684,-211.952495675696,58.0724671406205));
#8781=CARTESIAN_POINT('',(19.465615189739,-214.926294773343,60.8662877689219));
#8782=CARTESIAN_POINT('Origin',(19.5786915257912,-213.164371109721,60.2250000000401));
#8783=CARTESIAN_POINT('',(18.7326860982008,-213.413398833398,65.0229352008318));
#8784=CARTESIAN_POINT('',(20.6491400798718,-207.128633898751,54.1541845764467));
#8785=CARTESIAN_POINT('',(20.4229873985095,-210.652481207313,55.4367601667147));
#8786=CARTESIAN_POINT('Origin',(20.5360637426535,-208.89055756018,54.7954723519419));
#8787=CARTESIAN_POINT('',(19.6917678618517,-205.152447445683,59.583712231111));
#8788=CARTESIAN_POINT('',(20.6454502916783,-207.121017519974,54.1751104051471));
#8789=CARTESIAN_POINT('',(19.4656151897356,-208.676294773355,60.8662877689414));
#8790=CARTESIAN_POINT('Origin',(19.5786915257927,-206.914371109589,60.2250000000317));
#8791=CARTESIAN_POINT('',(18.9050490058902,-207.519186516304,64.0454165760765));
#8792=CARTESIAN_POINT('',(19.4656151897319,-180.073705226625,60.8662877689624));
#8793=CARTESIAN_POINT('',(20.5445323215231,-177.846628463984,54.747444654561));
#8794=CARTESIAN_POINT('',(19.422137729048,-180.163450434607,61.112860701302));
#8795=CARTESIAN_POINT('',(19.6917678618631,-183.597552554399,59.5837122310465));
#8796=CARTESIAN_POINT('Origin',(19.5786915257971,-181.835628890507,60.2250000000065));
#8797=CARTESIAN_POINT('',(20.7706878985901,-181.370469795253,53.4648526419354));
#8798=CARTESIAN_POINT('',(20.4927728856996,-181.944135787899,55.0409870019405));
#8799=CARTESIAN_POINT('Origin',(20.6576074757682,-179.608554567337,54.1061635880398));
#8800=CARTESIAN_POINT('',(20.2857674901412,-165.880765077438,56.2149729383335));
#8801=CARTESIAN_POINT('',(20.5119216444852,-169.404609344865,54.9323889943713));
#8802=CARTESIAN_POINT('Origin',(20.3988421373513,-167.642692227062,55.5736947473511));
#8803=CARTESIAN_POINT('',(19.4656151897444,-167.573705226663,60.8662877688914));
#8804=CARTESIAN_POINT('',(19.0774119136455,-168.375025800576,63.0678979509472));
#8805=CARTESIAN_POINT('',(19.6917678618646,-171.09755255419,59.5837122310384));
#8806=CARTESIAN_POINT('Origin',(19.5786915257942,-169.335628890307,60.2250000000233));
#8807=CARTESIAN_POINT('',(20.3029669612748,-169.835928958075,56.1174298903864));
#8808=CARTESIAN_POINT('',(20.2857681238322,-172.130763768821,56.2149693444932));
#8809=CARTESIAN_POINT('',(20.5119233728389,-175.654605777247,54.9323791923905));
#8810=CARTESIAN_POINT('Origin',(20.3988421372894,-173.892692226971,55.5736947477022));
#8811=CARTESIAN_POINT('',(19.4656151897218,-173.823705226604,60.8662877690195));
#8812=CARTESIAN_POINT('',(19.249774821288,-174.26923811774,62.090379326458));
#8813=CARTESIAN_POINT('',(19.6917678618602,-177.347552554255,59.583712231063));
#8814=CARTESIAN_POINT('Origin',(19.5786915257957,-175.585628890361,60.2250000000149));
#8815=CARTESIAN_POINT('',(20.7124177114075,-175.240749820535,53.7953192951299));
#8816=CARTESIAN_POINT('',(20.2857637709037,-159.630772754418,56.2149940311777));
#8817=CARTESIAN_POINT('',(20.5119191313592,-163.154614532795,54.932403247017));
#8818=CARTESIAN_POINT('Origin',(20.3988421373105,-161.392692227192,55.5736947475826));
#8819=CARTESIAN_POINT('',(19.4656151897356,-161.323705226645,60.8662877689414));
#8820=CARTESIAN_POINT('',(18.9050490058902,-162.480813483696,64.0454165760765));
#8821=CARTESIAN_POINT('',(19.6917678618517,-164.847552554317,59.583712231111));
#8822=CARTESIAN_POINT('Origin',(19.5786915257927,-163.085628890411,60.2250000000317));
#8823=CARTESIAN_POINT('',(20.6454502916783,-162.878982480026,54.1751104051471));
#8824=CARTESIAN_POINT('',(20.5563705679108,-150.562858865865,54.6803066230458));
#8825=CARTESIAN_POINT('',(20.3302177447382,-147.039011850033,55.9628830175603));
#8826=CARTESIAN_POINT('Origin',(20.4432943055367,-148.800935049948,55.3215939740785));
#8827=CARTESIAN_POINT('',(19.4656151897356,-148.823705226645,60.8662877689415));
#8828=CARTESIAN_POINT('',(18.5603231904443,-150.692388849757,66.0004538259672));
#8829=CARTESIAN_POINT('',(19.6917678618517,-152.347552554317,59.5837122311111));
#8830=CARTESIAN_POINT('Origin',(19.5786915257927,-150.585628890411,60.2250000000317));
#8831=CARTESIAN_POINT('',(20.3007244762274,-151.09055784611,56.1301476550666));
#8832=CARTESIAN_POINT('',(20.2857674636176,-153.38076513213,56.2149730887561));
#8833=CARTESIAN_POINT('',(20.5119199953427,-156.904612748981,54.9323983471231));
#8834=CARTESIAN_POINT('Origin',(20.3988421373539,-155.142692226985,55.5736947473362));
#8835=CARTESIAN_POINT('',(19.465615189739,-155.073705226657,60.8662877689219));
#8836=CARTESIAN_POINT('',(18.7326860982008,-156.586601166602,65.0229352008318));
#8837=CARTESIAN_POINT('',(19.6917678618647,-158.597552554156,59.5837122310378));
#8838=CARTESIAN_POINT('Origin',(19.5786915257912,-156.835628890279,60.2250000000401));
#8839=CARTESIAN_POINT('',(19.9582411457684,-158.047504324304,58.0724671406205));
#8840=CARTESIAN_POINT('',(27.5868325212204,-196.2,14.8085755637274));
#8841=CARTESIAN_POINT('',(21.1618499475439,-196.2,51.2464624251792));
#8842=CARTESIAN_POINT('',(23.722167131925,-196.2,36.7261821249443));
#8843=CARTESIAN_POINT('',(21.1618499475439,-217.7,51.2464624251792));
#8844=CARTESIAN_POINT('',(21.1618499475439,-201.35,51.2464624251792));
#8845=CARTESIAN_POINT('',(27.5868325212204,-217.7,14.8085755637274));
#8846=CARTESIAN_POINT('',(21.1521741024544,-217.7,51.301336869525));
#8847=CARTESIAN_POINT('',(27.5868325212204,-190.6,14.8085755637274));
#8848=CARTESIAN_POINT('',(21.9657027700489,-226.336919987216,46.6875865272586));
#8849=CARTESIAN_POINT('',(22.1918572231345,-222.813076336132,45.4050008890483));
#8850=CARTESIAN_POINT('Origin',(22.0787808870902,-224.574999999809,46.0462886578857));
#8851=CARTESIAN_POINT('',(22.1546016455391,-226.726840847621,45.6162877689445));
#8852=CARTESIAN_POINT('',(18.5603231904443,-219.307611150243,66.0004538259672));
#8853=CARTESIAN_POINT('',(22.3807543176553,-223.202993520054,44.3337122311141));
#8854=CARTESIAN_POINT('Origin',(22.2676779815963,-224.964917183711,44.9750000000347));
#8855=CARTESIAN_POINT('',(20.3007244762274,-218.909442153889,56.1301476550666));
#8856=CARTESIAN_POINT('',(25.1066208723986,-226.449999998593,28.8745547964942));
#8857=CARTESIAN_POINT('Origin',(25.1066208723986,-224.574999999297,28.8745547964942));
#8858=CARTESIAN_POINT('',(26.0514279191943,-234.770583028079,23.5162877689555));
#8859=CARTESIAN_POINT('',(26.2775805913253,-231.246735700544,22.2337122310409));
#8860=CARTESIAN_POINT('Origin',(26.1645042552599,-233.008659364187,22.8749999999973));
#8861=CARTESIAN_POINT('',(23.5709614374452,-225.659792602369,37.5837122310699));
#8862=CARTESIAN_POINT('',(22.1970747865621,-222.823846314609,45.3754106164386));
#8863=CARTESIAN_POINT('',(23.3448087653142,-229.183639929887,38.8662877689845));
#8864=CARTESIAN_POINT('Origin',(23.4578851013799,-227.421716266262,38.2250000000263));
#8865=CARTESIAN_POINT('',(20.4480927301206,-223.204303074517,55.294380755973));
#8866=CARTESIAN_POINT('',(24.2750111334878,-233.363076337432,33.5908479897963));
#8867=CARTESIAN_POINT('',(22.5129995531988,-229.72597119713,43.583712231045));
#8868=CARTESIAN_POINT('',(20.9443200917658,-226.487937919419,52.4801355414781));
#8869=CARTESIAN_POINT('',(22.0693101283045,-231.487894859548,46.1000000000048));
#8870=CARTESIAN_POINT('Origin',(22.3999232171329,-231.487894861022,44.2250000000048));
#8871=CARTESIAN_POINT('',(22.2868468810676,-233.249818523444,44.866287768961));
#8872=CARTESIAN_POINT('Origin',(22.3999232171329,-231.487894859551,44.2250000000048));
#8873=CARTESIAN_POINT('',(24.0488584614387,-236.886923663934,34.8734235272463));
#8874=CARTESIAN_POINT('',(19.7608835842817,-228.035781230097,59.1917374910441));
#8875=CARTESIAN_POINT('Origin',(24.1619347974632,-235.125000000683,34.2321357585213));
#8876=CARTESIAN_POINT('',(27.2655833925366,-174.,16.6304699068));
#8877=CARTESIAN_POINT('Origin',(26.649132361819,-174.,20.1265374299933));
#8878=CARTESIAN_POINT('',(27.2655833925366,-152.1,16.6304699068));
#8879=CARTESIAN_POINT('',(27.2655833925366,-168.55,16.6304699068));
#8880=CARTESIAN_POINT('Origin',(26.6491323618189,-152.1,20.1265374299934));
#8881=CARTESIAN_POINT('',(26.2775805913253,-138.753264299456,22.2337122310409));
#8882=CARTESIAN_POINT('',(22.1970747865621,-147.176153685391,45.3754106164386));
#8883=CARTESIAN_POINT('',(26.0514279191943,-135.22941697192,23.5162877689555));
#8884=CARTESIAN_POINT('Origin',(26.1645042552599,-136.991340635813,22.8749999999973));
#8885=CARTESIAN_POINT('',(20.4480927301206,-146.795696925483,55.294380755973));
#8886=CARTESIAN_POINT('',(24.0488584614387,-133.113076336066,34.8734235272463));
#8887=CARTESIAN_POINT('Origin',(24.1619347974632,-134.874999999317,34.2321357585213));
#8888=CARTESIAN_POINT('',(22.2868468810676,-136.750181476556,44.866287768961));
#8889=CARTESIAN_POINT('',(19.7608835842817,-141.964218769903,59.1917374910441));
#8890=CARTESIAN_POINT('',(22.0693101283045,-138.512105140452,46.1000000000048));
#8891=CARTESIAN_POINT('Origin',(22.3999232171329,-138.512105140449,44.2250000000048));
#8892=CARTESIAN_POINT('Origin',(22.3999232171329,-138.512105138978,44.2250000000048));
#8893=CARTESIAN_POINT('',(21.4830990762278,-152.1,49.4245680821066));
#8894=CARTESIAN_POINT('Origin',(22.0995501069454,-152.1,45.9285005589133));
#8895=CARTESIAN_POINT('',(21.4830990762278,-174.,49.4245680821066));
#8896=CARTESIAN_POINT('',(21.4830990762278,-179.5,49.4245680821066));
#8897=CARTESIAN_POINT('Origin',(22.0995501069454,-174.,45.9285005589132));
#8898=CARTESIAN_POINT('Origin',(24.3743412343822,-145.25,33.0275189944533));
#8899=CARTESIAN_POINT('',(24.3743412343822,-142.9,33.0275189944533));
#8900=CARTESIAN_POINT('Origin',(44.6951681238736,-55.3753091327404,51.2621297399293));
#8901=CARTESIAN_POINT('',(27.953436322666,-148.282964913925,48.3101107195915));
#8902=CARTESIAN_POINT('',(27.953436322666,-129.,48.3101107195915));
#8903=CARTESIAN_POINT('',(27.953436322666,-174.024999999993,48.3101107195915));
#8904=CARTESIAN_POINT('',(31.6161308149237,-129.,62.1220921280363));
#8905=CARTESIAN_POINT('Origin',(44.6951681238735,-129.,51.2621297399293));
#8906=CARTESIAN_POINT('',(31.6161308149237,-241.,62.1220921280363));
#8907=CARTESIAN_POINT('',(31.6161308149237,-55.3753091327404,62.1220921280363));
#8908=CARTESIAN_POINT('',(27.953436322666,-241.,48.3101107195915));
#8909=CARTESIAN_POINT('Origin',(44.6951681238735,-241.,51.2621297399293));
#8910=CARTESIAN_POINT('',(27.953436322666,-219.7,48.3101107195915));
#8911=CARTESIAN_POINT('',(27.953436322666,-174.024999999993,48.3101107195915));
#8912=CARTESIAN_POINT('',(27.7522676773144,-219.7,49.8699643553628));
#8913=CARTESIAN_POINT('Origin',(44.6951681238735,-219.7,51.2621297399293));
#8914=CARTESIAN_POINT('',(27.7522676773144,-194.2,49.8699643553627));
#8915=CARTESIAN_POINT('',(27.7522676773144,-55.3753091327404,49.8699643553625));
#8916=CARTESIAN_POINT('',(27.953436322666,-194.2,48.3101107195915));
#8917=CARTESIAN_POINT('Origin',(44.6951681238735,-194.2,51.2621297399293));
#8918=CARTESIAN_POINT('',(27.953436322666,-177.817035085085,48.3101107195915));
#8919=CARTESIAN_POINT('',(27.953436322666,-55.3753091327404,48.3101107195915));
#8920=CARTESIAN_POINT('',(27.7599733006493,-176.983922509914,49.779167737908));
#8921=CARTESIAN_POINT('Origin',(44.6951681238735,-177.817035085085,51.2621297399293));
#8922=CARTESIAN_POINT('',(27.7071648244505,-175.545999359886,50.6235814654891));
#8923=CARTESIAN_POINT('Ctrl Pts',(27.7599733006493,-176.983922509914,49.779167737908));
#8924=CARTESIAN_POINT('Ctrl Pts',(27.7482502423641,-176.908578072522,49.9130432355359));
#8925=CARTESIAN_POINT('Ctrl Pts',(27.7392096457305,-176.814881019371,50.0348819073305));
#8926=CARTESIAN_POINT('Ctrl Pts',(27.7226615016113,-176.565845566558,50.2845725716945));
#8927=CARTESIAN_POINT('Ctrl Pts',(27.7162164515094,-176.380581174337,50.4121886621435));
#8928=CARTESIAN_POINT('Ctrl Pts',(27.7085780756245,-175.974338235283,50.5817193465544));
#8929=CARTESIAN_POINT('Ctrl Pts',(27.7071648244505,-175.753341956707,50.6235814654891));
#8930=CARTESIAN_POINT('Ctrl Pts',(27.7071648244505,-175.54599935952,50.6235814654891));
#8931=CARTESIAN_POINT('',(27.7071648244827,-150.554000638723,50.6235814646326));
#8932=CARTESIAN_POINT('',(27.7071648246053,-55.3753091327404,50.6235814613704));
#8933=CARTESIAN_POINT('',(27.7599733006582,-149.116077489542,49.7791677378069));
#8934=CARTESIAN_POINT('Ctrl Pts',(27.7071648244827,-150.554000638723,50.6235814646326));
#8935=CARTESIAN_POINT('Ctrl Pts',(27.7071648244827,-150.346658041706,50.6235814646326));
#8936=CARTESIAN_POINT('Ctrl Pts',(27.7085780756578,-150.125661763312,50.5817193457328));
#8937=CARTESIAN_POINT('Ctrl Pts',(27.7162164515438,-149.719418824592,50.4121886614625));
#8938=CARTESIAN_POINT('Ctrl Pts',(27.7226615016454,-149.534154432523,50.2845725711192));
#8939=CARTESIAN_POINT('Ctrl Pts',(27.7392096457582,-149.285118979908,50.0348819069551));
#8940=CARTESIAN_POINT('Ctrl Pts',(27.7482502423805,-149.191421926887,49.9130432353394));
#8941=CARTESIAN_POINT('Ctrl Pts',(27.7599733006582,-149.116077489542,49.7791677378069));
#8942=CARTESIAN_POINT('Origin',(44.6951681238735,-148.282964913925,51.2621297399293));
#8943=CARTESIAN_POINT('',(28.0960999273897,-163.154615891353,54.9324069785692));
#8944=CARTESIAN_POINT('',(28.4326575742945,-159.630768563692,56.214982516343));
#8945=CARTESIAN_POINT('Ctrl Pts',(28.0960999274155,-163.154615891016,54.9324069786861));
#8946=CARTESIAN_POINT('Ctrl Pts',(28.0905166694879,-163.145425406697,54.9071563305552));
#8947=CARTESIAN_POINT('Ctrl Pts',(28.0850308293986,-163.135680634099,54.882072679441));
#8948=CARTESIAN_POINT('Ctrl Pts',(28.0294124092696,-163.02938451462,54.6250178922799));
#8949=CARTESIAN_POINT('Ctrl Pts',(27.9885963973279,-162.883566364166,54.4117024224267));
#8950=CARTESIAN_POINT('Ctrl Pts',(27.929303132606,-162.548224295444,54.0787954182977));
#8951=CARTESIAN_POINT('Ctrl Pts',(27.9064355310768,-162.338432892989,53.9356481957968));
#8952=CARTESIAN_POINT('Ctrl Pts',(27.8772711806372,-161.878143298441,53.7455921089077));
#8953=CARTESIAN_POINT('Ctrl Pts',(27.8706874197607,-161.627658586876,53.6986947476679));
#8954=CARTESIAN_POINT('Ctrl Pts',(27.8706874197607,-161.392692227192,53.6986947476679));
#8955=CARTESIAN_POINT('Ctrl Pts',(27.8706874197607,-161.357215465006,53.6986947476679));
#8956=CARTESIAN_POINT('Ctrl Pts',(27.8708331485763,-161.321746102639,53.6997016412481));
#8957=CARTESIAN_POINT('Ctrl Pts',(27.8715413868401,-161.235785721594,53.704585846672));
#8958=CARTESIAN_POINT('Ctrl Pts',(27.8722548041133,-161.185384040848,53.7095031812072));
#8959=CARTESIAN_POINT('Ctrl Pts',(27.8753182549187,-161.033909306355,53.7305000345193));
#8960=CARTESIAN_POINT('Ctrl Pts',(27.8785860826992,-160.933922472869,53.7528142585598));
#8961=CARTESIAN_POINT('Ctrl Pts',(27.8929258184869,-160.626178817145,53.8484422730081));
#8962=CARTESIAN_POINT('Ctrl Pts',(27.9084770362955,-160.429591089214,53.9500966291321));
#8963=CARTESIAN_POINT('Ctrl Pts',(27.9504193062605,-160.102877427752,54.1993579095767));
#8964=CARTESIAN_POINT('Ctrl Pts',(27.9749956735366,-159.969681959523,54.338000458664));
#8965=CARTESIAN_POINT('Ctrl Pts',(28.0318748437128,-159.762685219459,54.6317642487376));
#8966=CARTESIAN_POINT('Ctrl Pts',(28.0627113868753,-159.684943162664,54.7817063465767));
#8967=CARTESIAN_POINT('Ctrl Pts',(28.0976133977731,-159.628294709626,54.9392450650313));
#8968=CARTESIAN_POINT('Ctrl Pts',(28.1432778066318,-159.554178117081,55.1453624853617));
#8969=CARTESIAN_POINT('Ctrl Pts',(28.1953200338956,-159.517206399761,55.3615291673341));
#8970=CARTESIAN_POINT('Ctrl Pts',(28.3093554735624,-159.518191402226,55.7959985544571));
#8971=CARTESIAN_POINT('Ctrl Pts',(28.3706847255888,-159.556705870104,56.0114969391746));
#8972=CARTESIAN_POINT('Ctrl Pts',(28.4326575743286,-159.630768563359,56.2149825164552));
#8973=CARTESIAN_POINT('',(29.8711583814841,-164.847552554317,59.583712231111));
#8974=CARTESIAN_POINT('Origin',(44.6951681238735,-161.818744224547,51.2621297399293));
#8975=CARTESIAN_POINT('',(30.6680462325602,-161.323705226645,60.8662877689414));
#8976=CARTESIAN_POINT('Ctrl Pts',(30.6680462325602,-161.323705226645,60.8662877689414));
#8977=CARTESIAN_POINT('Ctrl Pts',(30.6920791986974,-161.336480862257,60.901388539295));
#8978=CARTESIAN_POINT('Ctrl Pts',(30.7160874530583,-161.350329056141,60.9361701047208));
#8979=CARTESIAN_POINT('Ctrl Pts',(30.9065090075311,-161.468945681338,61.2098878006509));
#8980=CARTESIAN_POINT('Ctrl Pts',(31.0684517617381,-161.625280122533,61.4287828221696));
#8981=CARTESIAN_POINT('Ctrl Pts',(31.3107287958203,-161.967937901528,61.7449111639976));
#8982=CARTESIAN_POINT('Ctrl Pts',(31.4144061436063,-162.164015754385,61.8750672947026));
#8983=CARTESIAN_POINT('Ctrl Pts',(31.5584127523429,-162.604786218302,62.0528081639447));
#8984=CARTESIAN_POINT('Ctrl Pts',(31.5978184597167,-162.849938315752,62.1000000000317));
#8985=CARTESIAN_POINT('Ctrl Pts',(31.5978184597167,-163.085628890555,62.1000000000317));
#8986=CARTESIAN_POINT('Ctrl Pts',(31.5978184597167,-163.111151950849,62.1000000000317));
#8987=CARTESIAN_POINT('Ctrl Pts',(31.5973871917771,-163.136664140223,62.0994788844551));
#8988=CARTESIAN_POINT('Ctrl Pts',(31.5952821962309,-163.198958126812,62.0969344215973));
#8989=CARTESIAN_POINT('Ctrl Pts',(31.5931435075845,-163.235658381442,62.0943489695994));
#8990=CARTESIAN_POINT('Ctrl Pts',(31.5865520320847,-163.315425117013,62.0863717728724));
#8991=CARTESIAN_POINT('Ctrl Pts',(31.5817560752118,-163.358340460382,62.0805636785594));
#8992=CARTESIAN_POINT('Ctrl Pts',(31.5586401955586,-163.522798166217,62.0525124937244));
#8993=CARTESIAN_POINT('Ctrl Pts',(31.5319475413506,-163.640464125579,62.02004051205));
#8994=CARTESIAN_POINT('Ctrl Pts',(31.4493183369515,-163.907873110405,61.9182669450785));
#8995=CARTESIAN_POINT('Ctrl Pts',(31.386716905325,-164.050527302156,61.8403478051032));
#8996=CARTESIAN_POINT('Ctrl Pts',(31.2184945808088,-164.349812868887,61.6257040776798));
#8997=CARTESIAN_POINT('Ctrl Pts',(31.1056330183213,-164.49459464768,61.4780435228947));
#8998=CARTESIAN_POINT('Ctrl Pts',(30.883686600773,-164.711119325449,61.1754233484099));
#8999=CARTESIAN_POINT('Ctrl Pts',(30.7753001042654,-164.790766927885,61.0229945847858));
#9000=CARTESIAN_POINT('Ctrl Pts',(30.6663524649878,-164.848451144851,60.8638135094045));
#9001=CARTESIAN_POINT('Ctrl Pts',(30.4805725188795,-164.946815559082,60.5923743868875));
#9002=CARTESIAN_POINT('Ctrl Pts',(30.2918707334106,-164.98225166523,60.2988163556299));
#9003=CARTESIAN_POINT('Ctrl Pts',(30.0308908600728,-164.931046945852,59.8636685445978));
#9004=CARTESIAN_POINT('Ctrl Pts',(29.9487029423464,-164.897830436921,59.7218495778136));
#9005=CARTESIAN_POINT('Ctrl Pts',(29.8711583814636,-164.847552554448,59.5837122310746));
#9006=CARTESIAN_POINT('Origin',(44.6951681238735,-157.82807757782,51.2621297399293));
#9007=CARTESIAN_POINT('',(28.3580040307389,-147.039011386117,55.9628817429594));
#9008=CARTESIAN_POINT('',(28.0423584614663,-150.562858713776,54.6803062051862));
#9009=CARTESIAN_POINT('Ctrl Pts',(28.358004030739,-147.039011386115,55.9628817429599));
#9010=CARTESIAN_POINT('Ctrl Pts',(28.2979039633512,-146.962987483714,55.7540077878374));
#9011=CARTESIAN_POINT('Ctrl Pts',(28.2387102178038,-146.925935050031,55.532018395009));
#9012=CARTESIAN_POINT('Ctrl Pts',(28.1295465841058,-146.925935050031,55.0880939586948));
#9013=CARTESIAN_POINT('Ctrl Pts',(28.0736459834909,-146.972272848126,54.8371821252786));
#9014=CARTESIAN_POINT('Ctrl Pts',(27.9805764675996,-147.164137199952,54.3731462247279));
#9015=CARTESIAN_POINT('Ctrl Pts',(27.9431290383951,-147.309743782137,54.1601111566078));
#9016=CARTESIAN_POINT('Ctrl Pts',(27.8889578119429,-147.644797296534,53.8271065148809));
#9017=CARTESIAN_POINT('Ctrl Pts',(27.8682591072835,-147.854760812339,53.6837728764714));
#9018=CARTESIAN_POINT('Ctrl Pts',(27.8419739351214,-148.315320918283,53.4935122940002));
#9019=CARTESIAN_POINT('Ctrl Pts',(27.8361018386559,-148.565904725265,53.4465939741614));
#9020=CARTESIAN_POINT('Ctrl Pts',(27.8361018386559,-149.036934531717,53.4465939741613));
#9021=CARTESIAN_POINT('Ctrl Pts',(27.8420207100316,-149.288483949633,53.4938969987779));
#9022=CARTESIAN_POINT('Ctrl Pts',(27.8685177632064,-149.750513223711,53.6855984437546));
#9023=CARTESIAN_POINT('Ctrl Pts',(27.8893859493366,-149.960979911809,53.8299884066077));
#9024=CARTESIAN_POINT('Ctrl Pts',(27.9438037858005,-150.294990550913,54.1639990457118));
#9025=CARTESIAN_POINT('Ctrl Pts',(27.9812149047506,-150.439536087968,54.3765179586381));
#9026=CARTESIAN_POINT('Ctrl Pts',(28.0324550489187,-150.544627860961,54.631787230518));
#9027=CARTESIAN_POINT('Ctrl Pts',(28.0373628206921,-150.5540004194,54.6559682414208));
#9028=CARTESIAN_POINT('Ctrl Pts',(28.0423584614663,-150.562858713776,54.6803062051862));
#9029=CARTESIAN_POINT('',(29.8711583814841,-152.347552554317,59.5837122311111));
#9030=CARTESIAN_POINT('Origin',(44.6951681238735,-149.318744224547,51.2621297399293));
#9031=CARTESIAN_POINT('',(30.6680462325602,-148.823705226645,60.8662877689415));
#9032=CARTESIAN_POINT('Ctrl Pts',(30.6680462325602,-148.823705226645,60.8662877689415));
#9033=CARTESIAN_POINT('Ctrl Pts',(30.6920791986974,-148.836480862257,60.901388539295));
#9034=CARTESIAN_POINT('Ctrl Pts',(30.7160874530583,-148.850329056141,60.9361701047208));
#9035=CARTESIAN_POINT('Ctrl Pts',(30.9065090075311,-148.968945681338,61.2098878006509));
#9036=CARTESIAN_POINT('Ctrl Pts',(31.0684517617381,-149.125280122533,61.4287828221696));
#9037=CARTESIAN_POINT('Ctrl Pts',(31.3107287958203,-149.467937901528,61.7449111639976));
#9038=CARTESIAN_POINT('Ctrl Pts',(31.4144061436063,-149.664015754385,61.8750672947026));
#9039=CARTESIAN_POINT('Ctrl Pts',(31.5584127523429,-150.104786218302,62.0528081639447));
#9040=CARTESIAN_POINT('Ctrl Pts',(31.5978184597167,-150.349938315752,62.1000000000317));
#9041=CARTESIAN_POINT('Ctrl Pts',(31.5978184597167,-150.585628890555,62.1000000000317));
#9042=CARTESIAN_POINT('Ctrl Pts',(31.5978184597167,-150.821319465358,62.1000000000317));
#9043=CARTESIAN_POINT('Ctrl Pts',(31.5584127523429,-151.066471562808,62.0528081639447));
#9044=CARTESIAN_POINT('Ctrl Pts',(31.4864094479746,-151.286856794767,61.9639377293237));
#9045=CARTESIAN_POINT('Ctrl Pts',(31.4285742547752,-151.463876609664,61.8925543602049));
#9046=CARTESIAN_POINT('Ctrl Pts',(31.3519024432638,-151.623639995862,61.7967190497122));
#9047=CARTESIAN_POINT('Ctrl Pts',(31.1522313073664,-151.942486499959,61.539406488231));
#9048=CARTESIAN_POINT('Ctrl Pts',(31.0221365789602,-152.088881120143,61.3666641631988));
#9049=CARTESIAN_POINT('Ctrl Pts',(30.7161201002672,-152.340691841981,60.9405775996863));
#9050=CARTESIAN_POINT('Ctrl Pts',(30.5351190793328,-152.42651273306,60.6747982156392));
#9051=CARTESIAN_POINT('Ctrl Pts',(30.1882089259643,-152.47786053602,60.1306716302906));
#9052=CARTESIAN_POINT('Ctrl Pts',(30.0212957626861,-152.444897739229,59.8511659280499));
#9053=CARTESIAN_POINT('Ctrl Pts',(29.8711583814638,-152.347552554448,59.5837122310749));
#9054=CARTESIAN_POINT('Origin',(44.6951681238735,-145.32807757782,51.2621297399293));
#9055=CARTESIAN_POINT('',(29.8711583814571,-177.347552554255,59.583712231063));
#9056=CARTESIAN_POINT('',(28.0960999274003,-175.654615891233,54.932406978617));
#9057=CARTESIAN_POINT('Origin',(44.6951681238735,-174.318744224335,51.2621297399293));
#9058=CARTESIAN_POINT('',(30.6680462326137,-173.823705226604,60.8662877690195));
#9059=CARTESIAN_POINT('Ctrl Pts',(30.6680462326137,-173.823705226604,60.8662877690195));
#9060=CARTESIAN_POINT('Ctrl Pts',(30.692079198729,-173.836480862207,60.9013885393408));
#9061=CARTESIAN_POINT('Ctrl Pts',(30.7160874530682,-173.850329056079,60.9361701047349));
#9062=CARTESIAN_POINT('Ctrl Pts',(30.9065090075189,-173.968945681263,61.209887800634));
#9063=CARTESIAN_POINT('Ctrl Pts',(31.0684517617255,-174.125280122458,61.4287828221526));
#9064=CARTESIAN_POINT('Ctrl Pts',(31.310728795807,-174.467937901452,61.7449111639807));
#9065=CARTESIAN_POINT('Ctrl Pts',(31.4144061435929,-174.664015754309,61.8750672946857));
#9066=CARTESIAN_POINT('Ctrl Pts',(31.5584127523291,-175.104786218227,62.0528081639279));
#9067=CARTESIAN_POINT('Ctrl Pts',(31.5978184597028,-175.349938315676,62.1000000000149));
#9068=CARTESIAN_POINT('Ctrl Pts',(31.5978184597028,-175.58562889048,62.1000000000149));
#9069=CARTESIAN_POINT('Ctrl Pts',(31.5978184597028,-175.611151950772,62.1000000000149));
#9070=CARTESIAN_POINT('Ctrl Pts',(31.5973871917633,-175.636664140144,62.0994788844384));
#9071=CARTESIAN_POINT('Ctrl Pts',(31.5952821962174,-175.698958126729,62.0969344215809));
#9072=CARTESIAN_POINT('Ctrl Pts',(31.5931435075712,-175.735658381356,62.0943489695834));
#9073=CARTESIAN_POINT('Ctrl Pts',(31.5865520320725,-175.815425116922,62.0863717728575));
#9074=CARTESIAN_POINT('Ctrl Pts',(31.5817560752002,-175.858340460288,62.0805636785453));
#9075=CARTESIAN_POINT('Ctrl Pts',(31.5586401955504,-176.022798166111,62.0525124937145));
#9076=CARTESIAN_POINT('Ctrl Pts',(31.5319475413464,-176.140464125464,62.0200405120448));
#9077=CARTESIAN_POINT('Ctrl Pts',(31.449318336957,-176.40787311028,61.9182669450854));
#9078=CARTESIAN_POINT('Ctrl Pts',(31.3867169053358,-176.55052730203,61.8403478051167));
#9079=CARTESIAN_POINT('Ctrl Pts',(31.2184945808317,-176.84981286876,61.6257040777094));
#9080=CARTESIAN_POINT('Ctrl Pts',(31.1056330183512,-176.994594647554,61.4780435229342));
#9081=CARTESIAN_POINT('Ctrl Pts',(30.8836866008154,-177.211119325329,61.1754233484688));
#9082=CARTESIAN_POINT('Ctrl Pts',(30.7753001043137,-177.290766927769,61.0229945848544));
#9083=CARTESIAN_POINT('Ctrl Pts',(30.6663524650413,-177.348451144742,60.8638135094826));
#9084=CARTESIAN_POINT('Ctrl Pts',(30.4805725189326,-177.446815558988,60.5923743869683));
#9085=CARTESIAN_POINT('Ctrl Pts',(30.2918707334612,-177.482251665151,60.2988163557106));
#9086=CARTESIAN_POINT('Ctrl Pts',(30.0308908600945,-177.431046945791,59.8636685446356));
#9087=CARTESIAN_POINT('Ctrl Pts',(29.9487029423441,-177.397830436853,59.7218495778105));
#9088=CARTESIAN_POINT('Ctrl Pts',(29.8711583814401,-177.347552554364,59.5837122310327));
#9089=CARTESIAN_POINT('',(28.4326575743684,-172.130768563428,56.2149825165859));
#9090=CARTESIAN_POINT('Origin',(44.6951681238735,-170.328077577166,51.2621297399293));
#9091=CARTESIAN_POINT('Ctrl Pts',(28.096099927426,-175.654615890897,54.9324069787336));
#9092=CARTESIAN_POINT('Ctrl Pts',(28.0905166695003,-175.645425406581,54.9071563306116));
#9093=CARTESIAN_POINT('Ctrl Pts',(28.0850308294129,-175.635680633986,54.8820726795064));
#9094=CARTESIAN_POINT('Ctrl Pts',(28.0294124092814,-175.529384514504,54.6250178923392));
#9095=CARTESIAN_POINT('Ctrl Pts',(27.9885963973364,-175.383566364041,54.4117024224722));
#9096=CARTESIAN_POINT('Ctrl Pts',(27.9293031326099,-175.048224295297,54.0787954183219));
#9097=CARTESIAN_POINT('Ctrl Pts',(27.9064355310792,-174.838432892829,53.9356481958119));
#9098=CARTESIAN_POINT('Ctrl Pts',(27.8772711806376,-174.378143298252,53.7455921089107));
#9099=CARTESIAN_POINT('Ctrl Pts',(27.8706874197607,-174.12765858667,53.6986947476679));
#9100=CARTESIAN_POINT('Ctrl Pts',(27.8706874197607,-173.892692226971,53.6986947476679));
#9101=CARTESIAN_POINT('Ctrl Pts',(27.8706874197607,-173.857215464784,53.6986947476679));
#9102=CARTESIAN_POINT('Ctrl Pts',(27.8708331485763,-173.821746102415,53.6997016412481));
#9103=CARTESIAN_POINT('Ctrl Pts',(27.8715413868402,-173.735785721366,53.7045858466722));
#9104=CARTESIAN_POINT('Ctrl Pts',(27.8722548041133,-173.685384040618,53.7095031812076));
#9105=CARTESIAN_POINT('Ctrl Pts',(27.8753182549188,-173.533909306118,53.7305000345202));
#9106=CARTESIAN_POINT('Ctrl Pts',(27.8785860826994,-173.433922472627,53.7528142585613));
#9107=CARTESIAN_POINT('Ctrl Pts',(27.8929258184875,-173.12617881689,53.848442273012));
#9108=CARTESIAN_POINT('Ctrl Pts',(27.9084770362965,-172.92959108895,53.9500966291382));
#9109=CARTESIAN_POINT('Ctrl Pts',(27.9504193062629,-172.602877427468,54.1993579095905));
#9110=CARTESIAN_POINT('Ctrl Pts',(27.9749956735402,-172.46968195923,54.3380004586837));
#9111=CARTESIAN_POINT('Ctrl Pts',(28.0318748437195,-172.26268521915,54.6317642487706));
#9112=CARTESIAN_POINT('Ctrl Pts',(28.0627113868837,-172.184943162348,54.7817063466167));
#9113=CARTESIAN_POINT('Ctrl Pts',(28.0976133977837,-172.128294709305,54.9392450650791));
#9114=CARTESIAN_POINT('Ctrl Pts',(28.1432778066453,-172.054178116752,55.1453624854199));
#9115=CARTESIAN_POINT('Ctrl Pts',(28.1953200339127,-172.017206399426,55.3615291674038));
#9116=CARTESIAN_POINT('Ctrl Pts',(28.3093554736009,-172.018191401881,55.7959985545992));
#9117=CARTESIAN_POINT('Ctrl Pts',(28.3706847256468,-172.056705869774,56.0114969393765));
#9118=CARTESIAN_POINT('Ctrl Pts',(28.4326575744061,-172.13076856306,56.2149825167096));
#9119=CARTESIAN_POINT('',(27.7286956156633,-179.009963482541,52.3292804402656));
#9120=CARTESIAN_POINT('',(28.021280346334,-177.7933639439,54.5759593006376));
#9121=CARTESIAN_POINT('Origin',(44.6951681238735,-181.259500004732,51.2621297399293));
#9122=CARTESIAN_POINT('',(27.8384807354579,-181.370478231218,53.4648758190838));
#9123=CARTESIAN_POINT('Ctrl Pts',(27.7286956154261,-179.009963484968,52.3292804416105));
#9124=CARTESIAN_POINT('Ctrl Pts',(27.7245324014741,-179.206445661033,52.2630901135221));
#9125=CARTESIAN_POINT('Ctrl Pts',(27.7228090244085,-179.413001400222,52.2311635880515));
#9126=CARTESIAN_POINT('Ctrl Pts',(27.7228090244085,-179.843846266315,52.2311635880515));
#9127=CARTESIAN_POINT('Ctrl Pts',(27.7252881664503,-180.094803672403,52.2781688374386));
#9128=CARTESIAN_POINT('Ctrl Pts',(27.7378047688158,-180.556348539018,52.4691878548047));
#9129=CARTESIAN_POINT('Ctrl Pts',(27.7481228052249,-180.766928459366,52.6132013535786));
#9130=CARTESIAN_POINT('Ctrl Pts',(27.7779826116395,-181.100850484901,52.9464942654984));
#9131=CARTESIAN_POINT('Ctrl Pts',(27.7996509291676,-181.245655403602,53.1584154824734));
#9132=CARTESIAN_POINT('Ctrl Pts',(27.8319735469719,-181.351580478318,53.4146385907524));
#9133=CARTESIAN_POINT('Ctrl Pts',(27.8351869444885,-181.361303999633,53.4396698249745));
#9134=CARTESIAN_POINT('Ctrl Pts',(27.8384807354579,-181.370478231218,53.4648758190838));
#9135=CARTESIAN_POINT('',(29.8711583814478,-183.597552554399,59.5837122310465));
#9136=CARTESIAN_POINT('Origin',(44.6951681238735,-180.568744224441,51.2621297399293));
#9137=CARTESIAN_POINT('',(30.6680462325746,-180.073705226625,60.8662877689624));
#9138=CARTESIAN_POINT('Ctrl Pts',(30.6680462325746,-180.073705226625,60.8662877689624));
#9139=CARTESIAN_POINT('Ctrl Pts',(30.692079198701,-180.086480862233,60.9013885393002));
#9140=CARTESIAN_POINT('Ctrl Pts',(30.7160874530513,-180.100329056111,60.9361701047105));
#9141=CARTESIAN_POINT('Ctrl Pts',(30.9065090075128,-180.218945681302,61.2098878006255));
#9142=CARTESIAN_POINT('Ctrl Pts',(31.0684517617192,-180.375280122496,61.4287828221441));
#9143=CARTESIAN_POINT('Ctrl Pts',(31.3107287958004,-180.717937901491,61.7449111639723));
#9144=CARTESIAN_POINT('Ctrl Pts',(31.4144061435861,-180.914015754348,61.8750672946773));
#9145=CARTESIAN_POINT('Ctrl Pts',(31.5584127523222,-181.354786218265,62.0528081639196));
#9146=CARTESIAN_POINT('Ctrl Pts',(31.5978184596959,-181.599938315715,62.1000000000065));
#9147=CARTESIAN_POINT('Ctrl Pts',(31.5978184596959,-181.835628890518,62.1000000000065));
#9148=CARTESIAN_POINT('Ctrl Pts',(31.5978184596959,-181.861151950811,62.1000000000065));
#9149=CARTESIAN_POINT('Ctrl Pts',(31.5973871917563,-181.886664140184,62.0994788844299));
#9150=CARTESIAN_POINT('Ctrl Pts',(31.5952821962102,-181.948958126772,62.0969344215723));
#9151=CARTESIAN_POINT('Ctrl Pts',(31.5931435075639,-181.9856583814,62.0943489695745));
#9152=CARTESIAN_POINT('Ctrl Pts',(31.5865520320647,-182.065425116969,62.0863717728481));
#9153=CARTESIAN_POINT('Ctrl Pts',(31.5817560751921,-182.108340460337,62.0805636785355));
#9154=CARTESIAN_POINT('Ctrl Pts',(31.5586401955406,-182.272798166166,62.0525124937025));
#9155=CARTESIAN_POINT('Ctrl Pts',(31.5319475413346,-182.390464125523,62.0200405120304));
#9156=CARTESIAN_POINT('Ctrl Pts',(31.4493183369404,-182.657873110344,61.9182669450646));
#9157=CARTESIAN_POINT('Ctrl Pts',(31.3867169053165,-182.800527302095,61.8403478050925));
#9158=CARTESIAN_POINT('Ctrl Pts',(31.2184945808065,-183.099812868826,61.6257040776768));
#9159=CARTESIAN_POINT('Ctrl Pts',(31.1056330183227,-183.244594647619,61.4780435228964));
#9160=CARTESIAN_POINT('Ctrl Pts',(30.8836866007811,-183.461119325391,61.1754233484211));
#9161=CARTESIAN_POINT('Ctrl Pts',(30.7753001042769,-183.540766927829,61.022994584802));
#9162=CARTESIAN_POINT('Ctrl Pts',(30.6663524650022,-183.598451144798,60.8638135094255));
#9163=CARTESIAN_POINT('Ctrl Pts',(30.4805724818003,-183.696815578676,60.5923743327129));
#9164=CARTESIAN_POINT('Ctrl Pts',(30.2918706582149,-183.732251679382,60.2988162382493));
#9165=CARTESIAN_POINT('Ctrl Pts',(30.0308907907768,-183.681046918174,59.8636684251738));
#9166=CARTESIAN_POINT('Ctrl Pts',(29.9487029084334,-183.647830414906,59.721849517402));
#9167=CARTESIAN_POINT('Ctrl Pts',(29.871158381446,-183.597552554409,59.5837122310433));
#9168=CARTESIAN_POINT('',(28.0562819464384,-177.846630903457,54.7474513569909));
#9169=CARTESIAN_POINT('Origin',(44.6951681238735,-176.578077577508,51.2621297399293));
#9170=CARTESIAN_POINT('Ctrl Pts',(28.0562819464385,-177.846630903454,54.7474513569917));
#9171=CARTESIAN_POINT('Ctrl Pts',(28.044473451036,-177.826112582253,54.6910777328283));
#9172=CARTESIAN_POINT('Ctrl Pts',(28.0327656795113,-177.808320693837,54.6337489863061));
#9173=CARTESIAN_POINT('Ctrl Pts',(28.0212803459873,-177.793363947448,54.5759593026038));
#9174=CARTESIAN_POINT('',(29.8711583814841,-139.847552554317,59.5837122311111));
#9175=CARTESIAN_POINT('',(27.7025093586725,-136.636923663747,50.762581854901));
#9176=CARTESIAN_POINT('Origin',(44.6951681238735,-136.818744224547,51.2621297399293));
#9177=CARTESIAN_POINT('',(30.6680462325602,-136.323705226645,60.8662877689415));
#9178=CARTESIAN_POINT('Ctrl Pts',(30.6680462325602,-136.323705226645,60.8662877689415));
#9179=CARTESIAN_POINT('Ctrl Pts',(30.6920791986974,-136.336480862257,60.901388539295));
#9180=CARTESIAN_POINT('Ctrl Pts',(30.7160874530583,-136.350329056141,60.9361701047208));
#9181=CARTESIAN_POINT('Ctrl Pts',(30.9065090075311,-136.468945681338,61.2098878006509));
#9182=CARTESIAN_POINT('Ctrl Pts',(31.0684517617381,-136.625280122533,61.4287828221696));
#9183=CARTESIAN_POINT('Ctrl Pts',(31.3107287958203,-136.967937901528,61.7449111639976));
#9184=CARTESIAN_POINT('Ctrl Pts',(31.4144061436063,-137.164015754385,61.8750672947026));
#9185=CARTESIAN_POINT('Ctrl Pts',(31.5584127523429,-137.604786218302,62.0528081639447));
#9186=CARTESIAN_POINT('Ctrl Pts',(31.5978184597167,-137.849938315752,62.1000000000317));
#9187=CARTESIAN_POINT('Ctrl Pts',(31.5978184597167,-138.085628890555,62.1000000000317));
#9188=CARTESIAN_POINT('Ctrl Pts',(31.5978184597167,-138.321319465358,62.1000000000317));
#9189=CARTESIAN_POINT('Ctrl Pts',(31.5584127523429,-138.566471562808,62.0528081639447));
#9190=CARTESIAN_POINT('Ctrl Pts',(31.4864094479746,-138.786856794767,61.9639377293237));
#9191=CARTESIAN_POINT('Ctrl Pts',(31.4285742547754,-138.963876609663,61.8925543602051));
#9192=CARTESIAN_POINT('Ctrl Pts',(31.3519024432642,-139.123639995861,61.7967190497128));
#9193=CARTESIAN_POINT('Ctrl Pts',(31.1522313073675,-139.442486499957,61.5394064882324));
#9194=CARTESIAN_POINT('Ctrl Pts',(31.0221365789616,-139.588881120142,61.3666641632007));
#9195=CARTESIAN_POINT('Ctrl Pts',(30.7161201002692,-139.84069184198,60.9405775996892));
#9196=CARTESIAN_POINT('Ctrl Pts',(30.535119079335,-139.926512733059,60.6747982156424));
#9197=CARTESIAN_POINT('Ctrl Pts',(30.1882089259658,-139.97786053602,60.130671630293));
#9198=CARTESIAN_POINT('Ctrl Pts',(30.0212957626868,-139.94489773923,59.851165928051));
#9199=CARTESIAN_POINT('Ctrl Pts',(29.8711583814638,-139.847552554448,59.5837122310749));
#9200=CARTESIAN_POINT('',(27.7132110018223,-133.113076335758,52.045157392579));
#9201=CARTESIAN_POINT('Origin',(44.6951681238735,-132.82807757782,51.2621297399293));
#9202=CARTESIAN_POINT('Ctrl Pts',(27.7025093586725,-136.636923663747,50.762581854901));
#9203=CARTESIAN_POINT('Ctrl Pts',(27.7032638075956,-136.627582953012,50.7369184630801));
#9204=CARTESIAN_POINT('Ctrl Pts',(27.7040709091444,-136.617676134157,50.7114453113438));
#9205=CARTESIAN_POINT('Ctrl Pts',(27.7127549654236,-136.511537102011,50.4552595242294));
#9206=CARTESIAN_POINT('Ctrl Pts',(27.7248319382557,-136.367284670188,50.2445316936077));
#9207=CARTESIAN_POINT('Ctrl Pts',(27.7480664452723,-136.034539634635,49.9117310106758));
#9208=CARTESIAN_POINT('Ctrl Pts',(27.7607321688297,-135.823792782992,49.767431905177));
#9209=CARTESIAN_POINT('Ctrl Pts',(27.7787205610011,-135.361843580999,49.5759966995073));
#9210=CARTESIAN_POINT('Ctrl Pts',(27.7837574976296,-135.110626408779,49.5288696236853));
#9211=CARTESIAN_POINT('Ctrl Pts',(27.7837574976296,-134.639399860476,49.5288696236852));
#9212=CARTESIAN_POINT('Ctrl Pts',(27.7787217112652,-134.388208872295,49.5759862805998));
#9213=CARTESIAN_POINT('Ctrl Pts',(27.760736659667,-133.926299635657,49.7673822912015));
#9214=CARTESIAN_POINT('Ctrl Pts',(27.7480730113511,-133.715566571939,49.9116526220262));
#9215=CARTESIAN_POINT('Ctrl Pts',(27.7248382613802,-133.38279371945,50.244425474516));
#9216=CARTESIAN_POINT('Ctrl Pts',(27.7127590847165,-133.23851251179,50.4551670929125));
#9217=CARTESIAN_POINT('Ctrl Pts',(27.6970989393514,-133.047111179045,50.9170942575786));
#9218=CARTESIAN_POINT('Ctrl Pts',(27.6937947995956,-132.999999999698,51.1682928539288));
#9219=CARTESIAN_POINT('Ctrl Pts',(27.6975088768835,-132.999999999698,51.6137364196691));
#9220=CARTESIAN_POINT('Ctrl Pts',(27.7035700886438,-133.036974579289,51.8360695351312));
#9221=CARTESIAN_POINT('Ctrl Pts',(27.7132110018223,-133.113076335758,52.045157392579));
#9222=CARTESIAN_POINT('',(27.7132110018223,-236.886923664242,52.045157392579));
#9223=CARTESIAN_POINT('',(30.6680462325602,-233.676294773355,60.8662877689415));
#9224=CARTESIAN_POINT('Origin',(44.6951681238735,-237.171922422179,51.2621297399293));
#9225=CARTESIAN_POINT('',(29.8711583814841,-230.152447445683,59.5837122311111));
#9226=CARTESIAN_POINT('Ctrl Pts',(30.6680462325826,-233.676294773487,60.8662877689742));
#9227=CARTESIAN_POINT('Ctrl Pts',(30.7541392534627,-233.630528759533,60.992028858846));
#9228=CARTESIAN_POINT('Ctrl Pts',(30.839622390262,-233.571186400794,61.1132105827311));
#9229=CARTESIAN_POINT('Ctrl Pts',(31.0507332346546,-233.386558218376,61.4049755651512));
#9230=CARTESIAN_POINT('Ctrl Pts',(31.1739274848725,-233.241730813399,61.5677555035101));
#9231=CARTESIAN_POINT('Ctrl Pts',(31.3609994223536,-232.933222866264,61.8080909330038));
#9232=CARTESIAN_POINT('Ctrl Pts',(31.4320357731819,-232.782023941507,61.8968267561713));
#9233=CARTESIAN_POINT('Ctrl Pts',(31.4864094479746,-232.6155990138,61.9639377293236));
#9234=CARTESIAN_POINT('Ctrl Pts',(31.5584128012049,-232.395213820016,62.0528082190219));
#9235=CARTESIAN_POINT('Ctrl Pts',(31.5978184597167,-232.150061684392,62.1000000000317));
#9236=CARTESIAN_POINT('Ctrl Pts',(31.5978184597167,-231.914371109589,62.1000000000317));
#9237=CARTESIAN_POINT('Ctrl Pts',(31.5978184597167,-231.678680534786,62.1000000000317));
#9238=CARTESIAN_POINT('Ctrl Pts',(31.5584127523429,-231.433528437336,62.0528081639447));
#9239=CARTESIAN_POINT('Ctrl Pts',(31.4144061436063,-230.992757973418,61.8750672947026));
#9240=CARTESIAN_POINT('Ctrl Pts',(31.3107287958203,-230.796680120562,61.7449111639977));
#9241=CARTESIAN_POINT('Ctrl Pts',(31.0684517617382,-230.454022341567,61.4287828221696));
#9242=CARTESIAN_POINT('Ctrl Pts',(30.9065090075311,-230.297687900372,61.2098878006509));
#9243=CARTESIAN_POINT('Ctrl Pts',(30.5734922808308,-230.090246466733,60.7311994956901));
#9244=CARTESIAN_POINT('Ctrl Pts',(30.4026040372488,-230.039371109589,60.4711766967474));
#9245=CARTESIAN_POINT('Ctrl Pts',(30.1225258443061,-230.039371109589,60.0197793242143));
#9246=CARTESIAN_POINT('Ctrl Pts',(29.9911178174762,-230.074668858051,59.7974071442749));
#9247=CARTESIAN_POINT('Ctrl Pts',(29.8711583814841,-230.152447445683,59.583712231111));
#9248=CARTESIAN_POINT('',(27.7025093586725,-233.363076336253,50.762581854901));
#9249=CARTESIAN_POINT('Origin',(44.6951681238735,-233.181255775453,51.2621297399293));
#9250=CARTESIAN_POINT('Ctrl Pts',(27.7025093586725,-233.363076336253,50.762581854901));
#9251=CARTESIAN_POINT('Ctrl Pts',(27.7032638075956,-233.372417046988,50.7369184630801));
#9252=CARTESIAN_POINT('Ctrl Pts',(27.7040709091444,-233.382323865843,50.7114453113438));
#9253=CARTESIAN_POINT('Ctrl Pts',(27.7127549654236,-233.488462897989,50.4552595242294));
#9254=CARTESIAN_POINT('Ctrl Pts',(27.7248319382557,-233.632715329812,50.2445316936077));
#9255=CARTESIAN_POINT('Ctrl Pts',(27.7480664452723,-233.965460365365,49.9117310106758));
#9256=CARTESIAN_POINT('Ctrl Pts',(27.7607321688297,-234.176207217008,49.767431905177));
#9257=CARTESIAN_POINT('Ctrl Pts',(27.7787205610011,-234.638156419001,49.5759966995073));
#9258=CARTESIAN_POINT('Ctrl Pts',(27.7837574976296,-234.889373591221,49.5288696236853));
#9259=CARTESIAN_POINT('Ctrl Pts',(27.7837574976296,-235.360600139524,49.5288696236852));
#9260=CARTESIAN_POINT('Ctrl Pts',(27.7787217112652,-235.611791127705,49.5759862805998));
#9261=CARTESIAN_POINT('Ctrl Pts',(27.760736659667,-236.073700364343,49.7673822912015));
#9262=CARTESIAN_POINT('Ctrl Pts',(27.7480730113511,-236.284433428061,49.9116526220262));
#9263=CARTESIAN_POINT('Ctrl Pts',(27.7248382613802,-236.61720628055,50.244425474516));
#9264=CARTESIAN_POINT('Ctrl Pts',(27.7127590847165,-236.76148748821,50.4551670929125));
#9265=CARTESIAN_POINT('Ctrl Pts',(27.6970989393514,-236.952888820955,50.9170942575786));
#9266=CARTESIAN_POINT('Ctrl Pts',(27.6937947995956,-237.000000000302,51.1682928539288));
#9267=CARTESIAN_POINT('Ctrl Pts',(27.6975088768835,-237.000000000302,51.6137364196691));
#9268=CARTESIAN_POINT('Ctrl Pts',(27.7035700886438,-236.963025420711,51.8360695351312));
#9269=CARTESIAN_POINT('Ctrl Pts',(27.7132110018223,-236.886923664242,52.045157392579));
#9270=CARTESIAN_POINT('',(27.7205387927535,-227.269172114444,50.333712230896));
#9271=CARTESIAN_POINT('',(27.8332229517527,-229.031095778322,49.0999999999762));
#9272=CARTESIAN_POINT('Ctrl Pts',(27.7205387927535,-227.269172114444,50.333712230896));
#9273=CARTESIAN_POINT('Ctrl Pts',(27.7219501847227,-227.27856438269,50.3079071859837));
#9274=CARTESIAN_POINT('Ctrl Pts',(27.7234100962739,-227.288528770965,50.2822951928505));
#9275=CARTESIAN_POINT('Ctrl Pts',(27.7385951850072,-227.394811554562,50.0259365708036));
#9276=CARTESIAN_POINT('Ctrl Pts',(27.7560284185127,-227.53912832622,49.815246664872));
#9277=CARTESIAN_POINT('Ctrl Pts',(27.7877312394353,-227.871840376949,49.4826753917067));
#9278=CARTESIAN_POINT('Ctrl Pts',(27.8040797012848,-228.082463161868,49.3384831907206));
#9279=CARTESIAN_POINT('Ctrl Pts',(27.8269703225877,-228.544254866509,49.1471386903292));
#9280=CARTESIAN_POINT('Ctrl Pts',(27.8332229517627,-228.795443731214,49.0999999998983));
#9281=CARTESIAN_POINT('Ctrl Pts',(27.8332229517627,-229.03109577832,49.0999999998983));
#9282=CARTESIAN_POINT('',(27.6988575803879,-230.793019441227,51.6162877687802));
#9283=CARTESIAN_POINT('Ctrl Pts',(27.8332229517627,-229.031095777306,49.0999999998983));
#9284=CARTESIAN_POINT('Ctrl Pts',(27.8332229517463,-229.266747824413,49.100000000026));
#9285=CARTESIAN_POINT('Ctrl Pts',(27.8269703225877,-229.517936689118,49.1471386903292));
#9286=CARTESIAN_POINT('Ctrl Pts',(27.8040797012848,-229.979728393759,49.3384831907205));
#9287=CARTESIAN_POINT('Ctrl Pts',(27.7877312394353,-230.190351178678,49.4826753917067));
#9288=CARTESIAN_POINT('Ctrl Pts',(27.7560284185127,-230.523063229407,49.815246664872));
#9289=CARTESIAN_POINT('Ctrl Pts',(27.7385951850072,-230.667380001064,50.0259365708036));
#9290=CARTESIAN_POINT('Ctrl Pts',(27.7112314410183,-230.858903075567,50.4878984220804));
#9291=CARTESIAN_POINT('Ctrl Pts',(27.7015764621879,-230.906095777306,50.7391922855931));
#9292=CARTESIAN_POINT('Ctrl Pts',(27.6940495767584,-230.906095777306,51.1847706493356));
#9293=CARTESIAN_POINT('Ctrl Pts',(27.6944992532717,-230.86914723737,51.4071283679373));
#9294=CARTESIAN_POINT('Ctrl Pts',(27.6988575803879,-230.793019441227,51.6162877687802));
#9295=CARTESIAN_POINT('',(30.6680462325469,-227.426294773343,60.8662877689219));
#9296=CARTESIAN_POINT('Origin',(44.6951681238735,-230.921922421988,51.2621297399293));
#9297=CARTESIAN_POINT('',(29.8711583814429,-223.902447445844,59.5837122310378));
#9298=CARTESIAN_POINT('Ctrl Pts',(30.6680462325933,-227.426294773617,60.8662877689897));
#9299=CARTESIAN_POINT('Ctrl Pts',(30.7406726450738,-227.387687446645,60.9723605280289));
#9300=CARTESIAN_POINT('Ctrl Pts',(30.8128384386053,-227.339428926764,61.0751586832145));
#9301=CARTESIAN_POINT('Ctrl Pts',(31.0161680293784,-227.173290728052,61.358509233323));
#9302=CARTESIAN_POINT('Ctrl Pts',(31.1445064877726,-227.030379320534,61.529197760458));
#9303=CARTESIAN_POINT('Ctrl Pts',(31.3406972856386,-226.722488180452,61.782455673846));
#9304=CARTESIAN_POINT('Ctrl Pts',(31.4157857339961,-226.570657459821,61.8765809611539));
#9305=CARTESIAN_POINT('Ctrl Pts',(31.4739840164898,-226.402534661745,61.9485833518));
#9306=CARTESIAN_POINT('Ctrl Pts',(31.5535540132371,-226.172673402565,62.0470266347289));
#9307=CARTESIAN_POINT('Ctrl Pts',(31.5978184597237,-225.914472673022,62.1000000000401));
#9308=CARTESIAN_POINT('Ctrl Pts',(31.5978184597237,-225.664371109721,62.1000000000401));
#9309=CARTESIAN_POINT('Ctrl Pts',(31.5978184597237,-225.428680534918,62.1000000000401));
#9310=CARTESIAN_POINT('Ctrl Pts',(31.5584127523498,-225.183528437468,62.0528081639531));
#9311=CARTESIAN_POINT('Ctrl Pts',(31.4144061436131,-224.742757973551,61.875067294711));
#9312=CARTESIAN_POINT('Ctrl Pts',(31.3107287958269,-224.546680120694,61.7449111640061));
#9313=CARTESIAN_POINT('Ctrl Pts',(31.0684517617445,-224.204022341699,61.428782822178));
#9314=CARTESIAN_POINT('Ctrl Pts',(30.9065090075373,-224.047687900504,61.2098878006594));
#9315=CARTESIAN_POINT('Ctrl Pts',(30.5734922808365,-223.840246466866,60.7311994956985));
#9316=CARTESIAN_POINT('Ctrl Pts',(30.4026040372542,-223.789371109721,60.4711766967558));
#9317=CARTESIAN_POINT('Ctrl Pts',(30.122525844295,-223.789371109721,60.0197793241966));
#9318=CARTESIAN_POINT('Ctrl Pts',(29.9911178174478,-223.824668858193,59.7974071442267));
#9319=CARTESIAN_POINT('Ctrl Pts',(29.8711583814429,-223.902447445844,59.5837122310378));
#9320=CARTESIAN_POINT('Origin',(44.6951681238735,-226.931255776025,51.2621297399293));
#9321=CARTESIAN_POINT('',(28.0960999273418,-169.404615890981,54.9324069783528));
#9322=CARTESIAN_POINT('',(28.432657574191,-165.880768563729,56.2149825160033));
#9323=CARTESIAN_POINT('Ctrl Pts',(28.0960999273676,-169.404615890645,54.9324069784695));
#9324=CARTESIAN_POINT('Ctrl Pts',(28.0905166694458,-169.395425406334,54.9071563303633));
#9325=CARTESIAN_POINT('Ctrl Pts',(28.0850308293622,-169.385680633745,54.8820726792735));
#9326=CARTESIAN_POINT('Ctrl Pts',(28.0294124092469,-169.279384514287,54.6250178921653));
#9327=CARTESIAN_POINT('Ctrl Pts',(27.9885963973116,-169.133566363852,54.4117024223386));
#9328=CARTESIAN_POINT('Ctrl Pts',(27.9293031325983,-168.798224295171,54.0787954182509));
#9329=CARTESIAN_POINT('Ctrl Pts',(27.9064355310723,-168.588432892742,53.9356481957676));
#9330=CARTESIAN_POINT('Ctrl Pts',(27.8772711806364,-168.128143298251,53.7455921089019));
#9331=CARTESIAN_POINT('Ctrl Pts',(27.8706874197607,-167.877658586716,53.6986947476679));
#9332=CARTESIAN_POINT('Ctrl Pts',(27.8706874197607,-167.642692227062,53.6986947476679));
#9333=CARTESIAN_POINT('Ctrl Pts',(27.8706874197607,-167.607215464884,53.6986947476679));
#9334=CARTESIAN_POINT('Ctrl Pts',(27.8708331485762,-167.571746102523,53.6997016412478));
#9335=CARTESIAN_POINT('Ctrl Pts',(27.8715413868399,-167.485785721497,53.7045858466703));
#9336=CARTESIAN_POINT('Ctrl Pts',(27.8722548041128,-167.435384040761,53.709503181204));
#9337=CARTESIAN_POINT('Ctrl Pts',(27.8753182549173,-167.283909306299,53.73050003451));
#9338=CARTESIAN_POINT('Ctrl Pts',(27.8785860826969,-167.183922472833,53.7528142585441));
#9339=CARTESIAN_POINT('Ctrl Pts',(27.8929258184805,-166.876178817165,53.8484422729663));
#9340=CARTESIAN_POINT('Ctrl Pts',(27.9084770362849,-166.679591089268,53.9500966290641));
#9341=CARTESIAN_POINT('Ctrl Pts',(27.9504193062391,-166.352877427846,54.1993579094537));
#9342=CARTESIAN_POINT('Ctrl Pts',(27.9749956735098,-166.219681959627,54.3380004585169));
#9343=CARTESIAN_POINT('Ctrl Pts',(28.031874843675,-166.012685219571,54.6317642485499));
#9344=CARTESIAN_POINT('Ctrl Pts',(28.0627113868326,-165.934943162775,54.7817063463743));
#9345=CARTESIAN_POINT('Ctrl Pts',(28.0976133977251,-165.878294709737,54.9392450648149));
#9346=CARTESIAN_POINT('Ctrl Pts',(28.1432778065747,-165.804178117194,55.1453624851169));
#9347=CARTESIAN_POINT('Ctrl Pts',(28.1953200338281,-165.76720639987,55.3615291670611));
#9348=CARTESIAN_POINT('Ctrl Pts',(28.3093554734746,-165.768191402319,55.7959985541385));
#9349=CARTESIAN_POINT('Ctrl Pts',(28.3706847254913,-165.806705870188,56.0114969388388));
#9350=CARTESIAN_POINT('Ctrl Pts',(28.4326575742216,-165.880768563431,56.2149825161038));
#9351=CARTESIAN_POINT('',(29.8711583814433,-171.09755255419,59.5837122310384));
#9352=CARTESIAN_POINT('Origin',(44.6951681238735,-168.068744224103,51.2621297399293));
#9353=CARTESIAN_POINT('',(30.6680462325259,-167.573705226663,60.8662877688913));
#9354=CARTESIAN_POINT('Ctrl Pts',(30.6680462325259,-167.573705226663,60.8662877688913));
#9355=CARTESIAN_POINT('Ctrl Pts',(30.6920791986726,-167.586480862279,60.901388539259));
#9356=CARTESIAN_POINT('Ctrl Pts',(30.716087453043,-167.600329056168,60.9361701046987));
#9357=CARTESIAN_POINT('Ctrl Pts',(30.906509007525,-167.718945681372,61.2098878006425));
#9358=CARTESIAN_POINT('Ctrl Pts',(31.0684517617318,-167.875280122566,61.4287828221611));
#9359=CARTESIAN_POINT('Ctrl Pts',(31.3107287958137,-168.217937901561,61.7449111639892));
#9360=CARTESIAN_POINT('Ctrl Pts',(31.4144061435996,-168.414015754418,61.8750672946942));
#9361=CARTESIAN_POINT('Ctrl Pts',(31.558412752336,-168.854786218335,62.0528081639363));
#9362=CARTESIAN_POINT('Ctrl Pts',(31.5978184597098,-169.099938315785,62.1000000000233));
#9363=CARTESIAN_POINT('Ctrl Pts',(31.5978184597098,-169.335628890588,62.1000000000233));
#9364=CARTESIAN_POINT('Ctrl Pts',(31.5978184597098,-169.361151950883,62.1000000000233));
#9365=CARTESIAN_POINT('Ctrl Pts',(31.5973871917702,-169.386664140257,62.0994788844467));
#9366=CARTESIAN_POINT('Ctrl Pts',(31.5952821962238,-169.448958126849,62.0969344215887));
#9367=CARTESIAN_POINT('Ctrl Pts',(31.5931435075772,-169.485658381479,62.0943489695906));
#9368=CARTESIAN_POINT('Ctrl Pts',(31.5865520320771,-169.565425117053,62.0863717728632));
#9369=CARTESIAN_POINT('Ctrl Pts',(31.5817560752038,-169.608340460424,62.0805636785498));
#9370=CARTESIAN_POINT('Ctrl Pts',(31.5586401955492,-169.772798166264,62.052512493713));
#9371=CARTESIAN_POINT('Ctrl Pts',(31.5319475413395,-169.89046412563,62.0200405120365));
#9372=CARTESIAN_POINT('Ctrl Pts',(31.4493183369364,-170.15787311046,61.9182669450597));
#9373=CARTESIAN_POINT('Ctrl Pts',(31.3867169053078,-170.300527302212,61.8403478050816));
#9374=CARTESIAN_POINT('Ctrl Pts',(31.2184945807866,-170.599812868943,61.6257040776511));
#9375=CARTESIAN_POINT('Ctrl Pts',(31.1056330182963,-170.744594647735,61.4780435228616));
#9376=CARTESIAN_POINT('Ctrl Pts',(30.883686600743,-170.961119325502,61.1754233483682));
#9377=CARTESIAN_POINT('Ctrl Pts',(30.7753001042332,-171.040766927936,61.0229945847399));
#9378=CARTESIAN_POINT('Ctrl Pts',(30.6663524649536,-171.0984511449,60.8638135093544));
#9379=CARTESIAN_POINT('Ctrl Pts',(30.480572481752,-171.196815578763,60.5923743326392));
#9380=CARTESIAN_POINT('Ctrl Pts',(30.2918706581688,-171.232251679455,60.2988162381757));
#9381=CARTESIAN_POINT('Ctrl Pts',(30.0308907907337,-171.181046918227,59.8636684251003));
#9382=CARTESIAN_POINT('Ctrl Pts',(29.9487029083903,-171.147830414951,59.7218495173269));
#9383=CARTESIAN_POINT('Ctrl Pts',(29.8711583814035,-171.097552554445,59.5837122309675));
#9384=CARTESIAN_POINT('Origin',(44.6951681238735,-164.078077578114,51.2621297399293));
#9385=CARTESIAN_POINT('',(28.2157123930002,-216.902481224013,55.4367601204763));
#9386=CARTESIAN_POINT('',(27.9429736770049,-213.378633896851,54.154184582823));
#9387=CARTESIAN_POINT('Ctrl Pts',(28.2157123930068,-216.902481224089,55.4367601205022));
#9388=CARTESIAN_POINT('Ctrl Pts',(28.1628029758303,-216.97850049161,55.2278988995992));
#9389=CARTESIAN_POINT('Ctrl Pts',(28.1111152901536,-217.01555756015,55.0058510264488));
#9390=CARTESIAN_POINT('Ctrl Pts',(28.0167435854419,-217.01555756015,54.5617152261948));
#9391=CARTESIAN_POINT('Ctrl Pts',(27.9691253966156,-216.969119616206,54.3108516561224));
#9392=CARTESIAN_POINT('Ctrl Pts',(27.89125374059,-216.777528389185,53.8474096133391));
#9393=CARTESIAN_POINT('Ctrl Pts',(27.8607205818235,-216.632312614996,53.6349040184678));
#9394=CARTESIAN_POINT('Ctrl Pts',(27.8171417892807,-216.297799940283,53.3017371829977));
#9395=CARTESIAN_POINT('Ctrl Pts',(27.8009496981722,-216.087526853774,53.1580654615308));
#9396=CARTESIAN_POINT('Ctrl Pts',(27.7806437211385,-215.626476615675,52.9674310780971));
#9397=CARTESIAN_POINT('Ctrl Pts',(27.7762467699302,-215.375710347207,52.9204723520211));
#9398=CARTESIAN_POINT('Ctrl Pts',(27.7762467699302,-215.140557560448,52.9204723520211));
#9399=CARTESIAN_POINT('Ctrl Pts',(27.7762467699302,-215.039627909595,52.9204723520211));
#9400=CARTESIAN_POINT('Ctrl Pts',(27.7770397424391,-214.938863991906,52.9286223589105));
#9401=CARTESIAN_POINT('Ctrl Pts',(27.7808048811151,-214.706373222042,52.9664738341901));
#9402=CARTESIAN_POINT('Ctrl Pts',(27.7843996621816,-214.576234698753,53.0023553664142));
#9403=CARTESIAN_POINT('Ctrl Pts',(27.7992217061419,-214.22214523485,53.1423645584238));
#9404=CARTESIAN_POINT('Ctrl Pts',(27.8141149889444,-214.013596720239,53.2769834063126));
#9405=CARTESIAN_POINT('Ctrl Pts',(27.8539974164382,-213.695427196429,53.5846441297728));
#9406=CARTESIAN_POINT('Ctrl Pts',(27.8762215903097,-213.576595981723,53.7428102199552));
#9407=CARTESIAN_POINT('Ctrl Pts',(27.9157787620382,-213.443664960934,53.9930980304089));
#9408=CARTESIAN_POINT('Ctrl Pts',(27.9289068086002,-213.408290982679,54.0727024092211));
#9409=CARTESIAN_POINT('Ctrl Pts',(27.942973677005,-213.37863389685,54.1541845828235));
#9410=CARTESIAN_POINT('',(30.6680462325469,-214.926294773343,60.8662877689219));
#9411=CARTESIAN_POINT('Origin',(44.6951681238735,-218.421922421988,51.2621297399293));
#9412=CARTESIAN_POINT('',(29.8711583814429,-211.402447445844,59.5837122310377));
#9413=CARTESIAN_POINT('Ctrl Pts',(30.6680462325469,-214.926294773343,60.8662877689219));
#9414=CARTESIAN_POINT('Ctrl Pts',(30.6920791986904,-214.913519137728,60.901388539285));
#9415=CARTESIAN_POINT('Ctrl Pts',(30.7160874530578,-214.899670943841,60.9361701047201));
#9416=CARTESIAN_POINT('Ctrl Pts',(30.9065090075373,-214.781054318639,61.2098878006594));
#9417=CARTESIAN_POINT('Ctrl Pts',(31.0684517617445,-214.624719877445,61.4287828221781));
#9418=CARTESIAN_POINT('Ctrl Pts',(31.3107287958269,-214.28206209845,61.7449111640061));
#9419=CARTESIAN_POINT('Ctrl Pts',(31.414406143613,-214.085984245593,61.875067294711));
#9420=CARTESIAN_POINT('Ctrl Pts',(31.5584127523498,-213.645213781676,62.0528081639531));
#9421=CARTESIAN_POINT('Ctrl Pts',(31.5978184597237,-213.400061684226,62.1000000000401));
#9422=CARTESIAN_POINT('Ctrl Pts',(31.5978184597237,-213.164371109423,62.1000000000401));
#9423=CARTESIAN_POINT('Ctrl Pts',(31.5978184597237,-213.138846527879,62.1000000000401));
#9424=CARTESIAN_POINT('Ctrl Pts',(31.5973871403692,-213.113332819197,62.0994788223447));
#9425=CARTESIAN_POINT('Ctrl Pts',(31.5952818933365,-213.051035103259,62.096934055423));
#9426=CARTESIAN_POINT('Ctrl Pts',(31.5931429482561,-213.014332653224,62.0943482933163));
#9427=CARTESIAN_POINT('Ctrl Pts',(31.5865506797185,-212.934561114843,62.0863701354512));
#9428=CARTESIAN_POINT('Ctrl Pts',(31.5817541425507,-212.891643191468,62.0805613368959));
#9429=CARTESIAN_POINT('Ctrl Pts',(31.5586353907172,-212.727175095911,62.0525066526435));
#9430=CARTESIAN_POINT('Ctrl Pts',(31.5319393779067,-212.609502035685,62.0200305576197));
#9431=CARTESIAN_POINT('Ctrl Pts',(31.449302047149,-212.342084453484,61.9182467419594));
#9432=CARTESIAN_POINT('Ctrl Pts',(31.3866963010679,-212.19942884248,61.8403219619257));
#9433=CARTESIAN_POINT('Ctrl Pts',(31.2184639897932,-211.900142361596,61.62566444557));
#9434=CARTESIAN_POINT('Ctrl Pts',(31.1055966561482,-211.755361782574,61.4779953476848));
#9435=CARTESIAN_POINT('Ctrl Pts',(30.8836402165622,-211.538842453766,61.1753588850994));
#9436=CARTESIAN_POINT('Ctrl Pts',(30.7752492045422,-211.459198639873,61.0229221679663));
#9437=CARTESIAN_POINT('Ctrl Pts',(30.6662975837766,-211.401519799199,60.863733323144));
#9438=CARTESIAN_POINT('Ctrl Pts',(30.4805184099498,-211.303168555845,60.5922920002363));
#9439=CARTESIAN_POINT('Ctrl Pts',(30.2918192204827,-211.267745252853,60.298734109409));
#9440=CARTESIAN_POINT('Ctrl Pts',(30.0308599930085,-211.318965514369,59.8636153084106));
#9441=CARTESIAN_POINT('Ctrl Pts',(29.948688361345,-211.352179016991,59.7218236033206));
#9442=CARTESIAN_POINT('Ctrl Pts',(29.8711583814007,-211.402447445574,59.5837122309625));
#9443=CARTESIAN_POINT('Origin',(44.6951681238735,-214.431255776025,51.2621297399293));
#9444=CARTESIAN_POINT('',(28.2157123929911,-204.402481223961,55.4367601204404));
#9445=CARTESIAN_POINT('',(27.9429736770025,-200.878633896761,54.1541845828087));
#9446=CARTESIAN_POINT('Ctrl Pts',(28.2157123929875,-204.402481223919,55.436760120426));
#9447=CARTESIAN_POINT('Ctrl Pts',(28.1628029758143,-204.478500491435,55.2278988995318));
#9448=CARTESIAN_POINT('Ctrl Pts',(28.1111152901407,-204.515557559973,55.0058510263913));
#9449=CARTESIAN_POINT('Ctrl Pts',(28.0167435854336,-204.515557559973,54.5617152261525));
#9450=CARTESIAN_POINT('Ctrl Pts',(27.9691253966091,-204.46911961603,54.3108516560866));
#9451=CARTESIAN_POINT('Ctrl Pts',(27.8912537405864,-204.277528389013,53.8474096133153));
#9452=CARTESIAN_POINT('Ctrl Pts',(27.8607205818209,-204.132312614829,53.6349040184494));
#9453=CARTESIAN_POINT('Ctrl Pts',(27.8171417892796,-203.797799940125,53.3017371829879));
#9454=CARTESIAN_POINT('Ctrl Pts',(27.8009496981716,-203.58752685362,53.1580654615247));
#9455=CARTESIAN_POINT('Ctrl Pts',(27.7806437211384,-203.126476615533,52.967431078096));
#9456=CARTESIAN_POINT('Ctrl Pts',(27.7762467699302,-202.875710347072,52.9204723520211));
#9457=CARTESIAN_POINT('Ctrl Pts',(27.7762467699302,-202.640557560319,52.9204723520211));
#9458=CARTESIAN_POINT('Ctrl Pts',(27.7762467699302,-202.539627909468,52.9204723520211));
#9459=CARTESIAN_POINT('Ctrl Pts',(27.7770397424391,-202.438863991781,52.9286223589104));
#9460=CARTESIAN_POINT('Ctrl Pts',(27.780804881115,-202.206373221922,52.9664738341894));
#9461=CARTESIAN_POINT('Ctrl Pts',(27.7843996621815,-202.076234698635,53.0023553664131));
#9462=CARTESIAN_POINT('Ctrl Pts',(27.7992217061416,-201.722145234739,53.1423645584212));
#9463=CARTESIAN_POINT('Ctrl Pts',(27.814114988944,-201.513596720131,53.2769834063087));
#9464=CARTESIAN_POINT('Ctrl Pts',(27.8539974164372,-201.19542719633,53.584644129765));
#9465=CARTESIAN_POINT('Ctrl Pts',(27.8762215903081,-201.076595981627,53.7428102199446));
#9466=CARTESIAN_POINT('Ctrl Pts',(27.9157787620359,-200.943664960842,53.9930980303949));
#9467=CARTESIAN_POINT('Ctrl Pts',(27.9289068085978,-200.908290982588,54.072702409207));
#9468=CARTESIAN_POINT('Ctrl Pts',(27.9429736770026,-200.87863389676,54.1541845828093));
#9469=CARTESIAN_POINT('',(30.6680462325259,-202.426294773337,60.8662877688913));
#9470=CARTESIAN_POINT('Origin',(44.6951681238735,-205.921922421886,51.2621297399293));
#9471=CARTESIAN_POINT('',(29.8711583814433,-198.90244744581,59.5837122310384));
#9472=CARTESIAN_POINT('Ctrl Pts',(30.6680462325259,-202.426294773337,60.8662877688913));
#9473=CARTESIAN_POINT('Ctrl Pts',(30.6920791986726,-202.413519137721,60.901388539259));
#9474=CARTESIAN_POINT('Ctrl Pts',(30.716087453043,-202.399670943832,60.9361701046987));
#9475=CARTESIAN_POINT('Ctrl Pts',(30.906509007525,-202.281054318628,61.2098878006425));
#9476=CARTESIAN_POINT('Ctrl Pts',(31.0684517617318,-202.124719877434,61.4287828221611));
#9477=CARTESIAN_POINT('Ctrl Pts',(31.3107287958137,-201.782062098439,61.7449111639892));
#9478=CARTESIAN_POINT('Ctrl Pts',(31.4144061435996,-201.585984245582,61.8750672946942));
#9479=CARTESIAN_POINT('Ctrl Pts',(31.558412752336,-201.145213781665,62.0528081639363));
#9480=CARTESIAN_POINT('Ctrl Pts',(31.5978184597098,-200.900061684215,62.1000000000233));
#9481=CARTESIAN_POINT('Ctrl Pts',(31.5978184597098,-200.664371109412,62.1000000000233));
#9482=CARTESIAN_POINT('Ctrl Pts',(31.5978184597098,-200.638848049117,62.1000000000233));
#9483=CARTESIAN_POINT('Ctrl Pts',(31.5973871917702,-200.613335859743,62.0994788844467));
#9484=CARTESIAN_POINT('Ctrl Pts',(31.5952821962238,-200.551041873151,62.0969344215887));
#9485=CARTESIAN_POINT('Ctrl Pts',(31.5931435075772,-200.514341618521,62.0943489695906));
#9486=CARTESIAN_POINT('Ctrl Pts',(31.5865520320771,-200.434574882947,62.0863717728632));
#9487=CARTESIAN_POINT('Ctrl Pts',(31.5817560752038,-200.391659539576,62.0805636785498));
#9488=CARTESIAN_POINT('Ctrl Pts',(31.5586401955492,-200.227201833736,62.0525124937131));
#9489=CARTESIAN_POINT('Ctrl Pts',(31.5319475413396,-200.109535874371,62.0200405120365));
#9490=CARTESIAN_POINT('Ctrl Pts',(31.4493183369364,-199.842126889541,61.9182669450598));
#9491=CARTESIAN_POINT('Ctrl Pts',(31.3867169053079,-199.699472697788,61.8403478050817));
#9492=CARTESIAN_POINT('Ctrl Pts',(31.2184945807868,-199.400187131057,61.6257040776512));
#9493=CARTESIAN_POINT('Ctrl Pts',(31.1056330182965,-199.255405352265,61.4780435228617));
#9494=CARTESIAN_POINT('Ctrl Pts',(30.8836866007431,-199.038880674498,61.1754233483684));
#9495=CARTESIAN_POINT('Ctrl Pts',(30.7753001042333,-198.959233072064,61.02299458474));
#9496=CARTESIAN_POINT('Ctrl Pts',(30.6663524649536,-198.9015488551,60.8638135093544));
#9497=CARTESIAN_POINT('Ctrl Pts',(30.480572481752,-198.803184421237,60.5923743326392));
#9498=CARTESIAN_POINT('Ctrl Pts',(30.2918706581688,-198.767748320545,60.2988162381757));
#9499=CARTESIAN_POINT('Ctrl Pts',(30.0308907907337,-198.818953081773,59.8636684251003));
#9500=CARTESIAN_POINT('Ctrl Pts',(29.9487029083903,-198.852169585049,59.7218495173269));
#9501=CARTESIAN_POINT('Ctrl Pts',(29.8711583814035,-198.902447445555,59.5837122309675));
#9502=CARTESIAN_POINT('Origin',(44.6951681238735,-201.931255775897,51.2621297399293));
#9503=CARTESIAN_POINT('',(28.2157123930874,-210.652481224004,55.4367601208204));
#9504=CARTESIAN_POINT('',(27.9429736770438,-207.128633896348,54.1541845830483));
#9505=CARTESIAN_POINT('Ctrl Pts',(28.2157123930884,-210.652481224016,55.4367601208244));
#9506=CARTESIAN_POINT('Ctrl Pts',(28.1628029758993,-210.728500491553,55.2278988998886));
#9507=CARTESIAN_POINT('Ctrl Pts',(28.1111152902102,-210.765557560101,55.0058510267016));
#9508=CARTESIAN_POINT('Ctrl Pts',(28.0167435854793,-210.765557560101,54.5617152263862));
#9509=CARTESIAN_POINT('Ctrl Pts',(27.9691253966448,-210.719119616152,54.3108516562847));
#9510=CARTESIAN_POINT('Ctrl Pts',(27.8912537406063,-210.527528389108,53.8474096134473));
#9511=CARTESIAN_POINT('Ctrl Pts',(27.860720581835,-210.382312614903,53.634904018551));
#9512=CARTESIAN_POINT('Ctrl Pts',(27.8171417892859,-210.047799940151,53.301737183042));
#9513=CARTESIAN_POINT('Ctrl Pts',(27.8009496981753,-209.837526853617,53.1580654615584));
#9514=CARTESIAN_POINT('Ctrl Pts',(27.780643721139,-209.376476615464,52.9674310781026));
#9515=CARTESIAN_POINT('Ctrl Pts',(27.7762467699302,-209.125710346967,52.9204723520211));
#9516=CARTESIAN_POINT('Ctrl Pts',(27.7762467699302,-208.89055756018,52.9204723520211));
#9517=CARTESIAN_POINT('Ctrl Pts',(27.7762467699302,-208.789627909308,52.9204723520211));
#9518=CARTESIAN_POINT('Ctrl Pts',(27.7770397424393,-208.688863991599,52.9286223589127));
#9519=CARTESIAN_POINT('Ctrl Pts',(27.7808048811163,-208.456373221694,52.9664738342022));
#9520=CARTESIAN_POINT('Ctrl Pts',(27.7843996621837,-208.326234698382,53.002355366435));
#9521=CARTESIAN_POINT('Ctrl Pts',(27.7992217061476,-207.972145234427,53.1423645584756));
#9522=CARTESIAN_POINT('Ctrl Pts',(27.8141149889535,-207.763596719789,53.276983406391));
#9523=CARTESIAN_POINT('Ctrl Pts',(27.8539974164562,-207.445427195948,53.5846441299044));
#9524=CARTESIAN_POINT('Ctrl Pts',(27.8762215903322,-207.326595981234,53.7428102201097));
#9525=CARTESIAN_POINT('Ctrl Pts',(27.9157787620696,-207.193664960436,53.9930980306024));
#9526=CARTESIAN_POINT('Ctrl Pts',(27.9289068086352,-207.158290982178,54.0727024094304));
#9527=CARTESIAN_POINT('Ctrl Pts',(27.9429736770439,-207.128633896348,54.1541845830489));
#9528=CARTESIAN_POINT('',(30.6680462325602,-208.676294773355,60.8662877689414));
#9529=CARTESIAN_POINT('Origin',(44.6951681238735,-212.171922422179,51.2621297399293));
#9530=CARTESIAN_POINT('',(29.8711583814841,-205.152447445683,59.583712231111));
#9531=CARTESIAN_POINT('Ctrl Pts',(30.6680462325836,-208.676294773487,60.8662877689755));
#9532=CARTESIAN_POINT('Ctrl Pts',(30.7480988478849,-208.633739766455,60.983206689838));
#9533=CARTESIAN_POINT('Ctrl Pts',(30.827608931361,-208.579452540933,61.0961664197273));
#9534=CARTESIAN_POINT('Ctrl Pts',(31.0341961000249,-208.404157227352,61.3827383696448));
#9535=CARTESIAN_POINT('Ctrl Pts',(31.1586884467378,-208.261639847857,61.5477840097301));
#9536=CARTESIAN_POINT('Ctrl Pts',(31.3475921304672,-207.958710843801,61.7911211990628));
#9537=CARTESIAN_POINT('Ctrl Pts',(31.4193170483185,-207.811359563258,61.8809664228452));
#9538=CARTESIAN_POINT('Ctrl Pts',(31.517297534934,-207.526713688732,62.0021576715992));
#9539=CARTESIAN_POINT('Ctrl Pts',(31.5500095911379,-207.39711410514,62.0420137485636));
#9540=CARTESIAN_POINT('Ctrl Pts',(31.5815081351851,-207.194233296011,62.0802716443547));
#9541=CARTESIAN_POINT('Ctrl Pts',(31.5890096774884,-207.125683854568,62.0893480986496));
#9542=CARTESIAN_POINT('Ctrl Pts',(31.5963271858695,-207.009215540435,62.0981985734813));
#9543=CARTESIAN_POINT('Ctrl Pts',(31.5978184597198,-206.961828102966,62.1000000000354));
#9544=CARTESIAN_POINT('Ctrl Pts',(31.5978184597167,-206.914371109442,62.1000000000317));
#9545=CARTESIAN_POINT('Ctrl Pts',(31.5978184597015,-206.678680534639,62.1000000000133));
#9546=CARTESIAN_POINT('Ctrl Pts',(31.5584127523429,-206.433528437336,62.0528081639447));
#9547=CARTESIAN_POINT('Ctrl Pts',(31.4144061436063,-205.992757973418,61.8750672947026));
#9548=CARTESIAN_POINT('Ctrl Pts',(31.3107287958203,-205.796680120562,61.7449111639976));
#9549=CARTESIAN_POINT('Ctrl Pts',(31.0684517617381,-205.454022341567,61.4287828221696));
#9550=CARTESIAN_POINT('Ctrl Pts',(30.9065090075311,-205.297687900372,61.2098878006509));
#9551=CARTESIAN_POINT('Ctrl Pts',(30.5734922808308,-205.090246466734,60.7311994956901));
#9552=CARTESIAN_POINT('Ctrl Pts',(30.4026040372488,-205.039371109589,60.4711766967474));
#9553=CARTESIAN_POINT('Ctrl Pts',(30.1227423199675,-205.039371109589,60.0201282144428));
#9554=CARTESIAN_POINT('Ctrl Pts',(29.9911643419308,-205.074638692802,59.7974900226178));
#9555=CARTESIAN_POINT('Ctrl Pts',(29.8711583814841,-205.152447445683,59.5837122311111));
#9556=CARTESIAN_POINT('Origin',(44.6951681238735,-208.181255775453,51.2621297399293));
#9557=CARTESIAN_POINT('',(28.1506095005591,-191.999288529801,55.1707842347281));
#9558=CARTESIAN_POINT('',(27.8992248841453,-188.475441202039,53.8882086968207));
#9559=CARTESIAN_POINT('Ctrl Pts',(28.1506095005593,-191.999288529803,55.170784234729));
#9560=CARTESIAN_POINT('Ctrl Pts',(28.1012664982651,-192.075307037877,54.9619251004175));
#9561=CARTESIAN_POINT('Ctrl Pts',(28.0533108932298,-192.11236486591,54.7398493189899));
#9562=CARTESIAN_POINT('Ctrl Pts',(27.9663065719202,-192.11236486591,54.2956084440638));
#9563=CARTESIAN_POINT('Ctrl Pts',(27.9228147191139,-192.065876593808,54.0447598990138));
#9564=CARTESIAN_POINT('Ctrl Pts',(27.8525134341905,-191.874398842701,53.5815806082836));
#9565=CARTESIAN_POINT('Ctrl Pts',(27.8254239328505,-191.729355025493,53.3693148810274));
#9566=CARTESIAN_POINT('Ctrl Pts',(27.7941676283271,-191.45632266203,53.0971338083876));
#9567=CARTESIAN_POINT('Ctrl Pts',(27.7841156809325,-191.334188064281,53.0007534019779));
#9568=CARTESIAN_POINT('Ctrl Pts',(27.7762467699484,-191.2,52.9204723520242));
#9569=CARTESIAN_POINT('Ctrl Pts',(27.7643388359835,-190.996934720803,52.7989839475969));
#9570=CARTESIAN_POINT('Ctrl Pts',(27.7574885903595,-190.772518266673,52.7169395869535));
#9571=CARTESIAN_POINT('Ctrl Pts',(27.7510010507649,-190.296071055722,52.6393637812366));
#9572=CARTESIAN_POINT('Ctrl Pts',(27.7516546680408,-190.047982961468,52.6479623825425));
#9573=CARTESIAN_POINT('Ctrl Pts',(27.7609091643908,-189.585076108487,52.7566702982545));
#9574=CARTESIAN_POINT('Ctrl Pts',(27.768974231293,-189.373116394119,52.8498189546849));
#9575=CARTESIAN_POINT('Ctrl Pts',(27.7943812676683,-189.004805920786,53.1001420750432));
#9576=CARTESIAN_POINT('Ctrl Pts',(27.8110283008379,-188.848854120087,53.2512367721656));
#9577=CARTESIAN_POINT('Ctrl Pts',(27.8516205621997,-188.618207915578,53.5676819224752));
#9578=CARTESIAN_POINT('Ctrl Pts',(27.8734958923654,-188.535335469149,53.7236505503802));
#9579=CARTESIAN_POINT('Ctrl Pts',(27.8992248841439,-188.475441202018,53.8882086968118));
#9580=CARTESIAN_POINT('',(30.6680462325746,-189.926294773375,60.8662877689624));
#9581=CARTESIAN_POINT('Origin',(44.6951681238735,-193.421922422492,51.2621297399293));
#9582=CARTESIAN_POINT('',(29.8711583814478,-186.402447445601,59.5837122310465));
#9583=CARTESIAN_POINT('Ctrl Pts',(30.6680462325773,-189.926294773385,60.8662877689664));
#9584=CARTESIAN_POINT('Ctrl Pts',(30.7480988476392,-189.883739766479,60.9832066894793));
#9585=CARTESIAN_POINT('Ctrl Pts',(30.8276089308785,-189.829452541154,61.096166419042));
#9586=CARTESIAN_POINT('Ctrl Pts',(31.0341960994016,-189.6541572279,61.3827383688067));
#9587=CARTESIAN_POINT('Ctrl Pts',(31.1586884462029,-189.511639848438,61.5477840090288));
#9588=CARTESIAN_POINT('Ctrl Pts',(31.3475921300887,-189.208710844393,61.7911211985843));
#9589=CARTESIAN_POINT('Ctrl Pts',(31.4193170480089,-189.06135956384,61.8809664224591));
#9590=CARTESIAN_POINT('Ctrl Pts',(31.5172975347645,-188.776713689192,62.002157671392));
#9591=CARTESIAN_POINT('Ctrl Pts',(31.5500095910296,-188.647114105485,62.0420137484317));
#9592=CARTESIAN_POINT('Ctrl Pts',(31.5815081351324,-188.444233296183,62.0802716442909));
#9593=CARTESIAN_POINT('Ctrl Pts',(31.5890096774482,-188.375683854694,62.089348098601));
#9594=CARTESIAN_POINT('Ctrl Pts',(31.5963271858419,-188.259215540505,62.0981985734479));
#9595=CARTESIAN_POINT('Ctrl Pts',(31.5978184596959,-188.211828103026,62.1000000000065));
#9596=CARTESIAN_POINT('Ctrl Pts',(31.5978184596959,-188.164371109493,62.1000000000065));
#9597=CARTESIAN_POINT('Ctrl Pts',(31.5978184596959,-187.92868053469,62.1000000000065));
#9598=CARTESIAN_POINT('Ctrl Pts',(31.5584127523222,-187.68352843724,62.0528081639196));
#9599=CARTESIAN_POINT('Ctrl Pts',(31.4144061435861,-187.242757973323,61.8750672946773));
#9600=CARTESIAN_POINT('Ctrl Pts',(31.3107287958004,-187.046680120466,61.7449111639723));
#9601=CARTESIAN_POINT('Ctrl Pts',(31.0684517617192,-186.704022341471,61.4287828221441));
#9602=CARTESIAN_POINT('Ctrl Pts',(30.9065090075128,-186.547687900276,61.2098878006255));
#9603=CARTESIAN_POINT('Ctrl Pts',(30.5734922808139,-186.340246466638,60.7311994956648));
#9604=CARTESIAN_POINT('Ctrl Pts',(30.4026040372325,-186.289371109493,60.4711766967221));
#9605=CARTESIAN_POINT('Ctrl Pts',(30.1225258442832,-186.289371109493,60.0197793241765));
#9606=CARTESIAN_POINT('Ctrl Pts',(29.9911178174455,-186.32466885796,59.7974071442223));
#9607=CARTESIAN_POINT('Ctrl Pts',(29.8711583814478,-186.402447445601,59.5837122310465));
#9608=CARTESIAN_POINT('Origin',(44.6951681238735,-189.431255775559,51.2621297399293));
#9609=CARTESIAN_POINT('',(28.2157123931542,-198.152481224308,55.4367601210843));
#9610=CARTESIAN_POINT('',(27.942973677054,-194.62863389648,54.1541845831069));
#9611=CARTESIAN_POINT('Ctrl Pts',(28.2157123931586,-198.152481224359,55.4367601211016));
#9612=CARTESIAN_POINT('Ctrl Pts',(28.1628029759549,-198.228500491924,55.2278989001231));
#9613=CARTESIAN_POINT('Ctrl Pts',(28.1111152902509,-198.265557560486,55.005851026885));
#9614=CARTESIAN_POINT('Ctrl Pts',(28.0167435855027,-198.265557560486,54.5617152265058));
#9615=CARTESIAN_POINT('Ctrl Pts',(27.969125396663,-198.219119616534,54.3108516563861));
#9616=CARTESIAN_POINT('Ctrl Pts',(27.8912537406164,-198.027528389476,53.8474096135149));
#9617=CARTESIAN_POINT('Ctrl Pts',(27.8607205818422,-197.88231261526,53.634904018603));
#9618=CARTESIAN_POINT('Ctrl Pts',(27.8171417892891,-197.547799940484,53.3017371830697));
#9619=CARTESIAN_POINT('Ctrl Pts',(27.8009496981772,-197.337526853934,53.1580654615756));
#9620=CARTESIAN_POINT('Ctrl Pts',(27.7806437211393,-196.876476615748,52.967431078106));
#9621=CARTESIAN_POINT('Ctrl Pts',(27.7762467699302,-196.625710347233,52.9204723520211));
#9622=CARTESIAN_POINT('Ctrl Pts',(27.7762467699302,-196.390557560429,52.9204723520211));
#9623=CARTESIAN_POINT('Ctrl Pts',(27.7762467699302,-196.289627909542,52.9204723520211));
#9624=CARTESIAN_POINT('Ctrl Pts',(27.7770397424395,-196.188863991818,52.9286223589145));
#9625=CARTESIAN_POINT('Ctrl Pts',(27.7808048811173,-195.956373221881,52.9664738342121));
#9626=CARTESIAN_POINT('Ctrl Pts',(27.7843996621854,-195.826234698552,53.0023553664522));
#9627=CARTESIAN_POINT('Ctrl Pts',(27.7992217061523,-195.472145234558,53.1423645585185));
#9628=CARTESIAN_POINT('Ctrl Pts',(27.814114988961,-195.263596719901,53.2769834064561));
#9629=CARTESIAN_POINT('Ctrl Pts',(27.853997416471,-194.945427196042,53.5846441300124));
#9630=CARTESIAN_POINT('Ctrl Pts',(27.8762215903505,-194.826595981326,53.7428102202346));
#9631=CARTESIAN_POINT('Ctrl Pts',(27.9157787620886,-194.693664960546,53.9930980307184));
#9632=CARTESIAN_POINT('Ctrl Pts',(27.9289068086501,-194.658290982301,54.0727024095184));
#9633=CARTESIAN_POINT('Ctrl Pts',(27.942973677054,-194.62863389648,54.1541845831074));
#9634=CARTESIAN_POINT('',(30.6680462326137,-196.176294773396,60.8662877690195));
#9635=CARTESIAN_POINT('Origin',(44.6951681238735,-199.671922422834,51.2621297399293));
#9636=CARTESIAN_POINT('',(29.8711583814571,-192.652447445744,59.583712231063));
#9637=CARTESIAN_POINT('Ctrl Pts',(30.6680462326332,-196.176294773505,60.866287769048));
#9638=CARTESIAN_POINT('Ctrl Pts',(30.7480988478717,-196.1337397665,60.9832066898174));
#9639=CARTESIAN_POINT('Ctrl Pts',(30.8276089312854,-196.079452541024,61.0961664196193));
#9640=CARTESIAN_POINT('Ctrl Pts',(31.0341960999048,-195.904157227517,61.3827383694832));
#9641=CARTESIAN_POINT('Ctrl Pts',(31.1586884466332,-195.761639848028,61.5477840095929));
#9642=CARTESIAN_POINT('Ctrl Pts',(31.3475921303901,-195.458710843974,61.7911211989653));
#9643=CARTESIAN_POINT('Ctrl Pts',(31.4193170482536,-195.311359563429,61.8809664227643));
#9644=CARTESIAN_POINT('Ctrl Pts',(31.5172975348938,-195.026713688881,62.0021576715501));
#9645=CARTESIAN_POINT('Ctrl Pts',(31.5500095911086,-194.897114105269,62.0420137485278));
#9646=CARTESIAN_POINT('Ctrl Pts',(31.5815081351655,-194.694233296109,62.0802716443311));
#9647=CARTESIAN_POINT('Ctrl Pts',(31.5890096774711,-194.625683854658,62.0893480986286));
#9648=CARTESIAN_POINT('Ctrl Pts',(31.5963271858544,-194.509215540515,62.0981985734631));
#9649=CARTESIAN_POINT('Ctrl Pts',(31.5978184597054,-194.461828103043,62.1000000000179));
#9650=CARTESIAN_POINT('Ctrl Pts',(31.5978184597028,-194.414371109518,62.1000000000149));
#9651=CARTESIAN_POINT('Ctrl Pts',(31.5978184596902,-194.178680534714,62.0999999999995));
#9652=CARTESIAN_POINT('Ctrl Pts',(31.5584127523291,-193.933528437386,62.0528081639279));
#9653=CARTESIAN_POINT('Ctrl Pts',(31.4144061435929,-193.492757973469,61.8750672946857));
#9654=CARTESIAN_POINT('Ctrl Pts',(31.310728795807,-193.296680120612,61.7449111639807));
#9655=CARTESIAN_POINT('Ctrl Pts',(31.0684517617255,-192.954022341617,61.4287828221526));
#9656=CARTESIAN_POINT('Ctrl Pts',(30.9065090075189,-192.797687900423,61.209887800634));
#9657=CARTESIAN_POINT('Ctrl Pts',(30.5734922808195,-192.590246466784,60.7311994956732));
#9658=CARTESIAN_POINT('Ctrl Pts',(30.4026040372379,-192.539371109639,60.4711766967306));
#9659=CARTESIAN_POINT('Ctrl Pts',(30.1227423199512,-192.539371109639,60.020128214416));
#9660=CARTESIAN_POINT('Ctrl Pts',(29.9911643419082,-192.574638692856,59.7974900225793));
#9661=CARTESIAN_POINT('Ctrl Pts',(29.8711583814571,-192.652447445744,59.583712231063));
#9662=CARTESIAN_POINT('Origin',(44.6951681238735,-195.681255775665,51.2621297399293));
#9663=CARTESIAN_POINT('',(27.6988575803879,-139.206980558773,51.6162877687802));
#9664=CARTESIAN_POINT('',(30.6680462325469,-142.573705226657,60.8662877689219));
#9665=CARTESIAN_POINT('Origin',(44.6951681238735,-139.078077578012,51.2621297399293));
#9666=CARTESIAN_POINT('',(27.8332229517527,-140.968904221678,49.0999999999762));
#9667=CARTESIAN_POINT('Ctrl Pts',(27.8332229517627,-140.968904222694,49.0999999998983));
#9668=CARTESIAN_POINT('Ctrl Pts',(27.8332229517463,-140.733252175587,49.100000000026));
#9669=CARTESIAN_POINT('Ctrl Pts',(27.8269703225877,-140.482063310882,49.1471386903292));
#9670=CARTESIAN_POINT('Ctrl Pts',(27.8040797012848,-140.020271606241,49.3384831907205));
#9671=CARTESIAN_POINT('Ctrl Pts',(27.7877312394353,-139.809648821322,49.4826753917067));
#9672=CARTESIAN_POINT('Ctrl Pts',(27.7560284185127,-139.476936770593,49.815246664872));
#9673=CARTESIAN_POINT('Ctrl Pts',(27.7385951850072,-139.332619998936,50.0259365708036));
#9674=CARTESIAN_POINT('Ctrl Pts',(27.7112314410183,-139.141096924433,50.4878984220804));
#9675=CARTESIAN_POINT('Ctrl Pts',(27.7015764621879,-139.093904222694,50.7391922855931));
#9676=CARTESIAN_POINT('Ctrl Pts',(27.6940495767584,-139.093904222694,51.1847706493356));
#9677=CARTESIAN_POINT('Ctrl Pts',(27.6944992532717,-139.13085276263,51.4071283679373));
#9678=CARTESIAN_POINT('Ctrl Pts',(27.6988575803879,-139.206980558773,51.6162877687802));
#9679=CARTESIAN_POINT('',(27.7205387927535,-142.730827885556,50.333712230896));
#9680=CARTESIAN_POINT('Ctrl Pts',(27.7205387927535,-142.730827885556,50.333712230896));
#9681=CARTESIAN_POINT('Ctrl Pts',(27.7219501847227,-142.72143561731,50.3079071859837));
#9682=CARTESIAN_POINT('Ctrl Pts',(27.7234100962739,-142.711471229035,50.2822951928505));
#9683=CARTESIAN_POINT('Ctrl Pts',(27.7385951850072,-142.605188445437,50.0259365708036));
#9684=CARTESIAN_POINT('Ctrl Pts',(27.7560284185127,-142.46087167378,49.815246664872));
#9685=CARTESIAN_POINT('Ctrl Pts',(27.7877312394353,-142.128159623051,49.4826753917067));
#9686=CARTESIAN_POINT('Ctrl Pts',(27.8040797012848,-141.917536838132,49.3384831907206));
#9687=CARTESIAN_POINT('Ctrl Pts',(27.8269703225877,-141.455745133491,49.1471386903292));
#9688=CARTESIAN_POINT('Ctrl Pts',(27.8332229517627,-141.204556268786,49.0999999998983));
#9689=CARTESIAN_POINT('Ctrl Pts',(27.8332229517627,-140.968904221679,49.0999999998983));
#9690=CARTESIAN_POINT('',(29.8711583814429,-146.097552554156,59.5837122310378));
#9691=CARTESIAN_POINT('Origin',(44.6951681238735,-143.068744223975,51.2621297399293));
#9692=CARTESIAN_POINT('Ctrl Pts',(30.6680462325469,-142.573705226657,60.8662877689219));
#9693=CARTESIAN_POINT('Ctrl Pts',(30.6920791986904,-142.586480862272,60.901388539285));
#9694=CARTESIAN_POINT('Ctrl Pts',(30.7160874530578,-142.600329056159,60.9361701047201));
#9695=CARTESIAN_POINT('Ctrl Pts',(30.9065090075373,-142.718945681361,61.2098878006594));
#9696=CARTESIAN_POINT('Ctrl Pts',(31.0684517617445,-142.875280122555,61.4287828221781));
#9697=CARTESIAN_POINT('Ctrl Pts',(31.3107287958269,-143.21793790155,61.7449111640061));
#9698=CARTESIAN_POINT('Ctrl Pts',(31.414406143613,-143.414015754407,61.875067294711));
#9699=CARTESIAN_POINT('Ctrl Pts',(31.5584127523498,-143.854786218324,62.0528081639531));
#9700=CARTESIAN_POINT('Ctrl Pts',(31.5978184597237,-144.099938315774,62.1000000000401));
#9701=CARTESIAN_POINT('Ctrl Pts',(31.5978184597237,-144.335628890577,62.1000000000401));
#9702=CARTESIAN_POINT('Ctrl Pts',(31.5978184597237,-144.585730453878,62.1000000000401));
#9703=CARTESIAN_POINT('Ctrl Pts',(31.5535539572286,-144.843931136644,62.0470265707768));
#9704=CARTESIAN_POINT('Ctrl Pts',(31.4739840164899,-145.073792442601,61.9485833518001));
#9705=CARTESIAN_POINT('Ctrl Pts',(31.4122345049078,-145.252174006836,61.8721874125278));
#9706=CARTESIAN_POINT('Ctrl Pts',(31.3314850343528,-145.412190789769,61.7708980916983));
#9707=CARTESIAN_POINT('Ctrl Pts',(31.1228294577947,-145.729651009417,61.5007128323812));
#9708=CARTESIAN_POINT('Ctrl Pts',(30.9877434364959,-145.873748729727,61.3201621589796));
#9709=CARTESIAN_POINT('Ctrl Pts',(30.6735491637683,-146.115045157208,60.8790554206318));
#9710=CARTESIAN_POINT('Ctrl Pts',(30.4898141090915,-146.192580339434,60.6064766411902));
#9711=CARTESIAN_POINT('Ctrl Pts',(30.1579569782971,-146.221349527765,60.0800064661209));
#9712=CARTESIAN_POINT('Ctrl Pts',(30.0075895355216,-146.186010976991,59.8267497493725));
#9713=CARTESIAN_POINT('Ctrl Pts',(29.8711583814009,-146.097552554426,59.5837122309629));
#9714=CARTESIAN_POINT('',(28.2157123930945,-223.152481223994,55.4367601208485));
#9715=CARTESIAN_POINT('',(30.6680462325602,-221.176294773355,60.8662877689415));
#9716=CARTESIAN_POINT('Origin',(44.6951681238735,-224.671922422179,51.2621297399293));
#9717=CARTESIAN_POINT('',(29.8711583814841,-217.652447445683,59.5837122311111));
#9718=CARTESIAN_POINT('Ctrl Pts',(30.6680462325602,-221.176294773355,60.8662877689415));
#9719=CARTESIAN_POINT('Ctrl Pts',(30.6920791986974,-221.163519137743,60.901388539295));
#9720=CARTESIAN_POINT('Ctrl Pts',(30.7160874530583,-221.149670943859,60.9361701047208));
#9721=CARTESIAN_POINT('Ctrl Pts',(30.9065090075311,-221.031054318661,61.2098878006509));
#9722=CARTESIAN_POINT('Ctrl Pts',(31.0684517617381,-220.874719877467,61.4287828221696));
#9723=CARTESIAN_POINT('Ctrl Pts',(31.3107287958203,-220.532062098472,61.7449111639976));
#9724=CARTESIAN_POINT('Ctrl Pts',(31.4144061436063,-220.335984245615,61.8750672947026));
#9725=CARTESIAN_POINT('Ctrl Pts',(31.5584127523429,-219.895213781698,62.0528081639447));
#9726=CARTESIAN_POINT('Ctrl Pts',(31.5978184597167,-219.650061684248,62.1000000000317));
#9727=CARTESIAN_POINT('Ctrl Pts',(31.5978184597167,-219.414371109445,62.1000000000317));
#9728=CARTESIAN_POINT('Ctrl Pts',(31.5978184597167,-219.388848049151,62.1000000000317));
#9729=CARTESIAN_POINT('Ctrl Pts',(31.5973871917771,-219.363335859777,62.0994788844551));
#9730=CARTESIAN_POINT('Ctrl Pts',(31.5952821962309,-219.301041873188,62.0969344215973));
#9731=CARTESIAN_POINT('Ctrl Pts',(31.5931435075845,-219.264341618558,62.0943489695994));
#9732=CARTESIAN_POINT('Ctrl Pts',(31.5865520320848,-219.184574882987,62.0863717728724));
#9733=CARTESIAN_POINT('Ctrl Pts',(31.5817560752118,-219.141659539617,62.0805636785594));
#9734=CARTESIAN_POINT('Ctrl Pts',(31.5586401955586,-218.977201833783,62.0525124937244));
#9735=CARTESIAN_POINT('Ctrl Pts',(31.5319475413506,-218.859535874421,62.02004051205));
#9736=CARTESIAN_POINT('Ctrl Pts',(31.4493183369515,-218.592126889595,61.9182669450785));
#9737=CARTESIAN_POINT('Ctrl Pts',(31.3867169053251,-218.449472697844,61.8403478051033));
#9738=CARTESIAN_POINT('Ctrl Pts',(31.2184945808089,-218.150187131113,61.62570407768));
#9739=CARTESIAN_POINT('Ctrl Pts',(31.1056330183214,-218.00540535232,61.4780435228948));
#9740=CARTESIAN_POINT('Ctrl Pts',(30.8836866007731,-217.788880674551,61.17542334841));
#9741=CARTESIAN_POINT('Ctrl Pts',(30.7753001042655,-217.709233072115,61.0229945847859));
#9742=CARTESIAN_POINT('Ctrl Pts',(30.6663524649879,-217.651548855149,60.8638135094045));
#9743=CARTESIAN_POINT('Ctrl Pts',(30.4805724817856,-217.553184421278,60.5923743326904));
#9744=CARTESIAN_POINT('Ctrl Pts',(30.2918706582008,-217.51774832058,60.2988162382266));
#9745=CARTESIAN_POINT('Ctrl Pts',(30.0308907907748,-217.568953081796,59.86366842517));
#9746=CARTESIAN_POINT('Ctrl Pts',(29.9487029084418,-217.602169585062,59.7218495174162));
#9747=CARTESIAN_POINT('Ctrl Pts',(29.8711583814636,-217.652447445552,59.5837122310746));
#9748=CARTESIAN_POINT('',(27.9429736770487,-219.628633896338,54.1541845830764));
#9749=CARTESIAN_POINT('Origin',(44.6951681238735,-220.681255775453,51.2621297399293));
#9750=CARTESIAN_POINT('Ctrl Pts',(28.2157123931025,-223.152481224087,55.4367601208801));
#9751=CARTESIAN_POINT('Ctrl Pts',(28.1628029759116,-223.228500491624,55.2278988999401));
#9752=CARTESIAN_POINT('Ctrl Pts',(28.1111152902207,-223.265557560174,55.0058510267486));
#9753=CARTESIAN_POINT('Ctrl Pts',(28.0167435854867,-223.265557560174,54.5617152264236));
#9754=CARTESIAN_POINT('Ctrl Pts',(27.9691253966505,-223.219119616224,54.3108516563165));
#9755=CARTESIAN_POINT('Ctrl Pts',(27.8912537406095,-223.027528389175,53.8474096134685));
#9756=CARTESIAN_POINT('Ctrl Pts',(27.8607205818372,-222.882312614967,53.6349040185673));
#9757=CARTESIAN_POINT('Ctrl Pts',(27.8171417892869,-222.547799940207,53.3017371830506));
#9758=CARTESIAN_POINT('Ctrl Pts',(27.8009496981759,-222.337526853668,53.1580654615638));
#9759=CARTESIAN_POINT('Ctrl Pts',(27.7806437211391,-221.876476615505,52.9674310781037));
#9760=CARTESIAN_POINT('Ctrl Pts',(27.7762467699302,-221.625710347002,52.9204723520211));
#9761=CARTESIAN_POINT('Ctrl Pts',(27.7762467699302,-221.39055756021,52.9204723520211));
#9762=CARTESIAN_POINT('Ctrl Pts',(27.7762467699302,-221.289627909336,52.9204723520211));
#9763=CARTESIAN_POINT('Ctrl Pts',(27.7770397424393,-221.188863991626,52.9286223589128));
#9764=CARTESIAN_POINT('Ctrl Pts',(27.7808048811163,-220.956373221717,52.9664738342025));
#9765=CARTESIAN_POINT('Ctrl Pts',(27.7843996621838,-220.826234698403,53.0023553664357));
#9766=CARTESIAN_POINT('Ctrl Pts',(27.7992217061477,-220.472145234443,53.142364558477));
#9767=CARTESIAN_POINT('Ctrl Pts',(27.8141149889537,-220.263596719802,53.2769834063931));
#9768=CARTESIAN_POINT('Ctrl Pts',(27.8539974164569,-219.945427195954,53.5846441299092));
#9769=CARTESIAN_POINT('Ctrl Pts',(27.8762215903332,-219.826595981237,53.7428102201167));
#9770=CARTESIAN_POINT('Ctrl Pts',(27.9157787620721,-219.693664960432,53.9930980306179));
#9771=CARTESIAN_POINT('Ctrl Pts',(27.9289068086388,-219.65829098217,54.072702409452));
#9772=CARTESIAN_POINT('Ctrl Pts',(27.9429736770488,-219.628633896338,54.154184583077));
#9773=CARTESIAN_POINT('',(28.0960999273357,-156.904615890885,54.9324069783252));
#9774=CARTESIAN_POINT('',(28.4326575741893,-153.380768563669,56.2149825159979));
#9775=CARTESIAN_POINT('Ctrl Pts',(28.0960999273616,-156.904615890548,54.9324069784422));
#9776=CARTESIAN_POINT('Ctrl Pts',(28.0905166694412,-156.895425406239,54.9071563303421));
#9777=CARTESIAN_POINT('Ctrl Pts',(28.0850308293589,-156.885680633652,54.8820726792583));
#9778=CARTESIAN_POINT('Ctrl Pts',(28.0294124092455,-156.779384514197,54.6250178921579));
#9779=CARTESIAN_POINT('Ctrl Pts',(27.9885963973105,-156.633566363763,54.411702422333));
#9780=CARTESIAN_POINT('Ctrl Pts',(27.9293031325978,-156.298224295085,54.0787954182479));
#9781=CARTESIAN_POINT('Ctrl Pts',(27.9064355310719,-156.088432892658,53.9356481957657));
#9782=CARTESIAN_POINT('Ctrl Pts',(27.8772711806363,-155.62814329817,53.7455921089016));
#9783=CARTESIAN_POINT('Ctrl Pts',(27.8706874197607,-155.377658586638,53.6986947476678));
#9784=CARTESIAN_POINT('Ctrl Pts',(27.8706874197607,-155.142692226985,53.6986947476678));
#9785=CARTESIAN_POINT('Ctrl Pts',(27.8706874197607,-155.107215464808,53.6986947476678));
#9786=CARTESIAN_POINT('Ctrl Pts',(27.8708331485762,-155.071746102448,53.6997016412477));
#9787=CARTESIAN_POINT('Ctrl Pts',(27.8715413868398,-154.985785721424,53.70458584667));
#9788=CARTESIAN_POINT('Ctrl Pts',(27.8722548041127,-154.93538404069,53.7095031812035));
#9789=CARTESIAN_POINT('Ctrl Pts',(27.8753182549171,-154.783909306232,53.7305000345086));
#9790=CARTESIAN_POINT('Ctrl Pts',(27.8785860826965,-154.683922472768,53.7528142585416));
#9791=CARTESIAN_POINT('Ctrl Pts',(27.8929258184795,-154.376178817108,53.8484422729598));
#9792=CARTESIAN_POINT('Ctrl Pts',(27.9084770362832,-154.179591089214,53.9500966290535));
#9793=CARTESIAN_POINT('Ctrl Pts',(27.9504193062359,-153.852877427795,54.199357909435));
#9794=CARTESIAN_POINT('Ctrl Pts',(27.9749956735059,-153.719681959576,54.3380004584952));
#9795=CARTESIAN_POINT('Ctrl Pts',(28.0318748436698,-153.512685219518,54.631764248524));
#9796=CARTESIAN_POINT('Ctrl Pts',(28.062711386827,-153.434943162721,54.7817063463475));
#9797=CARTESIAN_POINT('Ctrl Pts',(28.097613397719,-153.37829470968,54.9392450647874));
#9798=CARTESIAN_POINT('Ctrl Pts',(28.1432778065258,-153.304178117204,55.1453624848977));
#9799=CARTESIAN_POINT('Ctrl Pts',(28.1953200337247,-153.267206399878,55.3615291666336));
#9800=CARTESIAN_POINT('Ctrl Pts',(28.3093554733563,-153.268191402185,55.7959985537218));
#9801=CARTESIAN_POINT('Ctrl Pts',(28.3706847254302,-153.306705870057,56.0114969386378));
#9802=CARTESIAN_POINT('Ctrl Pts',(28.4326575742197,-153.380768563373,56.2149825160976));
#9803=CARTESIAN_POINT('',(29.8711583814429,-158.597552554156,59.5837122310377));
#9804=CARTESIAN_POINT('Origin',(44.6951681238735,-155.568744223975,51.2621297399293));
#9805=CARTESIAN_POINT('',(30.6680462325469,-155.073705226657,60.8662877689219));
#9806=CARTESIAN_POINT('Ctrl Pts',(30.6680462325469,-155.073705226657,60.8662877689219));
#9807=CARTESIAN_POINT('Ctrl Pts',(30.6920791986904,-155.086480862272,60.901388539285));
#9808=CARTESIAN_POINT('Ctrl Pts',(30.7160874530578,-155.100329056159,60.9361701047201));
#9809=CARTESIAN_POINT('Ctrl Pts',(30.9065090075373,-155.218945681361,61.2098878006594));
#9810=CARTESIAN_POINT('Ctrl Pts',(31.0684517617445,-155.375280122555,61.4287828221781));
#9811=CARTESIAN_POINT('Ctrl Pts',(31.3107287958269,-155.71793790155,61.7449111640061));
#9812=CARTESIAN_POINT('Ctrl Pts',(31.414406143613,-155.914015754407,61.875067294711));
#9813=CARTESIAN_POINT('Ctrl Pts',(31.5584127523498,-156.354786218324,62.0528081639531));
#9814=CARTESIAN_POINT('Ctrl Pts',(31.5978184597237,-156.599938315774,62.1000000000401));
#9815=CARTESIAN_POINT('Ctrl Pts',(31.5978184597237,-156.835628890577,62.1000000000401));
#9816=CARTESIAN_POINT('Ctrl Pts',(31.5978184597237,-156.861153472121,62.1000000000401));
#9817=CARTESIAN_POINT('Ctrl Pts',(31.5973871403692,-156.886667180803,62.0994788223447));
#9818=CARTESIAN_POINT('Ctrl Pts',(31.5952818933365,-156.948964896741,62.096934055423));
#9819=CARTESIAN_POINT('Ctrl Pts',(31.5931429482561,-156.985667346776,62.0943482933163));
#9820=CARTESIAN_POINT('Ctrl Pts',(31.5865506797185,-157.065438885157,62.0863701354512));
#9821=CARTESIAN_POINT('Ctrl Pts',(31.5817541425507,-157.108356808532,62.0805613368959));
#9822=CARTESIAN_POINT('Ctrl Pts',(31.5586353907171,-157.272824904089,62.0525066526434));
#9823=CARTESIAN_POINT('Ctrl Pts',(31.5319393779066,-157.390497964316,62.0200305576196));
#9824=CARTESIAN_POINT('Ctrl Pts',(31.4493020471488,-157.657915546516,61.9182467419591));
#9825=CARTESIAN_POINT('Ctrl Pts',(31.3866963010676,-157.800571157521,61.8403219619253));
#9826=CARTESIAN_POINT('Ctrl Pts',(31.2184639897928,-158.099857638404,61.6256644455694));
#9827=CARTESIAN_POINT('Ctrl Pts',(31.1055966561477,-158.244638217426,61.4779953476841));
#9828=CARTESIAN_POINT('Ctrl Pts',(30.8836402165618,-158.461157546234,61.1753588850988));
#9829=CARTESIAN_POINT('Ctrl Pts',(30.775249204542,-158.540801360127,61.022922167966));
#9830=CARTESIAN_POINT('Ctrl Pts',(30.6662975837766,-158.598480200801,60.863733323144));
#9831=CARTESIAN_POINT('Ctrl Pts',(30.4805184099498,-158.696831444154,60.5922920002363));
#9832=CARTESIAN_POINT('Ctrl Pts',(30.2918192204827,-158.732254747147,60.298734109409));
#9833=CARTESIAN_POINT('Ctrl Pts',(30.0308599930085,-158.681034485631,59.8636153084106));
#9834=CARTESIAN_POINT('Ctrl Pts',(29.948688361345,-158.647820983009,59.7218236033206));
#9835=CARTESIAN_POINT('Ctrl Pts',(29.8711583814007,-158.597552554426,59.5837122309625));
#9836=CARTESIAN_POINT('Origin',(44.6951681238735,-151.578077578012,51.2621297399293));
#9837=CARTESIAN_POINT('Origin',(27.4408791475456,-179.598321565041,51.2169669083667));
#9838=CARTESIAN_POINT('Origin',(43.9310378668704,-179.608554567337,54.1061635880398));
#9839=CARTESIAN_POINT('Origin',(0.,-179.608554567337,54.1061635880398));
#9840=CARTESIAN_POINT('',(0.,-177.846630903457,54.7474513569909));
#9841=CARTESIAN_POINT('',(0.,-181.370478231218,53.4648758190838));
#9842=CARTESIAN_POINT('Origin',(0.,-221.39055756021,54.7954723519846));
#9843=CARTESIAN_POINT('',(0.,-219.628633896338,54.1541845830765));
#9844=CARTESIAN_POINT('',(0.,-223.152481223994,55.4367601208485));
#9845=CARTESIAN_POINT('Origin',(0.,-148.800935049948,55.3215939740785));
#9846=CARTESIAN_POINT('',(0.,-147.039011386117,55.9628817429594));
#9847=CARTESIAN_POINT('',(0.,-150.562858713776,54.6803062051862));
#9848=CARTESIAN_POINT('Origin',(0.,-149.27273975655,62.1000000000334));
#9849=CARTESIAN_POINT('',(0.,-148.823705226645,60.8662877689415));
#9850=CARTESIAN_POINT('Origin',(25.5509765311826,-138.,70.6));
#9851=CARTESIAN_POINT('',(29.0509765311826,-138.,70.6));
#9852=CARTESIAN_POINT('Origin',(25.5509765311826,-138.,70.6));
#9853=CARTESIAN_POINT('Origin',(25.5509765311826,-138.,68.6));
#9854=CARTESIAN_POINT('',(29.0509765311826,-138.,68.6));
#9855=CARTESIAN_POINT('',(29.0509765311826,-138.,68.6));
#9856=CARTESIAN_POINT('Origin',(25.5509765311826,-138.,68.6));
#9857=CARTESIAN_POINT('Origin',(25.5509765311826,-232.,70.6));
#9858=CARTESIAN_POINT('',(29.0509765311826,-232.,70.6));
#9859=CARTESIAN_POINT('Origin',(25.5509765311826,-232.,70.6));
#9860=CARTESIAN_POINT('Origin',(25.5509765311826,-183.25,70.6));
#9861=CARTESIAN_POINT('',(22.0509765311825,-185.,70.6));
#9862=CARTESIAN_POINT('Origin',(25.5509765311826,-185.,70.6));
#9863=CARTESIAN_POINT('Origin',(25.5509765311826,-232.,68.6));
#9864=CARTESIAN_POINT('',(29.0509765311826,-232.,68.6));
#9865=CARTESIAN_POINT('',(29.0509765311826,-232.,68.6));
#9866=CARTESIAN_POINT('Origin',(25.5509765311826,-232.,68.6));
#9867=CARTESIAN_POINT('Origin',(25.5509765311826,-185.,68.6));
#9868=CARTESIAN_POINT('',(22.0509765311825,-185.,68.6));
#9869=CARTESIAN_POINT('',(22.0509765311825,-185.,68.6));
#9870=CARTESIAN_POINT('Origin',(25.5509765311826,-185.,68.6));
#9871=CARTESIAN_POINT('Origin',(32.0000000000002,-129.,48.95));
#9872=CARTESIAN_POINT('',(32.0000000000002,-128.,68.6));
#9873=CARTESIAN_POINT('',(33.0000000000002,-129.,68.6));
#9874=CARTESIAN_POINT('Origin',(32.0000000000002,-129.,68.6));
#9875=CARTESIAN_POINT('',(33.0000000000002,-129.,65.9550200297211));
#9876=CARTESIAN_POINT('',(33.0000000000002,-129.,48.95));
#9877=CARTESIAN_POINT('',(32.0000000000002,-128.,65.9550200297211));
#9878=CARTESIAN_POINT('Origin',(32.0000000000002,-129.,65.9550200297211));
#9879=CARTESIAN_POINT('',(32.0000000000002,-128.,48.95));
#9880=CARTESIAN_POINT('Origin',(32.0000000000002,-241.,48.95));
#9881=CARTESIAN_POINT('',(33.0000000000002,-241.,68.6));
#9882=CARTESIAN_POINT('',(32.0000000000002,-242.,68.6));
#9883=CARTESIAN_POINT('Origin',(32.0000000000002,-241.,68.6));
#9884=CARTESIAN_POINT('',(32.0000000000002,-242.,65.9550200297211));
#9885=CARTESIAN_POINT('',(32.0000000000002,-242.,48.95));
#9886=CARTESIAN_POINT('',(33.0000000000002,-241.,65.9550200297211));
#9887=CARTESIAN_POINT('Origin',(32.0000000000002,-241.,65.9550200297211));
#9888=CARTESIAN_POINT('',(33.0000000000002,-241.,48.95));
#9889=CARTESIAN_POINT('Origin',(33.0000000000002,-25.2879694013764,63.6));
#9890=CARTESIAN_POINT('',(33.0000000000002,-55.3753091327404,65.9550200297211));
#9891=CARTESIAN_POINT('',(33.0000000000002,-319.641549205244,68.6));
#9892=CARTESIAN_POINT('Origin',(27.0000000000002,-241.,65.9550200297211));
#9893=CARTESIAN_POINT('',(30.8467756791031,-242.,62.7609134449837));
#9894=CARTESIAN_POINT('Origin',(27.0000000000002,-242.,65.9550200297211));
#9895=CARTESIAN_POINT('Origin',(30.8467756791031,-241.,62.7609134449837));
#9896=CARTESIAN_POINT('Origin',(27.0000000000002,-241.,65.9550200297211));
#9897=CARTESIAN_POINT('Origin',(27.0000000000002,-129.,65.9550200297211));
#9898=CARTESIAN_POINT('Origin',(27.0000000000002,-129.,65.9550200297211));
#9899=CARTESIAN_POINT('',(30.8467756791031,-128.,62.7609134449837));
#9900=CARTESIAN_POINT('Origin',(30.8467756791031,-129.,62.7609134449837));
#9901=CARTESIAN_POINT('Origin',(27.0000000000002,-128.,65.9550200297211));
#9902=CARTESIAN_POINT('Origin',(30.2499999999964,-75.4289321881345,68.6));
#9903=CARTESIAN_POINT('',(25.1270525485239,-128.,68.6));
#9904=CARTESIAN_POINT('',(25.1270525485239,-242.,68.6));
#9905=CARTESIAN_POINT('Origin',(23.9473932469804,-217.7,51.7376288648015));
#9906=CARTESIAN_POINT('',(23.9473932469804,-196.2,51.7376288648015));
#9907=CARTESIAN_POINT('',(23.9473932469804,-196.2,51.7376288648015));
#9908=CARTESIAN_POINT('',(23.9473932469804,-217.7,51.7376288648015));
#9909=CARTESIAN_POINT('',(23.9473932469804,-212.325,51.7376288648015));
#9910=CARTESIAN_POINT('',(23.9473932469804,-217.7,51.7376288648015));
#9911=CARTESIAN_POINT('Origin',(27.5677483482551,-174.,50.4974559169131));
#9912=CARTESIAN_POINT('',(23.8254788868087,-152.1,49.8375928417788));
#9913=CARTESIAN_POINT('',(23.8254788868087,-174.,49.8375928417788));
#9914=CARTESIAN_POINT('',(23.8254788868087,-168.524999999993,49.8375928417788));
#9915=CARTESIAN_POINT('',(27.5677483482551,-174.,50.4974559169131));
#9916=CARTESIAN_POINT('',(27.5677483482551,-152.1,50.4974559169131));
#9917=CARTESIAN_POINT('Origin',(0.,-190.23736486591,54.5294964657731));
#9918=CARTESIAN_POINT('',(0.,-188.475441202039,53.8882086968207));
#9919=CARTESIAN_POINT('',(0.,-191.999288529801,55.1707842347281));
#9920=CARTESIAN_POINT('Origin',(0.,-208.89055756018,54.7954723519419));
#9921=CARTESIAN_POINT('',(0.,-207.128633896348,54.1541845830484));
#9922=CARTESIAN_POINT('',(0.,-210.652481224004,55.4367601208204));
#9923=CARTESIAN_POINT('Origin',(0.,-215.140557560448,54.7954723517236));
#9924=CARTESIAN_POINT('',(0.,-213.378633896851,54.154184582823));
#9925=CARTESIAN_POINT('',(0.,-216.902481224013,55.4367601204763));
#9926=CARTESIAN_POINT('Origin',(0.,-173.892692226971,55.5736947477022));
#9927=CARTESIAN_POINT('',(0.,-172.130768563428,56.2149825165859));
#9928=CARTESIAN_POINT('',(0.,-175.654615891233,54.932406978617));
#9929=CARTESIAN_POINT('Origin',(0.,-167.642692227062,55.5736947473511));
#9930=CARTESIAN_POINT('',(0.,-165.880768563729,56.2149825160033));
#9931=CARTESIAN_POINT('',(0.,-169.404615890981,54.9324069783528));
#9932=CARTESIAN_POINT('Origin',(0.,-161.392692227192,55.5736947475826));
#9933=CARTESIAN_POINT('',(0.,-159.630768563692,56.214982516343));
#9934=CARTESIAN_POINT('',(0.,-163.154615891353,54.9324069785692));
#9935=CARTESIAN_POINT('Origin',(0.,-155.142692226985,55.5736947473362));
#9936=CARTESIAN_POINT('',(0.,-153.380768563669,56.2149825159979));
#9937=CARTESIAN_POINT('',(0.,-156.904615890885,54.9324069783252));
#9938=CARTESIAN_POINT('Origin',(0.,-202.640557560319,54.7954723516754));
#9939=CARTESIAN_POINT('',(0.,-200.878633896761,54.1541845828087));
#9940=CARTESIAN_POINT('',(0.,-204.402481223961,55.4367601204405));
#9941=CARTESIAN_POINT('Origin',(0.,-196.390557560429,54.7954723520783));
#9942=CARTESIAN_POINT('',(0.,-194.62863389648,54.1541845831069));
#9943=CARTESIAN_POINT('',(0.,-198.152481224308,55.4367601210843));
#9944=CARTESIAN_POINT('Origin',(0.,-197.473861278457,46.3369866008969));
#9945=CARTESIAN_POINT('',(0.,-192.652447445744,59.583712231063));
#9946=CARTESIAN_POINT('Origin',(0.,-194.41437110952,60.2250000000149));
#9947=CARTESIAN_POINT('',(0.,-196.176294773396,60.8662877690195));
#9948=CARTESIAN_POINT('Origin',(0.,-195.727260243449,62.1000000000166));
#9949=CARTESIAN_POINT('Origin',(0.,-189.561083508186,50.9054309762589));
#9950=CARTESIAN_POINT('',(0.,-186.402447445601,59.5837122310464));
#9951=CARTESIAN_POINT('Origin',(0.,-188.164371109493,60.2250000000065));
#9952=CARTESIAN_POINT('',(0.,-189.926294773375,60.8662877689624));
#9953=CARTESIAN_POINT('Origin',(0.,-189.477260243449,62.1000000000082));
#9954=CARTESIAN_POINT('Origin',(0.,-211.152028049965,43.100000000032));
#9955=CARTESIAN_POINT('',(0.,-205.152447445683,59.583712231111));
#9956=CARTESIAN_POINT('Origin',(0.,-206.914371109445,60.2250000000317));
#9957=CARTESIAN_POINT('',(0.,-208.676294773355,60.8662877689414));
#9958=CARTESIAN_POINT('Origin',(0.,-208.227260243449,62.1000000000334));
#9959=CARTESIAN_POINT('Origin',(0.,-202.718206644265,49.0999999998216));
#9960=CARTESIAN_POINT('',(0.,-198.90244744581,59.5837122310384));
#9961=CARTESIAN_POINT('Origin',(0.,-200.664371109412,60.2250000000233));
#9962=CARTESIAN_POINT('',(0.,-202.426294773337,60.8662877688913));
#9963=CARTESIAN_POINT('Origin',(0.,-201.977260243449,62.100000000025));
#9964=CARTESIAN_POINT('Origin',(0.,-215.218206644389,49.0999999998971));
#9965=CARTESIAN_POINT('',(0.,-211.402447445844,59.5837122310378));
#9966=CARTESIAN_POINT('Origin',(0.,-213.164371109423,60.2250000000401));
#9967=CARTESIAN_POINT('',(0.,-214.926294773343,60.8662877689219));
#9968=CARTESIAN_POINT('Origin',(0.,-214.477260243449,62.1000000000418));
#9969=CARTESIAN_POINT('Origin',(0.,-161.77273975655,62.1000000000334));
#9970=CARTESIAN_POINT('',(0.,-161.323705226645,60.8662877689414));
#9971=CARTESIAN_POINT('Origin',(0.,-163.085628890555,60.2250000000317));
#9972=CARTESIAN_POINT('',(0.,-164.847552554317,59.583712231111));
#9973=CARTESIAN_POINT('Origin',(0.,-158.847971950035,43.100000000032));
#9974=CARTESIAN_POINT('Origin',(0.,-174.27273975655,62.1000000000166));
#9975=CARTESIAN_POINT('',(0.,-173.823705226604,60.8662877690195));
#9976=CARTESIAN_POINT('Origin',(0.,-175.58562889048,60.2250000000149));
#9977=CARTESIAN_POINT('',(0.,-177.347552554255,59.583712231063));
#9978=CARTESIAN_POINT('Origin',(0.,-172.526138721543,46.3369866008969));
#9979=CARTESIAN_POINT('Origin',(0.,-155.52273975655,62.1000000000418));
#9980=CARTESIAN_POINT('',(0.,-155.073705226657,60.8662877689219));
#9981=CARTESIAN_POINT('Origin',(0.,-156.835628890577,60.2250000000401));
#9982=CARTESIAN_POINT('',(0.,-158.597552554155,59.5837122310378));
#9983=CARTESIAN_POINT('Origin',(0.,-154.781793355611,49.0999999998971));
#9984=CARTESIAN_POINT('Origin',(0.,-168.02273975655,62.100000000025));
#9985=CARTESIAN_POINT('',(0.,-167.573705226663,60.8662877688913));
#9986=CARTESIAN_POINT('Origin',(0.,-169.335628890588,60.2250000000233));
#9987=CARTESIAN_POINT('',(0.,-171.09755255419,59.5837122310384));
#9988=CARTESIAN_POINT('Origin',(0.,-167.281793355735,49.0999999998216));
#9989=CARTESIAN_POINT('Origin',(0.,-227.718206644389,49.0999999998971));
#9990=CARTESIAN_POINT('',(0.,-227.269172114444,50.333712230896));
#9991=CARTESIAN_POINT('',(0.,-223.902447445844,59.5837122310378));
#9992=CARTESIAN_POINT('Origin',(0.,-225.664371109423,60.2250000000401));
#9993=CARTESIAN_POINT('',(0.,-227.426294773343,60.8662877689219));
#9994=CARTESIAN_POINT('Origin',(0.,-226.977260243449,62.1000000000418));
#9995=CARTESIAN_POINT('',(0.,-230.793019441227,51.6162877687802));
#9996=CARTESIAN_POINT('Origin',(0.,-229.031095777306,50.9749999998983));
#9997=CARTESIAN_POINT('',(0.,-229.031095778322,49.0999999998983));
#9998=CARTESIAN_POINT('Origin',(0.,-229.03109577832,50.9749999998983));
#9999=CARTESIAN_POINT('Origin',(0.,-235.125000000247,51.40386962374));
#10000=CARTESIAN_POINT('',(0.,-236.886923664242,52.045157392579));
#10001=CARTESIAN_POINT('',(0.,-233.363076336253,50.762581854901));
#10002=CARTESIAN_POINT('Origin',(0.,-233.363076336253,50.762581854901));
#10003=CARTESIAN_POINT('',(0.,-230.152447445683,59.5837122311111));
#10004=CARTESIAN_POINT('Origin',(0.,-231.914371109445,60.2250000000317));
#10005=CARTESIAN_POINT('',(0.,-233.676294773355,60.8662877689415));
#10006=CARTESIAN_POINT('Origin',(0.,-233.227260243449,62.1000000000334));
#10007=CARTESIAN_POINT('Origin',(0.,-138.085628890555,60.2250000000317));
#10008=CARTESIAN_POINT('',(0.,-136.323705226645,60.8662877689415));
#10009=CARTESIAN_POINT('',(0.,-139.847552554317,59.5837122311111));
#10010=CARTESIAN_POINT('Origin',(0.,-136.636923663747,50.762581854901));
#10011=CARTESIAN_POINT('',(0.,-136.636923663747,50.762581854901));
#10012=CARTESIAN_POINT('Origin',(0.,-134.874999999753,51.40386962374));
#10013=CARTESIAN_POINT('',(0.,-133.113076335758,52.045157392579));
#10014=CARTESIAN_POINT('Origin',(0.,-136.77273975655,62.1000000000334));
#10015=CARTESIAN_POINT('Origin',(0.,-140.968904222694,50.9749999998983));
#10016=CARTESIAN_POINT('',(0.,-140.968904221678,49.0999999998983));
#10017=CARTESIAN_POINT('',(0.,-139.206980558773,51.6162877687802));
#10018=CARTESIAN_POINT('Origin',(0.,-143.02273975655,62.1000000000418));
#10019=CARTESIAN_POINT('',(0.,-142.573705226657,60.8662877689219));
#10020=CARTESIAN_POINT('Origin',(0.,-144.335628890577,60.2250000000401));
#10021=CARTESIAN_POINT('',(0.,-146.097552554155,59.5837122310378));
#10022=CARTESIAN_POINT('Origin',(0.,-142.281793355611,49.0999999998971));
#10023=CARTESIAN_POINT('',(0.,-142.730827885556,50.333712230896));
#10024=CARTESIAN_POINT('Origin',(0.,-140.968904221679,50.9749999998983));
#10025=CARTESIAN_POINT('Origin',(0.,-180.52273975655,62.1000000000082));
#10026=CARTESIAN_POINT('',(0.,-180.073705226625,60.8662877689624));
#10027=CARTESIAN_POINT('Origin',(0.,-181.835628890507,60.2250000000065));
#10028=CARTESIAN_POINT('',(0.,-183.597552554399,59.5837122310464));
#10029=CARTESIAN_POINT('Origin',(0.,-180.438916491814,50.9054309762589));
#10030=CARTESIAN_POINT('Origin',(27.8369030234837,-150.554000638723,48.9710039006242));
#10031=CARTESIAN_POINT('',(23.808114069005,-150.554000638723,49.9360736172901));
#10032=CARTESIAN_POINT('',(27.5503835304514,-150.554000638723,50.5959366924245));
#10033=CARTESIAN_POINT('',(23.9541096913417,-149.116077489542,49.1080912985879));
#10034=CARTESIAN_POINT('Origin',(24.0946335620373,-150.554000638723,48.3111408254899));
#10035=CARTESIAN_POINT('',(27.6963791527881,-149.116077489542,49.7679543737222));
#10036=CARTESIAN_POINT('Origin',(27.5503835303039,-175.545999359886,50.5959366932606));
#10037=CARTESIAN_POINT('',(23.8081140688575,-175.545999359886,49.9360736181263));
#10038=CARTESIAN_POINT('',(27.5503835303039,-175.545999359886,50.5959366932606));
#10039=CARTESIAN_POINT('',(23.8081140688575,-175.545999359886,49.9360736181263));
#10040=CARTESIAN_POINT('Origin',(27.8369030235715,-175.54599935952,48.971003900126));
#10041=CARTESIAN_POINT('',(23.9541096913242,-176.983922509914,49.1080912986875));
#10042=CARTESIAN_POINT('',(27.6963791527706,-176.983922509914,49.7679543738218));
#10043=CARTESIAN_POINT('Origin',(24.0946335621251,-175.54599935952,48.3111408249917));
#10044=CARTESIAN_POINT('Origin',(27.6806196637386,-219.7,49.8573308774552));
#10045=CARTESIAN_POINT('',(25.5632829947624,-194.2,49.4839872954713));
#10046=CARTESIAN_POINT('',(27.6806196637386,-194.2,49.8573308774551));
#10047=CARTESIAN_POINT('',(25.5632829947624,-219.7,49.4839872954713));
#10048=CARTESIAN_POINT('',(27.6806196637386,-219.7,49.8573308774552));
#10049=CARTESIAN_POINT('',(25.5632829947624,-219.7,49.4839872954713));
#10050=CARTESIAN_POINT('Origin',(0.,-223.652028049965,43.100000000032));
#10051=CARTESIAN_POINT('',(0.,-217.652447445683,59.5837122311111));
#10052=CARTESIAN_POINT('Origin',(0.,-219.414371109445,60.2250000000317));
#10053=CARTESIAN_POINT('',(0.,-221.176294773355,60.8662877689415));
#10054=CARTESIAN_POINT('Origin',(0.,-220.727260243449,62.1000000000334));
#10055=CARTESIAN_POINT('Origin',(27.0000000000002,-55.3753091327404,65.9550200297211));
#10056=CARTESIAN_POINT('Origin',(0.,-150.585628890555,60.2250000000317));
#10057=CARTESIAN_POINT('',(0.,-152.347552554317,59.5837122311111));
#10058=CARTESIAN_POINT('Origin',(0.,-146.347971950035,43.100000000032));
#10059=CARTESIAN_POINT('Origin',(10.0000000000006,-185.,0.));
#10060=CARTESIAN_POINT('',(7.30000000000114,-185.,4.6));
#10061=CARTESIAN_POINT('Origin',(10.0000000000006,-185.,4.6));
#10062=CARTESIAN_POINT('',(7.30000000000114,-185.,0.));
#10063=CARTESIAN_POINT('',(7.30000000000114,-185.,0.));
#10064=CARTESIAN_POINT('Origin',(10.0000000000006,-185.,0.));
#10065=CARTESIAN_POINT('Origin',(10.0000000000003,-138.,0.));
#10066=CARTESIAN_POINT('',(7.30000000000034,-138.,4.6));
#10067=CARTESIAN_POINT('Origin',(10.0000000000003,-138.,4.6));
#10068=CARTESIAN_POINT('',(7.30000000000034,-138.,0.));
#10069=CARTESIAN_POINT('',(7.30000000000034,-138.,0.));
#10070=CARTESIAN_POINT('Origin',(10.0000000000003,-138.,0.));
#10071=CARTESIAN_POINT('Origin',(-6.31326902816767E-11,-75.9999999999999,
0.));
#10072=CARTESIAN_POINT('',(-1.13945586094646E-10,-133.999999999995,0.));
#10073=CARTESIAN_POINT('',(-1.13945586094646E-10,-133.999999999995,4.6));
#10074=CARTESIAN_POINT('',(-1.13945519686354E-10,-133.999999999995,17.15));
#10075=CARTESIAN_POINT('',(-1.13945586094646E-10,-236.000000000005,0.));
#10076=CARTESIAN_POINT('',(-6.31326902816767E-11,-75.9999999999999,0.));
#10077=CARTESIAN_POINT('',(-1.13945586094646E-10,-236.000000000005,4.6));
#10078=CARTESIAN_POINT('',(-1.13945519686354E-10,-236.000000000005,17.15));
#10079=CARTESIAN_POINT('',(-6.31326902816767E-11,-75.9999999999999,4.6));
#10080=CARTESIAN_POINT('Origin',(20.0041050970513,-128.,34.3));
#10081=CARTESIAN_POINT('',(26.9686285696538,-128.,48.1364625419246));
#10082=CARTESIAN_POINT('Origin',(44.6951681238735,-128.,51.2621297399293));
#10083=CARTESIAN_POINT('',(33.9473598100974,-128.,8.55811093399842));
#10084=CARTESIAN_POINT('',(31.9003486803633,-128.,20.1672879386145));
#10085=CARTESIAN_POINT('',(37.7140515820428,-128.,3.99543284065204));
#10086=CARTESIAN_POINT('Origin',(39.8562063281707,-128.,9.6));
#10087=CARTESIAN_POINT('',(39.0000000000001,-128.,2.12724378753605));
#10088=CARTESIAN_POINT('Origin',(37.0000000000001,-128.,2.12724378753605));
#10089=CARTESIAN_POINT('',(39.0000000000001,-128.,0.));
#10090=CARTESIAN_POINT('',(39.0000000000001,-128.,17.15));
#10091=CARTESIAN_POINT('',(5.99999999988606,-128.,0.));
#10092=CARTESIAN_POINT('',(25.1270525485239,-128.,0.));
#10093=CARTESIAN_POINT('',(5.99999999988606,-128.,4.6));
#10094=CARTESIAN_POINT('',(5.99999999988606,-128.,17.15));
#10095=CARTESIAN_POINT('',(25.811619049924,-128.,4.6));
#10096=CARTESIAN_POINT('',(15.127052548486,-128.,4.6));
#10097=CARTESIAN_POINT('Origin',(25.811619049924,-128.,7.6));
#10098=CARTESIAN_POINT('Origin',(5.99999999988606,-134.,17.15));
#10099=CARTESIAN_POINT('Origin',(5.99999999988606,-134.,0.));
#10100=CARTESIAN_POINT('Origin',(5.99999999988606,-134.,4.6));
#10101=CARTESIAN_POINT('Origin',(25.811619049924,-157.75,7.6));
#10102=CARTESIAN_POINT('',(27.3082820046424,-156.167816883207,5.00000000000507));
#10103=CARTESIAN_POINT('',(28.4824349800149,-157.929740548735,6.23371223105357));
#10104=CARTESIAN_POINT('Ctrl Pts',(27.308282004643,-156.16781688484,5.00000000000543));
#10105=CARTESIAN_POINT('Ctrl Pts',(27.3082820044459,-156.298087528392,4.99999999989194));
#10106=CARTESIAN_POINT('Ctrl Pts',(27.3322268435359,-156.423733467635,5.01349739344746));
#10107=CARTESIAN_POINT('Ctrl Pts',(27.4130643141025,-156.664284508275,5.06275547091967));
#10108=CARTESIAN_POINT('Ctrl Pts',(27.4696644453038,-156.779275837934,5.09857459406569));
#10109=CARTESIAN_POINT('Ctrl Pts',(27.6637344821495,-157.106336236409,5.23470013230841));
#10110=CARTESIAN_POINT('Ctrl Pts',(27.8238741402077,-157.300706842702,5.365286955186));
#10111=CARTESIAN_POINT('Ctrl Pts',(28.1198899598889,-157.623470879473,5.67140107839697));
#10112=CARTESIAN_POINT('Ctrl Pts',(28.2802147358895,-157.773934834562,5.87402689470871));
#10113=CARTESIAN_POINT('Ctrl Pts',(28.4379421336828,-157.897248431104,6.14925923490992));
#10114=CARTESIAN_POINT('Ctrl Pts',(28.4606290698886,-157.91422590299,6.19108609221282));
#10115=CARTESIAN_POINT('Ctrl Pts',(28.482434980015,-157.929740548735,6.23371223105367));
#10116=CARTESIAN_POINT('',(28.8104508662122,-154.405893219331,7.5162877690086));
#10117=CARTESIAN_POINT('Ctrl Pts',(28.8104508662122,-154.405893219331,7.5162877690086));
#10118=CARTESIAN_POINT('Ctrl Pts',(28.8045647163188,-154.329146401135,7.30542761910056));
#10119=CARTESIAN_POINT('Ctrl Pts',(28.7742390862888,-154.292816883207,7.08195579048147));
#10120=CARTESIAN_POINT('Ctrl Pts',(28.6565315824381,-154.292816883207,6.60932720782057));
#10121=CARTESIAN_POINT('Ctrl Pts',(28.5487979579723,-154.35171662509,6.34270126445583));
#10122=CARTESIAN_POINT('Ctrl Pts',(28.2802147358895,-154.561698933485,5.8740268947087));
#10123=CARTESIAN_POINT('Ctrl Pts',(28.1198899598889,-154.712162888575,5.67140107839697));
#10124=CARTESIAN_POINT('Ctrl Pts',(27.8238741402077,-155.034926925346,5.365286955186));
#10125=CARTESIAN_POINT('Ctrl Pts',(27.6637344821495,-155.229297531639,5.23470013230841));
#10126=CARTESIAN_POINT('Ctrl Pts',(27.4696644453038,-155.556357930114,5.09857459406569));
#10127=CARTESIAN_POINT('Ctrl Pts',(27.4130643141025,-155.671349259772,5.06275547091967));
#10128=CARTESIAN_POINT('Ctrl Pts',(27.3322268435359,-155.911900300412,5.01349739344746));
#10129=CARTESIAN_POINT('Ctrl Pts',(27.308282004643,-156.037546239656,5.00000000000542));
#10130=CARTESIAN_POINT('Ctrl Pts',(27.308282004643,-156.167816883207,5.00000000000542));
#10131=CARTESIAN_POINT('Origin',(25.811619049924,-154.43636197967,7.6));
#10132=CARTESIAN_POINT('',(28.4824349799716,-151.679740546779,6.23371223096881));
#10133=CARTESIAN_POINT('Origin',(25.811619049924,-152.17702862641,7.6));
#10134=CARTESIAN_POINT('',(27.3082820046365,-149.917816886357,5.00000000000168));
#10135=CARTESIAN_POINT('Ctrl Pts',(27.3082820046365,-149.917816882914,5.00000000000169));
#10136=CARTESIAN_POINT('Ctrl Pts',(27.3082820050521,-150.048087526466,5.00000000024093));
#10137=CARTESIAN_POINT('Ctrl Pts',(27.3322268435296,-150.173733465709,5.01349739344374));
#10138=CARTESIAN_POINT('Ctrl Pts',(27.4130643140966,-150.414284506349,5.06275547091595));
#10139=CARTESIAN_POINT('Ctrl Pts',(27.4696644452981,-150.529275836007,5.09857459406195));
#10140=CARTESIAN_POINT('Ctrl Pts',(27.6637344821447,-150.856336234482,5.23470013230458));
#10141=CARTESIAN_POINT('Ctrl Pts',(27.8238741402034,-151.050706840775,5.36528695518207));
#10142=CARTESIAN_POINT('Ctrl Pts',(28.1198899598856,-151.373470877546,5.67140107839291));
#10143=CARTESIAN_POINT('Ctrl Pts',(28.2802147358867,-151.523934832636,5.87402689470462));
#10144=CARTESIAN_POINT('Ctrl Pts',(28.4379421336658,-151.647248429166,6.14925923488006));
#10145=CARTESIAN_POINT('Ctrl Pts',(28.4606290698578,-151.664225901042,6.19108609215598));
#10146=CARTESIAN_POINT('Ctrl Pts',(28.4824349799716,-151.679740546779,6.23371223096892));
#10147=CARTESIAN_POINT('',(28.8104508662095,-148.155893222447,7.51628776891023));
#10148=CARTESIAN_POINT('Ctrl Pts',(28.8104508662095,-148.155893222447,7.51628776891024));
#10149=CARTESIAN_POINT('Ctrl Pts',(28.8045647163099,-148.079146404274,7.30542761903009));
#10150=CARTESIAN_POINT('Ctrl Pts',(28.7742390862804,-148.042816886357,7.08195579044673));
#10151=CARTESIAN_POINT('Ctrl Pts',(28.6565315824368,-148.042816886357,6.60932720781666));
#10152=CARTESIAN_POINT('Ctrl Pts',(28.5487979579705,-148.10171662824,6.34270126445182));
#10153=CARTESIAN_POINT('Ctrl Pts',(28.2802147358867,-148.311698936635,5.87402689470462));
#10154=CARTESIAN_POINT('Ctrl Pts',(28.1198899598856,-148.462162891725,5.67140107839291));
#10155=CARTESIAN_POINT('Ctrl Pts',(27.8238741402034,-148.784926928496,5.36528695518207));
#10156=CARTESIAN_POINT('Ctrl Pts',(27.6637344821447,-148.979297534789,5.23470013230458));
#10157=CARTESIAN_POINT('Ctrl Pts',(27.4696644452981,-149.306357933264,5.09857459406195));
#10158=CARTESIAN_POINT('Ctrl Pts',(27.4130643140966,-149.421349262922,5.06275547091595));
#10159=CARTESIAN_POINT('Ctrl Pts',(27.3322268435296,-149.661900303562,5.01349739344374));
#10160=CARTESIAN_POINT('Ctrl Pts',(27.3082820046365,-149.787546242805,5.00000000000169));
#10161=CARTESIAN_POINT('Ctrl Pts',(27.3082820046365,-149.917816886357,5.00000000000169));
#10162=CARTESIAN_POINT('Origin',(25.811619049924,-148.186361982817,7.6));
#10163=CARTESIAN_POINT('',(28.4824349800179,-145.429740549434,6.23371223105937));
#10164=CARTESIAN_POINT('Origin',(25.811619049924,-145.927028628964,7.6));
#10165=CARTESIAN_POINT('',(27.3082820046462,-143.667816885539,5.00000000000727));
#10166=CARTESIAN_POINT('Ctrl Pts',(27.3082820046622,-143.667816885541,5.00000000001649));
#10167=CARTESIAN_POINT('Ctrl Pts',(27.3082820046622,-143.798087529092,5.00000000001649));
#10168=CARTESIAN_POINT('Ctrl Pts',(27.3322268435546,-143.923733468335,5.01349739345848));
#10169=CARTESIAN_POINT('Ctrl Pts',(27.41306431412,-144.164284508976,5.06275547093071));
#10170=CARTESIAN_POINT('Ctrl Pts',(27.4696644453205,-144.279275838634,5.09857459407679));
#10171=CARTESIAN_POINT('Ctrl Pts',(27.6637344821639,-144.60633623711,5.23470013231976));
#10172=CARTESIAN_POINT('Ctrl Pts',(27.8238741402206,-144.800706843403,5.36528695519764));
#10173=CARTESIAN_POINT('Ctrl Pts',(28.1198899598989,-145.123470880174,5.67140107840898));
#10174=CARTESIAN_POINT('Ctrl Pts',(28.2802147358979,-145.273934835263,5.87402689472079));
#10175=CARTESIAN_POINT('Ctrl Pts',(28.4379421336883,-145.397248431804,6.14925923491993));
#10176=CARTESIAN_POINT('Ctrl Pts',(28.4606290698928,-145.414225903689,6.19108609222077));
#10177=CARTESIAN_POINT('Ctrl Pts',(28.482434980018,-145.429740549434,6.23371223105948));
#10178=CARTESIAN_POINT('',(28.8104508662113,-141.905893220619,7.51628776897661));
#10179=CARTESIAN_POINT('Ctrl Pts',(28.8104508662113,-141.905893220619,7.51628776897662));
#10180=CARTESIAN_POINT('Ctrl Pts',(28.804564716316,-141.829146402434,7.30542761908134));
#10181=CARTESIAN_POINT('Ctrl Pts',(28.7742390862872,-141.792816884511,7.08195579047855));
#10182=CARTESIAN_POINT('Ctrl Pts',(28.6565315824421,-141.792816884511,6.60932720783216));
#10183=CARTESIAN_POINT('Ctrl Pts',(28.5487979579777,-141.851716626394,6.34270126446771));
#10184=CARTESIAN_POINT('Ctrl Pts',(28.2802147358979,-142.061698934789,5.8740268947208));
#10185=CARTESIAN_POINT('Ctrl Pts',(28.1198899598989,-142.212162889878,5.67140107840899));
#10186=CARTESIAN_POINT('Ctrl Pts',(27.8238741402206,-142.534926926649,5.36528695519764));
#10187=CARTESIAN_POINT('Ctrl Pts',(27.6637344821639,-142.729297532942,5.23470013231977));
#10188=CARTESIAN_POINT('Ctrl Pts',(27.4696644453205,-143.056357931417,5.09857459407679));
#10189=CARTESIAN_POINT('Ctrl Pts',(27.41306431412,-143.171349261076,5.06275547093071));
#10190=CARTESIAN_POINT('Ctrl Pts',(27.3322268435546,-143.411900301716,5.01349739345848));
#10191=CARTESIAN_POINT('Ctrl Pts',(27.3082820046622,-143.53754624096,5.00000000001649));
#10192=CARTESIAN_POINT('Ctrl Pts',(27.3082820046622,-143.667816884511,5.00000000001649));
#10193=CARTESIAN_POINT('Origin',(25.811619049924,-141.936361980968,7.6));
#10194=CARTESIAN_POINT('',(28.4824349800125,-139.179740547674,6.23371223104886));
#10195=CARTESIAN_POINT('Origin',(25.811619049924,-139.677028627204,7.6));
#10196=CARTESIAN_POINT('',(27.3082820046385,-137.417816883779,5.0000000000028));
#10197=CARTESIAN_POINT('Ctrl Pts',(27.3082820046364,-137.417816883779,5.00000000000164));
#10198=CARTESIAN_POINT('Ctrl Pts',(27.3082820046364,-137.548087527331,5.00000000000164));
#10199=CARTESIAN_POINT('Ctrl Pts',(27.3322268435295,-137.673733466574,5.01349739344368));
#10200=CARTESIAN_POINT('Ctrl Pts',(27.4130643140965,-137.914284507214,5.06275547091589));
#10201=CARTESIAN_POINT('Ctrl Pts',(27.469664445298,-138.029275836873,5.09857459406189));
#10202=CARTESIAN_POINT('Ctrl Pts',(27.6637344821446,-138.356336235347,5.23470013230452));
#10203=CARTESIAN_POINT('Ctrl Pts',(27.8238741402033,-138.55070684164,5.36528695518201));
#10204=CARTESIAN_POINT('Ctrl Pts',(28.1198899598855,-138.873470878411,5.67140107839285));
#10205=CARTESIAN_POINT('Ctrl Pts',(28.2802147358867,-139.023934833501,5.87402689470456));
#10206=CARTESIAN_POINT('Ctrl Pts',(28.4379421336805,-139.147248430043,6.14925923490561));
#10207=CARTESIAN_POINT('Ctrl Pts',(28.4606290698862,-139.164225901928,6.19108609220833));
#10208=CARTESIAN_POINT('Ctrl Pts',(28.4824349800126,-139.179740547674,6.23371223104897));
#10209=CARTESIAN_POINT('',(28.8104508662108,-135.655893221285,7.51628776895748));
#10210=CARTESIAN_POINT('Ctrl Pts',(28.8104508662108,-135.655893221285,7.51628776895747));
#10211=CARTESIAN_POINT('Ctrl Pts',(28.8045661003589,-135.579164449028,7.30547719984164));
#10212=CARTESIAN_POINT('Ctrl Pts',(28.7742843976082,-135.542816885178,7.08213772811358));
#10213=CARTESIAN_POINT('Ctrl Pts',(28.6565315824367,-135.542816885178,6.6093272078166));
#10214=CARTESIAN_POINT('Ctrl Pts',(28.5487979579705,-135.601716627061,6.34270126445176));
#10215=CARTESIAN_POINT('Ctrl Pts',(28.2802147358867,-135.811698935456,5.87402689470455));
#10216=CARTESIAN_POINT('Ctrl Pts',(28.1198899598855,-135.962162890546,5.67140107839285));
#10217=CARTESIAN_POINT('Ctrl Pts',(27.8238741402033,-136.284926927317,5.36528695518201));
#10218=CARTESIAN_POINT('Ctrl Pts',(27.6637344821446,-136.47929753361,5.23470013230452));
#10219=CARTESIAN_POINT('Ctrl Pts',(27.469664445298,-136.806357932085,5.09857459406189));
#10220=CARTESIAN_POINT('Ctrl Pts',(27.4130643140965,-136.921349261743,5.06275547091589));
#10221=CARTESIAN_POINT('Ctrl Pts',(27.3322268435295,-137.161900302383,5.01349739344368));
#10222=CARTESIAN_POINT('Ctrl Pts',(27.3082820046364,-137.287546241626,5.00000000000164));
#10223=CARTESIAN_POINT('Ctrl Pts',(27.3082820046364,-137.417816885178,5.00000000000164));
#10224=CARTESIAN_POINT('Origin',(25.811619049924,-135.68636198164,7.6));
#10225=CARTESIAN_POINT('',(25.811619049924,-242.,4.6));
#10226=CARTESIAN_POINT('',(25.811619049924,-157.75,4.6));
#10227=CARTESIAN_POINT('Origin',(25.811619049924,-242.,7.6));
#10228=CARTESIAN_POINT('',(28.8104508662108,-234.344106778715,7.51628776895748));
#10229=CARTESIAN_POINT('Origin',(25.811619049924,-234.31363801836,7.6));
#10230=CARTESIAN_POINT('',(27.3082820046385,-232.582183116221,5.0000000000028));
#10231=CARTESIAN_POINT('Ctrl Pts',(28.8104508662108,-234.344106778715,7.51628776895747));
#10232=CARTESIAN_POINT('Ctrl Pts',(28.8045661003589,-234.420835550972,7.30547719984166));
#10233=CARTESIAN_POINT('Ctrl Pts',(28.7742843976082,-234.457183114822,7.08213772811358));
#10234=CARTESIAN_POINT('Ctrl Pts',(28.6565315824367,-234.457183114822,6.6093272078166));
#10235=CARTESIAN_POINT('Ctrl Pts',(28.5487979579705,-234.398283372939,6.34270126445176));
#10236=CARTESIAN_POINT('Ctrl Pts',(28.2802147358867,-234.188301064544,5.87402689470455));
#10237=CARTESIAN_POINT('Ctrl Pts',(28.1198899598855,-234.037837109454,5.67140107839285));
#10238=CARTESIAN_POINT('Ctrl Pts',(27.8238741402033,-233.715073072683,5.36528695518201));
#10239=CARTESIAN_POINT('Ctrl Pts',(27.6637344821446,-233.52070246639,5.23470013230452));
#10240=CARTESIAN_POINT('Ctrl Pts',(27.469664445298,-233.193642067915,5.09857459406189));
#10241=CARTESIAN_POINT('Ctrl Pts',(27.4130643140965,-233.078650738257,5.06275547091589));
#10242=CARTESIAN_POINT('Ctrl Pts',(27.3322268435295,-232.838099697617,5.01349739344368));
#10243=CARTESIAN_POINT('Ctrl Pts',(27.3082820046364,-232.712453758374,5.00000000000164));
#10244=CARTESIAN_POINT('Ctrl Pts',(27.3082820046364,-232.582183114822,5.00000000000164));
#10245=CARTESIAN_POINT('',(28.4824349800125,-230.820259452326,6.23371223104886));
#10246=CARTESIAN_POINT('Ctrl Pts',(27.3082820046364,-232.582183116221,5.00000000000164));
#10247=CARTESIAN_POINT('Ctrl Pts',(27.3082820046364,-232.451912472669,5.00000000000164));
#10248=CARTESIAN_POINT('Ctrl Pts',(27.3322268435295,-232.326266533426,5.01349739344368));
#10249=CARTESIAN_POINT('Ctrl Pts',(27.4130643140965,-232.085715492786,5.06275547091589));
#10250=CARTESIAN_POINT('Ctrl Pts',(27.469664445298,-231.970724163127,5.09857459406189));
#10251=CARTESIAN_POINT('Ctrl Pts',(27.6637344821446,-231.643663764652,5.23470013230452));
#10252=CARTESIAN_POINT('Ctrl Pts',(27.8238741402033,-231.44929315836,5.36528695518201));
#10253=CARTESIAN_POINT('Ctrl Pts',(28.1198899598855,-231.126529121589,5.67140107839285));
#10254=CARTESIAN_POINT('Ctrl Pts',(28.2802147358867,-230.976065166499,5.87402689470456));
#10255=CARTESIAN_POINT('Ctrl Pts',(28.4379421336805,-230.852751569957,6.14925923490561));
#10256=CARTESIAN_POINT('Ctrl Pts',(28.4606290698862,-230.835774098072,6.19108609220832));
#10257=CARTESIAN_POINT('Ctrl Pts',(28.4824349800126,-230.820259452326,6.23371223104896));
#10258=CARTESIAN_POINT('Origin',(25.811619049924,-230.322971372795,7.6));
#10259=CARTESIAN_POINT('',(28.8104508662113,-228.094106779381,7.51628776897661));
#10260=CARTESIAN_POINT('Origin',(25.811619049924,-228.063638019032,7.6));
#10261=CARTESIAN_POINT('',(27.3082820046462,-226.332183114461,5.00000000000727));
#10262=CARTESIAN_POINT('Ctrl Pts',(28.8104508662113,-228.094106779381,7.51628776897662));
#10263=CARTESIAN_POINT('Ctrl Pts',(28.804564716316,-228.170853597566,7.30542761908137));
#10264=CARTESIAN_POINT('Ctrl Pts',(28.7742390862872,-228.207183115489,7.08195579047855));
#10265=CARTESIAN_POINT('Ctrl Pts',(28.6565315824421,-228.207183115489,6.60932720783216));
#10266=CARTESIAN_POINT('Ctrl Pts',(28.5487979579777,-228.148283373606,6.34270126446771));
#10267=CARTESIAN_POINT('Ctrl Pts',(28.2802147358979,-227.938301065211,5.8740268947208));
#10268=CARTESIAN_POINT('Ctrl Pts',(28.1198899598989,-227.787837110122,5.67140107840899));
#10269=CARTESIAN_POINT('Ctrl Pts',(27.8238741402206,-227.465073073351,5.36528695519764));
#10270=CARTESIAN_POINT('Ctrl Pts',(27.6637344821639,-227.270702467058,5.23470013231977));
#10271=CARTESIAN_POINT('Ctrl Pts',(27.4696644453205,-226.943642068582,5.09857459407679));
#10272=CARTESIAN_POINT('Ctrl Pts',(27.41306431412,-226.828650738924,5.06275547093071));
#10273=CARTESIAN_POINT('Ctrl Pts',(27.3322268435546,-226.588099698284,5.01349739345848));
#10274=CARTESIAN_POINT('Ctrl Pts',(27.3082820046622,-226.46245375904,5.00000000001649));
#10275=CARTESIAN_POINT('Ctrl Pts',(27.3082820046622,-226.332183115489,5.00000000001649));
#10276=CARTESIAN_POINT('',(28.4824349800179,-224.570259450566,6.23371223105937));
#10277=CARTESIAN_POINT('Ctrl Pts',(27.3082820046622,-226.332183114459,5.00000000001649));
#10278=CARTESIAN_POINT('Ctrl Pts',(27.3082820046622,-226.201912470908,5.00000000001649));
#10279=CARTESIAN_POINT('Ctrl Pts',(27.3322268435546,-226.076266531664,5.01349739345848));
#10280=CARTESIAN_POINT('Ctrl Pts',(27.41306431412,-225.835715491024,5.06275547093071));
#10281=CARTESIAN_POINT('Ctrl Pts',(27.4696644453205,-225.720724161366,5.09857459407679));
#10282=CARTESIAN_POINT('Ctrl Pts',(27.6637344821639,-225.39366376289,5.23470013231976));
#10283=CARTESIAN_POINT('Ctrl Pts',(27.8238741402206,-225.199293156597,5.36528695519764));
#10284=CARTESIAN_POINT('Ctrl Pts',(28.1198899598989,-224.876529119826,5.67140107840898));
#10285=CARTESIAN_POINT('Ctrl Pts',(28.2802147358979,-224.726065164737,5.87402689472079));
#10286=CARTESIAN_POINT('Ctrl Pts',(28.4379421336883,-224.602751568196,6.14925923491993));
#10287=CARTESIAN_POINT('Ctrl Pts',(28.4606290698928,-224.585774096311,6.19108609222077));
#10288=CARTESIAN_POINT('Ctrl Pts',(28.482434980018,-224.570259450566,6.23371223105948));
#10289=CARTESIAN_POINT('Origin',(25.811619049924,-224.072971371035,7.6));
#10290=CARTESIAN_POINT('',(28.8104508662095,-221.844106777553,7.51628776891023));
#10291=CARTESIAN_POINT('Origin',(25.811619049924,-221.813638017183,7.6));
#10292=CARTESIAN_POINT('',(27.3082820046365,-220.082183113643,5.00000000000168));
#10293=CARTESIAN_POINT('Ctrl Pts',(28.8104508662095,-221.844106777553,7.51628776891023));
#10294=CARTESIAN_POINT('Ctrl Pts',(28.8045647163099,-221.920853595726,7.3054276190301));
#10295=CARTESIAN_POINT('Ctrl Pts',(28.7742390862804,-221.957183113643,7.08195579044673));
#10296=CARTESIAN_POINT('Ctrl Pts',(28.6565315824368,-221.957183113643,6.60932720781666));
#10297=CARTESIAN_POINT('Ctrl Pts',(28.5487979579705,-221.89828337176,6.34270126445182));
#10298=CARTESIAN_POINT('Ctrl Pts',(28.2802147358867,-221.688301063364,5.87402689470462));
#10299=CARTESIAN_POINT('Ctrl Pts',(28.1198899598856,-221.537837108275,5.67140107839291));
#10300=CARTESIAN_POINT('Ctrl Pts',(27.8238741402034,-221.215073071504,5.36528695518207));
#10301=CARTESIAN_POINT('Ctrl Pts',(27.6637344821447,-221.020702465211,5.23470013230458));
#10302=CARTESIAN_POINT('Ctrl Pts',(27.4696644452981,-220.693642066736,5.09857459406195));
#10303=CARTESIAN_POINT('Ctrl Pts',(27.4130643140966,-220.578650737078,5.06275547091595));
#10304=CARTESIAN_POINT('Ctrl Pts',(27.3322268435296,-220.338099696438,5.01349739344374));
#10305=CARTESIAN_POINT('Ctrl Pts',(27.3082820046365,-220.212453757195,5.00000000000169));
#10306=CARTESIAN_POINT('Ctrl Pts',(27.3082820046365,-220.082183113643,5.00000000000169));
#10307=CARTESIAN_POINT('',(28.4824349799716,-218.320259453221,6.23371223096881));
#10308=CARTESIAN_POINT('Ctrl Pts',(27.3082820046365,-220.082183117086,5.00000000000169));
#10309=CARTESIAN_POINT('Ctrl Pts',(27.3082820050521,-219.951912473534,5.00000000024093));
#10310=CARTESIAN_POINT('Ctrl Pts',(27.3322268435296,-219.826266534291,5.01349739344374));
#10311=CARTESIAN_POINT('Ctrl Pts',(27.4130643140966,-219.585715493651,5.06275547091595));
#10312=CARTESIAN_POINT('Ctrl Pts',(27.4696644452981,-219.470724163993,5.09857459406195));
#10313=CARTESIAN_POINT('Ctrl Pts',(27.6637344821447,-219.143663765518,5.23470013230458));
#10314=CARTESIAN_POINT('Ctrl Pts',(27.8238741402034,-218.949293159225,5.36528695518207));
#10315=CARTESIAN_POINT('Ctrl Pts',(28.1198899598856,-218.626529122454,5.67140107839291));
#10316=CARTESIAN_POINT('Ctrl Pts',(28.2802147358867,-218.476065167364,5.87402689470462));
#10317=CARTESIAN_POINT('Ctrl Pts',(28.4379421336658,-218.352751570834,6.14925923488006));
#10318=CARTESIAN_POINT('Ctrl Pts',(28.4606290698578,-218.335774098958,6.19108609215598));
#10319=CARTESIAN_POINT('Ctrl Pts',(28.4824349799716,-218.320259453221,6.23371223096892));
#10320=CARTESIAN_POINT('Origin',(25.811619049924,-217.82297137359,7.6));
#10321=CARTESIAN_POINT('',(28.8104508662122,-215.594106780669,7.5162877690086));
#10322=CARTESIAN_POINT('Origin',(25.811619049924,-215.56363802033,7.6));
#10323=CARTESIAN_POINT('',(27.3082820046424,-213.832183116793,5.00000000000507));
#10324=CARTESIAN_POINT('Ctrl Pts',(28.8104508662122,-215.594106780669,7.5162877690086));
#10325=CARTESIAN_POINT('Ctrl Pts',(28.8045647163188,-215.670853598865,7.30542761910056));
#10326=CARTESIAN_POINT('Ctrl Pts',(28.7742390862888,-215.707183116793,7.08195579048147));
#10327=CARTESIAN_POINT('Ctrl Pts',(28.6565315824381,-215.707183116793,6.60932720782057));
#10328=CARTESIAN_POINT('Ctrl Pts',(28.5487979579723,-215.64828337491,6.34270126445583));
#10329=CARTESIAN_POINT('Ctrl Pts',(28.2802147358895,-215.438301066515,5.8740268947087));
#10330=CARTESIAN_POINT('Ctrl Pts',(28.1198899598889,-215.287837111425,5.67140107839697));
#10331=CARTESIAN_POINT('Ctrl Pts',(27.8238741402077,-214.965073074654,5.365286955186));
#10332=CARTESIAN_POINT('Ctrl Pts',(27.6637344821495,-214.770702468361,5.23470013230841));
#10333=CARTESIAN_POINT('Ctrl Pts',(27.4696644453038,-214.443642069886,5.09857459406569));
#10334=CARTESIAN_POINT('Ctrl Pts',(27.4130643141025,-214.328650740228,5.06275547091967));
#10335=CARTESIAN_POINT('Ctrl Pts',(27.3322268435359,-214.088099699588,5.01349739344746));
#10336=CARTESIAN_POINT('Ctrl Pts',(27.308282004643,-213.962453760344,5.00000000000542));
#10337=CARTESIAN_POINT('Ctrl Pts',(27.308282004643,-213.832183116793,5.00000000000542));
#10338=CARTESIAN_POINT('',(28.4824349800149,-212.070259451265,6.23371223105357));
#10339=CARTESIAN_POINT('Ctrl Pts',(27.308282004643,-213.83218311516,5.00000000000543));
#10340=CARTESIAN_POINT('Ctrl Pts',(27.3082820044459,-213.701912471608,4.99999999989194));
#10341=CARTESIAN_POINT('Ctrl Pts',(27.3322268435359,-213.576266532365,5.01349739344746));
#10342=CARTESIAN_POINT('Ctrl Pts',(27.4130643141025,-213.335715491724,5.06275547091967));
#10343=CARTESIAN_POINT('Ctrl Pts',(27.4696644453038,-213.220724162066,5.09857459406569));
#10344=CARTESIAN_POINT('Ctrl Pts',(27.6637344821495,-212.893663763591,5.23470013230841));
#10345=CARTESIAN_POINT('Ctrl Pts',(27.8238741402077,-212.699293157298,5.365286955186));
#10346=CARTESIAN_POINT('Ctrl Pts',(28.1198899598889,-212.376529120527,5.67140107839697));
#10347=CARTESIAN_POINT('Ctrl Pts',(28.2802147358895,-212.226065165438,5.87402689470871));
#10348=CARTESIAN_POINT('Ctrl Pts',(28.4379421336828,-212.102751568896,6.14925923490992));
#10349=CARTESIAN_POINT('Ctrl Pts',(28.4606290698886,-212.08577409701,6.19108609221282));
#10350=CARTESIAN_POINT('Ctrl Pts',(28.482434980015,-212.070259451265,6.23371223105366));
#10351=CARTESIAN_POINT('Origin',(25.811619049924,-211.572971371736,7.6));
#10352=CARTESIAN_POINT('',(28.8104508662108,-209.344106779073,7.51628776895883));
#10353=CARTESIAN_POINT('Origin',(25.811619049924,-209.313638018718,7.6));
#10354=CARTESIAN_POINT('',(27.3082820046328,-207.582183115292,4.99999999999956));
#10355=CARTESIAN_POINT('Ctrl Pts',(28.8104508662108,-209.344106779073,7.51628776895883));
#10356=CARTESIAN_POINT('Ctrl Pts',(28.804566100359,-209.42083555133,7.30547719984194));
#10357=CARTESIAN_POINT('Ctrl Pts',(28.7742843976081,-209.45718311518,7.08213772811258));
#10358=CARTESIAN_POINT('Ctrl Pts',(28.656531582436,-209.45718311518,6.60932720781439));
#10359=CARTESIAN_POINT('Ctrl Pts',(28.5487979579695,-209.398283373298,6.34270126444949));
#10360=CARTESIAN_POINT('Ctrl Pts',(28.2802147358851,-209.188301064902,5.87402689470225));
#10361=CARTESIAN_POINT('Ctrl Pts',(28.1198899598836,-209.037837109813,5.67140107839056));
#10362=CARTESIAN_POINT('Ctrl Pts',(27.8238741402009,-208.715073073041,5.36528695517979));
#10363=CARTESIAN_POINT('Ctrl Pts',(27.6637344821419,-208.520702466749,5.23470013230236));
#10364=CARTESIAN_POINT('Ctrl Pts',(27.4696644452948,-208.193642068274,5.09857459405977));
#10365=CARTESIAN_POINT('Ctrl Pts',(27.4130643140932,-208.078650738616,5.06275547091378));
#10366=CARTESIAN_POINT('Ctrl Pts',(27.3322268435259,-207.838099697976,5.01349739344158));
#10367=CARTESIAN_POINT('Ctrl Pts',(27.3082820046328,-207.712453758732,4.99999999999952));
#10368=CARTESIAN_POINT('Ctrl Pts',(27.3082820046328,-207.58218311518,4.99999999999952));
#10369=CARTESIAN_POINT('',(28.4824349800077,-205.8202594514,6.23371223103948));
#10370=CARTESIAN_POINT('Ctrl Pts',(27.3082820046328,-207.582183115292,4.99999999999953));
#10371=CARTESIAN_POINT('Ctrl Pts',(27.3082820046328,-207.45191247174,4.99999999999953));
#10372=CARTESIAN_POINT('Ctrl Pts',(27.3322268435259,-207.326266532497,5.01349739344158));
#10373=CARTESIAN_POINT('Ctrl Pts',(27.4130643140932,-207.085715491857,5.06275547091379));
#10374=CARTESIAN_POINT('Ctrl Pts',(27.4696644452948,-206.970724162199,5.09857459405977));
#10375=CARTESIAN_POINT('Ctrl Pts',(27.6637344821419,-206.643663763724,5.23470013230236));
#10376=CARTESIAN_POINT('Ctrl Pts',(27.8238741402009,-206.449293157431,5.36528695517979));
#10377=CARTESIAN_POINT('Ctrl Pts',(28.1198899598836,-206.12652912066,5.67140107839056));
#10378=CARTESIAN_POINT('Ctrl Pts',(28.2802147358851,-205.97606516557,5.87402689470225));
#10379=CARTESIAN_POINT('Ctrl Pts',(28.4379421336779,-205.85275156903,6.14925923490106));
#10380=CARTESIAN_POINT('Ctrl Pts',(28.4606290698825,-205.835774097145,6.19108609220139));
#10381=CARTESIAN_POINT('Ctrl Pts',(28.4824349800078,-205.8202594514,6.23371223103959));
#10382=CARTESIAN_POINT('Origin',(25.811619049924,-205.32297137186,7.6));
#10383=CARTESIAN_POINT('',(28.8104508662108,-203.09410677907,7.51628776895723));
#10384=CARTESIAN_POINT('Origin',(25.811619049924,-203.063638018714,7.6));
#10385=CARTESIAN_POINT('',(27.3082820046251,-201.332183115178,4.99999999999508));
#10386=CARTESIAN_POINT('Ctrl Pts',(28.8104508662108,-203.09410677907,7.51628776895721));
#10387=CARTESIAN_POINT('Ctrl Pts',(28.8045647163141,-203.170853597255,7.30542761906172));
#10388=CARTESIAN_POINT('Ctrl Pts',(28.7742390862838,-203.207183115178,7.08195579045877));
#10389=CARTESIAN_POINT('Ctrl Pts',(28.656531582435,-203.207183115178,6.60932720781152));
#10390=CARTESIAN_POINT('Ctrl Pts',(28.5487979579681,-203.148283373296,6.34270126444657));
#10391=CARTESIAN_POINT('Ctrl Pts',(28.280214735883,-202.9383010649,5.87402689469927));
#10392=CARTESIAN_POINT('Ctrl Pts',(28.1198899598812,-202.78783710981,5.67140107838759));
#10393=CARTESIAN_POINT('Ctrl Pts',(27.8238741401977,-202.465073073039,5.36528695517691));
#10394=CARTESIAN_POINT('Ctrl Pts',(27.6637344821383,-202.270702466747,5.23470013229955));
#10395=CARTESIAN_POINT('Ctrl Pts',(27.4696644452907,-201.943642068272,5.09857459405703));
#10396=CARTESIAN_POINT('Ctrl Pts',(27.4130643140889,-201.828650738614,5.06275547091106));
#10397=CARTESIAN_POINT('Ctrl Pts',(27.3322268435213,-201.588099697974,5.01349739343885));
#10398=CARTESIAN_POINT('Ctrl Pts',(27.308282004628,-201.46245375873,4.99999999999679));
#10399=CARTESIAN_POINT('Ctrl Pts',(27.308282004628,-201.332183115178,4.99999999999679));
#10400=CARTESIAN_POINT('',(28.4824349799935,-199.570259451446,6.23371223101175));
#10401=CARTESIAN_POINT('Ctrl Pts',(27.308282004628,-201.332183115329,4.99999999999678));
#10402=CARTESIAN_POINT('Ctrl Pts',(27.3082820046462,-201.201912471777,5.00000000000728));
#10403=CARTESIAN_POINT('Ctrl Pts',(27.3322268435213,-201.076266532534,5.01349739343885));
#10404=CARTESIAN_POINT('Ctrl Pts',(27.4130643140888,-200.835715491894,5.06275547091104));
#10405=CARTESIAN_POINT('Ctrl Pts',(27.4696644452907,-200.720724162236,5.09857459405703));
#10406=CARTESIAN_POINT('Ctrl Pts',(27.6637344821383,-200.393663763761,5.23470013229955));
#10407=CARTESIAN_POINT('Ctrl Pts',(27.8238741401977,-200.199293157468,5.36528695517691));
#10408=CARTESIAN_POINT('Ctrl Pts',(28.1198899598812,-199.876529120697,5.67140107838759));
#10409=CARTESIAN_POINT('Ctrl Pts',(28.280214735883,-199.726065165608,5.87402689469926));
#10410=CARTESIAN_POINT('Ctrl Pts',(28.4379421336717,-199.60275156907,6.14925923489017));
#10411=CARTESIAN_POINT('Ctrl Pts',(28.4606290698721,-199.585774097189,6.1910860921822));
#10412=CARTESIAN_POINT('Ctrl Pts',(28.4824349799936,-199.570259451446,6.23371223101185));
#10413=CARTESIAN_POINT('Origin',(25.811619049924,-199.072971371874,7.6));
#10414=CARTESIAN_POINT('',(28.8104508662148,-196.844106778792,7.51628776910147));
#10415=CARTESIAN_POINT('Origin',(25.811619049924,-196.813638018481,7.6));
#10416=CARTESIAN_POINT('',(27.3082820046347,-195.082183114951,5.00000000000062));
#10417=CARTESIAN_POINT('Ctrl Pts',(28.8104508662148,-196.844106778792,7.51628776910147));
#10418=CARTESIAN_POINT('Ctrl Pts',(28.8045647163271,-196.920853597011,7.30542761916451));
#10419=CARTESIAN_POINT('Ctrl Pts',(28.7742390862959,-196.957183114951,7.08195579050847));
#10420=CARTESIAN_POINT('Ctrl Pts',(28.6565315824363,-196.957183114951,6.60932720781537));
#10421=CARTESIAN_POINT('Ctrl Pts',(28.5487979579699,-196.898283373069,6.3427012644505));
#10422=CARTESIAN_POINT('Ctrl Pts',(28.2802147358858,-196.688301064673,5.87402689470328));
#10423=CARTESIAN_POINT('Ctrl Pts',(28.1198899598845,-196.537837109584,5.67140107839158));
#10424=CARTESIAN_POINT('Ctrl Pts',(27.823874140202,-196.215073072812,5.36528695518078));
#10425=CARTESIAN_POINT('Ctrl Pts',(27.6637344821431,-196.02070246652,5.23470013230332));
#10426=CARTESIAN_POINT('Ctrl Pts',(27.4696644452963,-195.693642068045,5.09857459406072));
#10427=CARTESIAN_POINT('Ctrl Pts',(27.4130643140947,-195.578650738386,5.06275547091473));
#10428=CARTESIAN_POINT('Ctrl Pts',(27.3322268435275,-195.338099697746,5.01349739344251));
#10429=CARTESIAN_POINT('Ctrl Pts',(27.3082820046344,-195.212453758503,5.00000000000046));
#10430=CARTESIAN_POINT('Ctrl Pts',(27.3082820046344,-195.082183114951,5.00000000000046));
#10431=CARTESIAN_POINT('',(28.4824349799304,-193.320259451392,6.23371223088831));
#10432=CARTESIAN_POINT('Ctrl Pts',(27.3082820046344,-195.082183115228,5.00000000000046));
#10433=CARTESIAN_POINT('Ctrl Pts',(27.3082820046678,-194.951912471676,5.00000000001971));
#10434=CARTESIAN_POINT('Ctrl Pts',(27.3322268435275,-194.826266532433,5.01349739344252));
#10435=CARTESIAN_POINT('Ctrl Pts',(27.4130643140947,-194.585715491793,5.06275547091472));
#10436=CARTESIAN_POINT('Ctrl Pts',(27.4696644452963,-194.470724162135,5.09857459406072));
#10437=CARTESIAN_POINT('Ctrl Pts',(27.6637344821431,-194.14366376366,5.23470013230333));
#10438=CARTESIAN_POINT('Ctrl Pts',(27.823874140202,-193.949293157367,5.36528695518078));
#10439=CARTESIAN_POINT('Ctrl Pts',(28.1198899598845,-193.626529120596,5.67140107839158));
#10440=CARTESIAN_POINT('Ctrl Pts',(28.2802147358858,-193.476065165507,5.87402689470327));
#10441=CARTESIAN_POINT('Ctrl Pts',(28.4379421336506,-193.352751568987,6.14925923485341));
#10442=CARTESIAN_POINT('Ctrl Pts',(28.460629069829,-193.335774097122,6.19108609210285));
#10443=CARTESIAN_POINT('Ctrl Pts',(28.4824349799304,-193.320259451392,6.23371223088841));
#10444=CARTESIAN_POINT('Origin',(25.811619049924,-192.822971371662,7.6));
#10445=CARTESIAN_POINT('',(28.4824349799304,-176.679740548608,6.23371223088831));
#10446=CARTESIAN_POINT('Origin',(25.811619049924,-177.177028628337,7.6));
#10447=CARTESIAN_POINT('',(27.3082820046347,-174.917816885049,5.00000000000062));
#10448=CARTESIAN_POINT('Ctrl Pts',(27.3082820046344,-174.917816884772,5.00000000000046));
#10449=CARTESIAN_POINT('Ctrl Pts',(27.3082820046678,-175.048087528324,5.00000000001971));
#10450=CARTESIAN_POINT('Ctrl Pts',(27.3322268435275,-175.173733467567,5.01349739344252));
#10451=CARTESIAN_POINT('Ctrl Pts',(27.4130643140947,-175.414284508207,5.06275547091472));
#10452=CARTESIAN_POINT('Ctrl Pts',(27.4696644452963,-175.529275837865,5.09857459406072));
#10453=CARTESIAN_POINT('Ctrl Pts',(27.6637344821431,-175.85633623634,5.23470013230333));
#10454=CARTESIAN_POINT('Ctrl Pts',(27.823874140202,-176.050706842633,5.36528695518078));
#10455=CARTESIAN_POINT('Ctrl Pts',(28.1198899598845,-176.373470879404,5.67140107839158));
#10456=CARTESIAN_POINT('Ctrl Pts',(28.2802147358858,-176.523934834493,5.87402689470327));
#10457=CARTESIAN_POINT('Ctrl Pts',(28.4379421336506,-176.647248431013,6.14925923485341));
#10458=CARTESIAN_POINT('Ctrl Pts',(28.460629069829,-176.664225902878,6.19108609210285));
#10459=CARTESIAN_POINT('Ctrl Pts',(28.4824349799304,-176.679740548608,6.23371223088841));
#10460=CARTESIAN_POINT('',(28.8104508662148,-173.155893221208,7.51628776910147));
#10461=CARTESIAN_POINT('Ctrl Pts',(28.8104508662148,-173.155893221208,7.51628776910147));
#10462=CARTESIAN_POINT('Ctrl Pts',(28.8045647163271,-173.079146402989,7.30542761916451));
#10463=CARTESIAN_POINT('Ctrl Pts',(28.7742390862959,-173.042816885049,7.08195579050847));
#10464=CARTESIAN_POINT('Ctrl Pts',(28.6565315824363,-173.042816885049,6.60932720781537));
#10465=CARTESIAN_POINT('Ctrl Pts',(28.5487979579699,-173.101716626931,6.3427012644505));
#10466=CARTESIAN_POINT('Ctrl Pts',(28.2802147358858,-173.311698935327,5.87402689470328));
#10467=CARTESIAN_POINT('Ctrl Pts',(28.1198899598845,-173.462162890416,5.67140107839158));
#10468=CARTESIAN_POINT('Ctrl Pts',(27.823874140202,-173.784926927188,5.36528695518078));
#10469=CARTESIAN_POINT('Ctrl Pts',(27.6637344821431,-173.97929753348,5.23470013230332));
#10470=CARTESIAN_POINT('Ctrl Pts',(27.4696644452963,-174.306357931955,5.09857459406072));
#10471=CARTESIAN_POINT('Ctrl Pts',(27.4130643140947,-174.421349261613,5.06275547091473));
#10472=CARTESIAN_POINT('Ctrl Pts',(27.3322268435275,-174.661900302253,5.01349739344251));
#10473=CARTESIAN_POINT('Ctrl Pts',(27.3082820046344,-174.787546241497,5.00000000000046));
#10474=CARTESIAN_POINT('Ctrl Pts',(27.3082820046344,-174.917816885049,5.00000000000046));
#10475=CARTESIAN_POINT('Origin',(25.811619049924,-173.186361981519,7.6));
#10476=CARTESIAN_POINT('',(28.4824349799935,-170.429740548554,6.23371223101175));
#10477=CARTESIAN_POINT('Origin',(25.811619049924,-170.927028628126,7.6));
#10478=CARTESIAN_POINT('',(27.3082820046251,-168.667816884822,4.99999999999508));
#10479=CARTESIAN_POINT('Ctrl Pts',(27.308282004628,-168.667816884671,4.99999999999678));
#10480=CARTESIAN_POINT('Ctrl Pts',(27.3082820046462,-168.798087528223,5.00000000000728));
#10481=CARTESIAN_POINT('Ctrl Pts',(27.3322268435213,-168.923733467466,5.01349739343885));
#10482=CARTESIAN_POINT('Ctrl Pts',(27.4130643140888,-169.164284508106,5.06275547091104));
#10483=CARTESIAN_POINT('Ctrl Pts',(27.4696644452907,-169.279275837764,5.09857459405703));
#10484=CARTESIAN_POINT('Ctrl Pts',(27.6637344821383,-169.606336236239,5.23470013229955));
#10485=CARTESIAN_POINT('Ctrl Pts',(27.8238741401977,-169.800706842532,5.36528695517691));
#10486=CARTESIAN_POINT('Ctrl Pts',(28.1198899598812,-170.123470879303,5.67140107838759));
#10487=CARTESIAN_POINT('Ctrl Pts',(28.280214735883,-170.273934834392,5.87402689469926));
#10488=CARTESIAN_POINT('Ctrl Pts',(28.4379421336717,-170.39724843093,6.14925923489017));
#10489=CARTESIAN_POINT('Ctrl Pts',(28.4606290698721,-170.414225902811,6.19108609218222));
#10490=CARTESIAN_POINT('Ctrl Pts',(28.4824349799936,-170.429740548554,6.23371223101185));
#10491=CARTESIAN_POINT('',(28.8104508662108,-166.90589322093,7.51628776895723));
#10492=CARTESIAN_POINT('Ctrl Pts',(28.8104508662108,-166.90589322093,7.51628776895721));
#10493=CARTESIAN_POINT('Ctrl Pts',(28.8045647163141,-166.829146402744,7.30542761906173));
#10494=CARTESIAN_POINT('Ctrl Pts',(28.7742390862838,-166.792816884822,7.08195579045877));
#10495=CARTESIAN_POINT('Ctrl Pts',(28.656531582435,-166.792816884822,6.60932720781152));
#10496=CARTESIAN_POINT('Ctrl Pts',(28.5487979579681,-166.851716626704,6.34270126444657));
#10497=CARTESIAN_POINT('Ctrl Pts',(28.280214735883,-167.0616989351,5.87402689469927));
#10498=CARTESIAN_POINT('Ctrl Pts',(28.1198899598812,-167.21216289019,5.67140107838759));
#10499=CARTESIAN_POINT('Ctrl Pts',(27.8238741401977,-167.534926926961,5.36528695517691));
#10500=CARTESIAN_POINT('Ctrl Pts',(27.6637344821383,-167.729297533253,5.23470013229955));
#10501=CARTESIAN_POINT('Ctrl Pts',(27.4696644452907,-168.056357931728,5.09857459405703));
#10502=CARTESIAN_POINT('Ctrl Pts',(27.4130643140889,-168.171349261386,5.06275547091106));
#10503=CARTESIAN_POINT('Ctrl Pts',(27.3322268435213,-168.411900302026,5.01349739343885));
#10504=CARTESIAN_POINT('Ctrl Pts',(27.308282004628,-168.53754624127,4.99999999999679));
#10505=CARTESIAN_POINT('Ctrl Pts',(27.308282004628,-168.667816884822,4.99999999999679));
#10506=CARTESIAN_POINT('Origin',(25.811619049924,-166.936361981285,7.6));
#10507=CARTESIAN_POINT('',(28.4824349800077,-164.1797405486,6.23371223103948));
#10508=CARTESIAN_POINT('Origin',(25.811619049924,-164.67702862814,7.6));
#10509=CARTESIAN_POINT('',(27.3082820046328,-162.417816884708,4.99999999999956));
#10510=CARTESIAN_POINT('Ctrl Pts',(27.3082820046328,-162.417816884708,4.99999999999953));
#10511=CARTESIAN_POINT('Ctrl Pts',(27.3082820046328,-162.54808752826,4.99999999999953));
#10512=CARTESIAN_POINT('Ctrl Pts',(27.3322268435259,-162.673733467503,5.01349739344158));
#10513=CARTESIAN_POINT('Ctrl Pts',(27.4130643140932,-162.914284508143,5.06275547091379));
#10514=CARTESIAN_POINT('Ctrl Pts',(27.4696644452948,-163.029275837801,5.09857459405977));
#10515=CARTESIAN_POINT('Ctrl Pts',(27.6637344821419,-163.356336236276,5.23470013230236));
#10516=CARTESIAN_POINT('Ctrl Pts',(27.8238741402009,-163.550706842569,5.36528695517979));
#10517=CARTESIAN_POINT('Ctrl Pts',(28.1198899598836,-163.87347087934,5.67140107839056));
#10518=CARTESIAN_POINT('Ctrl Pts',(28.2802147358851,-164.023934834429,5.87402689470225));
#10519=CARTESIAN_POINT('Ctrl Pts',(28.4379421336779,-164.14724843097,6.14925923490106));
#10520=CARTESIAN_POINT('Ctrl Pts',(28.4606290698825,-164.164225902855,6.19108609220139));
#10521=CARTESIAN_POINT('Ctrl Pts',(28.4824349800078,-164.1797405486,6.23371223103958));
#10522=CARTESIAN_POINT('',(28.8104508662108,-160.655893220927,7.51628776895883));
#10523=CARTESIAN_POINT('Ctrl Pts',(28.8104508662108,-160.655893220927,7.51628776895883));
#10524=CARTESIAN_POINT('Ctrl Pts',(28.804566100359,-160.57916444867,7.30547719984196));
#10525=CARTESIAN_POINT('Ctrl Pts',(28.7742843976081,-160.54281688482,7.08213772811258));
#10526=CARTESIAN_POINT('Ctrl Pts',(28.656531582436,-160.54281688482,6.60932720781439));
#10527=CARTESIAN_POINT('Ctrl Pts',(28.5487979579695,-160.601716626702,6.34270126444949));
#10528=CARTESIAN_POINT('Ctrl Pts',(28.2802147358851,-160.811698935098,5.87402689470225));
#10529=CARTESIAN_POINT('Ctrl Pts',(28.1198899598836,-160.962162890187,5.67140107839056));
#10530=CARTESIAN_POINT('Ctrl Pts',(27.8238741402009,-161.284926926958,5.36528695517979));
#10531=CARTESIAN_POINT('Ctrl Pts',(27.6637344821419,-161.479297533251,5.23470013230236));
#10532=CARTESIAN_POINT('Ctrl Pts',(27.4696644452948,-161.806357931726,5.09857459405977));
#10533=CARTESIAN_POINT('Ctrl Pts',(27.4130643140932,-161.921349261384,5.06275547091378));
#10534=CARTESIAN_POINT('Ctrl Pts',(27.3322268435259,-162.161900302024,5.01349739344158));
#10535=CARTESIAN_POINT('Ctrl Pts',(27.3082820046328,-162.287546241268,4.99999999999952));
#10536=CARTESIAN_POINT('Ctrl Pts',(27.3082820046328,-162.41781688482,4.99999999999952));
#10537=CARTESIAN_POINT('Origin',(25.811619049924,-160.686361981282,7.6));
#10538=CARTESIAN_POINT('Origin',(25.811619049924,-158.427028628264,7.6));
#10539=CARTESIAN_POINT('Origin',(0.,-134.874999999317,34.2321357585213));
#10540=CARTESIAN_POINT('',(30.3226868060163,-133.113076336066,34.8734235272463));
#10541=CARTESIAN_POINT('Origin',(30.4357631420409,-134.874999999317,34.2321357585213));
#10542=CARTESIAN_POINT('',(0.,-133.113076336066,34.8734235272463));
#10543=CARTESIAN_POINT('Origin',(0.,-175.371690128921,13.6041397352131));
#10544=CARTESIAN_POINT('',(35.3110833002644,-173.155893221208,7.51628776910146));
#10545=CARTESIAN_POINT('',(0.,-173.155893221208,7.51628776910146));
#10546=CARTESIAN_POINT('',(34.9321675631096,-173.59828861079,8.73175911166535));
#10547=CARTESIAN_POINT('Origin',(39.8562063281707,-173.914302450521,9.6));
#10548=CARTESIAN_POINT('',(34.2905721516347,-174.922655598934,12.3704275043134));
#10549=CARTESIAN_POINT('',(34.0557352355207,-175.407400741646,13.7022538372456));
#10550=CARTESIAN_POINT('',(0.,-174.922655598934,12.3704275043134));
#10551=CARTESIAN_POINT('Origin',(0.,-176.684579262775,11.7291397352124));
#10552=CARTESIAN_POINT('',(34.5167248238183,-178.446502926369,11.0878519661002));
#10553=CARTESIAN_POINT('Origin',(34.4036484877255,-176.684579262775,11.7291397352124));
#10554=CARTESIAN_POINT('',(0.,-178.446502926369,11.0878519661002));
#10555=CARTESIAN_POINT('Origin',(0.,-137.199216006482,46.1000000000067));
#10556=CARTESIAN_POINT('',(28.5606752256452,-136.750181476556,44.866287768961));
#10557=CARTESIAN_POINT('',(0.,-136.750181476556,44.866287768961));
#10558=CARTESIAN_POINT('',(29.8884367384678,-134.009445673571,37.3361780405017));
#10559=CARTESIAN_POINT('Origin',(0.,-138.512105140449,44.2250000000048));
#10560=CARTESIAN_POINT('',(28.3431384728821,-138.512105140452,46.1000000000048));
#10561=CARTESIAN_POINT('Origin',(28.6737515617105,-138.512105140449,44.2250000000048));
#10562=CARTESIAN_POINT('',(0.,-138.512105140452,46.1000000000048));
#10563=CARTESIAN_POINT('Origin',(0.,-138.512105138978,44.2250000000048));
#10564=CARTESIAN_POINT('Origin',(28.6737515617105,-138.512105138978,44.2250000000048));
#10565=CARTESIAN_POINT('Origin',(0.,-137.417816883779,6.87500000000164));
#10566=CARTESIAN_POINT('',(36.1591660718832,-139.179740547674,6.23371223104886));
#10567=CARTESIAN_POINT('',(0.,-139.179740547674,6.23371223104886));
#10568=CARTESIAN_POINT('',(37.8966145339407,-137.417816883779,5.00000000000145));
#10569=CARTESIAN_POINT('Ctrl Pts',(36.1591660718826,-139.179740547674,6.2337122310495));
#10570=CARTESIAN_POINT('Ctrl Pts',(36.2118023765476,-139.158700137556,6.17590417937796));
#10571=CARTESIAN_POINT('Ctrl Pts',(36.2655648910866,-139.134977717301,6.11959139745797));
#10572=CARTESIAN_POINT('Ctrl Pts',(36.5638511448391,-138.992060242927,5.82120844332862));
#10573=CARTESIAN_POINT('Ctrl Pts',(36.8243643566393,-138.8266790157,5.61385266214138));
#10574=CARTESIAN_POINT('Ctrl Pts',(37.2472097384715,-138.495663818402,5.32874872265901));
#10575=CARTESIAN_POINT('Ctrl Pts',(37.4471670630233,-138.316534550927,5.21488683670925));
#10576=CARTESIAN_POINT('Ctrl Pts',(37.689406441361,-138.011175471668,5.09298908079478));
#10577=CARTESIAN_POINT('Ctrl Pts',(37.7600791791971,-137.903607972805,5.06023494059539));
#10578=CARTESIAN_POINT('Ctrl Pts',(37.863582295369,-137.673803273748,5.01386160968896));
#10579=CARTESIAN_POINT('Ctrl Pts',(37.8966145339403,-137.551706038992,5.00000000000164));
#10580=CARTESIAN_POINT('Ctrl Pts',(37.8966145339403,-137.417816883779,5.00000000000164));
#10581=CARTESIAN_POINT('',(0.,-137.417816883779,5.00000000000164));
#10582=CARTESIAN_POINT('Origin',(0.,-137.417816885178,6.87500000000164));
#10583=CARTESIAN_POINT('',(35.3110833003304,-135.655893221285,7.51628776895747));
#10584=CARTESIAN_POINT('Ctrl Pts',(37.8966145339403,-137.417816885178,5.00000000000164));
#10585=CARTESIAN_POINT('Ctrl Pts',(37.8966145337058,-137.283927729965,5.00000000010154));
#10586=CARTESIAN_POINT('Ctrl Pts',(37.863582295369,-137.161830495209,5.01386160968896));
#10587=CARTESIAN_POINT('Ctrl Pts',(37.7600791791971,-136.932025796152,5.06023494059539));
#10588=CARTESIAN_POINT('Ctrl Pts',(37.689406441361,-136.824458297289,5.09298908079478));
#10589=CARTESIAN_POINT('Ctrl Pts',(37.4471670630233,-136.51909921803,5.21488683670925));
#10590=CARTESIAN_POINT('Ctrl Pts',(37.2472097384715,-136.339969950555,5.32874872265901));
#10591=CARTESIAN_POINT('Ctrl Pts',(36.8243643566393,-136.008954753257,5.61385266214138));
#10592=CARTESIAN_POINT('Ctrl Pts',(36.5638511448391,-135.84357352603,5.82120844332862));
#10593=CARTESIAN_POINT('Ctrl Pts',(36.0763461604917,-135.609995946671,6.30887147021098));
#10594=CARTESIAN_POINT('Ctrl Pts',(35.8494422378656,-135.542816885178,6.58975308882041));
#10595=CARTESIAN_POINT('Ctrl Pts',(35.5342391433401,-135.542816885178,7.07466618176286));
#10596=CARTESIAN_POINT('Ctrl Pts',(35.4108883089513,-135.576656571072,7.29858686178875));
#10597=CARTESIAN_POINT('Ctrl Pts',(35.3110833003304,-135.655893221285,7.51628776895747));
#10598=CARTESIAN_POINT('',(0.,-135.655893221285,7.51628776895747));
#10599=CARTESIAN_POINT('Origin',(0.,-174.917816885049,6.87500000000046));
#10600=CARTESIAN_POINT('',(36.1591660720294,-176.679740548608,6.2337122308883));
#10601=CARTESIAN_POINT('',(0.,-176.679740548608,6.23371223088831));
#10602=CARTESIAN_POINT('',(37.8966145339422,-174.917816885049,5.00000000000084));
#10603=CARTESIAN_POINT('Ctrl Pts',(36.1591660720288,-176.679740548608,6.23371223088895));
#10604=CARTESIAN_POINT('Ctrl Pts',(36.2118023766476,-176.658700138505,6.17590417927323));
#10605=CARTESIAN_POINT('Ctrl Pts',(36.2655648911379,-176.63497771827,6.11959139740659));
#10606=CARTESIAN_POINT('Ctrl Pts',(36.5638511448406,-176.49206024392,5.82120844332731));
#10607=CARTESIAN_POINT('Ctrl Pts',(36.824364356641,-176.326679016693,5.61385266214009));
#10608=CARTESIAN_POINT('Ctrl Pts',(37.2472097384735,-175.995663819395,5.32874872265776));
#10609=CARTESIAN_POINT('Ctrl Pts',(37.4471670630255,-175.816534551919,5.21488683670803));
#10610=CARTESIAN_POINT('Ctrl Pts',(37.6894064413634,-175.511175472661,5.0929890807936));
#10611=CARTESIAN_POINT('Ctrl Pts',(37.7600791791996,-175.403607973798,5.06023494059423));
#10612=CARTESIAN_POINT('Ctrl Pts',(37.8635822953717,-175.173803274741,5.0138616096878));
#10613=CARTESIAN_POINT('Ctrl Pts',(37.896614533943,-175.051706039985,5.00000000000046));
#10614=CARTESIAN_POINT('Ctrl Pts',(37.896614533943,-174.917816884772,5.00000000000046));
#10615=CARTESIAN_POINT('Ctrl Pts',(37.896614533943,-174.917816885049,5.00000000000046));
#10616=CARTESIAN_POINT('Ctrl Pts',(37.896614533943,-174.783927729835,5.00000000000046));
#10617=CARTESIAN_POINT('Ctrl Pts',(37.8635822953717,-174.661830495079,5.01386160968779));
#10618=CARTESIAN_POINT('Ctrl Pts',(37.7600791791997,-174.432025796023,5.06023494059421));
#10619=CARTESIAN_POINT('Ctrl Pts',(37.6894064413634,-174.32445829716,5.0929890807936));
#10620=CARTESIAN_POINT('Ctrl Pts',(37.4471670630255,-174.019099217901,5.21488683670803));
#10621=CARTESIAN_POINT('Ctrl Pts',(37.2472097384735,-173.839969950425,5.32874872265776));
#10622=CARTESIAN_POINT('Ctrl Pts',(36.824364356641,-173.508954753128,5.61385266214009));
#10623=CARTESIAN_POINT('Ctrl Pts',(36.5638511448406,-173.343573525901,5.82120844332732));
#10624=CARTESIAN_POINT('Ctrl Pts',(36.0763461604928,-173.109995946542,6.3088714702097));
#10625=CARTESIAN_POINT('Ctrl Pts',(35.8494422378665,-173.042816885049,6.58975308881918));
#10626=CARTESIAN_POINT('Ctrl Pts',(35.5341443186523,-173.042816885049,7.07481206146197));
#10627=CARTESIAN_POINT('Ctrl Pts',(35.4108689867764,-173.076671911072,7.29862900850307));
#10628=CARTESIAN_POINT('Ctrl Pts',(35.3110833002644,-173.155893221208,7.51628776910147));
#10629=CARTESIAN_POINT('Origin',(0.,-156.167816883207,6.87500000000542));
#10630=CARTESIAN_POINT('',(37.8966145339197,-156.167816883207,5.0000000000104));
#10631=CARTESIAN_POINT('',(0.,-156.167816883207,5.00000000000543));
#10632=CARTESIAN_POINT('',(35.311083300307,-154.405893219331,7.51628776900859));
#10633=CARTESIAN_POINT('Ctrl Pts',(37.8966145339314,-156.167816883207,5.00000000000542));
#10634=CARTESIAN_POINT('Ctrl Pts',(37.8966145339314,-156.033927727994,5.00000000000542));
#10635=CARTESIAN_POINT('Ctrl Pts',(37.8635822953603,-155.911830493238,5.01386160969273));
#10636=CARTESIAN_POINT('Ctrl Pts',(37.7600791791889,-155.682025794181,5.06023494059918));
#10637=CARTESIAN_POINT('Ctrl Pts',(37.6894064413531,-155.574458295318,5.0929890807986));
#10638=CARTESIAN_POINT('Ctrl Pts',(37.4471670630162,-155.269099216059,5.21488683671318));
#10639=CARTESIAN_POINT('Ctrl Pts',(37.2472097384649,-155.089969948583,5.32874872266305));
#10640=CARTESIAN_POINT('Ctrl Pts',(36.8243643566338,-154.758954751286,5.61385266214556));
#10641=CARTESIAN_POINT('Ctrl Pts',(36.5638511448343,-154.593573524059,5.82120844333284));
#10642=CARTESIAN_POINT('Ctrl Pts',(36.0763461604881,-154.3599959447,6.3088714702151));
#10643=CARTESIAN_POINT('Ctrl Pts',(35.8494422378627,-154.292816883207,6.5897530888244));
#10644=CARTESIAN_POINT('Ctrl Pts',(35.5341443186689,-154.292816883207,7.07481206143703));
#10645=CARTESIAN_POINT('Ctrl Pts',(35.4108689868103,-154.32667190922,7.29862900844095));
#10646=CARTESIAN_POINT('Ctrl Pts',(35.311083300307,-154.405893219331,7.51628776900859));
#10647=CARTESIAN_POINT('',(0.,-154.405893219331,7.5162877690086));
#10648=CARTESIAN_POINT('Origin',(0.,-156.16781688484,6.87500000000543));
#10649=CARTESIAN_POINT('',(36.1591660718789,-157.929740548735,6.23371223105357));
#10650=CARTESIAN_POINT('',(0.,-157.929740548735,6.23371223105357));
#10651=CARTESIAN_POINT('Ctrl Pts',(36.1591660718784,-157.929740548735,6.23371223105421));
#10652=CARTESIAN_POINT('Ctrl Pts',(36.2118023765434,-157.908700138618,6.17590417938248));
#10653=CARTESIAN_POINT('Ctrl Pts',(36.2655648910823,-157.884977718362,6.11959139746231));
#10654=CARTESIAN_POINT('Ctrl Pts',(36.5638511448343,-157.742060243989,5.82120844333283));
#10655=CARTESIAN_POINT('Ctrl Pts',(36.8243643566338,-157.576679016762,5.61385266214556));
#10656=CARTESIAN_POINT('Ctrl Pts',(37.2472097384649,-157.245663819464,5.32874872266305));
#10657=CARTESIAN_POINT('Ctrl Pts',(37.4471670630162,-157.066534551988,5.21488683671318));
#10658=CARTESIAN_POINT('Ctrl Pts',(37.6894064413531,-156.761175472729,5.0929890807986));
#10659=CARTESIAN_POINT('Ctrl Pts',(37.7600791791889,-156.653607973866,5.06023494059918));
#10660=CARTESIAN_POINT('Ctrl Pts',(37.8635822953603,-156.42380327481,5.01386160969273));
#10661=CARTESIAN_POINT('Ctrl Pts',(37.8966145339314,-156.301706040053,5.00000000000542));
#10662=CARTESIAN_POINT('Ctrl Pts',(37.8966145339314,-156.16781688484,5.00000000000543));
#10663=CARTESIAN_POINT('Origin',(0.,-162.417816884708,6.87499999999953));
#10664=CARTESIAN_POINT('',(36.1591660718918,-164.1797405486,6.23371223103948));
#10665=CARTESIAN_POINT('',(0.,-164.1797405486,6.23371223103949));
#10666=CARTESIAN_POINT('',(37.8966145339448,-162.417816884708,4.99999999999973));
#10667=CARTESIAN_POINT('Ctrl Pts',(36.1591660718912,-164.1797405486,6.23371223104012));
#10668=CARTESIAN_POINT('Ctrl Pts',(36.2118023765542,-164.158700138483,6.17590417937106));
#10669=CARTESIAN_POINT('Ctrl Pts',(36.265564891091,-164.134977718228,6.11959139745343));
#10670=CARTESIAN_POINT('Ctrl Pts',(36.5638511448418,-163.992060243856,5.82120844332627));
#10671=CARTESIAN_POINT('Ctrl Pts',(36.8243643566423,-163.826679016629,5.61385266213906));
#10672=CARTESIAN_POINT('Ctrl Pts',(37.2472097384751,-163.495663819331,5.32874872265676));
#10673=CARTESIAN_POINT('Ctrl Pts',(37.4471670630273,-163.316534551855,5.21488683670705));
#10674=CARTESIAN_POINT('Ctrl Pts',(37.6894064413654,-163.011175472597,5.09298908079264));
#10675=CARTESIAN_POINT('Ctrl Pts',(37.7600791792017,-162.903607973734,5.06023494059328));
#10676=CARTESIAN_POINT('Ctrl Pts',(37.8635822953738,-162.673803274677,5.01386160968686));
#10677=CARTESIAN_POINT('Ctrl Pts',(37.8966145339452,-162.551706039921,4.99999999999953));
#10678=CARTESIAN_POINT('Ctrl Pts',(37.8966145339452,-162.417816884708,4.99999999999953));
#10679=CARTESIAN_POINT('',(35.3110833003298,-160.655893220927,7.51628776895883));
#10680=CARTESIAN_POINT('Ctrl Pts',(37.8966145339452,-162.41781688482,4.99999999999952));
#10681=CARTESIAN_POINT('Ctrl Pts',(37.8966145339265,-162.283927729606,5.00000000000751));
#10682=CARTESIAN_POINT('Ctrl Pts',(37.8635822953738,-162.16183049485,5.01386160968686));
#10683=CARTESIAN_POINT('Ctrl Pts',(37.7600791792017,-161.932025795794,5.06023494059328));
#10684=CARTESIAN_POINT('Ctrl Pts',(37.6894064413654,-161.824458296931,5.09298908079264));
#10685=CARTESIAN_POINT('Ctrl Pts',(37.4471670630273,-161.519099217672,5.21488683670705));
#10686=CARTESIAN_POINT('Ctrl Pts',(37.2472097384751,-161.339969950196,5.32874872265676));
#10687=CARTESIAN_POINT('Ctrl Pts',(36.8243643566423,-161.008954752898,5.61385266213906));
#10688=CARTESIAN_POINT('Ctrl Pts',(36.5638511448418,-160.843573525672,5.82120844332627));
#10689=CARTESIAN_POINT('Ctrl Pts',(36.0763461604937,-160.609995946313,6.30887147020867));
#10690=CARTESIAN_POINT('Ctrl Pts',(35.8494422378673,-160.54281688482,6.58975308881819));
#10691=CARTESIAN_POINT('Ctrl Pts',(35.5342391433406,-160.54281688482,7.0746661817618));
#10692=CARTESIAN_POINT('Ctrl Pts',(35.4108883089511,-160.576656570714,7.29858686178902));
#10693=CARTESIAN_POINT('Ctrl Pts',(35.3110833003298,-160.655893220927,7.51628776895883));
#10694=CARTESIAN_POINT('',(0.,-160.655893220927,7.51628776895884));
#10695=CARTESIAN_POINT('Origin',(0.,-143.667816885541,6.87500000001649));
#10696=CARTESIAN_POINT('',(36.1591660718736,-145.429740549434,6.23371223105937));
#10697=CARTESIAN_POINT('',(0.,-145.429740549434,6.23371223105937));
#10698=CARTESIAN_POINT('',(37.8966145338909,-143.667816885539,5.00000000002267));
#10699=CARTESIAN_POINT('Ctrl Pts',(36.1591660718731,-145.429740549434,6.23371223106001));
#10700=CARTESIAN_POINT('Ctrl Pts',(36.2118023765359,-145.408700139317,6.17590417939052));
#10701=CARTESIAN_POINT('Ctrl Pts',(36.2655648910726,-145.384977719062,6.11959139747247));
#10702=CARTESIAN_POINT('Ctrl Pts',(36.5638511448204,-145.24206024469,5.82120844334512));
#10703=CARTESIAN_POINT('Ctrl Pts',(36.8243643566179,-145.076679017463,5.61385266215777));
#10704=CARTESIAN_POINT('Ctrl Pts',(37.2472097384457,-144.745663820166,5.32874872267484));
#10705=CARTESIAN_POINT('Ctrl Pts',(37.4471670629954,-144.56653455269,5.21488683672466));
#10706=CARTESIAN_POINT('Ctrl Pts',(37.6894064413299,-144.26117547343,5.09298908080976));
#10707=CARTESIAN_POINT('Ctrl Pts',(37.760079179165,-144.153607974567,5.06023494061025));
#10708=CARTESIAN_POINT('Ctrl Pts',(37.863582295335,-143.92380327551,5.01386160970374));
#10709=CARTESIAN_POINT('Ctrl Pts',(37.8966145339054,-143.801706040753,5.00000000001649));
#10710=CARTESIAN_POINT('Ctrl Pts',(37.8966145339054,-143.667816885541,5.00000000001649));
#10711=CARTESIAN_POINT('',(0.,-143.667816885539,5.00000000001649));
#10712=CARTESIAN_POINT('Origin',(0.,-143.667816884511,6.87500000001649));
#10713=CARTESIAN_POINT('',(35.3110833003216,-141.905893220619,7.51628776897662));
#10714=CARTESIAN_POINT('Ctrl Pts',(37.8966145339054,-143.667816884511,5.00000000001649));
#10715=CARTESIAN_POINT('Ctrl Pts',(37.8966145340778,-143.533927729299,4.99999999994306));
#10716=CARTESIAN_POINT('Ctrl Pts',(37.863582295335,-143.411830494542,5.01386160970375));
#10717=CARTESIAN_POINT('Ctrl Pts',(37.760079179165,-143.182025795485,5.06023494061025));
#10718=CARTESIAN_POINT('Ctrl Pts',(37.6894064413299,-143.074458296622,5.09298908080976));
#10719=CARTESIAN_POINT('Ctrl Pts',(37.4471670629954,-142.769099217362,5.21488683672466));
#10720=CARTESIAN_POINT('Ctrl Pts',(37.2472097384457,-142.589969949886,5.32874872267484));
#10721=CARTESIAN_POINT('Ctrl Pts',(36.8243643566179,-142.258954752588,5.61385266215777));
#10722=CARTESIAN_POINT('Ctrl Pts',(36.5638511448204,-142.093573525362,5.82120844334514));
#10723=CARTESIAN_POINT('Ctrl Pts',(36.0763461604778,-141.859995946004,6.30887147022711));
#10724=CARTESIAN_POINT('Ctrl Pts',(35.849442237854,-141.792816884511,6.58975308883606));
#10725=CARTESIAN_POINT('Ctrl Pts',(35.5341443186709,-141.792816884511,7.074812061435));
#10726=CARTESIAN_POINT('Ctrl Pts',(35.4108689868205,-141.826671910519,7.29862900842257));
#10727=CARTESIAN_POINT('Ctrl Pts',(35.3110833003216,-141.905893220619,7.51628776897662));
#10728=CARTESIAN_POINT('',(0.,-141.905893220619,7.51628776897662));
#10729=CARTESIAN_POINT('Origin',(0.,-136.991340635563,22.8749999999973));
#10730=CARTESIAN_POINT('',(32.5514089359029,-138.753264299456,22.2337122310409));
#10731=CARTESIAN_POINT('',(0.,-138.753264299456,22.2337122310409));
#10732=CARTESIAN_POINT('',(32.3252562637719,-135.22941697192,23.5162877689554));
#10733=CARTESIAN_POINT('Origin',(32.4383325998376,-136.991340635563,22.8749999999973));
#10734=CARTESIAN_POINT('',(0.,-135.229416971921,23.5162877689554));
#10735=CARTESIAN_POINT('Origin',(0.,-168.667816884822,6.87499999999679));
#10736=CARTESIAN_POINT('',(36.159166071917,-170.429740548554,6.23371223101175));
#10737=CARTESIAN_POINT('',(0.,-170.429740548554,6.23371223101175));
#10738=CARTESIAN_POINT('',(37.8966145339643,-168.667816884822,4.99999999999142));
#10739=CARTESIAN_POINT('Ctrl Pts',(36.1591660719164,-170.429740548554,6.23371223101239));
#10740=CARTESIAN_POINT('Ctrl Pts',(36.2118023765724,-170.408700138439,6.17590417935199));
#10741=CARTESIAN_POINT('Ctrl Pts',(36.2655648911017,-170.384977718188,6.11959139744264));
#10742=CARTESIAN_POINT('Ctrl Pts',(36.5638511448453,-170.242060243819,5.82120844332322));
#10743=CARTESIAN_POINT('Ctrl Pts',(36.8243643566463,-170.076679016592,5.61385266213603));
#10744=CARTESIAN_POINT('Ctrl Pts',(37.2472097384799,-169.745663819294,5.32874872265384));
#10745=CARTESIAN_POINT('Ctrl Pts',(37.4471670630325,-169.566534551818,5.21488683670421));
#10746=CARTESIAN_POINT('Ctrl Pts',(37.6894064413712,-169.26117547256,5.09298908078988));
#10747=CARTESIAN_POINT('Ctrl Pts',(37.7600791792076,-169.153607973697,5.06023494059053));
#10748=CARTESIAN_POINT('Ctrl Pts',(37.8635822953801,-168.92380327464,5.01386160968413));
#10749=CARTESIAN_POINT('Ctrl Pts',(37.8966145339517,-168.801706039884,4.99999999999678));
#10750=CARTESIAN_POINT('Ctrl Pts',(37.8966145339517,-168.667816884671,4.99999999999678));
#10751=CARTESIAN_POINT('',(35.3110833003305,-166.90589322093,7.51628776895723));
#10752=CARTESIAN_POINT('Ctrl Pts',(37.8966145339517,-168.667816884822,4.99999999999679));
#10753=CARTESIAN_POINT('Ctrl Pts',(37.8966145339517,-168.533927729608,4.99999999999679));
#10754=CARTESIAN_POINT('Ctrl Pts',(37.8635822953801,-168.411830494852,5.01386160968414));
#10755=CARTESIAN_POINT('Ctrl Pts',(37.7600791792076,-168.182025795796,5.06023494059054));
#10756=CARTESIAN_POINT('Ctrl Pts',(37.6894064413712,-168.074458296933,5.09298908078988));
#10757=CARTESIAN_POINT('Ctrl Pts',(37.4471670630325,-167.769099217674,5.2148868367042));
#10758=CARTESIAN_POINT('Ctrl Pts',(37.2472097384799,-167.589969950199,5.32874872265384));
#10759=CARTESIAN_POINT('Ctrl Pts',(36.8243643566463,-167.258954752901,5.61385266213603));
#10760=CARTESIAN_POINT('Ctrl Pts',(36.5638511448453,-167.093573525674,5.82120844332323));
#10761=CARTESIAN_POINT('Ctrl Pts',(36.0763461604962,-166.859995946315,6.3088714702057));
#10762=CARTESIAN_POINT('Ctrl Pts',(35.8494422378694,-166.792816884822,6.58975308881531));
#10763=CARTESIAN_POINT('Ctrl Pts',(35.5341443186824,-166.792816884822,7.07481206141526));
#10764=CARTESIAN_POINT('Ctrl Pts',(35.4108689868306,-166.826671910829,7.29862900840295));
#10765=CARTESIAN_POINT('Ctrl Pts',(35.3110833003305,-166.90589322093,7.51628776895722));
#10766=CARTESIAN_POINT('',(0.,-166.90589322093,7.51628776895723));
#10767=CARTESIAN_POINT('Origin',(0.,-149.917816886357,6.87500000000169));
#10768=CARTESIAN_POINT('',(37.8966145339401,-149.917816886357,5.0000000000017));
#10769=CARTESIAN_POINT('',(0.,-149.917816886357,5.00000000000169));
#10770=CARTESIAN_POINT('',(35.3110833003521,-148.155893222447,7.51628776891023));
#10771=CARTESIAN_POINT('Ctrl Pts',(37.8966145339402,-149.917816886357,5.00000000000169));
#10772=CARTESIAN_POINT('Ctrl Pts',(37.8966145339402,-149.783927731144,5.00000000000169));
#10773=CARTESIAN_POINT('Ctrl Pts',(37.8635822953689,-149.661830496388,5.01386160968902));
#10774=CARTESIAN_POINT('Ctrl Pts',(37.760079179197,-149.432025797331,5.06023494059545));
#10775=CARTESIAN_POINT('Ctrl Pts',(37.6894064413609,-149.324458298468,5.09298908079484));
#10776=CARTESIAN_POINT('Ctrl Pts',(37.4471670630232,-149.019099219209,5.21488683670931));
#10777=CARTESIAN_POINT('Ctrl Pts',(37.2472097384714,-148.839969951734,5.32874872265907));
#10778=CARTESIAN_POINT('Ctrl Pts',(36.8243643566392,-148.508954754436,5.61385266214145));
#10779=CARTESIAN_POINT('Ctrl Pts',(36.563851144839,-148.343573527209,5.82120844332869));
#10780=CARTESIAN_POINT('Ctrl Pts',(36.0763461604916,-148.10999594785,6.30887147021103));
#10781=CARTESIAN_POINT('Ctrl Pts',(35.8494422378656,-148.042816886357,6.58975308882047));
#10782=CARTESIAN_POINT('Ctrl Pts',(35.5341443186899,-148.042816886357,7.07481206140431));
#10783=CARTESIAN_POINT('Ctrl Pts',(35.4108689868474,-148.076671912359,7.29862900837229));
#10784=CARTESIAN_POINT('Ctrl Pts',(35.3110833003521,-148.155893222447,7.51628776891023));
#10785=CARTESIAN_POINT('',(0.,-148.155893222447,7.51628776891023));
#10786=CARTESIAN_POINT('Origin',(0.,-149.917816882914,6.87500000000169));
#10787=CARTESIAN_POINT('',(36.1591660719561,-151.679740546779,6.23371223096882));
#10788=CARTESIAN_POINT('',(0.,-151.679740546779,6.23371223096881));
#10789=CARTESIAN_POINT('Ctrl Pts',(36.1591660719555,-151.679740546779,6.23371223096946));
#10790=CARTESIAN_POINT('Ctrl Pts',(36.2118023765972,-151.658700136669,6.175904179326));
#10791=CARTESIAN_POINT('Ctrl Pts',(36.2655648911117,-151.634977716424,6.11959139743284));
#10792=CARTESIAN_POINT('Ctrl Pts',(36.563851144839,-151.492060242062,5.82120844332868));
#10793=CARTESIAN_POINT('Ctrl Pts',(36.8243643566392,-151.326679014835,5.61385266214144));
#10794=CARTESIAN_POINT('Ctrl Pts',(37.2472097384714,-150.995663817537,5.32874872265906));
#10795=CARTESIAN_POINT('Ctrl Pts',(37.4471670630232,-150.816534550062,5.2148868367093));
#10796=CARTESIAN_POINT('Ctrl Pts',(37.6894064413609,-150.511175470803,5.09298908079484));
#10797=CARTESIAN_POINT('Ctrl Pts',(37.760079179197,-150.40360797194,5.06023494059544));
#10798=CARTESIAN_POINT('Ctrl Pts',(37.8635822953689,-150.173803272883,5.01386160968901));
#10799=CARTESIAN_POINT('Ctrl Pts',(37.8966145339402,-150.051706038127,5.00000000000169));
#10800=CARTESIAN_POINT('Ctrl Pts',(37.8966145339402,-149.917816882914,5.00000000000169));
#10801=CARTESIAN_POINT('Origin',(0.,-176.230706018616,5.00000000000045));
#10802=CARTESIAN_POINT('',(34.9321675631096,-177.588955257617,8.73175911166535));
#10803=CARTESIAN_POINT('',(34.9040915964745,-177.646909043925,8.89098583081114));
#10804=CARTESIAN_POINT('Origin',(39.8562063281707,-177.904969097354,9.6));
#10805=CARTESIAN_POINT('Origin',(10.0000000000003,-232.,0.));
#10806=CARTESIAN_POINT('',(7.30000000000034,-232.,4.6));
#10807=CARTESIAN_POINT('Origin',(10.0000000000003,-232.,4.6));
#10808=CARTESIAN_POINT('',(7.30000000000034,-232.,0.));
#10809=CARTESIAN_POINT('',(7.30000000000034,-232.,0.));
#10810=CARTESIAN_POINT('Origin',(10.0000000000003,-232.,0.));
#10811=CARTESIAN_POINT('Origin',(20.0041050970513,-242.,34.3));
#10812=CARTESIAN_POINT('',(5.99999999988606,-242.,4.6));
#10813=CARTESIAN_POINT('',(15.127052548486,-242.,4.6));
#10814=CARTESIAN_POINT('',(5.99999999988606,-242.,0.));
#10815=CARTESIAN_POINT('',(5.99999999988606,-242.,17.15));
#10816=CARTESIAN_POINT('',(39.0000000000002,-242.,0.));
#10817=CARTESIAN_POINT('',(25.1270525485239,-242.,0.));
#10818=CARTESIAN_POINT('',(39.0000000000002,-242.,2.12724378753605));
#10819=CARTESIAN_POINT('',(39.0000000000002,-242.,17.15));
#10820=CARTESIAN_POINT('',(37.7140515820428,-242.,3.99543284065204));
#10821=CARTESIAN_POINT('Origin',(37.0000000000001,-242.,2.12724378753605));
#10822=CARTESIAN_POINT('',(33.9473598100974,-242.,8.55811093399842));
#10823=CARTESIAN_POINT('Origin',(39.8562063281707,-242.,9.6));
#10824=CARTESIAN_POINT('',(26.9686285696538,-242.,48.1364625419246));
#10825=CARTESIAN_POINT('',(31.9003486803633,-242.,20.1672879386145));
#10826=CARTESIAN_POINT('Origin',(44.6951681238735,-242.,51.2621297399293));
#10827=CARTESIAN_POINT('Origin',(5.99999999988606,-236.,17.15));
#10828=CARTESIAN_POINT('Origin',(5.99999999988606,-236.,0.));
#10829=CARTESIAN_POINT('Origin',(5.99999999988606,-236.,4.6));
#10830=CARTESIAN_POINT('Origin',(0.,-233.363076337445,33.5908479898011));
#10831=CARTESIAN_POINT('',(28.7868278977765,-229.72597119713,43.583712231045));
#10832=CARTESIAN_POINT('',(0.,-229.72597119713,43.583712231045));
#10833=CARTESIAN_POINT('',(30.5488394780654,-233.363076337432,33.5908479897963));
#10834=CARTESIAN_POINT('',(0.,-233.363076337432,33.5908479897963));
#10835=CARTESIAN_POINT('',(31.0718732459464,-234.442711015788,30.6245760909666));
#10836=CARTESIAN_POINT('Origin',(0.,-235.125000000683,34.2321357585213));
#10837=CARTESIAN_POINT('',(30.3226868060163,-236.886923663934,34.8734235272463));
#10838=CARTESIAN_POINT('',(0.,-236.886923663934,34.8734235272463));
#10839=CARTESIAN_POINT('Origin',(30.4357631420409,-235.125000000683,34.2321357585213));
#10840=CARTESIAN_POINT('Origin',(0.,-194.628309871078,13.6041397352131));
#10841=CARTESIAN_POINT('',(35.3110833002644,-196.844106778792,7.51628776910146));
#10842=CARTESIAN_POINT('',(0.,-196.844106778792,7.51628776910146));
#10843=CARTESIAN_POINT('',(34.2905721516347,-195.077344401066,12.3704275043134));
#10844=CARTESIAN_POINT('',(0.,-195.077344401066,12.3704275043134));
#10845=CARTESIAN_POINT('',(34.9321675631096,-196.40171138921,8.73175911166535));
#10846=CARTESIAN_POINT('',(34.0557352355207,-194.592599258354,13.7022538372456));
#10847=CARTESIAN_POINT('Origin',(39.8562063281707,-196.085697549479,9.6));
#10848=CARTESIAN_POINT('Origin',(0.,-193.315420737225,11.7291397352124));
#10849=CARTESIAN_POINT('',(34.5167248238183,-191.553497073631,11.0878519661002));
#10850=CARTESIAN_POINT('',(0.,-191.553497073631,11.0878519661002));
#10851=CARTESIAN_POINT('Origin',(34.4036484877255,-193.315420737225,11.7291397352124));
#10852=CARTESIAN_POINT('Origin',(0.,-232.800783993518,46.1000000000067));
#10853=CARTESIAN_POINT('',(28.5606752256452,-233.249818523444,44.866287768961));
#10854=CARTESIAN_POINT('',(0.,-233.249818523444,44.866287768961));
#10855=CARTESIAN_POINT('',(29.8884367384678,-235.990554326429,37.3361780405017));
#10856=CARTESIAN_POINT('Origin',(0.,-231.487894859551,44.2250000000048));
#10857=CARTESIAN_POINT('',(28.3431384728821,-231.487894859548,46.1000000000048));
#10858=CARTESIAN_POINT('',(0.,-231.487894859548,46.1000000000048));
#10859=CARTESIAN_POINT('Origin',(28.6737515617105,-231.487894859551,44.2250000000048));
#10860=CARTESIAN_POINT('Origin',(0.,-231.487894861022,44.2250000000048));
#10861=CARTESIAN_POINT('Origin',(28.6737515617105,-231.487894861022,44.2250000000048));
#10862=CARTESIAN_POINT('Origin',(0.,-231.26929398225,5.00000000000171));
#10863=CARTESIAN_POINT('',(32.6836541714318,-225.269713377636,21.4837122310547));
#10864=CARTESIAN_POINT('',(0.,-225.269713377636,21.4837122310547));
#10865=CARTESIAN_POINT('',(36.1591660718832,-230.820259452326,6.23371223104886));
#10866=CARTESIAN_POINT('',(0.,-230.820259452326,6.23371223104886));
#10867=CARTESIAN_POINT('',(34.9321675631096,-229.911044743632,8.73175911166535));
#10868=CARTESIAN_POINT('Origin',(39.8562063281707,-229.595030903984,9.6));
#10869=CARTESIAN_POINT('',(33.8699141500765,-227.718364858871,14.7560975808267));
#10870=CARTESIAN_POINT('Origin',(0.,-232.582183116221,6.87500000000164));
#10871=CARTESIAN_POINT('',(37.8966145339407,-232.582183116221,5.00000000000145));
#10872=CARTESIAN_POINT('',(0.,-232.582183116221,5.00000000000164));
#10873=CARTESIAN_POINT('Ctrl Pts',(36.1591660718826,-230.820259452326,6.23371223104949));
#10874=CARTESIAN_POINT('Ctrl Pts',(36.2118023765477,-230.841299862444,6.17590417937796));
#10875=CARTESIAN_POINT('Ctrl Pts',(36.2655648910866,-230.865022282699,6.11959139745797));
#10876=CARTESIAN_POINT('Ctrl Pts',(36.5638511448391,-231.007939757073,5.82120844332862));
#10877=CARTESIAN_POINT('Ctrl Pts',(36.8243643566393,-231.1733209843,5.61385266214138));
#10878=CARTESIAN_POINT('Ctrl Pts',(37.2472097384715,-231.504336181597,5.32874872265901));
#10879=CARTESIAN_POINT('Ctrl Pts',(37.4471670630233,-231.683465449073,5.21488683670925));
#10880=CARTESIAN_POINT('Ctrl Pts',(37.689406441361,-231.988824528332,5.09298908079478));
#10881=CARTESIAN_POINT('Ctrl Pts',(37.7600791791971,-232.096392027195,5.06023494059539));
#10882=CARTESIAN_POINT('Ctrl Pts',(37.863582295369,-232.326196726251,5.01386160968896));
#10883=CARTESIAN_POINT('Ctrl Pts',(37.8966145339403,-232.448293961008,5.00000000000164));
#10884=CARTESIAN_POINT('Ctrl Pts',(37.8966145339403,-232.582183116221,5.00000000000164));
#10885=CARTESIAN_POINT('Origin',(0.,-232.582183114822,6.87500000000164));
#10886=CARTESIAN_POINT('',(35.3110833003304,-234.344106778715,7.51628776895747));
#10887=CARTESIAN_POINT('',(0.,-234.344106778715,7.51628776895747));
#10888=CARTESIAN_POINT('Ctrl Pts',(37.8966145339403,-232.582183114822,5.00000000000164));
#10889=CARTESIAN_POINT('Ctrl Pts',(37.8966145337058,-232.716072270035,5.00000000010154));
#10890=CARTESIAN_POINT('Ctrl Pts',(37.863582295369,-232.838169504791,5.01386160968896));
#10891=CARTESIAN_POINT('Ctrl Pts',(37.7600791791971,-233.067974203848,5.06023494059539));
#10892=CARTESIAN_POINT('Ctrl Pts',(37.689406441361,-233.175541702711,5.09298908079478));
#10893=CARTESIAN_POINT('Ctrl Pts',(37.4471670630233,-233.480900781969,5.21488683670925));
#10894=CARTESIAN_POINT('Ctrl Pts',(37.2472097384715,-233.660030049445,5.32874872265901));
#10895=CARTESIAN_POINT('Ctrl Pts',(36.8243643566393,-233.991045246743,5.61385266214138));
#10896=CARTESIAN_POINT('Ctrl Pts',(36.5638511448391,-234.15642647397,5.82120844332862));
#10897=CARTESIAN_POINT('Ctrl Pts',(36.0763461604917,-234.390004053329,6.30887147021098));
#10898=CARTESIAN_POINT('Ctrl Pts',(35.8494422378656,-234.457183114822,6.58975308882041));
#10899=CARTESIAN_POINT('Ctrl Pts',(35.5342391433401,-234.457183114822,7.07466618176286));
#10900=CARTESIAN_POINT('Ctrl Pts',(35.4108883089513,-234.423343428928,7.29858686178875));
#10901=CARTESIAN_POINT('Ctrl Pts',(35.3110833003304,-234.344106778715,7.51628776895747));
#10902=CARTESIAN_POINT('Origin',(0.,-228.734605399961,40.1000000000284));
#10903=CARTESIAN_POINT('',(32.3252562637719,-234.770583028079,23.5162877689554));
#10904=CARTESIAN_POINT('',(0.,-234.770583028079,23.5162877689554));
#10905=CARTESIAN_POINT('',(29.6186371098918,-229.183639929887,38.8662877689845));
#10906=CARTESIAN_POINT('',(0.,-229.183639929887,38.8662877689845));
#10907=CARTESIAN_POINT('',(30.5756458843038,-231.159076170869,33.4388213054473));
#10908=CARTESIAN_POINT('Origin',(0.,-227.421716265995,38.2250000000263));
#10909=CARTESIAN_POINT('',(29.8447897820228,-225.659792602369,37.5837122310699));
#10910=CARTESIAN_POINT('',(0.,-225.659792602369,37.5837122310699));
#10911=CARTESIAN_POINT('Origin',(29.7317134459575,-227.421716265995,38.2250000000263));
#10912=CARTESIAN_POINT('Origin',(0.,-195.082183114951,6.87500000000046));
#10913=CARTESIAN_POINT('',(37.8966145339422,-195.082183114951,5.00000000000084));
#10914=CARTESIAN_POINT('Ctrl Pts',(37.896614533943,-195.082183114951,5.00000000000046));
#10915=CARTESIAN_POINT('Ctrl Pts',(37.896614533943,-195.216072270164,5.00000000000046));
#10916=CARTESIAN_POINT('Ctrl Pts',(37.8635822953717,-195.338169504921,5.01386160968779));
#10917=CARTESIAN_POINT('Ctrl Pts',(37.7600791791997,-195.567974203977,5.06023494059421));
#10918=CARTESIAN_POINT('Ctrl Pts',(37.6894064413634,-195.67554170284,5.0929890807936));
#10919=CARTESIAN_POINT('Ctrl Pts',(37.4471670630255,-195.980900782099,5.21488683670803));
#10920=CARTESIAN_POINT('Ctrl Pts',(37.2472097384735,-196.160030049575,5.32874872265776));
#10921=CARTESIAN_POINT('Ctrl Pts',(36.824364356641,-196.491045246872,5.61385266214009));
#10922=CARTESIAN_POINT('Ctrl Pts',(36.5638511448406,-196.656426474099,5.82120844332732));
#10923=CARTESIAN_POINT('Ctrl Pts',(36.0763461604928,-196.890004053458,6.3088714702097));
#10924=CARTESIAN_POINT('Ctrl Pts',(35.8494422378665,-196.957183114951,6.58975308881918));
#10925=CARTESIAN_POINT('Ctrl Pts',(35.5341443186523,-196.957183114951,7.07481206146197));
#10926=CARTESIAN_POINT('Ctrl Pts',(35.4108689867764,-196.923328088928,7.29862900850308));
#10927=CARTESIAN_POINT('Ctrl Pts',(35.3110833002644,-196.844106778792,7.51628776910147));
#10928=CARTESIAN_POINT('',(36.1591660720294,-193.320259451392,6.2337122308883));
#10929=CARTESIAN_POINT('Ctrl Pts',(36.1591660720288,-193.320259451391,6.23371223088895));
#10930=CARTESIAN_POINT('Ctrl Pts',(36.2118023766476,-193.341299861494,6.17590417927324));
#10931=CARTESIAN_POINT('Ctrl Pts',(36.2655648911379,-193.36502228173,6.11959139740659));
#10932=CARTESIAN_POINT('Ctrl Pts',(36.5638511448406,-193.50793975608,5.82120844332731));
#10933=CARTESIAN_POINT('Ctrl Pts',(36.824364356641,-193.673320983307,5.61385266214009));
#10934=CARTESIAN_POINT('Ctrl Pts',(37.2472097384735,-194.004336180605,5.32874872265776));
#10935=CARTESIAN_POINT('Ctrl Pts',(37.4471670630255,-194.18346544808,5.21488683670803));
#10936=CARTESIAN_POINT('Ctrl Pts',(37.6894064413634,-194.488824527339,5.0929890807936));
#10937=CARTESIAN_POINT('Ctrl Pts',(37.7600791791996,-194.596392026202,5.06023494059423));
#10938=CARTESIAN_POINT('Ctrl Pts',(37.8635822953717,-194.826196725259,5.0138616096878));
#10939=CARTESIAN_POINT('Ctrl Pts',(37.896614533943,-194.948293960015,5.00000000000046));
#10940=CARTESIAN_POINT('Ctrl Pts',(37.896614533943,-195.082183115228,5.00000000000046));
#10941=CARTESIAN_POINT('',(0.,-193.320259451392,6.23371223088831));
#10942=CARTESIAN_POINT('Origin',(0.,-213.832183116793,6.87500000000542));
#10943=CARTESIAN_POINT('',(35.311083300307,-215.594106780669,7.51628776900859));
#10944=CARTESIAN_POINT('',(0.,-215.594106780669,7.5162877690086));
#10945=CARTESIAN_POINT('',(37.8966145339197,-213.832183116793,5.0000000000104));
#10946=CARTESIAN_POINT('Ctrl Pts',(37.8966145339314,-213.832183116793,5.00000000000542));
#10947=CARTESIAN_POINT('Ctrl Pts',(37.8966145339314,-213.966072272006,5.00000000000542));
#10948=CARTESIAN_POINT('Ctrl Pts',(37.8635822953603,-214.088169506762,5.01386160969273));
#10949=CARTESIAN_POINT('Ctrl Pts',(37.7600791791889,-214.317974205819,5.06023494059918));
#10950=CARTESIAN_POINT('Ctrl Pts',(37.6894064413531,-214.425541704682,5.0929890807986));
#10951=CARTESIAN_POINT('Ctrl Pts',(37.4471670630162,-214.730900783941,5.21488683671318));
#10952=CARTESIAN_POINT('Ctrl Pts',(37.2472097384649,-214.910030051416,5.32874872266305));
#10953=CARTESIAN_POINT('Ctrl Pts',(36.8243643566338,-215.241045248714,5.61385266214556));
#10954=CARTESIAN_POINT('Ctrl Pts',(36.5638511448343,-215.406426475941,5.82120844333284));
#10955=CARTESIAN_POINT('Ctrl Pts',(36.0763461604881,-215.6400040553,6.3088714702151));
#10956=CARTESIAN_POINT('Ctrl Pts',(35.8494422378627,-215.707183116793,6.5897530888244));
#10957=CARTESIAN_POINT('Ctrl Pts',(35.5341443186689,-215.707183116793,7.07481206143703));
#10958=CARTESIAN_POINT('Ctrl Pts',(35.4108689868103,-215.67332809078,7.29862900844096));
#10959=CARTESIAN_POINT('Ctrl Pts',(35.311083300307,-215.594106780669,7.5162877690086));
#10960=CARTESIAN_POINT('',(0.,-213.832183116793,5.00000000000543));
#10961=CARTESIAN_POINT('Origin',(0.,-213.83218311516,6.87500000000543));
#10962=CARTESIAN_POINT('',(36.1591660718789,-212.070259451265,6.23371223105357));
#10963=CARTESIAN_POINT('Ctrl Pts',(36.1591660718784,-212.070259451264,6.2337122310542));
#10964=CARTESIAN_POINT('Ctrl Pts',(36.2118023765434,-212.091299861382,6.17590417938248));
#10965=CARTESIAN_POINT('Ctrl Pts',(36.2655648910823,-212.115022281637,6.11959139746231));
#10966=CARTESIAN_POINT('Ctrl Pts',(36.5638511448343,-212.257939756011,5.82120844333283));
#10967=CARTESIAN_POINT('Ctrl Pts',(36.8243643566338,-212.423320983238,5.61385266214556));
#10968=CARTESIAN_POINT('Ctrl Pts',(37.2472097384649,-212.754336180536,5.32874872266305));
#10969=CARTESIAN_POINT('Ctrl Pts',(37.4471670630162,-212.933465448012,5.21488683671318));
#10970=CARTESIAN_POINT('Ctrl Pts',(37.6894064413531,-213.238824527271,5.0929890807986));
#10971=CARTESIAN_POINT('Ctrl Pts',(37.7600791791889,-213.346392026134,5.06023494059918));
#10972=CARTESIAN_POINT('Ctrl Pts',(37.8635822953603,-213.57619672519,5.01386160969273));
#10973=CARTESIAN_POINT('Ctrl Pts',(37.8966145339314,-213.698293959947,5.00000000000542));
#10974=CARTESIAN_POINT('Ctrl Pts',(37.8966145339314,-213.83218311516,5.00000000000543));
#10975=CARTESIAN_POINT('',(0.,-212.070259451265,6.23371223105357));
#10976=CARTESIAN_POINT('Origin',(0.,-207.582183115292,6.87499999999953));
#10977=CARTESIAN_POINT('',(35.3110833003298,-209.344106779073,7.51628776895883));
#10978=CARTESIAN_POINT('',(0.,-209.344106779073,7.51628776895884));
#10979=CARTESIAN_POINT('',(37.8966145339448,-207.582183115292,4.99999999999973));
#10980=CARTESIAN_POINT('Ctrl Pts',(37.8966145339452,-207.58218311518,4.99999999999952));
#10981=CARTESIAN_POINT('Ctrl Pts',(37.8966145339265,-207.716072270394,5.00000000000751));
#10982=CARTESIAN_POINT('Ctrl Pts',(37.8635822953738,-207.83816950515,5.01386160968686));
#10983=CARTESIAN_POINT('Ctrl Pts',(37.7600791792017,-208.067974204206,5.06023494059328));
#10984=CARTESIAN_POINT('Ctrl Pts',(37.6894064413654,-208.175541703069,5.09298908079264));
#10985=CARTESIAN_POINT('Ctrl Pts',(37.4471670630273,-208.480900782328,5.21488683670705));
#10986=CARTESIAN_POINT('Ctrl Pts',(37.2472097384751,-208.660030049804,5.32874872265676));
#10987=CARTESIAN_POINT('Ctrl Pts',(36.8243643566423,-208.991045247101,5.61385266213906));
#10988=CARTESIAN_POINT('Ctrl Pts',(36.5638511448418,-209.156426474328,5.82120844332627));
#10989=CARTESIAN_POINT('Ctrl Pts',(36.0763461604937,-209.390004053687,6.30887147020867));
#10990=CARTESIAN_POINT('Ctrl Pts',(35.8494422378673,-209.45718311518,6.58975308881819));
#10991=CARTESIAN_POINT('Ctrl Pts',(35.5342391433406,-209.45718311518,7.0746661817618));
#10992=CARTESIAN_POINT('Ctrl Pts',(35.4108883089511,-209.423343429286,7.29858686178903));
#10993=CARTESIAN_POINT('Ctrl Pts',(35.3110833003298,-209.344106779073,7.51628776895883));
#10994=CARTESIAN_POINT('',(36.1591660718918,-205.8202594514,6.23371223103948));
#10995=CARTESIAN_POINT('Ctrl Pts',(36.1591660718912,-205.8202594514,6.23371223104012));
#10996=CARTESIAN_POINT('Ctrl Pts',(36.2118023765542,-205.841299861517,6.17590417937106));
#10997=CARTESIAN_POINT('Ctrl Pts',(36.265564891091,-205.865022281771,6.11959139745343));
#10998=CARTESIAN_POINT('Ctrl Pts',(36.5638511448418,-206.007939756144,5.82120844332627));
#10999=CARTESIAN_POINT('Ctrl Pts',(36.8243643566423,-206.173320983371,5.61385266213906));
#11000=CARTESIAN_POINT('Ctrl Pts',(37.2472097384751,-206.504336180669,5.32874872265676));
#11001=CARTESIAN_POINT('Ctrl Pts',(37.4471670630273,-206.683465448145,5.21488683670705));
#11002=CARTESIAN_POINT('Ctrl Pts',(37.6894064413654,-206.988824527403,5.09298908079264));
#11003=CARTESIAN_POINT('Ctrl Pts',(37.7600791792017,-207.096392026266,5.06023494059328));
#11004=CARTESIAN_POINT('Ctrl Pts',(37.8635822953738,-207.326196725323,5.01386160968686));
#11005=CARTESIAN_POINT('Ctrl Pts',(37.8966145339452,-207.448293960079,4.99999999999953));
#11006=CARTESIAN_POINT('Ctrl Pts',(37.8966145339452,-207.582183115292,4.99999999999953));
#11007=CARTESIAN_POINT('',(0.,-205.8202594514,6.23371223103949));
#11008=CARTESIAN_POINT('Origin',(0.,-226.332183114459,6.87500000001649));
#11009=CARTESIAN_POINT('',(37.8966145338909,-226.332183114461,5.00000000002267));
#11010=CARTESIAN_POINT('',(0.,-226.332183114461,5.00000000001649));
#11011=CARTESIAN_POINT('',(36.1591660718736,-224.570259450566,6.23371223105937));
#11012=CARTESIAN_POINT('Ctrl Pts',(36.1591660718731,-224.570259450566,6.23371223106001));
#11013=CARTESIAN_POINT('Ctrl Pts',(36.2118023765359,-224.591299860683,6.17590417939052));
#11014=CARTESIAN_POINT('Ctrl Pts',(36.2655648910726,-224.615022280938,6.11959139747247));
#11015=CARTESIAN_POINT('Ctrl Pts',(36.5638511448204,-224.75793975531,5.82120844334512));
#11016=CARTESIAN_POINT('Ctrl Pts',(36.8243643566179,-224.923320982537,5.61385266215777));
#11017=CARTESIAN_POINT('Ctrl Pts',(37.2472097384457,-225.254336179834,5.32874872267484));
#11018=CARTESIAN_POINT('Ctrl Pts',(37.4471670629954,-225.43346544731,5.21488683672466));
#11019=CARTESIAN_POINT('Ctrl Pts',(37.6894064413299,-225.73882452657,5.09298908080976));
#11020=CARTESIAN_POINT('Ctrl Pts',(37.760079179165,-225.846392025433,5.06023494061025));
#11021=CARTESIAN_POINT('Ctrl Pts',(37.863582295335,-226.07619672449,5.01386160970374));
#11022=CARTESIAN_POINT('Ctrl Pts',(37.8966145339054,-226.198293959247,5.00000000001649));
#11023=CARTESIAN_POINT('Ctrl Pts',(37.8966145339054,-226.332183114459,5.00000000001649));
#11024=CARTESIAN_POINT('',(0.,-224.570259450566,6.23371223105937));
#11025=CARTESIAN_POINT('Origin',(0.,-226.332183115489,6.87500000001649));
#11026=CARTESIAN_POINT('',(35.3110833003216,-228.094106779381,7.51628776897662));
#11027=CARTESIAN_POINT('',(0.,-228.094106779381,7.51628776897662));
#11028=CARTESIAN_POINT('Ctrl Pts',(37.8966145339054,-226.332183115489,5.00000000001649));
#11029=CARTESIAN_POINT('Ctrl Pts',(37.8966145340778,-226.466072270701,4.99999999994306));
#11030=CARTESIAN_POINT('Ctrl Pts',(37.863582295335,-226.588169505458,5.01386160970375));
#11031=CARTESIAN_POINT('Ctrl Pts',(37.760079179165,-226.817974204515,5.06023494061025));
#11032=CARTESIAN_POINT('Ctrl Pts',(37.6894064413299,-226.925541703378,5.09298908080976));
#11033=CARTESIAN_POINT('Ctrl Pts',(37.4471670629954,-227.230900782638,5.21488683672466));
#11034=CARTESIAN_POINT('Ctrl Pts',(37.2472097384457,-227.410030050114,5.32874872267484));
#11035=CARTESIAN_POINT('Ctrl Pts',(36.8243643566179,-227.741045247411,5.61385266215777));
#11036=CARTESIAN_POINT('Ctrl Pts',(36.5638511448204,-227.906426474638,5.82120844334514));
#11037=CARTESIAN_POINT('Ctrl Pts',(36.0763461604778,-228.140004053996,6.30887147022711));
#11038=CARTESIAN_POINT('Ctrl Pts',(35.849442237854,-228.207183115489,6.58975308883606));
#11039=CARTESIAN_POINT('Ctrl Pts',(35.5341443186709,-228.207183115489,7.074812061435));
#11040=CARTESIAN_POINT('Ctrl Pts',(35.4108689868205,-228.173328089481,7.29862900842257));
#11041=CARTESIAN_POINT('Ctrl Pts',(35.3110833003216,-228.094106779381,7.51628776897663));
#11042=CARTESIAN_POINT('Origin',(0.,-231.695770230469,20.9999999999973));
#11043=CARTESIAN_POINT('',(32.5514089359029,-231.246735700544,22.2337122310409));
#11044=CARTESIAN_POINT('',(0.,-231.246735700544,22.2337122310409));
#11045=CARTESIAN_POINT('',(32.324627940748,-230.778619410942,23.5198511658979));
#11046=CARTESIAN_POINT('Origin',(0.,-233.008659364437,22.8749999999973));
#11047=CARTESIAN_POINT('Origin',(32.4383325998376,-233.008659364437,22.8749999999973));
#11048=CARTESIAN_POINT('Origin',(0.,-228.34452617407,24.000000000008));
#11049=CARTESIAN_POINT('',(32.4575014993018,-228.793560703995,22.7662877689633));
#11050=CARTESIAN_POINT('',(0.,-228.793560703995,22.7662877689633));
#11051=CARTESIAN_POINT('',(34.9321675631096,-233.901711389194,8.73175911166535));
#11052=CARTESIAN_POINT('',(32.1295128643006,-228.116533853737,24.6264037516873));
#11053=CARTESIAN_POINT('Origin',(39.8562063281707,-233.585697549544,9.6));
#11054=CARTESIAN_POINT('Origin',(0.,-227.031637040102,22.1250000000075));
#11055=CARTESIAN_POINT('',(32.2399647465387,-227.031637040101,24.0000000000075));
#11056=CARTESIAN_POINT('',(0.,-227.031637040101,24.0000000000075));
#11057=CARTESIAN_POINT('Origin',(32.5705778353671,-227.031637040102,22.1250000000075));
#11058=CARTESIAN_POINT('Origin',(0.,-227.031637041531,22.1250000000075));
#11059=CARTESIAN_POINT('Origin',(32.5705778353671,-227.031637041531,22.1250000000075));
#11060=CARTESIAN_POINT('Origin',(0.,-201.332183115178,6.87499999999679));
#11061=CARTESIAN_POINT('',(35.3110833003305,-203.09410677907,7.51628776895723));
#11062=CARTESIAN_POINT('',(0.,-203.09410677907,7.51628776895723));
#11063=CARTESIAN_POINT('',(37.8966145339643,-201.332183115178,4.99999999999142));
#11064=CARTESIAN_POINT('Ctrl Pts',(37.8966145339517,-201.332183115178,4.99999999999679));
#11065=CARTESIAN_POINT('Ctrl Pts',(37.8966145339517,-201.466072270392,4.99999999999679));
#11066=CARTESIAN_POINT('Ctrl Pts',(37.8635822953801,-201.588169505148,5.01386160968414));
#11067=CARTESIAN_POINT('Ctrl Pts',(37.7600791792076,-201.817974204204,5.06023494059054));
#11068=CARTESIAN_POINT('Ctrl Pts',(37.6894064413712,-201.925541703067,5.09298908078988));
#11069=CARTESIAN_POINT('Ctrl Pts',(37.4471670630325,-202.230900782326,5.2148868367042));
#11070=CARTESIAN_POINT('Ctrl Pts',(37.2472097384799,-202.410030049801,5.32874872265384));
#11071=CARTESIAN_POINT('Ctrl Pts',(36.8243643566463,-202.741045247099,5.61385266213603));
#11072=CARTESIAN_POINT('Ctrl Pts',(36.5638511448453,-202.906426474326,5.82120844332323));
#11073=CARTESIAN_POINT('Ctrl Pts',(36.0763461604962,-203.140004053685,6.3088714702057));
#11074=CARTESIAN_POINT('Ctrl Pts',(35.8494422378694,-203.207183115178,6.58975308881531));
#11075=CARTESIAN_POINT('Ctrl Pts',(35.5341443186824,-203.207183115178,7.07481206141526));
#11076=CARTESIAN_POINT('Ctrl Pts',(35.4108689868306,-203.173328089171,7.29862900840295));
#11077=CARTESIAN_POINT('Ctrl Pts',(35.3110833003305,-203.09410677907,7.51628776895722));
#11078=CARTESIAN_POINT('',(36.159166071917,-199.570259451446,6.23371223101175));
#11079=CARTESIAN_POINT('Ctrl Pts',(36.1591660719164,-199.570259451446,6.23371223101239));
#11080=CARTESIAN_POINT('Ctrl Pts',(36.2118023765724,-199.591299861561,6.17590417935197));
#11081=CARTESIAN_POINT('Ctrl Pts',(36.2655648911017,-199.615022281812,6.11959139744264));
#11082=CARTESIAN_POINT('Ctrl Pts',(36.5638511448453,-199.757939756181,5.82120844332322));
#11083=CARTESIAN_POINT('Ctrl Pts',(36.8243643566463,-199.923320983408,5.61385266213603));
#11084=CARTESIAN_POINT('Ctrl Pts',(37.2472097384799,-200.254336180706,5.32874872265384));
#11085=CARTESIAN_POINT('Ctrl Pts',(37.4471670630325,-200.433465448182,5.21488683670421));
#11086=CARTESIAN_POINT('Ctrl Pts',(37.6894064413712,-200.73882452744,5.09298908078988));
#11087=CARTESIAN_POINT('Ctrl Pts',(37.7600791792076,-200.846392026303,5.06023494059053));
#11088=CARTESIAN_POINT('Ctrl Pts',(37.8635822953801,-201.07619672536,5.01386160968413));
#11089=CARTESIAN_POINT('Ctrl Pts',(37.8966145339517,-201.198293960116,4.99999999999678));
#11090=CARTESIAN_POINT('Ctrl Pts',(37.8966145339517,-201.332183115329,4.99999999999678));
#11091=CARTESIAN_POINT('',(0.,-199.570259451446,6.23371223101175));
#11092=CARTESIAN_POINT('Origin',(0.,-224.278347581122,18.000000000112));
#11093=CARTESIAN_POINT('',(34.0574265072905,-225.846090345054,13.6926621584056));
#11094=CARTESIAN_POINT('',(0.,-225.846089871405,13.6926634597442));
#11095=CARTESIAN_POINT('',(34.9321675631096,-227.651711389863,8.73175911166535));
#11096=CARTESIAN_POINT('',(32.8167220101092,-223.285055698745,20.7290470167876));
#11097=CARTESIAN_POINT('Origin',(39.8562063281707,-227.335697550211,9.6));
#11098=CARTESIAN_POINT('Origin',(0.,-220.082183113643,6.87500000000169));
#11099=CARTESIAN_POINT('',(35.3110833003521,-221.844106777553,7.51628776891023));
#11100=CARTESIAN_POINT('',(0.,-221.844106777553,7.51628776891023));
#11101=CARTESIAN_POINT('',(37.8966145339401,-220.082183113643,5.0000000000017));
#11102=CARTESIAN_POINT('Ctrl Pts',(37.8966145339402,-220.082183113643,5.00000000000169));
#11103=CARTESIAN_POINT('Ctrl Pts',(37.8966145339402,-220.216072268856,5.00000000000169));
#11104=CARTESIAN_POINT('Ctrl Pts',(37.8635822953689,-220.338169503612,5.01386160968902));
#11105=CARTESIAN_POINT('Ctrl Pts',(37.760079179197,-220.567974202669,5.06023494059545));
#11106=CARTESIAN_POINT('Ctrl Pts',(37.6894064413609,-220.675541701532,5.09298908079484));
#11107=CARTESIAN_POINT('Ctrl Pts',(37.4471670630232,-220.98090078079,5.21488683670931));
#11108=CARTESIAN_POINT('Ctrl Pts',(37.2472097384714,-221.160030048266,5.32874872265907));
#11109=CARTESIAN_POINT('Ctrl Pts',(36.8243643566392,-221.491045245564,5.61385266214145));
#11110=CARTESIAN_POINT('Ctrl Pts',(36.563851144839,-221.656426472791,5.82120844332869));
#11111=CARTESIAN_POINT('Ctrl Pts',(36.0763461604916,-221.89000405215,6.30887147021103));
#11112=CARTESIAN_POINT('Ctrl Pts',(35.8494422378656,-221.957183113643,6.58975308882047));
#11113=CARTESIAN_POINT('Ctrl Pts',(35.5341443186899,-221.957183113643,7.07481206140431));
#11114=CARTESIAN_POINT('Ctrl Pts',(35.4108689868474,-221.923328087641,7.29862900837231));
#11115=CARTESIAN_POINT('Ctrl Pts',(35.3110833003521,-221.844106777553,7.51628776891024));
#11116=CARTESIAN_POINT('',(0.,-220.082183113643,5.00000000000169));
#11117=CARTESIAN_POINT('Origin',(0.,-224.964917183711,44.9750000000347));
#11118=CARTESIAN_POINT('',(28.4284299901168,-226.726840847621,45.6162877689445));
#11119=CARTESIAN_POINT('',(0.,-226.726840847621,45.6162877689445));
#11120=CARTESIAN_POINT('',(28.6545826622329,-223.202993520054,44.3337122311141));
#11121=CARTESIAN_POINT('Origin',(28.5415063261739,-224.96491718396,44.9750000000347));
#11122=CARTESIAN_POINT('',(0.,-223.202993520054,44.3337122311141));
#11123=CARTESIAN_POINT('Origin',(0.,-220.082183117086,6.87500000000169));
#11124=CARTESIAN_POINT('',(36.1591660719561,-218.320259453221,6.23371223096882));
#11125=CARTESIAN_POINT('Ctrl Pts',(36.1591660719555,-218.32025945322,6.23371223096946));
#11126=CARTESIAN_POINT('Ctrl Pts',(36.2118023765972,-218.341299863331,6.17590417932601));
#11127=CARTESIAN_POINT('Ctrl Pts',(36.2655648911117,-218.365022283576,6.11959139743284));
#11128=CARTESIAN_POINT('Ctrl Pts',(36.563851144839,-218.507939757938,5.82120844332868));
#11129=CARTESIAN_POINT('Ctrl Pts',(36.8243643566392,-218.673320985165,5.61385266214144));
#11130=CARTESIAN_POINT('Ctrl Pts',(37.2472097384714,-219.004336182463,5.32874872265906));
#11131=CARTESIAN_POINT('Ctrl Pts',(37.4471670630232,-219.183465449938,5.2148868367093));
#11132=CARTESIAN_POINT('Ctrl Pts',(37.6894064413609,-219.488824529197,5.09298908079484));
#11133=CARTESIAN_POINT('Ctrl Pts',(37.760079179197,-219.59639202806,5.06023494059544));
#11134=CARTESIAN_POINT('Ctrl Pts',(37.8635822953689,-219.826196727117,5.01386160968901));
#11135=CARTESIAN_POINT('Ctrl Pts',(37.8966145339402,-219.948293961873,5.00000000000169));
#11136=CARTESIAN_POINT('Ctrl Pts',(37.8966145339402,-220.082183117086,5.00000000000169));
#11137=CARTESIAN_POINT('',(0.,-218.320259453221,6.23371223096881));
#11138=CARTESIAN_POINT('Origin',(0.,-193.769293981384,5.00000000000045));
#11139=CARTESIAN_POINT('',(34.9321675631096,-192.411044742383,8.73175911166535));
#11140=CARTESIAN_POINT('Origin',(39.8562063281707,-192.095030902646,9.6));
#11141=CARTESIAN_POINT('',(34.9040915964745,-192.353090956075,8.89098583081114));
#11142=CARTESIAN_POINT('Origin',(31.9003486803633,-129.,20.1672879386145));
#11143=CARTESIAN_POINT('Origin',(26.9686285696538,-129.,48.1364625419246));
#11144=CARTESIAN_POINT('',(34.9321675631096,-129.,8.73175911166535));
#11145=CARTESIAN_POINT('',(32.8851564333755,-129.,20.3409361162814));
#11146=CARTESIAN_POINT('Origin',(33.9473598100974,-129.,8.55811093399842));
#11147=CARTESIAN_POINT('Origin',(39.8562063281707,-129.,9.6));
#11148=CARTESIAN_POINT('',(38.0710773730641,-129.,4.92952736721003));
#11149=CARTESIAN_POINT('Origin',(39.8562063281707,-129.,9.6));
#11150=CARTESIAN_POINT('Origin',(37.7140515820428,-129.,3.99543284065204));
#11151=CARTESIAN_POINT('Origin',(37.0000000000001,-129.,2.12724378753605));
#11152=CARTESIAN_POINT('',(40.0000000000001,-129.,2.12724378753605));
#11153=CARTESIAN_POINT('Origin',(37.0000000000001,-129.,2.12724378753605));
#11154=CARTESIAN_POINT('Origin',(39.0000000000001,-129.,2.12724378753605));
#11155=CARTESIAN_POINT('Origin',(39.0000000000001,-129.,17.15));
#11156=CARTESIAN_POINT('',(40.0000000000002,-129.,0.));
#11157=CARTESIAN_POINT('Origin',(39.0000000000001,-129.,0.));
#11158=CARTESIAN_POINT('',(40.0000000000001,-129.,17.15));
#11159=CARTESIAN_POINT('Origin',(40.0000000000002,-185.,0.));
#11160=CARTESIAN_POINT('',(40.0000000000001,-241.,0.));
#11161=CARTESIAN_POINT('',(40.0000000000002,-241.,2.12724378753605));
#11162=CARTESIAN_POINT('',(40.0000000000002,-241.,17.15));
#11163=CARTESIAN_POINT('',(40.,-367.,0.));
#11164=CARTESIAN_POINT('',(40.0000000000001,-134.234288245774,2.12724378753605));
#11165=CARTESIAN_POINT('Origin',(37.0000000000001,-134.234288245774,2.12724378753605));
#11166=CARTESIAN_POINT('',(38.0710773730641,-241.,4.92952736721003));
#11167=CARTESIAN_POINT('Origin',(37.0000000000001,-241.,2.12724378753605));
#11168=CARTESIAN_POINT('',(38.0710773730641,-134.234288245774,4.92952736721003));
#11169=CARTESIAN_POINT('Origin',(39.8562063281707,-134.234288245774,9.6));
#11170=CARTESIAN_POINT('',(34.9321675631096,-241.,8.73175911166535));
#11171=CARTESIAN_POINT('Origin',(39.8562063281707,-241.,9.6));
#11172=CARTESIAN_POINT('',(34.9321675631096,-136.098288610806,8.73175911166535));
#11173=CARTESIAN_POINT('',(34.9321675631096,-134.234288245774,8.73175911166535));
#11174=CARTESIAN_POINT('Origin',(39.8562063281707,-136.414302450456,9.6));
#11175=CARTESIAN_POINT('',(34.9321675631096,-140.088955256368,8.73175911166535));
#11176=CARTESIAN_POINT('Origin',(39.8562063281707,-140.404969096016,9.6));
#11177=CARTESIAN_POINT('',(34.9321675631096,-142.348288610137,8.73175911166535));
#11178=CARTESIAN_POINT('',(34.9321675631096,-134.234288245774,8.73175911166535));
#11179=CARTESIAN_POINT('Origin',(39.8562063281707,-142.664302449789,9.6));
#11180=CARTESIAN_POINT('',(34.9321675631096,-146.338955258131,8.73175911166535));
#11181=CARTESIAN_POINT('Origin',(39.8562063281707,-146.654969097782,9.6));
#11182=CARTESIAN_POINT('',(34.9321675631096,-148.598288611948,8.73175911166535));
#11183=CARTESIAN_POINT('',(34.9321675631096,-134.234288245774,8.73175911166535));
#11184=CARTESIAN_POINT('Origin',(39.8562063281707,-148.914302451571,9.6));
#11185=CARTESIAN_POINT('',(34.9321675631096,-152.588955255632,8.73175911166535));
#11186=CARTESIAN_POINT('Origin',(39.8562063281707,-152.904969095324,9.6));
#11187=CARTESIAN_POINT('',(34.9321675631096,-154.848288608871,8.73175911166535));
#11188=CARTESIAN_POINT('',(34.9321675631096,-134.234288245774,8.73175911166535));
#11189=CARTESIAN_POINT('Origin',(39.8562063281707,-155.164302448547,9.6));
#11190=CARTESIAN_POINT('',(34.9321675631096,-158.838955257427,8.73175911166535));
#11191=CARTESIAN_POINT('Origin',(39.8562063281707,-159.154969097074,9.6));
#11192=CARTESIAN_POINT('',(34.9321675631096,-161.098288610451,8.73175911166535));
#11193=CARTESIAN_POINT('',(34.9321675631096,-134.234288245774,8.73175911166535));
#11194=CARTESIAN_POINT('Origin',(39.8562063281707,-161.414302450102,9.6));
#11195=CARTESIAN_POINT('',(34.9321675631096,-165.088955257309,8.73175911166535));
#11196=CARTESIAN_POINT('Origin',(39.8562063281707,-165.404969096961,9.6));
#11197=CARTESIAN_POINT('',(34.9321675631096,-167.348288610455,8.73175911166535));
#11198=CARTESIAN_POINT('',(34.9321675631096,-134.234288245774,8.73175911166535));
#11199=CARTESIAN_POINT('Origin',(39.8562063281707,-167.664302450107,9.6));
#11200=CARTESIAN_POINT('',(34.9321675631096,-171.338955257314,8.73175911166535));
#11201=CARTESIAN_POINT('Origin',(39.8562063281707,-171.654969096979,9.6));
#11202=CARTESIAN_POINT('',(34.9321675631096,-134.234288245774,8.73175911166535));
#11203=CARTESIAN_POINT('',(34.9321675631096,-134.234288245774,8.73175911166535));
#11204=CARTESIAN_POINT('',(34.9321675631096,-198.661044742686,8.73175911166535));
#11205=CARTESIAN_POINT('',(34.9321675631096,-235.765711754226,8.73175911166535));
#11206=CARTESIAN_POINT('Origin',(39.8562063281707,-198.345030903021,9.6));
#11207=CARTESIAN_POINT('',(34.9321675631096,-202.651711389545,8.73175911166535));
#11208=CARTESIAN_POINT('Origin',(39.8562063281707,-202.335697549893,9.6));
#11209=CARTESIAN_POINT('',(34.9321675631096,-204.911044742691,8.73175911166535));
#11210=CARTESIAN_POINT('',(34.9321675631096,-235.765711754226,8.73175911166535));
#11211=CARTESIAN_POINT('Origin',(39.8562063281707,-204.595030903039,9.6));
#11212=CARTESIAN_POINT('',(34.9321675631096,-208.901711389549,8.73175911166535));
#11213=CARTESIAN_POINT('Origin',(39.8562063281707,-208.585697549898,9.6));
#11214=CARTESIAN_POINT('',(34.9321675631096,-211.161044742573,8.73175911166535));
#11215=CARTESIAN_POINT('',(34.9321675631096,-235.765711754226,8.73175911166535));
#11216=CARTESIAN_POINT('Origin',(39.8562063281707,-210.845030902926,9.6));
#11217=CARTESIAN_POINT('',(34.9321675631096,-215.151711391129,8.73175911166535));
#11218=CARTESIAN_POINT('Origin',(39.8562063281707,-214.835697551453,9.6));
#11219=CARTESIAN_POINT('',(34.9321675631096,-217.411044744368,8.73175911166535));
#11220=CARTESIAN_POINT('',(34.9321675631096,-235.765711754226,8.73175911166535));
#11221=CARTESIAN_POINT('Origin',(39.8562063281707,-217.095030904676,9.6));
#11222=CARTESIAN_POINT('',(34.9321675631096,-221.401711388052,8.73175911166535));
#11223=CARTESIAN_POINT('Origin',(39.8562063281707,-221.085697548429,9.6));
#11224=CARTESIAN_POINT('',(34.9321675631096,-223.661044741869,8.73175911166535));
#11225=CARTESIAN_POINT('',(34.9321675631096,-235.765711754226,8.73175911166535));
#11226=CARTESIAN_POINT('Origin',(39.8562063281707,-223.345030902218,9.6));
#11227=CARTESIAN_POINT('',(34.9321675631096,-235.765711754226,8.73175911166535));
#11228=CARTESIAN_POINT('',(34.9321675631096,-235.765711754226,8.73175911166535));
#11229=CARTESIAN_POINT('Origin',(44.6951681238735,-241.,51.2621297399293));
#11230=CARTESIAN_POINT('Origin',(26.9686285696538,-241.,48.1364625419246));
#11231=CARTESIAN_POINT('Origin',(31.9003486803633,-241.,20.1672879386145));
#11232=CARTESIAN_POINT('Origin',(33.9473598100974,-241.,8.55811093399842));
#11233=CARTESIAN_POINT('',(32.8851564333755,-241.,20.3409361162814));
#11234=CARTESIAN_POINT('Origin',(39.8562063281707,-241.,9.6));
#11235=CARTESIAN_POINT('Origin',(37.7140515820428,-241.,3.99543284065204));
#11236=CARTESIAN_POINT('Origin',(37.0000000000001,-241.,2.12724378753605));
#11237=CARTESIAN_POINT('Origin',(39.0000000000002,-241.,2.12724378753605));
#11238=CARTESIAN_POINT('Origin',(39.0000000000002,-241.,17.15));
#11239=CARTESIAN_POINT('Origin',(39.0000000000002,-241.,0.));
#11240=CARTESIAN_POINT('Origin',(20.3056150051087,-185.,-0.4));
#11241=CARTESIAN_POINT('',(39.6000000000001,-241.,-0.4));
#11242=CARTESIAN_POINT('',(39.6000000000001,-129.,-0.4));
#11243=CARTESIAN_POINT('',(39.6,-367.,-0.4));
#11244=CARTESIAN_POINT('',(39.0000000000002,-241.6,-0.4));
#11245=CARTESIAN_POINT('Origin',(39.0000000000002,-241.,-0.4));
#11246=CARTESIAN_POINT('',(5.99999999988606,-241.6,-0.4));
#11247=CARTESIAN_POINT('',(25.1270525485239,-241.6,-0.4));
#11248=CARTESIAN_POINT('',(0.399999999886056,-236.000000000005,-0.4));
#11249=CARTESIAN_POINT('Origin',(5.99999999988606,-236.,-0.4));
#11250=CARTESIAN_POINT('',(0.399999999886054,-133.999999999995,-0.4));
#11251=CARTESIAN_POINT('',(0.399999999936867,-76.0000000000003,-0.4));
#11252=CARTESIAN_POINT('',(5.99999999988606,-128.4,-0.4));
#11253=CARTESIAN_POINT('Origin',(5.99999999988606,-134.,-0.4));
#11254=CARTESIAN_POINT('',(39.0000000000001,-128.4,-0.4));
#11255=CARTESIAN_POINT('',(25.1270525485239,-128.4,-0.4));
#11256=CARTESIAN_POINT('Origin',(39.0000000000001,-129.,-0.4));
#11257=CARTESIAN_POINT('',(6.90000000000114,-185.,-0.4));
#11258=CARTESIAN_POINT('Origin',(10.0000000000006,-185.,-0.4));
#11259=CARTESIAN_POINT('',(6.90000000000034,-232.,-0.4));
#11260=CARTESIAN_POINT('Origin',(10.0000000000003,-232.,-0.4));
#11261=CARTESIAN_POINT('',(6.90000000000034,-138.,-0.4));
#11262=CARTESIAN_POINT('Origin',(10.0000000000003,-138.,-0.4));
#11263=CARTESIAN_POINT('Origin',(39.0000000000002,-241.,0.));
#11264=CARTESIAN_POINT('',(40.0000000000001,-241.,0.));
#11265=CARTESIAN_POINT('',(39.0000000000002,-242.,0.));
#11266=CARTESIAN_POINT('Origin',(5.99999999988606,-242.,0.));
#11267=CARTESIAN_POINT('',(5.99999999988606,-242.,0.));
#11268=CARTESIAN_POINT('Origin',(5.99999999988606,-236.,0.));
#11269=CARTESIAN_POINT('',(-1.13945586094646E-10,-236.000000000005,0.));
#11270=CARTESIAN_POINT('Origin',(-1.13945586094646E-10,-133.999999999995,
0.));
#11271=CARTESIAN_POINT('',(-1.13945586094646E-10,-133.999999999995,0.));
#11272=CARTESIAN_POINT('Origin',(5.99999999988606,-134.,0.));
#11273=CARTESIAN_POINT('',(5.99999999988606,-128.,0.));
#11274=CARTESIAN_POINT('Origin',(39.0000000000001,-128.,0.));
#11275=CARTESIAN_POINT('',(39.0000000000001,-128.,0.));
#11276=CARTESIAN_POINT('Origin',(39.0000000000001,-129.,0.));
#11277=CARTESIAN_POINT('',(40.0000000000002,-129.,0.));
#11278=CARTESIAN_POINT('Origin',(40.0000000000001,-241.,0.));
#11279=CARTESIAN_POINT('Origin',(10.0000000000003,-138.,0.));
#11280=CARTESIAN_POINT('',(7.30000000000034,-138.,0.));
#11281=CARTESIAN_POINT('Origin',(10.0000000000003,-232.,0.));
#11282=CARTESIAN_POINT('',(7.30000000000034,-232.,0.));
#11283=CARTESIAN_POINT('Origin',(10.0000000000006,-185.,0.));
#11284=CARTESIAN_POINT('',(7.30000000000114,-185.,0.));
#11285=CARTESIAN_POINT('Origin',(27.6806196637386,-219.7,49.8573308774552));
#11286=CARTESIAN_POINT('',(33.2373613490804,-219.7,18.3434827810645));
#11287=CARTESIAN_POINT('',(31.8481759276881,-219.7,26.2219448054843));
#11288=CARTESIAN_POINT('',(31.1200246801041,-219.7,17.9701391990806));
#11289=CARTESIAN_POINT('',(33.2373613490804,-219.7,18.3434827810645));
#11290=CARTESIAN_POINT('',(31.1200246801041,-219.7,17.9701391990806));
#11291=CARTESIAN_POINT('Origin',(30.4589905064095,-180.85,34.1004068292598));
#11292=CARTESIAN_POINT('',(26.7167210449631,-182.55,33.4405437541255));
#11293=CARTESIAN_POINT('Origin',(26.7167210449631,-180.85,33.4405437541255));
#11294=CARTESIAN_POINT('',(30.4589905064095,-182.55,34.1004068292598));
#11295=CARTESIAN_POINT('Origin',(28.1841993789727,-152.1,47.0013883937199));
#11296=CARTESIAN_POINT('Origin',(24.4419299175263,-152.1,46.3415253185855));
#11297=CARTESIAN_POINT('Origin',(32.7337816338463,-152.1,21.1994252647999));
#11298=CARTESIAN_POINT('',(29.6079632031175,-152.1,17.0434946664722));
#11299=CARTESIAN_POINT('Origin',(28.9915121723999,-152.1,20.5395621896656));
#11300=CARTESIAN_POINT('',(33.3502326645639,-152.1,17.7033577416066));
#11301=CARTESIAN_POINT('Origin',(30.4589905064095,-145.25,34.1004068292599));
#11302=CARTESIAN_POINT('',(26.7167210449631,-146.95,33.4405437541255));
#11303=CARTESIAN_POINT('Origin',(26.7167210449631,-145.25,33.4405437541255));
#11304=CARTESIAN_POINT('',(30.4589905064095,-146.95,34.1004068292599));
#11305=CARTESIAN_POINT('Origin',(33.0289835358801,-217.7,19.5252520846792));
#11306=CARTESIAN_POINT('',(24.589891504348,-217.7,48.0938401786563));
#11307=CARTESIAN_POINT('',(25.8748880190833,-217.7,40.806262806366));
#11308=CARTESIAN_POINT('',(25.7716608079627,-217.7,48.3022179918566));
#11309=CARTESIAN_POINT('',(27.8889974769389,-217.7,48.6755615738405));
#11310=CARTESIAN_POINT('',(30.9116468669038,-217.7,19.1519085026953));
#11311=CARTESIAN_POINT('',(29.6266503521685,-217.7,26.4394858749856));
#11312=CARTESIAN_POINT('',(29.7298775632891,-217.7,18.943530689495));
#11313=CARTESIAN_POINT('',(33.0289835358801,-217.7,19.5252520846792));
#11314=CARTESIAN_POINT('',(30.3723758206568,-217.7,15.2997420033498));
#11315=CARTESIAN_POINT('',(28.7661301772377,-217.7,24.4092137187127));
#11316=CARTESIAN_POINT('',(30.3723758206568,-217.7,15.2997420033498));
#11317=CARTESIAN_POINT('Origin',(33.2373613490804,-194.2,18.3434827810645));
#11318=CARTESIAN_POINT('',(33.2373613490804,-194.2,18.3434827810645));
#11319=CARTESIAN_POINT('',(33.2373613490804,-178.624999999992,18.3434827810645));
#11320=CARTESIAN_POINT('',(31.1200246801041,-194.2,17.9701391990806));
#11321=CARTESIAN_POINT('',(33.2373613490804,-194.2,18.3434827810645));
#11322=CARTESIAN_POINT('',(31.1200246801041,-194.2,17.9701391990806));
#11323=CARTESIAN_POINT('Origin',(33.0289835358801,-196.2,19.5252520846792));
#11324=CARTESIAN_POINT('',(29.7298775632891,-196.2,18.943530689495));
#11325=CARTESIAN_POINT('',(29.7298775632891,-201.575,18.943530689495));
#11326=CARTESIAN_POINT('',(30.9116468669038,-196.2,19.1519085026953));
#11327=CARTESIAN_POINT('',(30.9116468669038,-201.575,19.1519085026953));
#11328=CARTESIAN_POINT('',(33.0289835358801,-196.2,19.5252520846792));
#11329=CARTESIAN_POINT('Origin',(27.8889974769389,-217.7,48.6755615738405));
#11330=CARTESIAN_POINT('',(24.589891504348,-196.2,48.0938401786563));
#11331=CARTESIAN_POINT('',(24.589891504348,-212.325,48.0938401786563));
#11332=CARTESIAN_POINT('',(25.7716608079627,-196.2,48.3022179918566));
#11333=CARTESIAN_POINT('',(27.8889974769389,-196.2,48.6755615738405));
#11334=CARTESIAN_POINT('',(25.7716608079627,-212.325,48.3022179918566));
#11335=CARTESIAN_POINT('Origin',(27.1598845338186,-206.95,33.5186854340756));
#11336=CARTESIAN_POINT('',(30.3723758206568,-196.2,15.2997420033497));
#11337=CARTESIAN_POINT('',(28.4448810485539,-196.2,26.2311080617853));
#11338=CARTESIAN_POINT('',(30.3723758206568,-201.575,15.2997420033497));
#11339=CARTESIAN_POINT('Origin',(30.3723758206568,-196.2,15.2997420033497));
#11340=CARTESIAN_POINT('',(30.3723758206568,-196.2,15.2997420033497));
#11341=CARTESIAN_POINT('Origin',(33.3502326645639,-152.1,17.7033577416066));
#11342=CARTESIAN_POINT('',(29.6079632031175,-174.,17.0434946664722));
#11343=CARTESIAN_POINT('',(29.6079632031175,-157.574999999993,17.0434946664722));
#11344=CARTESIAN_POINT('',(33.3502326645639,-174.,17.7033577416066));
#11345=CARTESIAN_POINT('Origin',(32.7337816338463,-174.,21.1994252647998));
#11346=CARTESIAN_POINT('Origin',(28.9915121723999,-174.,20.5395621896655));
#11347=CARTESIAN_POINT('Origin',(33.0810779891193,-150.554000639982,19.2298097591204));
#11348=CARTESIAN_POINT('',(33.2216018598877,-149.116077490259,18.4328592856093));
#11349=CARTESIAN_POINT('',(33.3675974822695,-150.554000639982,17.6048769666519));
#11350=CARTESIAN_POINT('Origin',(33.0810779891193,-150.554000639982,19.2298097591204));
#11351=CARTESIAN_POINT('',(29.4793323984413,-149.116077490259,17.772996210475));
#11352=CARTESIAN_POINT('',(33.2216018598877,-149.116077490259,18.4328592856093));
#11353=CARTESIAN_POINT('',(29.6253280208231,-150.554000639982,16.9450138915176));
#11354=CARTESIAN_POINT('Origin',(29.3388085276729,-150.554000639982,18.569946683986));
#11355=CARTESIAN_POINT('',(33.3675974822695,-150.554000639982,17.6048769666519));
#11356=CARTESIAN_POINT('Origin',(33.3675974822695,-150.554000639982,17.6048769666519));
#11357=CARTESIAN_POINT('',(33.3675974822879,-175.545999361305,17.6048769665475));
#11358=CARTESIAN_POINT('',(33.3675974822741,-156.802000319948,17.6048769666258));
#11359=CARTESIAN_POINT('',(29.6253280208415,-175.545999361305,16.9450138914132));
#11360=CARTESIAN_POINT('',(29.6253280208231,-150.554000639982,16.9450138915176));
#11361=CARTESIAN_POINT('',(33.3675974822879,-175.545999361305,17.6048769665475));
#11362=CARTESIAN_POINT('Origin',(33.0810779865313,-175.545999361305,19.2298097737978));
#11363=CARTESIAN_POINT('',(33.2216018584388,-176.98392252456,18.4328592938268));
#11364=CARTESIAN_POINT('Origin',(33.0810779865313,-175.545999361305,19.2298097737978));
#11365=CARTESIAN_POINT('',(29.4793323969924,-176.98392252456,17.7729962186925));
#11366=CARTESIAN_POINT('Origin',(29.3388085250849,-175.545999361305,18.5699466986634));
#11367=CARTESIAN_POINT('',(33.2216018584388,-176.98392252456,18.4328592938268));
#11368=CARTESIAN_POINT('Origin',(33.2216018584388,-176.98392252456,18.4328592938268));
#11369=CARTESIAN_POINT('',(30.8848204173979,-184.557342879333,31.685405396822));
#11370=CARTESIAN_POINT('',(32.6896431550236,-178.70798058219,21.4497470172925));
#11371=CARTESIAN_POINT('',(27.1425509559515,-184.557342879333,31.0255423216877));
#11372=CARTESIAN_POINT('',(29.4793323969924,-176.98392252456,17.7729962186925));
#11373=CARTESIAN_POINT('',(30.8848204173979,-184.557342879333,31.685405396822));
#11374=CARTESIAN_POINT('Origin',(30.4589905064095,-180.200000000007,34.1004068292598));
#11375=CARTESIAN_POINT('',(30.0331605949877,-184.557342877928,36.515408264156));
#11376=CARTESIAN_POINT('Origin',(30.4589905064095,-180.200000000007,34.1004068292598));
#11377=CARTESIAN_POINT('',(26.2908911335413,-184.557342877928,35.8555451890216));
#11378=CARTESIAN_POINT('Origin',(26.7167210449631,-180.200000000007,33.4405437541255));
#11379=CARTESIAN_POINT('',(30.0331605949877,-184.557342877928,36.515408264156));
#11380=CARTESIAN_POINT('Origin',(30.4589905064095,-145.899999999993,34.1004068292599));
#11381=CARTESIAN_POINT('',(30.0331605950346,-141.542657121886,36.5154082638898));
#11382=CARTESIAN_POINT('',(30.88482041783,-141.542657122033,31.6854053943714));
#11383=CARTESIAN_POINT('Origin',(30.4589905064095,-145.899999999993,34.1004068292599));
#11384=CARTESIAN_POINT('',(26.2908911335882,-141.542657121886,35.8555451887554));
#11385=CARTESIAN_POINT('',(30.0331605950346,-141.542657121886,36.5154082638898));
#11386=CARTESIAN_POINT('',(27.1425509563836,-141.542657122033,31.025542319237));
#11387=CARTESIAN_POINT('Origin',(26.7167210449631,-145.899999999993,33.4405437541255));
#11388=CARTESIAN_POINT('',(30.88482041783,-141.542657122033,31.6854053943714));
#11389=CARTESIAN_POINT('Origin',(30.88482041783,-141.542657122033,31.6854053943714));
#11390=CARTESIAN_POINT('',(31.5212524353781,-143.605309245993,28.0760200638279));
#11391=CARTESIAN_POINT('',(29.4793323984413,-149.116077490259,17.772996210475));
#11392=CARTESIAN_POINT('Origin',(0.,-151.230706016821,5.00000000000169));
#11393=CARTESIAN_POINT('',(34.469316084427,-153.544362990387,11.3567202879012));
#11394=CARTESIAN_POINT('',(0.,-153.54436304256,11.3567204312433));
#11395=CARTESIAN_POINT('',(34.2146399654295,-154.070059774678,12.8010603314624));
#11396=CARTESIAN_POINT('Origin',(0.,-151.782439380032,11.9980081997893));
#11397=CARTESIAN_POINT('',(34.2431637648084,-150.020514937985,12.6392938266189));
#11398=CARTESIAN_POINT('',(0.,-150.020515717463,12.6392959682096));
#11399=CARTESIAN_POINT('Origin',(34.356239723159,-151.782439380032,11.9980081997893));
#11400=CARTESIAN_POINT('Origin',(0.,-220.727260243449,62.1000000000334));
#11401=CARTESIAN_POINT('',(28.2395311146265,-226.336919987216,46.6875865272586));
#11402=CARTESIAN_POINT('',(0.,-226.336923663734,46.6875764268008));
#11403=CARTESIAN_POINT('',(28.6878763447024,-227.262384246071,44.1448943750167));
#11404=CARTESIAN_POINT('Origin',(0.,-225.019293980492,5.00000000001563));
#11405=CARTESIAN_POINT('',(34.2835827404001,-222.322250366891,12.4100664251778));
#11406=CARTESIAN_POINT('',(0.,-222.322242542721,12.4100879214999));
#11407=CARTESIAN_POINT('',(34.0422770578509,-221.824152540258,13.7785789555894));
#11408=CARTESIAN_POINT('Origin',(0.,-215.844526173396,23.9999999999982));
#11409=CARTESIAN_POINT('',(34.1650214577894,-219.818185448696,13.0824608717584));
#11410=CARTESIAN_POINT('',(0.,-219.818185963628,13.0824594570749));
#11411=CARTESIAN_POINT('',(32.4742386798631,-216.328109219378,22.6713665011349));
#11412=CARTESIAN_POINT('Origin',(0.,-218.769293983179,5.00000000000169));
#11413=CARTESIAN_POINT('',(34.3911785721587,-216.294347293689,11.799860140659));
#11414=CARTESIAN_POINT('',(0.,-216.294338638499,11.7998839200972));
#11415=CARTESIAN_POINT('',(34.2146399654295,-215.929940225322,12.8010603314624));
#11416=CARTESIAN_POINT('Origin',(0.,-211.778347582146,18.000000000073));
#11417=CARTESIAN_POINT('',(34.1650224726072,-213.568187546314,13.082455116441));
#11418=CARTESIAN_POINT('',(0.,-213.568185966917,13.082459455765));
#11419=CARTESIAN_POINT('',(33.1614478255004,-211.496631065745,18.7740097672066));
#11420=CARTESIAN_POINT('Origin',(0.,-212.519293981188,5.00000000000513));
#11421=CARTESIAN_POINT('',(34.3911741063392,-210.044338073627,11.7998854675794));
#11422=CARTESIAN_POINT('',(0.,-210.044338637866,11.7998839173441));
#11423=CARTESIAN_POINT('',(34.3870028733053,-210.035727907111,11.82354170565));
#11424=CARTESIAN_POINT('Origin',(0.,-204.865288722018,19.8217392417001));
#11425=CARTESIAN_POINT('',(34.1650216144523,-207.31818577346,13.082459983279));
#11426=CARTESIAN_POINT('',(0.,-207.318185965296,13.0824594562143));
#11427=CARTESIAN_POINT('',(33.1774914674316,-205.279747993525,18.6830217524019));
#11428=CARTESIAN_POINT('Origin',(0.,-206.269293981327,4.99999999999952));
#11429=CARTESIAN_POINT('',(34.3911742681275,-203.794338407688,11.7998845500327));
#11430=CARTESIAN_POINT('',(0.,-203.794338637608,11.79988391833));
#11431=CARTESIAN_POINT('',(34.5593657810298,-204.141515590277,10.846023080696));
#11432=CARTESIAN_POINT('Origin',(0.,-199.793008760978,16.5859800294718));
#11433=CARTESIAN_POINT('',(34.1650209246888,-201.068184349654,13.0824638951225));
#11434=CARTESIAN_POINT('',(0.,-201.068185965294,13.0824594562));
#11435=CARTESIAN_POINT('',(33.6275074514726,-199.958660985399,16.1308542835727));
#11436=CARTESIAN_POINT('Origin',(0.,-200.019293981384,4.99999999999699));
#11437=CARTESIAN_POINT('',(34.3911743482823,-197.544338573088,11.799884095452));
#11438=CARTESIAN_POINT('',(0.,-197.544338637575,11.7998839182747));
#11439=CARTESIAN_POINT('',(34.7317286887535,-198.247303273318,9.86850445574595));
#11440=CARTESIAN_POINT('Origin',(0.,-169.980706018616,4.99999999999699));
#11441=CARTESIAN_POINT('',(34.5214082975205,-172.186835403501,11.0612906668406));
#11442=CARTESIAN_POINT('',(0.,-172.1868308307,11.0612781030249));
#11443=CARTESIAN_POINT('',(34.7317286887535,-171.752696726682,9.86850445574595));
#11444=CARTESIAN_POINT('Origin',(0.,-170.206991239022,16.5859800294718));
#11445=CARTESIAN_POINT('',(34.2952537537325,-168.662991939449,12.3438768194493));
#11446=CARTESIAN_POINT('',(0.,-168.662983502991,12.3438536409464));
#11447=CARTESIAN_POINT('',(33.6275074514726,-170.041339014601,16.1308542835727));
#11448=CARTESIAN_POINT('Origin',(0.,-170.424907166848,11.7025658719984));
#11449=CARTESIAN_POINT('Origin',(34.4083341767918,-170.424907166848,11.7025658719984));
#11450=CARTESIAN_POINT('Origin',(0.,-163.730706018673,4.99999999999952));
#11451=CARTESIAN_POINT('',(34.5214104503013,-165.936830959791,11.061278457814));
#11452=CARTESIAN_POINT('',(0.,-165.936830830662,11.0612781030346));
#11453=CARTESIAN_POINT('',(34.5593657810298,-165.858484409723,10.846023080696));
#11454=CARTESIAN_POINT('Origin',(0.,-165.134711277982,19.8217392417001));
#11455=CARTESIAN_POINT('',(34.2952578406984,-162.412983503045,12.3438536411139));
#11456=CARTESIAN_POINT('',(0.,-162.412983502974,12.3438536409187));
#11457=CARTESIAN_POINT('',(33.1774914674316,-164.720252006475,18.6830217524019));
#11458=CARTESIAN_POINT('Origin',(0.,-164.174907166818,11.702565871977));
#11459=CARTESIAN_POINT('Origin',(34.4083341767956,-164.174907166818,11.702565871977));
#11460=CARTESIAN_POINT('Origin',(0.,-157.480706018812,5.00000000000513));
#11461=CARTESIAN_POINT('',(34.5214089772821,-159.686834000432,11.0612868117209));
#11462=CARTESIAN_POINT('',(0.,-159.686830830394,11.0612781020119));
#11463=CARTESIAN_POINT('',(34.3870028733053,-159.964272092889,11.82354170565));
#11464=CARTESIAN_POINT('Origin',(0.,-158.221652417854,18.000000000073));
#11465=CARTESIAN_POINT('',(34.2952617049661,-156.162975525186,12.3438317257625));
#11466=CARTESIAN_POINT('',(0.,-156.162983501322,12.3438536404407));
#11467=CARTESIAN_POINT('',(33.1614478255004,-158.503368934255,18.7740097672066));
#11468=CARTESIAN_POINT('Origin',(0.,-157.924907165843,11.7025658712027));
#11469=CARTESIAN_POINT('Origin',(34.4083341769321,-157.924907165843,11.7025658712027));
#11470=CARTESIAN_POINT('Origin',(0.,-145.721652418878,18.000000000112));
#11471=CARTESIAN_POINT('',(33.9831474869946,-144.307234757839,14.1139194157887));
#11472=CARTESIAN_POINT('',(0.,-144.307243264855,14.1139427891053));
#11473=CARTESIAN_POINT('',(32.8167220101092,-146.714944301255,20.7290470167876));
#11474=CARTESIAN_POINT('Origin',(0.,-138.73070601775,5.00000000000171));
#11475=CARTESIAN_POINT('',(33.0940840388752,-143.883086412502,19.1560487855948));
#11476=CARTESIAN_POINT('',(0.,-143.883086416611,19.1560487968836));
#11477=CARTESIAN_POINT('',(33.8699141500765,-142.281635141129,14.7560975808267));
#11478=CARTESIAN_POINT('Origin',(0.,-141.65547382593,24.000000000008));
#11479=CARTESIAN_POINT('',(32.8679316200861,-140.359238563197,20.438622886736));
#11480=CARTESIAN_POINT('',(0.,-140.359239090081,20.4386243343344));
#11481=CARTESIAN_POINT('',(32.1295128643006,-141.883466146263,24.6264037516873));
#11482=CARTESIAN_POINT('Origin',(0.,-142.121162753344,19.7973365656078));
#11483=CARTESIAN_POINT('Origin',(32.9810077008603,-142.121162753344,19.7973365656078));
#11484=CARTESIAN_POINT('Origin',(0.,-138.304229769531,20.9999999999973));
#11485=CARTESIAN_POINT('',(32.324627940748,-139.221380589058,23.5198511658979));
#11486=CARTESIAN_POINT('Origin',(0.,-141.265394600039,40.1000000000284));
#11487=CARTESIAN_POINT('',(30.5756458843038,-138.840923829131,33.4388213054473));
#11488=CARTESIAN_POINT('Origin',(0.,-154.155473826604,23.9999999999982));
#11489=CARTESIAN_POINT('',(32.4742386798631,-153.671890780622,22.6713665011349));
#11490=CARTESIAN_POINT('Origin',(0.,-144.980706019508,5.00000000001563));
#11491=CARTESIAN_POINT('',(34.2092928794298,-147.831097112949,12.8313851630806));
#11492=CARTESIAN_POINT('',(0.,-147.831090593538,12.8313672508613));
#11493=CARTESIAN_POINT('',(34.0422770578509,-148.175847459742,13.7785789555894));
#11494=CARTESIAN_POINT('Origin',(0.,-146.069166929196,13.4726550199819));
#11495=CARTESIAN_POINT('Ctrl Pts',(27.5918366159658,-147.413027697553,14.7801959321768));
#11496=CARTESIAN_POINT('Ctrl Pts',(27.5936484587653,-147.409754177943,14.7835603810726));
#11497=CARTESIAN_POINT('Ctrl Pts',(27.5952836844127,-147.406450578518,14.7869304323801));
#11498=CARTESIAN_POINT('Ctrl Pts',(27.6021597541723,-147.390659779701,14.802916723385));
#11499=CARTESIAN_POINT('Ctrl Pts',(27.6053688410356,-147.376402162483,14.8169601944466));
#11500=CARTESIAN_POINT('Ctrl Pts',(27.6042902391876,-147.347568940607,14.8444095002039));
#11501=CARTESIAN_POINT('Ctrl Pts',(27.6000014550764,-147.332993641959,14.8578156132823));
#11502=CARTESIAN_POINT('Ctrl Pts',(27.5876904159185,-147.308123600247,14.8800877292817));
#11503=CARTESIAN_POINT('Ctrl Pts',(27.5799401138661,-147.296963268663,14.8898131580828));
#11504=CARTESIAN_POINT('Ctrl Pts',(27.5709055232232,-147.286312930543,14.8989020579095));
#11505=CARTESIAN_POINT('Origin',(34.0962197017431,-146.069166929196,13.4726550199819));
#11506=CARTESIAN_POINT('Origin',(0.,-199.306262301431,12.4411716872499));
#11507=CARTESIAN_POINT('Origin',(34.2780980434548,-199.306262301431,12.4411716872499));
#11508=CARTESIAN_POINT('Origin',(0.,-205.556262301452,12.4411716872726));
#11509=CARTESIAN_POINT('Origin',(34.2780980434508,-205.556262301452,12.4411716872726));
#11510=CARTESIAN_POINT('Origin',(0.,-211.806262302409,12.4411716865318));
#11511=CARTESIAN_POINT('Origin',(34.2780980435814,-211.806262302409,12.4411716865318));
#11512=CARTESIAN_POINT('Origin',(0.,-218.056262301028,12.4411716886436));
#11513=CARTESIAN_POINT('Origin',(34.2780980432091,-218.056262301028,12.4411716886436));
#11514=CARTESIAN_POINT('Origin',(0.,-224.084166207064,13.0513756906208));
#11515=CARTESIAN_POINT('Origin',(34.1705026139242,-224.084166207064,13.0513756906208));
#11516=CARTESIAN_POINT('Origin',(10.2499999999207,-130.5,4.6));
#11517=CARTESIAN_POINT('Origin',(33.0810779891193,-150.554000639982,19.2298097591204));
#11518=CARTESIAN_POINT('Origin',(0.,-224.574999999297,28.8745547964942));
#11519=CARTESIAN_POINT('',(31.3804492169763,-226.449999998593,28.8745547964942));
#11520=CARTESIAN_POINT('Origin',(31.3804492169763,-224.574999999297,28.8745547964942));
#11521=CARTESIAN_POINT('',(0.,-226.449999998593,28.8745547964942));
#11522=CARTESIAN_POINT('Origin',(0.,-223.652028049965,43.100000000032));
#11523=CARTESIAN_POINT('',(28.4656855677122,-222.813076336132,45.4050008890483));
#11524=CARTESIAN_POINT('',(0.,-222.813076336132,45.4050008890483));
#11525=CARTESIAN_POINT('',(30.4282776304687,-226.864215249835,34.2745882042112));
#11526=CARTESIAN_POINT('Origin',(0.,-224.574999999809,46.0462886578857));
#11527=CARTESIAN_POINT('Origin',(28.3526092316678,-224.574999999809,46.0462886578857));
#11528=CARTESIAN_POINT('Origin',(28.3416538374332,-206.95,33.7270632472759));
#11529=CARTESIAN_POINT('',(25.5632829947624,-194.2,49.4839872954712));
#11530=CARTESIAN_POINT('',(27.056657322698,-196.2,41.0146406195663));
#11531=CARTESIAN_POINT('Origin',(33.2373613490804,-194.2,18.3434827810645));
#11532=CARTESIAN_POINT('',(29.0698050850173,-194.2,41.9788688536796));
#11533=CARTESIAN_POINT('Origin',(30.4589905062959,-163.049999999985,34.1004068299041));
#11534=CARTESIAN_POINT('',(28.2283378563309,-147.392019429457,46.7510666495329));
#11535=CARTESIAN_POINT('',(29.3967285773611,-182.494690753743,40.1247935951443));
#11536=CARTESIAN_POINT('Origin',(27.6963791528166,-176.983922509442,49.7679543735605));
#11537=CARTESIAN_POINT('',(23.9541096913702,-176.983922509442,49.1080912984262));
#11538=CARTESIAN_POINT('Origin',(26.7167210448495,-163.049999999985,33.4405437547697));
#11539=CARTESIAN_POINT('',(23.9541096913417,-149.116077489542,49.1080912985879));
#11540=CARTESIAN_POINT('Origin',(24.4419299175263,-174.,46.3415253185854));
#11541=CARTESIAN_POINT('Origin',(28.1841993789727,-174.,47.0013883937198));
#11542=CARTESIAN_POINT('Origin',(27.8889974769389,-196.2,48.6755615738405));
#11543=CARTESIAN_POINT('',(25.5536388903995,-196.2,42.6281571494386));
#11544=CARTESIAN_POINT('Origin',(27.1598845338186,-206.95,33.5186854340756));
#11545=CARTESIAN_POINT('Origin',(30.0331605950346,-141.542657121886,36.5154082638898));
#11546=CARTESIAN_POINT('Origin',(44.6951681238735,-129.,51.2621297399293));
#11547=CARTESIAN_POINT('Origin',(29.9360106915126,-194.4,25.8367703033814));
#11548=CARTESIAN_POINT('',(32.2036821652203,-196.4,24.2057687438075));
#11549=CARTESIAN_POINT('',(31.8563858098865,-194.4,26.1753842498319));
#11550=CARTESIAN_POINT('',(32.0518581414472,-195.525680293263,25.0668055696131));
#11551=CARTESIAN_POINT('',(30.2833070468465,-196.4,23.867154797357));
#11552=CARTESIAN_POINT('',(30.2833070468465,-196.4,23.867154797357));
#11553=CARTESIAN_POINT('',(29.9360106915126,-194.4,25.8367703033814));
#11554=CARTESIAN_POINT('',(30.1314830230734,-195.525680293263,24.7281916231626));
#11555=CARTESIAN_POINT('',(30.8961982506995,-194.4,26.0060772766066));
#11556=CARTESIAN_POINT('Origin',(30.2833070468465,-217.5,23.867154797357));
#11557=CARTESIAN_POINT('',(31.8563858098864,-219.5,26.175384249832));
#11558=CARTESIAN_POINT('',(32.2036821652203,-217.5,24.2057687438075));
#11559=CARTESIAN_POINT('',(32.2255063191141,-217.374319706737,24.081997816601));
#11560=CARTESIAN_POINT('',(29.9360106915126,-219.5,25.8367703033815));
#11561=CARTESIAN_POINT('',(30.8961982506995,-219.5,26.0060772766068));
#11562=CARTESIAN_POINT('',(30.2833070468465,-217.5,23.867154797357));
#11563=CARTESIAN_POINT('',(30.3051312007403,-217.374319706737,23.7433838701505));
#11564=CARTESIAN_POINT('',(30.2833070468465,-217.5,23.867154797357));
#11565=CARTESIAN_POINT('Origin',(27.6806196637386,-194.4,49.8573308774551));
#11566=CARTESIAN_POINT('',(25.7949741808982,-194.4,49.3217553804022));
#11567=CARTESIAN_POINT('',(27.1494299667003,-194.4,41.640254906907));
#11568=CARTESIAN_POINT('',(27.715349299272,-194.4,49.6603693268527));
#11569=CARTESIAN_POINT('',(27.715349299272,-194.4,49.6603693268527));
#11570=CARTESIAN_POINT('',(29.0698050850741,-194.4,41.9788688533575));
#11571=CARTESIAN_POINT('Origin',(30.4589905064095,-206.95,34.1004068292598));
#11572=CARTESIAN_POINT('',(32.6556399538962,-196.4,21.6425887536555));
#11573=CARTESIAN_POINT('',(31.3313363358149,-196.4,29.1530877865337));
#11574=CARTESIAN_POINT('',(27.715349299272,-219.5,49.6603693268527));
#11575=CARTESIAN_POINT('',(27.715349299272,-213.325,49.6603693268527));
#11576=CARTESIAN_POINT('',(31.8481759277449,-219.5,26.2219448051622));
#11577=CARTESIAN_POINT('',(32.6556399538962,-217.5,21.6425887536555));
#11578=CARTESIAN_POINT('',(31.7266222033781,-217.5,26.9113102322707));
#11579=CARTESIAN_POINT('',(32.6556399538962,-210.325,21.6425887536555));
#11580=CARTESIAN_POINT('Origin',(32.9942539003467,-196.2,19.7222136352816));
#11581=CARTESIAN_POINT('',(29.4981863771533,-196.4,19.105762604564));
#11582=CARTESIAN_POINT('',(29.4981863771533,-217.5,19.105762604564));
#11583=CARTESIAN_POINT('',(29.4981863771533,-201.575,19.105762604564));
#11584=CARTESIAN_POINT('',(31.0738787819728,-196.4,19.3835996888311));
#11585=CARTESIAN_POINT('',(32.9942539003467,-196.4,19.7222136352816));
#11586=CARTESIAN_POINT('',(31.0738787819728,-217.5,19.3835996888311));
#11587=CARTESIAN_POINT('',(31.0738787819728,-210.325,19.3835996888311));
#11588=CARTESIAN_POINT('',(32.9942539003467,-217.5,19.7222136352816));
#11589=CARTESIAN_POINT('Origin',(27.9237271124723,-217.7,48.4786000232381));
#11590=CARTESIAN_POINT('',(24.427659589279,-217.5,47.8621489925205));
#11591=CARTESIAN_POINT('',(24.427659589279,-196.4,47.8621489925205));
#11592=CARTESIAN_POINT('',(24.427659589279,-212.325,47.8621489925205));
#11593=CARTESIAN_POINT('',(26.0033519940985,-217.5,48.1399860767876));
#11594=CARTESIAN_POINT('',(27.9237271124723,-217.5,48.4786000232381));
#11595=CARTESIAN_POINT('',(26.0033519940985,-196.4,48.1399860767876));
#11596=CARTESIAN_POINT('',(26.0033519940985,-212.325,48.1399860767876));
#11597=CARTESIAN_POINT('',(27.9237271124723,-196.4,48.4786000232381));
#11598=CARTESIAN_POINT('Origin',(28.5386153880357,-206.95,33.7617928828093));
#11599=CARTESIAN_POINT('',(29.9278008093711,-196.4,25.8833308587116));
#11600=CARTESIAN_POINT('',(30.1448610314548,-217.5,24.6523211674464));
#11601=CARTESIAN_POINT('',(25.7949741808982,-219.5,49.3217553804022));
#11602=CARTESIAN_POINT('',(29.9278008093711,-219.5,25.8833308587117));
#11603=CARTESIAN_POINT('',(25.7949741808982,-213.325,49.3217553804022));
#11604=CARTESIAN_POINT('Origin',(26.9629229832161,-206.95,33.4839557985422));
#11605=CARTESIAN_POINT('',(23.7851613319113,-196.4,51.5059376786656));
#11606=CARTESIAN_POINT('',(28.3521084045516,-196.4,25.6054937744446));
#11607=CARTESIAN_POINT('',(23.7851613319113,-217.5,51.5059376786656));
#11608=CARTESIAN_POINT('',(23.7851613319114,-212.325,51.5059376786656));
#11609=CARTESIAN_POINT('',(28.5691686266352,-217.5,24.3744840831793));
#11610=CARTESIAN_POINT('Origin',(31.7800823915405,-196.2,16.3863048314916));
#11611=CARTESIAN_POINT('',(26.119032893193,-217.5,23.132880909001));
#11612=CARTESIAN_POINT('',(32.2951156664353,-217.5,15.7725120758302));
#11613=CARTESIAN_POINT('',(26.119032893193,-196.4,23.132880909001));
#11614=CARTESIAN_POINT('',(26.119032893193,-188.249999999996,23.132880909001));
#11615=CARTESIAN_POINT('',(31.5992776674022,-196.4,16.6017795110414));
#11616=CARTESIAN_POINT('Origin',(33.6714817932477,-217.5,15.881463398534));
#11617=CARTESIAN_POINT('',(31.6331158074151,-217.5,20.1822729320129));
#11618=CARTESIAN_POINT('',(21.1965795830773,-217.5,51.0495008745767));
#11619=CARTESIAN_POINT('',(27.2812288551047,-217.5,52.1223887093833));
#11620=CARTESIAN_POINT('',(25.9805868778013,-217.5,23.9180472790904));
#11621=CARTESIAN_POINT('Origin',(27.715349299272,-219.7,49.6603693268527));
#11622=CARTESIAN_POINT('',(27.715349299272,-219.5,49.6603693268527));
#11623=CARTESIAN_POINT('Origin',(33.2373613490804,-219.5,18.3434827810645));
#11624=CARTESIAN_POINT('Origin',(32.1923528328574,-215.7,20.9809461751947));
#11625=CARTESIAN_POINT('',(32.556361650765,-196.4,21.500804642926));
#11626=CARTESIAN_POINT('Origin',(27.2812288551047,-217.7,52.1223887093833));
#11627=CARTESIAN_POINT('',(21.1965795830773,-196.4,51.0495008745767));
#11628=CARTESIAN_POINT('',(27.2812288551047,-196.4,52.1223887093833));
#11629=CARTESIAN_POINT('',(21.1965795830773,-198.999999999996,51.0495008745767));
#11630=CARTESIAN_POINT('Origin',(33.2373613490804,-196.4,18.3434827810645));
#11631=CARTESIAN_POINT('',(25.7635266557176,-196.4,25.1490569703556));
#11632=CARTESIAN_POINT('Origin',(24.3743412343822,-180.299999999993,33.0275189944533));
#11633=CARTESIAN_POINT('Origin',(32.7337816338463,-177.35,21.1994252647998));
#11634=CARTESIAN_POINT('',(26.649132361819,-177.35,20.1265374299933));
#11635=CARTESIAN_POINT('',(22.0995501069454,-177.35,45.9285005589132));
#11636=CARTESIAN_POINT('',(25.5117367981006,-177.35,26.5770282122233));
#11637=CARTESIAN_POINT('',(29.1884737230023,-177.35,20.5742918251989));
#11638=CARTESIAN_POINT('',(32.7337816338463,-177.35,21.1994252647998));
#11639=CARTESIAN_POINT('',(24.6388914681288,-177.35,46.3762549541188));
#11640=CARTESIAN_POINT('',(28.0510781592272,-177.35,27.024782607751));
#11641=CARTESIAN_POINT('',(28.1841993789727,-177.35,47.0013883937198));
#11642=CARTESIAN_POINT('Origin',(28.1841993789727,-148.75,47.0013883937199));
#11643=CARTESIAN_POINT('',(22.0995501069454,-148.75,45.9285005589133));
#11644=CARTESIAN_POINT('',(26.6491323618189,-148.75,20.1265374299934));
#11645=CARTESIAN_POINT('',(23.2369456706638,-148.75,39.4780097766833));
#11646=CARTESIAN_POINT('',(24.6388914681287,-148.75,46.3762549541189));
#11647=CARTESIAN_POINT('',(28.1841993789727,-148.75,47.0013883937199));
#11648=CARTESIAN_POINT('',(29.1884737230023,-148.75,20.5742918251989));
#11649=CARTESIAN_POINT('',(25.7762870317903,-148.75,39.925764172211));
#11650=CARTESIAN_POINT('',(32.7337816338463,-148.75,21.1994252647999));
#11651=CARTESIAN_POINT('Origin',(27.6024779837885,-174.,50.3004943663107));
#11652=CARTESIAN_POINT('',(24.0571700729445,-152.1,49.6753609267097));
#11653=CARTESIAN_POINT('',(24.0571700729445,-174.,49.6753609267097));
#11654=CARTESIAN_POINT('',(24.0571700729445,-168.524999999993,49.6753609267098));
#11655=CARTESIAN_POINT('',(21.5178287117612,-152.1,49.2276065315041));
#11656=CARTESIAN_POINT('',(27.6024779837885,-152.1,50.3004943663107));
#11657=CARTESIAN_POINT('',(21.5178287117612,-174.,49.2276065315041));
#11658=CARTESIAN_POINT('',(21.5178287117612,-177.149999999996,49.2276065315041));
#11659=CARTESIAN_POINT('',(27.6024779837885,-174.,50.3004943663107));
#11660=CARTESIAN_POINT('Origin',(28.1841993789727,-152.1,47.0013883937199));
#11661=CARTESIAN_POINT('Origin',(22.0995501069454,-152.1,45.9285005589133));
#11662=CARTESIAN_POINT('Origin',(24.6388914681287,-152.1,46.3762549541189));
#11663=CARTESIAN_POINT('Origin',(32.7337816338463,-152.1,21.1994252647999));
#11664=CARTESIAN_POINT('',(29.7701951181866,-152.1,17.2751858526081));
#11665=CARTESIAN_POINT('Origin',(29.1884737230023,-152.1,20.5742918251989));
#11666=CARTESIAN_POINT('',(27.2308537570032,-152.1,16.8274314574025));
#11667=CARTESIAN_POINT('',(33.3155030290305,-152.1,17.900319292209));
#11668=CARTESIAN_POINT('Origin',(26.6491323618189,-152.1,20.1265374299934));
#11669=CARTESIAN_POINT('Origin',(33.3155030290305,-152.1,17.900319292209));
#11670=CARTESIAN_POINT('',(29.7701951181866,-174.,17.275185852608));
#11671=CARTESIAN_POINT('',(29.7701951181866,-157.574999999993,17.2751858526081));
#11672=CARTESIAN_POINT('',(27.2308537570032,-174.,16.8274314574025));
#11673=CARTESIAN_POINT('',(33.3155030290305,-174.,17.900319292209));
#11674=CARTESIAN_POINT('',(27.2308537570032,-166.199999999996,16.8274314574025));
#11675=CARTESIAN_POINT('Origin',(32.7337816338463,-174.,21.1994252647998));
#11676=CARTESIAN_POINT('Origin',(29.1884737230023,-174.,20.5742918251989));
#11677=CARTESIAN_POINT('Origin',(26.649132361819,-174.,20.1265374299933));
#11678=CARTESIAN_POINT('Origin',(26.913682595452,-163.049999999985,33.4752733903031));
#11679=CARTESIAN_POINT('',(26.5048858806455,-141.71695083701,35.7936747669044));
#11680=CARTESIAN_POINT('',(24.168104438399,-149.290371204667,49.0462208767369));
#11681=CARTESIAN_POINT('',(24.7000631419418,-147.566313144581,46.0293331525475));
#11682=CARTESIAN_POINT('',(27.3224793105292,-141.716950837151,31.1568720121663));
#11683=CARTESIAN_POINT('Origin',(26.9136825955655,-145.899999999993,33.4752733896589));
#11684=CARTESIAN_POINT('',(29.6592607525869,-149.290371205377,17.9043259034043));
#11685=CARTESIAN_POINT('',(27.9589113280773,-143.779602961111,27.5474866816228));
#11686=CARTESIAN_POINT('',(29.7875599358921,-150.554000639983,17.1767050776534));
#11687=CARTESIAN_POINT('Origin',(29.5357700782754,-150.554000639982,18.6046763195194));
#11688=CARTESIAN_POINT('',(29.7875599359105,-175.545999361306,17.176705077549));
#11689=CARTESIAN_POINT('',(29.7875599358967,-156.802000319949,17.1767050776273));
#11690=CARTESIAN_POINT('',(29.6592607511553,-176.809628809386,17.9043259115234));
#11691=CARTESIAN_POINT('Origin',(29.5357700756874,-175.545999361305,18.6046763341968));
#11692=CARTESIAN_POINT('',(27.3224793101144,-184.383049164159,31.1568720145187));
#11693=CARTESIAN_POINT('',(29.1273020477401,-178.533686867016,20.9212136349891));
#11694=CARTESIAN_POINT('',(26.5048858806004,-184.38304916281,35.7936747671602));
#11695=CARTESIAN_POINT('Origin',(26.9136825955655,-180.200000000007,33.4752733896589));
#11696=CARTESIAN_POINT('',(24.1681044383833,-176.809628794795,49.046220876826));
#11697=CARTESIAN_POINT('',(25.8684538629738,-182.320397038625,39.4030600981485));
#11698=CARTESIAN_POINT('',(24.0398052549934,-175.545999359893,49.7738417030573));
#11699=CARTESIAN_POINT('Origin',(24.2915951127276,-175.54599935952,48.3458704605251));
#11700=CARTESIAN_POINT('',(24.0398052551408,-150.55400063873,49.7738417022211));
#11701=CARTESIAN_POINT('',(24.0398052550302,-169.297999679658,49.7738417028482));
#11702=CARTESIAN_POINT('Origin',(24.2915951126397,-150.554000638723,48.3458704610232));
#11703=CARTESIAN_POINT('Origin',(24.6388914681288,-174.,46.3762549541188));
#11704=CARTESIAN_POINT('',(26.9136825955655,-182.55,33.4752733896589));
#11705=CARTESIAN_POINT('Origin',(26.9136825955655,-180.85,33.4752733896589));
#11706=CARTESIAN_POINT('',(26.9136825955655,-146.95,33.4752733896589));
#11707=CARTESIAN_POINT('Origin',(26.9136825955655,-145.25,33.4752733896589));
#11708=CARTESIAN_POINT('Origin',(28.1841993789727,-174.,47.0013883937198));
#11709=CARTESIAN_POINT('Origin',(22.0995501069454,-174.,45.9285005589132));
#11710=CARTESIAN_POINT('Origin',(33.2045686619992,-176.809628809386,18.5294593511244));
#11711=CARTESIAN_POINT('',(33.2045686619992,-176.809628809386,18.5294593511244));
#11712=CARTESIAN_POINT('',(33.2045686619992,-176.809628809386,18.5294593511244));
#11713=CARTESIAN_POINT('',(30.8677872209583,-184.383049164159,31.7820054541196));
#11714=CARTESIAN_POINT('',(32.6726099585841,-178.533686867016,21.54634707459));
#11715=CARTESIAN_POINT('',(30.8677872209583,-184.383049164159,31.7820054541196));
#11716=CARTESIAN_POINT('Origin',(33.0810779865313,-175.545999361305,19.2298097737978));
#11717=CARTESIAN_POINT('',(33.3328678467545,-175.545999361306,17.8018385171499));
#11718=CARTESIAN_POINT('',(33.3328678467545,-175.545999361306,17.8018385171499));
#11719=CARTESIAN_POINT('Origin',(33.0810779865313,-175.545999361305,19.2298097737978));
#11720=CARTESIAN_POINT('Origin',(33.3328678467361,-150.554000639983,17.8018385172544));
#11721=CARTESIAN_POINT('',(33.3328678467361,-150.554000639983,17.8018385172544));
#11722=CARTESIAN_POINT('',(33.3328678467361,-150.554000639983,17.8018385172544));
#11723=CARTESIAN_POINT('',(33.3328678467407,-156.802000319949,17.8018385172283));
#11724=CARTESIAN_POINT('Origin',(33.0810779891193,-150.554000639982,19.2298097591204));
#11725=CARTESIAN_POINT('',(33.2045686634308,-149.290371205377,18.5294593430052));
#11726=CARTESIAN_POINT('',(33.2045686634308,-149.290371205377,18.5294593430052));
#11727=CARTESIAN_POINT('Origin',(33.0810779891193,-150.554000639982,19.2298097591204));
#11728=CARTESIAN_POINT('Origin',(30.8677872213731,-141.716950837151,31.7820054517672));
#11729=CARTESIAN_POINT('',(30.8677872213731,-141.716950837151,31.7820054517672));
#11730=CARTESIAN_POINT('',(30.8677872213731,-141.716950837151,31.7820054517672));
#11731=CARTESIAN_POINT('',(31.5042192389213,-143.779602961111,28.1726201212238));
#11732=CARTESIAN_POINT('Origin',(30.4589905064095,-145.899999999993,34.1004068292599));
#11733=CARTESIAN_POINT('',(30.0501937914895,-141.71695083701,36.4188082065054));
#11734=CARTESIAN_POINT('',(30.0501937914895,-141.71695083701,36.4188082065054));
#11735=CARTESIAN_POINT('Origin',(30.4589905064095,-145.899999999993,34.1004068292599));
#11736=CARTESIAN_POINT('Origin',(30.4589905064095,-180.85,34.1004068292598));
#11737=CARTESIAN_POINT('',(30.4589905064095,-182.55,34.1004068292598));
#11738=CARTESIAN_POINT('',(30.4589905064095,-182.55,34.1004068292598));
#11739=CARTESIAN_POINT('Origin',(30.4589905064095,-180.85,34.1004068292598));
#11740=CARTESIAN_POINT('Origin',(30.4589905064095,-145.25,34.1004068292599));
#11741=CARTESIAN_POINT('',(30.4589905064095,-146.95,34.1004068292599));
#11742=CARTESIAN_POINT('',(30.4589905064095,-146.95,34.1004068292599));
#11743=CARTESIAN_POINT('Origin',(30.4589905064095,-145.25,34.1004068292599));
#11744=CARTESIAN_POINT('Origin',(30.0501937914444,-184.38304916281,36.4188082067611));
#11745=CARTESIAN_POINT('',(30.0501937914444,-184.38304916281,36.4188082067611));
#11746=CARTESIAN_POINT('',(30.0501937914444,-184.38304916281,36.4188082067611));
#11747=CARTESIAN_POINT('',(27.7134123492273,-176.809628794795,49.671354316427));
#11748=CARTESIAN_POINT('',(29.4137617738178,-182.320397038625,40.0281935377495));
#11749=CARTESIAN_POINT('',(27.7134123492273,-176.809628794795,49.671354316427));
#11750=CARTESIAN_POINT('Origin',(30.4589905064095,-180.200000000007,34.1004068292598));
#11751=CARTESIAN_POINT('Origin',(30.4589905064095,-180.200000000007,34.1004068292598));
#11752=CARTESIAN_POINT('Origin',(27.713412349243,-149.290371204667,49.6713543163378));
#11753=CARTESIAN_POINT('',(27.713412349243,-149.290371204667,49.6713543163378));
#11754=CARTESIAN_POINT('',(27.713412349243,-149.290371204667,49.6713543163378));
#11755=CARTESIAN_POINT('',(28.2453710527857,-147.566313144581,46.6544665921485));
#11756=CARTESIAN_POINT('Origin',(27.8369030234837,-150.554000638723,48.9710039006242));
#11757=CARTESIAN_POINT('',(27.5851131659848,-150.55400063873,50.398975141822));
#11758=CARTESIAN_POINT('',(27.5851131659848,-150.55400063873,50.398975141822));
#11759=CARTESIAN_POINT('Origin',(27.8369030234837,-150.554000638723,48.9710039006242));
#11760=CARTESIAN_POINT('Origin',(27.5851131658373,-175.545999359893,50.3989751426582));
#11761=CARTESIAN_POINT('',(27.5851131658373,-175.545999359893,50.3989751426582));
#11762=CARTESIAN_POINT('',(27.5851131658373,-175.545999359893,50.3989751426582));
#11763=CARTESIAN_POINT('',(27.5851131658742,-169.297999679658,50.3989751424491));
#11764=CARTESIAN_POINT('Origin',(27.8369030235715,-175.54599935952,48.971003900126));
#11765=CARTESIAN_POINT('Origin',(27.8369030235715,-175.54599935952,48.971003900126));
#11766=CARTESIAN_POINT('Origin',(30.4589905062959,-163.049999999985,34.1004068299041));
#11767=CARTESIAN_POINT('Origin',(24.3743412343822,-180.299999999993,33.0275189944533));
#11768=UNCERTAINTY_MEASURE_WITH_UNIT(LENGTH_MEASURE(0.01),#11772,
'DISTANCE_ACCURACY_VALUE',
'Maximum model space distance between geometric entities at asserted c
onnectivities');
#11769=UNCERTAINTY_MEASURE_WITH_UNIT(LENGTH_MEASURE(0.01),#11772,
'DISTANCE_ACCURACY_VALUE',
'Maximum model space distance between geometric entities at asserted c
onnectivities');
#11770=(
GEOMETRIC_REPRESENTATION_CONTEXT(3)
GLOBAL_UNCERTAINTY_ASSIGNED_CONTEXT((#11768))
GLOBAL_UNIT_ASSIGNED_CONTEXT((#11772,#11774,#11775))
REPRESENTATION_CONTEXT('','3D')
);
#11771=(
GEOMETRIC_REPRESENTATION_CONTEXT(3)
GLOBAL_UNCERTAINTY_ASSIGNED_CONTEXT((#11769))
GLOBAL_UNIT_ASSIGNED_CONTEXT((#11772,#11774,#11775))
REPRESENTATION_CONTEXT('','3D')
);
#11772=(
LENGTH_UNIT()
NAMED_UNIT(*)
SI_UNIT(.MILLI.,.METRE.)
);
#11773=(
LENGTH_UNIT()
NAMED_UNIT(*)
SI_UNIT($,.METRE.)
);
#11774=(
NAMED_UNIT(*)
PLANE_ANGLE_UNIT()
SI_UNIT($,.RADIAN.)
);
#11775=(
NAMED_UNIT(*)
SI_UNIT($,.STERADIAN.)
SOLID_ANGLE_UNIT()
);
#11776=SHAPE_DEFINITION_REPRESENTATION(#11777,#11778);
#11777=PRODUCT_DEFINITION_SHAPE('',$,#11780);
#11778=SHAPE_REPRESENTATION('',(#6144),#11770);
#11779=PRODUCT_DEFINITION_CONTEXT('part definition',#11784,'design');
#11780=PRODUCT_DEFINITION('mains_inlet_filtered','mains_inlet_filtered',
#11781,#11779);
#11781=PRODUCT_DEFINITION_FORMATION('',$,#11786);
#11782=PRODUCT_RELATED_PRODUCT_CATEGORY('mains_inlet_filtered',
'mains_inlet_filtered',(#11786));
#11783=APPLICATION_PROTOCOL_DEFINITION('international standard',
'automotive_design',2009,#11784);
#11784=APPLICATION_CONTEXT(
'Core Data for Automotive Mechanical Design Process');
#11785=PRODUCT_CONTEXT('part definition',#11784,'mechanical');
#11786=PRODUCT('mains_inlet_filtered','mains_inlet_filtered',$,(#11785));
#11787=PRESENTATION_STYLE_ASSIGNMENT((#11789));
#11788=PRESENTATION_STYLE_ASSIGNMENT((#11790));
#11789=SURFACE_STYLE_USAGE(.BOTH.,#11791);
#11790=SURFACE_STYLE_USAGE(.BOTH.,#11792);
#11791=SURFACE_SIDE_STYLE('',(#11793));
#11792=SURFACE_SIDE_STYLE('',(#11794));
#11793=SURFACE_STYLE_FILL_AREA(#11795);
#11794=SURFACE_STYLE_FILL_AREA(#11796);
#11795=FILL_AREA_STYLE('ABS (White)',(#11797));
#11796=FILL_AREA_STYLE('3DXTech PCCF',(#11798));
#11797=FILL_AREA_STYLE_COLOUR('ABS (White)',#11799);
#11798=FILL_AREA_STYLE_COLOUR('3DXTech PCCF',#11800);
#11799=COLOUR_RGB('ABS (White)',0.964705882352941,0.964705882352941,0.952941176470588);
#11800=COLOUR_RGB('3DXTech PCCF',0.247058823529412,0.247058823529412,0.247058823529412);
ENDSEC;
END-ISO-10303-21;
