ISO-10303-21;
HEADER;
/* Generated by software containing ST-Developer
 * from STEP Tools, Inc. (www.steptools.com) 
 */

FILE_DESCRIPTION(
/* description */ (''),
/* implementation_level */ '2;1');

FILE_NAME(
/* name */ 'mains_inlet_IECGS.step',
/* time_stamp */ '2026-09-04T01:07:51-04:00',
/* author */ (''),
/* organization */ (''),
/* preprocessor_version */ 'ST-DEVELOPER v20.1',
/* originating_system */ 'Autodesk Translation Framework v15.8.0.0',
/* authorisation */ '');

FILE_SCHEMA (('AUTOMOTIVE_DESIGN { 1 0 10303 214 3 1 1 }'));
ENDSEC;

DATA;
#10=MECHANICAL_DESIGN_GEOMETRIC_PRESENTATION_REPRESENTATION('',(#13,#14),
#11229);
#11=SHAPE_REPRESENTATION_RELATIONSHIP('SRR','None',#11236,#12);
#12=ADVANCED_BREP_SHAPE_REPRESENTATION('',(#15,#16),#11228);
#13=STYLED_ITEM('',(#11246),#15);
#14=STYLED_ITEM('',(#11245),#16);
#15=MANIFOLD_SOLID_BREP('Body1',#5685);
#16=MANIFOLD_SOLID_BREP('Body3',#5686);
#17=CONICAL_SURFACE('',#6154,6.,0.785398163397448);
#18=CONICAL_SURFACE('',#6156,1.,0.785398163397448);
#19=CONICAL_SURFACE('',#6158,1.,0.785398163397448);
#20=CONICAL_SURFACE('',#6160,6.,0.785398163397448);
#21=CONICAL_SURFACE('',#6162,2.7,0.785398163397448);
#22=CONICAL_SURFACE('',#6163,2.69999999999919,0.785398163397448);
#23=CONICAL_SURFACE('',#6164,2.7,0.785398163397448);
#24=TOROIDAL_SURFACE('',#5966,2.,1.);
#25=TOROIDAL_SURFACE('',#5973,2.,1.);
#26=TOROIDAL_SURFACE('',#5979,18.,1.);
#27=TOROIDAL_SURFACE('',#6000,18.,1.);
#28=TOROIDAL_SURFACE('',#6035,5.,1.);
#29=TOROIDAL_SURFACE('',#6043,5.,1.);
#30=TOROIDAL_SURFACE('',#6109,6.,1.);
#31=TOROIDAL_SURFACE('',#6145,6.,1.);
#32=FACE_BOUND('',#912,.T.);
#33=FACE_BOUND('',#913,.T.);
#34=FACE_BOUND('',#914,.T.);
#35=FACE_BOUND('',#915,.T.);
#36=FACE_BOUND('',#916,.T.);
#37=FACE_BOUND('',#917,.T.);
#38=FACE_BOUND('',#918,.T.);
#39=FACE_BOUND('',#919,.T.);
#40=FACE_BOUND('',#921,.T.);
#41=FACE_BOUND('',#922,.T.);
#42=FACE_BOUND('',#923,.T.);
#43=FACE_BOUND('',#924,.T.);
#44=FACE_BOUND('',#925,.T.);
#45=FACE_BOUND('',#926,.T.);
#46=FACE_BOUND('',#927,.T.);
#47=FACE_BOUND('',#928,.T.);
#48=FACE_BOUND('',#929,.T.);
#49=FACE_BOUND('',#930,.T.);
#50=FACE_BOUND('',#931,.T.);
#51=FACE_BOUND('',#932,.T.);
#52=FACE_BOUND('',#933,.T.);
#53=FACE_BOUND('',#934,.T.);
#54=FACE_BOUND('',#935,.T.);
#55=FACE_BOUND('',#936,.T.);
#56=FACE_BOUND('',#937,.T.);
#57=FACE_BOUND('',#938,.T.);
#58=FACE_BOUND('',#939,.T.);
#59=FACE_BOUND('',#940,.T.);
#60=FACE_BOUND('',#941,.T.);
#61=FACE_BOUND('',#942,.T.);
#62=FACE_BOUND('',#943,.T.);
#63=FACE_BOUND('',#944,.T.);
#64=FACE_BOUND('',#945,.T.);
#65=FACE_BOUND('',#946,.T.);
#66=FACE_BOUND('',#947,.T.);
#67=FACE_BOUND('',#949,.T.);
#68=FACE_BOUND('',#950,.T.);
#69=FACE_BOUND('',#951,.T.);
#70=FACE_BOUND('',#952,.T.);
#71=FACE_BOUND('',#953,.T.);
#72=FACE_BOUND('',#954,.T.);
#73=FACE_BOUND('',#955,.T.);
#74=FACE_BOUND('',#956,.T.);
#75=FACE_BOUND('',#957,.T.);
#76=FACE_BOUND('',#958,.T.);
#77=FACE_BOUND('',#959,.T.);
#78=FACE_BOUND('',#960,.T.);
#79=FACE_BOUND('',#961,.T.);
#80=FACE_BOUND('',#962,.T.);
#81=FACE_BOUND('',#968,.T.);
#82=FACE_BOUND('',#980,.T.);
#83=FACE_BOUND('',#981,.T.);
#84=FACE_BOUND('',#982,.T.);
#85=FACE_BOUND('',#1056,.T.);
#86=FACE_BOUND('',#1057,.T.);
#87=FACE_BOUND('',#1058,.T.);
#88=FACE_BOUND('',#1098,.T.);
#89=FACE_BOUND('',#1099,.T.);
#90=FACE_BOUND('',#1100,.T.);
#91=FACE_BOUND('',#1154,.T.);
#92=CIRCLE('',#5858,5.);
#93=CIRCLE('',#5859,5.);
#94=CIRCLE('',#5871,3.2);
#95=CIRCLE('',#5872,3.2);
#96=CIRCLE('',#5873,3.2);
#97=CIRCLE('',#5874,3.2);
#98=CIRCLE('',#5900,1.6);
#99=CIRCLE('',#5901,1.6);
#100=CIRCLE('',#5902,1.6);
#101=CIRCLE('',#5903,1.6);
#102=CIRCLE('',#5937,17.);
#103=CIRCLE('',#5938,17.);
#104=CIRCLE('',#5954,3.2);
#105=CIRCLE('',#5956,3.2);
#106=CIRCLE('',#5960,3.2);
#107=CIRCLE('',#5961,3.2);
#108=CIRCLE('',#5962,1.6);
#109=CIRCLE('',#5963,1.6);
#110=CIRCLE('',#5964,1.6);
#111=CIRCLE('',#5965,1.6);
#112=CIRCLE('',#5967,3.);
#113=CIRCLE('',#5968,1.00000000000001);
#114=CIRCLE('',#5969,2.);
#115=CIRCLE('',#5970,1.00000000000001);
#116=CIRCLE('',#5972,3.);
#117=CIRCLE('',#5974,1.00000000000001);
#118=CIRCLE('',#5975,1.00000000000001);
#119=CIRCLE('',#5976,2.);
#120=CIRCLE('',#5978,1.);
#121=CIRCLE('',#5980,18.);
#122=CIRCLE('',#5981,1.00000000000001);
#123=CIRCLE('',#5982,1.00000000000001);
#124=CIRCLE('',#5984,5.);
#125=CIRCLE('',#5985,6.);
#126=CIRCLE('',#5986,3.);
#127=CIRCLE('',#5988,3.50000000000001);
#128=CIRCLE('',#5990,3.50000000000001);
#129=CIRCLE('',#5992,3.50000000000001);
#130=CIRCLE('',#5994,3.50000000000001);
#131=CIRCLE('',#5996,1.);
#132=CIRCLE('',#5997,1.);
#133=CIRCLE('',#5998,3.50000000000001);
#134=CIRCLE('',#6001,18.);
#135=CIRCLE('',#6002,1.00000000000001);
#136=CIRCLE('',#6003,1.00000000000001);
#137=CIRCLE('',#6005,3.);
#138=CIRCLE('',#6006,6.);
#139=CIRCLE('',#6007,5.);
#140=CIRCLE('',#6033,3.50000000000001);
#141=CIRCLE('',#6036,1.00000000000001);
#142=CIRCLE('',#6037,6.);
#143=CIRCLE('',#6044,1.00000000000001);
#144=CIRCLE('',#6045,6.);
#145=CIRCLE('',#6094,6.);
#146=CIRCLE('',#6095,6.);
#147=CIRCLE('',#6097,6.);
#148=CIRCLE('',#6098,2.69999999999919);
#149=CIRCLE('',#6099,2.7);
#150=CIRCLE('',#6100,2.7);
#151=CIRCLE('',#6104,2.7);
#152=CIRCLE('',#6106,2.69999999999919);
#153=CIRCLE('',#6108,1.00000000000001);
#154=CIRCLE('',#6111,1.);
#155=CIRCLE('',#6140,6.);
#156=CIRCLE('',#6142,2.7);
#157=CIRCLE('',#6144,1.00000000000001);
#158=CIRCLE('',#6147,5.6);
#159=CIRCLE('',#6148,0.6);
#160=CIRCLE('',#6149,0.6);
#161=CIRCLE('',#6150,5.6);
#162=CIRCLE('',#6151,3.1);
#163=CIRCLE('',#6152,3.09999999999919);
#164=CIRCLE('',#6153,3.1);
#165=CIRCLE('',#6191,1.4);
#166=CIRCLE('',#6192,1.4);
#167=CIRCLE('',#6195,1.4);
#168=CIRCLE('',#6196,1.4);
#169=CIRCLE('',#6198,1.4);
#170=CIRCLE('',#6199,1.4);
#171=CIRCLE('',#6202,1.4);
#172=CIRCLE('',#6203,1.4);
#173=CIRCLE('',#6207,3.);
#174=CIRCLE('',#6208,3.);
#175=CIRCLE('',#6211,3.);
#176=CIRCLE('',#6212,3.);
#177=CIRCLE('',#6215,3.);
#178=CIRCLE('',#6216,3.);
#179=CIRCLE('',#6219,3.);
#180=CIRCLE('',#6220,3.);
#181=B_SPLINE_SURFACE_WITH_KNOTS('',3,1,((#8000,#8001),(#8002,#8003),(#8004,
#8005),(#8006,#8007),(#8008,#8009),(#8010,#8011),(#8012,#8013),(#8014,#8015),
(#8016,#8017),(#8018,#8019),(#8020,#8021),(#8022,#8023),(#8024,#8025),(#8026,
#8027)),.UNSPECIFIED.,.F.,.F.,.F.,(4,2,2,2,2,2,4),(2,2),(0.,0.0390811930656063,
0.0781623861312128,0.156324772262426,0.238461188630931,0.320597604999437,
0.384580848584833),(0.,4.40000000000004),.UNSPECIFIED.);
#182=B_SPLINE_SURFACE_WITH_KNOTS('',3,1,((#8067,#8068),(#8069,#8070),(#8071,
#8072),(#8073,#8074),(#8075,#8076),(#8077,#8078),(#8079,#8080),(#8081,#8082),
(#8083,#8084),(#8085,#8086),(#8087,#8088),(#8089,#8090)),.UNSPECIFIED.,
 .F.,.F.,.F.,(4,2,2,2,2,4),(2,2),(-0.252795155761582,-0.238461188630931,
-0.156324772262426,-0.0781623861312128,-0.0390811930656064,0.),(0.,4.40000000000004),
 .UNSPECIFIED.);
#183=B_SPLINE_SURFACE_WITH_KNOTS('',3,1,((#8125,#8126),(#8127,#8128),(#8129,
#8130),(#8131,#8132),(#8133,#8134),(#8135,#8136),(#8137,#8138),(#8139,#8140),
(#8141,#8142),(#8143,#8144),(#8145,#8146),(#8147,#8148),(#8149,#8150),(#8151,
#8152)),.UNSPECIFIED.,.F.,.F.,.F.,(4,2,2,2,2,2,4),(2,2),(-0.384580848594363,
-0.320597604999085,-0.238461188630681,-0.156324772262276,-0.0781623861311382,
-0.0390811930655692,0.),(0.,4.40000000000004),.UNSPECIFIED.);
#184=B_SPLINE_SURFACE_WITH_KNOTS('',3,1,((#8191,#8192),(#8193,#8194),(#8195,
#8196),(#8197,#8198),(#8199,#8200),(#8201,#8202),(#8203,#8204),(#8205,#8206),
(#8207,#8208),(#8209,#8210),(#8211,#8212),(#8213,#8214)),.UNSPECIFIED.,
 .F.,.F.,.F.,(4,2,2,2,2,4),(2,2),(0.,0.0390811930655692,0.0781623861311383,
0.156324772262277,0.238461188630681,0.252795155743303),(0.,4.40000000000004),
 .UNSPECIFIED.);
#185=B_SPLINE_SURFACE_WITH_KNOTS('',3,1,((#8288,#8289),(#8290,#8291),(#8292,
#8293),(#8294,#8295),(#8296,#8297),(#8298,#8299),(#8300,#8301),(#8302,#8303),
(#8304,#8305),(#8306,#8307),(#8308,#8309),(#8310,#8311)),.UNSPECIFIED.,
 .F.,.F.,.F.,(4,2,2,2,2,4),(2,2),(0.,0.0390811930656064,0.0781623861312128,
0.156324772262426,0.238461188630931,0.252795155761582),(0.,4.40000000000004),
 .UNSPECIFIED.);
#186=B_SPLINE_SURFACE_WITH_KNOTS('',3,1,((#8343,#8344),(#8345,#8346),(#8347,
#8348),(#8349,#8350),(#8351,#8352),(#8353,#8354),(#8355,#8356),(#8357,#8358),
(#8359,#8360),(#8361,#8362),(#8363,#8364),(#8365,#8366),(#8367,#8368),(#8369,
#8370)),.UNSPECIFIED.,.F.,.F.,.F.,(4,2,2,2,2,2,4),(2,2),(-0.384580848584833,
-0.320597604999437,-0.238461188630931,-0.156324772262426,-0.0781623861312128,
-0.0390811930656063,0.),(0.,4.40000000000004),.UNSPECIFIED.);
#187=B_SPLINE_SURFACE_WITH_KNOTS('',3,1,((#8432,#8433),(#8434,#8435),(#8436,
#8437),(#8438,#8439),(#8440,#8441),(#8442,#8443),(#8444,#8445),(#8446,#8447),
(#8448,#8449),(#8450,#8451),(#8452,#8453),(#8454,#8455),(#8456,#8457),(#8458,
#8459)),.UNSPECIFIED.,.F.,.F.,.F.,(4,2,2,2,2,2,4),(2,2),(0.,0.0390811930655692,
0.0781623861311382,0.156324772262276,0.238461188630681,0.320597604999085,
0.384580848594363),(0.,4.40000000000004),.UNSPECIFIED.);
#188=B_SPLINE_SURFACE_WITH_KNOTS('',3,1,((#8499,#8500),(#8501,#8502),(#8503,
#8504),(#8505,#8506),(#8507,#8508),(#8509,#8510),(#8511,#8512),(#8513,#8514),
(#8515,#8516),(#8517,#8518),(#8519,#8520),(#8521,#8522)),.UNSPECIFIED.,
 .F.,.F.,.F.,(4,2,2,2,2,4),(2,2),(-0.252795155743303,-0.238461188630681,
-0.156324772262277,-0.0781623861311383,-0.0390811930655692,0.),(0.,4.40000000000004),
 .UNSPECIFIED.);
#189=B_SPLINE_SURFACE_WITH_KNOTS('',3,1,((#8837,#8838),(#8839,#8840),(#8841,
#8842),(#8843,#8844),(#8845,#8846),(#8847,#8848),(#8849,#8850),(#8851,#8852),
(#8853,#8854),(#8855,#8856),(#8857,#8858),(#8859,#8860),(#8861,#8862),(#8863,
#8864)),.UNSPECIFIED.,.F.,.F.,.F.,(4,2,2,2,2,2,4),(2,2),(0.,0.0390811930655757,
0.0781623861311511,0.156324772262302,0.238461188630727,0.320597604999151,
0.384580848580101),(0.,4.40000000000004),.UNSPECIFIED.);
#190=B_SPLINE_SURFACE_WITH_KNOTS('',3,1,((#8904,#8905),(#8906,#8907),(#8908,
#8909),(#8910,#8911),(#8912,#8913),(#8914,#8915),(#8916,#8917),(#8918,#8919),
(#8920,#8921),(#8922,#8923),(#8924,#8925),(#8926,#8927)),.UNSPECIFIED.,
 .F.,.F.,.F.,(4,2,2,2,2,4),(2,2),(-0.252795155760414,-0.238461188630727,
-0.156324772262303,-0.0781623861311513,-0.0390811930655756,0.),(0.,4.40000000000004),
 .UNSPECIFIED.);
#191=B_SPLINE_SURFACE_WITH_KNOTS('',3,1,((#8962,#8963),(#8964,#8965),(#8966,
#8967),(#8968,#8969),(#8970,#8971),(#8972,#8973),(#8974,#8975),(#8976,#8977),
(#8978,#8979),(#8980,#8981),(#8982,#8983),(#8984,#8985),(#8986,#8987),(#8988,
#8989)),.UNSPECIFIED.,.F.,.F.,.F.,(4,2,2,2,2,2,4),(2,2),(-0.384580848579964,
-0.32059760499891,-0.238461188630555,-0.1563247722622,-0.0781623861310998,
-0.0390811930655499,0.),(0.,4.40000000000004),.UNSPECIFIED.);
#192=B_SPLINE_SURFACE_WITH_KNOTS('',3,1,((#9028,#9029),(#9030,#9031),(#9032,
#9033),(#9034,#9035),(#9036,#9037),(#9038,#9039),(#9040,#9041),(#9042,#9043),
(#9044,#9045),(#9046,#9047),(#9048,#9049),(#9050,#9051)),.UNSPECIFIED.,
 .F.,.F.,.F.,(4,2,2,2,2,4),(2,2),(0.,0.0390811930655499,0.0781623861310998,
0.1563247722622,0.238461188630555,0.252795155757399),(0.,4.40000000000004),
 .UNSPECIFIED.);
#193=B_SPLINE_SURFACE_WITH_KNOTS('',3,1,((#9106,#9107),(#9108,#9109),(#9110,
#9111),(#9112,#9113),(#9114,#9115),(#9116,#9117),(#9118,#9119),(#9120,#9121),
(#9122,#9123),(#9124,#9125),(#9126,#9127),(#9128,#9129),(#9130,#9131),(#9132,
#9133)),.UNSPECIFIED.,.F.,.F.,.F.,(4,2,2,2,2,2,4),(2,2),(-0.384580848580101,
-0.320597604999151,-0.238461188630727,-0.156324772262302,-0.0781623861311511,
-0.0390811930655757,0.),(0.,4.40000000000004),.UNSPECIFIED.);
#194=B_SPLINE_SURFACE_WITH_KNOTS('',3,1,((#9172,#9173),(#9174,#9175),(#9176,
#9177),(#9178,#9179),(#9180,#9181),(#9182,#9183),(#9184,#9185),(#9186,#9187),
(#9188,#9189),(#9190,#9191),(#9192,#9193),(#9194,#9195)),.UNSPECIFIED.,
 .F.,.F.,.F.,(4,2,2,2,2,4),(2,2),(0.,0.0390811930655756,0.0781623861311513,
0.156324772262303,0.238461188630727,0.252795155760414),(0.,4.40000000000004),
 .UNSPECIFIED.);
#195=B_SPLINE_SURFACE_WITH_KNOTS('',3,1,((#9269,#9270),(#9271,#9272),(#9273,
#9274),(#9275,#9276),(#9277,#9278),(#9279,#9280),(#9281,#9282),(#9283,#9284),
(#9285,#9286),(#9287,#9288),(#9289,#9290),(#9291,#9292),(#9293,#9294),(#9295,
#9296)),.UNSPECIFIED.,.F.,.F.,.F.,(4,2,2,2,2,2,4),(2,2),(0.,0.0390811930655499,
0.0781623861310998,0.1563247722622,0.238461188630555,0.32059760499891,0.384580848579964),
(0.,4.40000000000004),.UNSPECIFIED.);
#196=B_SPLINE_SURFACE_WITH_KNOTS('',3,1,((#9336,#9337),(#9338,#9339),(#9340,
#9341),(#9342,#9343),(#9344,#9345),(#9346,#9347),(#9348,#9349),(#9350,#9351),
(#9352,#9353),(#9354,#9355),(#9356,#9357),(#9358,#9359)),.UNSPECIFIED.,
 .F.,.F.,.F.,(4,2,2,2,2,4),(2,2),(-0.252795155757399,-0.238461188630555,
-0.1563247722622,-0.0781623861310998,-0.0390811930655499,0.),(0.,4.40000000000004),
 .UNSPECIFIED.);
#197=B_SPLINE_CURVE_WITH_KNOTS('',3,(#7868,#7869,#7870,#7871,#7872,#7873,
#7874,#7875,#7876,#7877,#7878,#7879,#7880,#7881,#7882,#7883,#7884,#7885,
#7886,#7887),.UNSPECIFIED.,.F.,.F.,(4,2,2,2,2,2,2,2,2,4),(0.347796163655174,
0.355420824162761,0.426269811655904,0.496899152814597,0.567528493973291,
0.638157835131982,0.708787176290673,0.779636163783817,0.850485151276961,
0.913984239334725),.UNSPECIFIED.);
#198=B_SPLINE_CURVE_WITH_KNOTS('',3,(#7897,#7898,#7899,#7900,#7901,#7902,
#7903,#7904,#7905,#7906,#7907,#7908,#7909,#7910,#7911,#7912,#7913,#7914,
#7915,#7916,#7917),.UNSPECIFIED.,.F.,.F.,(4,2,2,2,3,2,2,2,2,4),(-0.240810670210989,
-0.228328452390601,-0.141414344881952,-0.070707172440976,0.,0.0707071724409761,
0.141414344881952,0.228328452390601,0.31524255989925,0.387696907202755),
 .UNSPECIFIED.);
#199=B_SPLINE_CURVE_WITH_KNOTS('',3,(#7931,#7932,#7933,#7934,#7935,#7936,
#7937,#7938,#7939,#7940,#7941,#7942,#7943,#7944,#7945,#7946,#7947,#7948,
#7949,#7950,#7951),.UNSPECIFIED.,.F.,.F.,(4,2,2,2,2,3,2,2,2,4),(-0.387703417832081,
-0.315372251216091,-0.232716594594355,-0.150060937972618,-0.0750304689863091,
0.,0.0707071724373936,0.141414344874787,0.228328452378958,0.240810670222881),
 .UNSPECIFIED.);
#200=B_SPLINE_CURVE_WITH_KNOTS('',3,(#7961,#7962,#7963,#7964,#7965,#7966,
#7967,#7968,#7969,#7970,#7971,#7972,#7973,#7974,#7975,#7976,#7977,#7978,
#7979,#7980),.UNSPECIFIED.,.F.,.F.,(4,2,2,2,2,2,2,2,2,4),(0.22107274861511,
0.284571836665989,0.355420824158236,0.426269811650482,0.496899152808287,
0.567528493966093,0.638157835123897,0.708787176281703,0.779636163773949,
0.78726082428747),.UNSPECIFIED.);
#201=B_SPLINE_CURVE_WITH_KNOTS('',3,(#8029,#8030,#8031,#8032,#8033,#8034,
#8035,#8036,#8037,#8038,#8039,#8040,#8041,#8042,#8043,#8044,#8045,#8046,
#8047,#8048),.UNSPECIFIED.,.F.,.F.,(4,2,2,2,2,2,2,2,2,4),(0.,0.0150788012117963,
0.0300573007539213,0.0603879415720669,0.121646605150842,0.145157884163597,
0.24183900676561,0.326320389598034,0.363267891518504,0.396233490042387),
 .UNSPECIFIED.);
#202=B_SPLINE_CURVE_WITH_KNOTS('',3,(#8051,#8052,#8053,#8054,#8055,#8056,
#8057,#8058,#8059,#8060,#8061,#8062,#8063,#8064,#8065,#8066),
 .UNSPECIFIED.,.F.,.F.,(4,2,2,2,2,2,2,4),(0.,0.0734375326119822,0.157090855741702,
0.207317659859263,0.322926028814621,0.401152918225727,0.444309451866321,
0.486428345373643),.UNSPECIFIED.);
#203=B_SPLINE_CURVE_WITH_KNOTS('',3,(#8092,#8093,#8094,#8095,#8096,#8097,
#8098,#8099,#8100,#8101,#8102,#8103),.UNSPECIFIED.,.F.,.F.,(4,2,2,2,2,4),
(0.,0.0801236297015297,0.091863539484483,0.192055236195167,0.250189006823147,
0.32293712159561),.UNSPECIFIED.);
#204=B_SPLINE_CURVE_WITH_KNOTS('',3,(#8106,#8107,#8108,#8109,#8110,#8111,
#8112,#8113,#8114,#8115,#8116,#8117),.UNSPECIFIED.,.F.,.F.,(4,2,2,2,2,4),
(0.,0.0289896363339766,0.0666617168186763,0.132979256815582,0.203355834271057,
0.276526397521501),.UNSPECIFIED.);
#205=B_SPLINE_CURVE_WITH_KNOTS('',3,(#8155,#8156,#8157,#8158,#8159,#8160,
#8161,#8162,#8163,#8164,#8165,#8166,#8167,#8168,#8169,#8170),
 .UNSPECIFIED.,.F.,.F.,(4,2,2,2,2,2,2,4),(0.,0.0603532917704162,0.13921160834746,
0.285565683896658,0.520776797967999,0.681165913865487,0.769904031865182,
0.858851656720534),.UNSPECIFIED.);
#206=B_SPLINE_CURVE_WITH_KNOTS('',3,(#8174,#8175,#8176,#8177,#8178,#8179,
#8180,#8181,#8182,#8183,#8184,#8185,#8186,#8187,#8188,#8189),
 .UNSPECIFIED.,.F.,.F.,(4,2,2,2,2,2,2,4),(0.,0.0289874127120426,0.0666447661166153,
0.1329094477181,0.193578446301733,0.291005182040497,0.346206221875795,0.430452797743717),
 .UNSPECIFIED.);
#207=B_SPLINE_CURVE_WITH_KNOTS('',3,(#8216,#8217,#8218,#8219,#8220,#8221,
#8222,#8223,#8224,#8225,#8226,#8227,#8228,#8229,#8230,#8231),
 .UNSPECIFIED.,.F.,.F.,(4,2,2,2,2,2,2,4),(0.,0.00992232844705833,0.0197658676378578,
0.0395178963978087,0.0891898850086472,0.131006794431137,0.194102445971594,
0.258955694147667),.UNSPECIFIED.);
#208=B_SPLINE_CURVE_WITH_KNOTS('',3,(#8233,#8234,#8235,#8236,#8237,#8238,
#8239,#8240,#8241,#8242,#8243,#8244),.UNSPECIFIED.,.F.,.F.,(4,2,2,2,2,4),
(0.,0.142901669044388,0.319399224411801,0.402887477127559,0.439626188536088,
0.475816386290123),.UNSPECIFIED.);
#209=B_SPLINE_CURVE_WITH_KNOTS('',3,(#8313,#8314,#8315,#8316,#8317,#8318,
#8319,#8320,#8321,#8322,#8323,#8324,#8325,#8326,#8327,#8328),
 .UNSPECIFIED.,.F.,.F.,(4,2,2,2,2,2,2,4),(0.,0.00992232844769672,0.019765867639065,
0.0395178964002599,0.0891898850130938,0.131006794437329,0.194102445985143,
0.258955694170722),.UNSPECIFIED.);
#210=B_SPLINE_CURVE_WITH_KNOTS('',3,(#8331,#8332,#8333,#8334,#8335,#8336,
#8337,#8338,#8339,#8340,#8341,#8342),.UNSPECIFIED.,.F.,.F.,(4,2,2,2,2,4),
(0.,0.142901669003894,0.319399224357217,0.40288747704724,0.439626188431872,
0.475816386162178),.UNSPECIFIED.);
#211=B_SPLINE_CURVE_WITH_KNOTS('',3,(#8372,#8373,#8374,#8375,#8376,#8377,
#8378,#8379,#8380,#8381,#8382,#8383,#8384,#8385,#8386,#8387),
 .UNSPECIFIED.,.F.,.F.,(4,2,2,2,2,2,2,4),(0.,0.0603532917700443,0.139211608333895,
0.285565683801244,0.520776797765186,0.68116591356475,0.769904031551973,
0.858851656375643),.UNSPECIFIED.);
#212=B_SPLINE_CURVE_WITH_KNOTS('',3,(#8390,#8391,#8392,#8393,#8394,#8395,
#8396,#8397,#8398,#8399,#8400,#8401,#8402,#8403,#8404,#8405),
 .UNSPECIFIED.,.F.,.F.,(4,2,2,2,2,2,2,4),(0.,0.0289874126391122,0.0666447659972128,
0.132909447490581,0.193578445951395,0.291005180803699,0.346206219888527,
0.430452794772487),.UNSPECIFIED.);
#213=B_SPLINE_CURVE_WITH_KNOTS('',3,(#8461,#8462,#8463,#8464,#8465,#8466,
#8467,#8468,#8469,#8470,#8471,#8472,#8473,#8474,#8475,#8476,#8477,#8478,
#8479,#8480),.UNSPECIFIED.,.F.,.F.,(4,2,2,2,2,2,2,2,2,4),(0.,0.0150788012045493,
0.030057300734142,0.0603879415359993,0.121646605043545,0.145157884028009,
0.241839006506492,0.326320389223898,0.363267891098217,0.396233489580735),
 .UNSPECIFIED.);
#214=B_SPLINE_CURVE_WITH_KNOTS('',3,(#8483,#8484,#8485,#8486,#8487,#8488,
#8489,#8490,#8491,#8492,#8493,#8494,#8495,#8496,#8497,#8498),
 .UNSPECIFIED.,.F.,.F.,(4,2,2,2,2,2,2,4),(0.,0.0734375326101743,0.157090855770374,
0.207317659924537,0.322926028967787,0.401152918433678,0.444309452095182,
0.486428345633507),.UNSPECIFIED.);
#215=B_SPLINE_CURVE_WITH_KNOTS('',3,(#8524,#8525,#8526,#8527,#8528,#8529,
#8530,#8531,#8532,#8533,#8534,#8535),.UNSPECIFIED.,.F.,.F.,(4,2,2,2,2,4),
(0.,0.0801236297256832,0.0918635395125351,0.192055236245628,0.250189006876932,
0.322937121649952),.UNSPECIFIED.);
#216=B_SPLINE_CURVE_WITH_KNOTS('',3,(#8538,#8539,#8540,#8541,#8542,#8543,
#8544,#8545,#8546,#8547,#8548,#8549),.UNSPECIFIED.,.F.,.F.,(4,2,2,2,2,4),
(0.,0.0289896363341367,0.066661716818929,0.132979256814461,0.203355834255898,
0.276526397489964),.UNSPECIFIED.);
#217=B_SPLINE_CURVE_WITH_KNOTS('',3,(#8579,#8580,#8581,#8582,#8583,#8584,
#8585,#8586,#8587,#8588,#8589,#8590,#8591,#8592,#8593,#8594,#8595,#8596,
#8597,#8598,#8599),.UNSPECIFIED.,.F.,.F.,(4,2,2,2,2,3,2,2,2,4),(-0.38769690716961,
-0.315242559873985,-0.228328452372383,-0.141414344870781,-0.0707071724353905,
0.,0.0707071724353905,0.141414344870781,0.228328452372384,0.240810670203043),
 .UNSPECIFIED.);
#218=B_SPLINE_CURVE_WITH_KNOTS('',3,(#8609,#8610,#8611,#8612,#8613,#8614,
#8615,#8616,#8617,#8618,#8619,#8620,#8621,#8622,#8623,#8624,#8625,#8626,
#8627,#8628),.UNSPECIFIED.,.F.,.F.,(4,2,2,2,2,2,2,2,2,4),(0.221072744844745,
0.284571836665588,0.355420824157735,0.426269811649883,0.49689915280759,
0.567528493965296,0.638157835123,0.708787176280703,0.779636163772852,0.787260824278434),
 .UNSPECIFIED.);
#219=B_SPLINE_CURVE_WITH_KNOTS('',3,(#8642,#8643,#8644,#8645,#8646,#8647,
#8648,#8649,#8650,#8651,#8652,#8653,#8654,#8655,#8656,#8657,#8658,#8659,
#8660,#8661),.UNSPECIFIED.,.F.,.F.,(4,2,2,2,2,2,2,2,2,4),(0.347796174978627,
0.35541350840771,0.426254747094585,0.496891835297755,0.567528923500924,
0.638158264659182,0.70878760581744,0.779636593310146,0.850485580802852,
0.913984668851948),.UNSPECIFIED.);
#220=B_SPLINE_CURVE_WITH_KNOTS('',3,(#8671,#8672,#8673,#8674,#8675,#8676,
#8677,#8678,#8679,#8680,#8681,#8682,#8683,#8684,#8685,#8686,#8687,#8688,
#8689,#8690,#8691),.UNSPECIFIED.,.F.,.F.,(4,2,2,2,3,2,2,2,2,4),(-0.240810670227997,
-0.228328452390652,-0.141414344881959,-0.0707071724409796,0.,0.0707071724409796,
0.141414344881959,0.228328452390651,0.315242559899344,0.387696907193953),
 .UNSPECIFIED.);
#221=B_SPLINE_CURVE_WITH_KNOTS('',3,(#8705,#8706,#8707,#8708,#8709,#8710,
#8711,#8712,#8713,#8714,#8715,#8716,#8717,#8718,#8719,#8720,#8721,#8722,
#8723,#8724),.UNSPECIFIED.,.F.,.F.,(4,2,2,2,2,2,2,2,2,4),(0.347796167397564,
0.355420824168771,0.426269811663106,0.496899152822976,0.567528493982847,
0.638157835142719,0.708787176302591,0.779636163796924,0.850485151291257,
0.913984239352712),.UNSPECIFIED.);
#222=B_SPLINE_CURVE_WITH_KNOTS('',3,(#8734,#8735,#8736,#8737,#8738,#8739,
#8740,#8741,#8742,#8743,#8744,#8745,#8746,#8747,#8748,#8749,#8750,#8751,
#8752,#8753,#8754),.UNSPECIFIED.,.F.,.F.,(4,2,2,2,3,2,2,2,2,4),(-0.240810670230071,
-0.22832845239057,-0.141414344881955,-0.0707071724409774,0.,0.0707071724409787,
0.141414344881957,0.228328452390572,0.315242559899187,0.387696907203592),
 .UNSPECIFIED.);
#223=B_SPLINE_CURVE_WITH_KNOTS('',3,(#8768,#8769,#8770,#8771,#8772,#8773,
#8774,#8775,#8776,#8777,#8778,#8779,#8780,#8781,#8782,#8783,#8784,#8785,
#8786,#8787,#8788),.UNSPECIFIED.,.F.,.F.,(4,2,2,2,2,3,2,2,2,4),(-0.387696907165304,
-0.315242559876063,-0.228328452373848,-0.141414344871633,-0.0707071724358166,
0.,0.0707071724358153,0.141414344871631,0.228328452373845,0.240810670210828),
 .UNSPECIFIED.);
#224=B_SPLINE_CURVE_WITH_KNOTS('',3,(#8798,#8799,#8800,#8801,#8802,#8803,
#8804,#8805,#8806,#8807,#8808,#8809,#8810,#8811,#8812,#8813,#8814,#8815,
#8816,#8817),.UNSPECIFIED.,.F.,.F.,(4,2,2,2,2,2,2,2,2,4),(0.221072748605973,
0.28457183666043,0.355420824151304,0.426269811642179,0.496899152798623,
0.567528493955067,0.638165582156418,0.70880267035777,0.779643909042815,
0.787261242464731),.UNSPECIFIED.);
#225=B_SPLINE_CURVE_WITH_KNOTS('',3,(#8866,#8867,#8868,#8869,#8870,#8871,
#8872,#8873,#8874,#8875,#8876,#8877,#8878,#8879,#8880,#8881,#8882,#8883,
#8884,#8885),.UNSPECIFIED.,.F.,.F.,(4,2,2,2,2,2,2,2,2,4),(0.,0.0150788012085758,
0.0300573007450556,0.0603879415557837,0.12164660510589,0.145157884108145,
0.241839006668708,0.326320389467196,0.36326789137077,0.396233489879513),
 .UNSPECIFIED.);
#226=B_SPLINE_CURVE_WITH_KNOTS('',3,(#8888,#8889,#8890,#8891,#8892,#8893,
#8894,#8895,#8896,#8897,#8898,#8899,#8900,#8901,#8902,#8903),
 .UNSPECIFIED.,.F.,.F.,(4,2,2,2,2,2,2,4),(0.,0.0734375326126886,0.157090855724861,
0.207317659821509,0.322926028726492,0.401152918105774,0.444309451725138,
0.486428345216114),.UNSPECIFIED.);
#227=B_SPLINE_CURVE_WITH_KNOTS('',3,(#8929,#8930,#8931,#8932,#8933,#8934,
#8935,#8936,#8937,#8938,#8939,#8940),.UNSPECIFIED.,.F.,.F.,(4,2,2,2,2,4),
(0.,0.0801236296948165,0.0918635394754995,0.1920552361606,0.250189006773733,
0.322937121525391),.UNSPECIFIED.);
#228=B_SPLINE_CURVE_WITH_KNOTS('',3,(#8943,#8944,#8945,#8946,#8947,#8948,
#8949,#8950,#8951,#8952,#8953,#8954),.UNSPECIFIED.,.F.,.F.,(4,2,2,2,2,4),
(0.,0.0289896363341106,0.0666617168187534,0.132979256814468,0.203355834267094,
0.276526397514691),.UNSPECIFIED.);
#229=B_SPLINE_CURVE_WITH_KNOTS('',3,(#8992,#8993,#8994,#8995,#8996,#8997,
#8998,#8999,#9000,#9001,#9002,#9003,#9004,#9005,#9006,#9007),
 .UNSPECIFIED.,.F.,.F.,(4,2,2,2,2,2,2,4),(0.,0.0603532917698936,0.139211608328101,
0.285565683760421,0.520776797679761,0.681165913439883,0.769904031406092,
0.858851656208698),.UNSPECIFIED.);
#230=B_SPLINE_CURVE_WITH_KNOTS('',3,(#9011,#9012,#9013,#9014,#9015,#9016,
#9017,#9018,#9019,#9020,#9021,#9022,#9023,#9024,#9025,#9026),
 .UNSPECIFIED.,.F.,.F.,(4,2,2,2,2,2,2,4),(0.,0.0289874126393661,0.0666447659977485,
0.132909447492294,0.193578445955221,0.291005180798089,0.34620621987475,
0.430452794750646),.UNSPECIFIED.);
#231=B_SPLINE_CURVE_WITH_KNOTS('',3,(#9053,#9054,#9055,#9056,#9057,#9058,
#9059,#9060,#9061,#9062,#9063,#9064,#9065,#9066,#9067,#9068),
 .UNSPECIFIED.,.F.,.F.,(4,2,2,2,2,2,2,4),(0.,0.00992232844539655,0.0197658676314776,
0.0395178963890508,0.0891898850555589,0.131006794524747,0.194102446139283,
0.258955694393459),.UNSPECIFIED.);
#232=B_SPLINE_CURVE_WITH_KNOTS('',3,(#9070,#9071,#9072,#9073,#9074,#9075,
#9076,#9077,#9078,#9079,#9080,#9081),.UNSPECIFIED.,.F.,.F.,(4,2,2,2,2,4),
(0.,0.142901668998369,0.319399224319519,0.402887476999379,0.439626188333576,
0.475816386010676),.UNSPECIFIED.);
#233=B_SPLINE_CURVE_WITH_KNOTS('',3,(#9136,#9137,#9138,#9139,#9140,#9141,
#9142,#9143,#9144,#9145,#9146,#9147,#9148,#9149,#9150,#9151),
 .UNSPECIFIED.,.F.,.F.,(4,2,2,2,2,2,2,4),(0.,0.0603532917698182,0.139211608325615,
0.285565683743144,0.520776797632175,0.681165913374068,0.769904031315669,
0.858851656101479),.UNSPECIFIED.);
#234=B_SPLINE_CURVE_WITH_KNOTS('',3,(#9155,#9156,#9157,#9158,#9159,#9160,
#9161,#9162,#9163,#9164,#9165,#9166,#9167,#9168,#9169,#9170),
 .UNSPECIFIED.,.F.,.F.,(4,2,2,2,2,2,2,4),(0.,0.0289874126685917,0.0666447660454569,
0.132909447580998,0.193578446088979,0.291005181282294,0.346206220658975,
0.430452795930576),.UNSPECIFIED.);
#235=B_SPLINE_CURVE_WITH_KNOTS('',3,(#9197,#9198,#9199,#9200,#9201,#9202,
#9203,#9204,#9205,#9206,#9207,#9208,#9209,#9210,#9211,#9212),
 .UNSPECIFIED.,.F.,.F.,(4,2,2,2,2,2,2,4),(0.,0.00992232844768748,0.019765867639029,
0.0395178964001125,0.0891898850124067,0.131006794436206,0.194102445982925,
0.258955694167504),.UNSPECIFIED.);
#236=B_SPLINE_CURVE_WITH_KNOTS('',3,(#9214,#9215,#9216,#9217,#9218,#9219,
#9220,#9221,#9222,#9223,#9224,#9225),.UNSPECIFIED.,.F.,.F.,(4,2,2,2,2,4),
(0.,0.142901668997639,0.319399224330914,0.402887477016369,0.439626188399973,
0.475816386129199),.UNSPECIFIED.);
#237=B_SPLINE_CURVE_WITH_KNOTS('',3,(#9298,#9299,#9300,#9301,#9302,#9303,
#9304,#9305,#9306,#9307,#9308,#9309,#9310,#9311,#9312,#9313,#9314,#9315,
#9316,#9317),.UNSPECIFIED.,.F.,.F.,(4,2,2,2,2,2,2,2,2,4),(0.,0.0150788012117241,
0.0300573007537502,0.060387941571763,0.121646605150936,0.145157884164231,
0.241839006771159,0.326320389610606,0.363267891531976,0.396233490056485),
 .UNSPECIFIED.);
#238=B_SPLINE_CURVE_WITH_KNOTS('',3,(#9320,#9321,#9322,#9323,#9324,#9325,
#9326,#9327,#9328,#9329,#9330,#9331,#9332,#9333,#9334,#9335),
 .UNSPECIFIED.,.F.,.F.,(4,2,2,2,2,2,2,4),(0.,0.0734375326126911,0.157090855729454,
0.2073176598311,0.322926028747782,0.40115291813826,0.444309451769819,0.486428345268289),
 .UNSPECIFIED.);
#239=B_SPLINE_CURVE_WITH_KNOTS('',3,(#9361,#9362,#9363,#9364,#9365,#9366,
#9367,#9368,#9369,#9370,#9371,#9372),.UNSPECIFIED.,.F.,.F.,(4,2,2,2,2,4),
(0.,0.0801236296961019,0.0918635394767073,0.192055236160472,0.250189006771731,
0.322937121509975),.UNSPECIFIED.);
#240=B_SPLINE_CURVE_WITH_KNOTS('',3,(#9375,#9376,#9377,#9378,#9379,#9380,
#9381,#9382,#9383,#9384,#9385,#9386),.UNSPECIFIED.,.F.,.F.,(4,2,2,2,2,4),
(0.,0.0289896363739049,0.066661716884122,0.132979256941474,0.203355834347501,
0.276526397559611),.UNSPECIFIED.);
#241=B_SPLINE_CURVE_WITH_KNOTS('',3,(#9416,#9417,#9418,#9419,#9420,#9421,
#9422,#9423,#9424,#9425,#9426,#9427,#9428,#9429,#9430,#9431,#9432,#9433,
#9434,#9435,#9436),.UNSPECIFIED.,.F.,.F.,(4,2,2,2,2,3,2,2,2,4),(-0.387573732440363,
-0.315242559901312,-0.228328452392103,-0.141414344882895,-0.0707071724414476,
0.,0.0707071724414479,0.141414344882896,0.228328452392103,0.240810670230733),
 .UNSPECIFIED.);
#242=B_SPLINE_CURVE_WITH_KNOTS('',3,(#9446,#9447,#9448,#9449,#9450,#9451,
#9452,#9453,#9454,#9455,#9456,#9457,#9458,#9459,#9460,#9461,#9462,#9463,
#9464,#9465),.UNSPECIFIED.,.F.,.F.,(4,2,2,2,2,2,2,2,2,4),(0.22108691617926,
0.284572269727924,0.355421257222381,0.426270244716837,0.496899585876832,
0.567528927036827,0.638158268196821,0.708787609356815,0.779636596851271,
0.787261257356404),.UNSPECIFIED.);
#243=B_SPLINE_CURVE_WITH_KNOTS('',3,(#9479,#9480,#9481,#9482,#9483,#9484,
#9485,#9486,#9487,#9488,#9489,#9490,#9491,#9492,#9493,#9494,#9495,#9496,
#9497,#9498),.UNSPECIFIED.,.F.,.F.,(4,2,2,2,2,2,2,2,2,4),(0.347796174980871,
0.355413508405499,0.426254747091938,0.496891835294671,0.567528923497403,
0.638158264655229,0.708787605813055,0.779636593305321,0.850485580797587,
0.913984668850731),.UNSPECIFIED.);
#244=B_SPLINE_CURVE_WITH_KNOTS('',3,(#9508,#9509,#9510,#9511,#9512,#9513,
#9514,#9515,#9516,#9517,#9518,#9519,#9520,#9521,#9522,#9523,#9524,#9525,
#9526,#9527,#9528),.UNSPECIFIED.,.F.,.F.,(4,2,2,2,3,2,2,2,2,4),(-0.240810670218181,
-0.228328452390677,-0.141414344881953,-0.0707071724409767,0.,0.0707071724409765,
0.141414344881953,0.228328452390677,0.315242559899401,0.38769690719942),
 .UNSPECIFIED.);
#245=B_SPLINE_CURVE_WITH_KNOTS('',3,(#9542,#9543,#9544,#9545,#9546,#9547,
#9548,#9549,#9550,#9551,#9552,#9553,#9554,#9555,#9556,#9557,#9558,#9559,
#9560,#9561,#9562,#9563,#9564,#9565,#9566,#9567),.UNSPECIFIED.,.F.,.F.,
(4,2,2,2,2,3,3,2,2,2,2,4),(-0.285565261151964,-0.262730911062591,-0.160666986257954,
-0.080333493128977,-0.0401667465644886,0.,0.0401667465644878,0.109021776711958,
0.215706919191009,0.340768321578308,0.434082565829005,0.465429195578506),
 .UNSPECIFIED.);
#246=B_SPLINE_CURVE_WITH_KNOTS('',3,(#9575,#9576,#9577,#9578,#9579,#9580,
#9581,#9582,#9583,#9584,#9585,#9586,#9587,#9588,#9589,#9590,#9591,#9592,
#9593,#9594,#9595,#9596,#9597,#9598,#9599,#9600),.UNSPECIFIED.,.F.,.F.,
(4,2,2,2,2,3,3,2,2,2,2,4),(-0.285565261144433,-0.262730911057818,-0.160666986255239,
-0.0803334931276196,-0.0401667465638098,0.,0.0401667465638099,0.109021776708003,
0.215706919177706,0.340768321563409,0.434082565812929,0.465429195578361),
 .UNSPECIFIED.);
#247=B_SPLINE_CURVE_WITH_KNOTS('',3,(#9608,#9609,#9610,#9611,#9612,#9613,
#9614,#9615,#9616,#9617,#9618,#9619,#9620,#9621,#9622,#9623,#9624,#9625,
#9626,#9627,#9628,#9629,#9630,#9631,#9632,#9633),.UNSPECIFIED.,.F.,.F.,
(4,2,2,2,2,3,3,2,2,2,2,4),(-0.285565261144023,-0.262730911057357,-0.160666986254979,
-0.0803334931274895,-0.0401667465637447,0.,0.0401667465637448,0.10902177670466,
0.215706919169778,0.340768321556857,0.434082565806539,0.465429195555886),
 .UNSPECIFIED.);
#248=B_SPLINE_CURVE_WITH_KNOTS('',3,(#9649,#9650,#9651,#9652,#9653,#9654,
#9655,#9656,#9657,#9658,#9659,#9660,#9661,#9662,#9663,#9664,#9665,#9666,
#9667,#9668,#9669,#9670,#9671,#9672,#9673,#9674),.UNSPECIFIED.,.F.,.F.,
(4,2,2,2,2,3,3,2,2,2,2,4),(-0.285565261144024,-0.262730911057357,-0.160666986254979,
-0.0803334931274895,-0.0401667465637447,0.,0.0401667465637448,0.109021776704701,
0.215706919169876,0.340768321556957,0.434082565806648,0.465429195555968),
 .UNSPECIFIED.);
#249=B_SPLINE_CURVE_WITH_KNOTS('',3,(#9682,#9683,#9684,#9685,#9686,#9687,
#9688,#9689,#9690,#9691,#9692,#9693,#9694,#9695,#9696,#9697,#9698,#9699,
#9700,#9701,#9702,#9703,#9704,#9705,#9706,#9707),.UNSPECIFIED.,.F.,.F.,
(4,2,2,2,2,3,3,2,2,2,2,4),(-0.285565261144432,-0.262730911057818,-0.160666986255239,
-0.0803334931276196,-0.0401667465638098,0.,0.0401667465638099,0.109021776708019,
0.21570691917774,0.340768321563422,0.434082565812934,0.465429195578342),
 .UNSPECIFIED.);
#250=B_SPLINE_CURVE_WITH_KNOTS('',3,(#9715,#9716,#9717,#9718,#9719,#9720,
#9721,#9722,#9723,#9724,#9725,#9726,#9727,#9728,#9729,#9730,#9731,#9732,
#9733,#9734,#9735,#9736,#9737,#9738,#9739,#9740),.UNSPECIFIED.,.F.,.F.,
(4,2,2,2,2,3,3,2,2,2,2,4),(-0.285565261151964,-0.262730911062591,-0.160666986257954,
-0.080333493128977,-0.0401667465644886,0.,0.0401667465644878,0.109021776711983,
0.215706919191069,0.34076832157833,0.434082565829009,0.465429195578461),
 .UNSPECIFIED.);
#251=B_SPLINE_CURVE_WITH_KNOTS('',3,(#10096,#10097,#10098,#10099,#10100,
#10101,#10102,#10103),.UNSPECIFIED.,.F.,.F.,(4,2,2,4),(0.,0.120686281225307,
0.241372562450613,0.259363006863958),.UNSPECIFIED.);
#252=B_SPLINE_CURVE_WITH_KNOTS('',3,(#10107,#10108,#10109,#10110,#10111,
#10112,#10113,#10114,#10115,#10116,#10117,#10118,#10119,#10120,#10121,#10122,
#10123,#10124,#10125,#10126,#10127,#10128),.UNSPECIFIED.,.F.,.F.,(4,2,2,
2,3,3,2,2,2,4),(-0.240810670234209,-0.228328452390681,-0.141414344881953,
-0.0707071724409767,0.,0.0707071724409786,0.127498767407287,0.200495370715548,
0.293200252229473,0.384842910968574),.UNSPECIFIED.);
#253=B_SPLINE_CURVE_WITH_KNOTS('',3,(#10138,#10139,#10140,#10141,#10142,
#10143,#10144,#10145,#10146,#10147,#10148,#10149,#10150,#10151,#10152,#10153,
#10154,#10155,#10156,#10157,#10158,#10159),.UNSPECIFIED.,.F.,.F.,(4,2,2,
3,3,2,2,2,2,4),(-0.23934724405257,-0.194157569448419,-0.124102030143217,
-0.0707071724409771,0.,0.0707071724409784,0.141414344881957,0.228328452390683,
0.31524255989941,0.38757372948508),.UNSPECIFIED.);
#254=B_SPLINE_CURVE_WITH_KNOTS('',3,(#10161,#10162,#10163,#10164,#10165,
#10166,#10167,#10168),.UNSPECIFIED.,.F.,.F.,(4,2,2,4),(0.,0.120686281225306,
0.241372562450613,0.259363006863961),.UNSPECIFIED.);
#255=B_SPLINE_CURVE_WITH_KNOTS('',3,(#10173,#10174,#10175,#10176,#10177,
#10178,#10179,#10180,#10181,#10182,#10183,#10184,#10185,#10186,#10187,#10188,
#10189,#10190,#10191,#10192,#10193,#10194,#10195,#10196,#10197),
 .UNSPECIFIED.,.F.,.F.,(4,2,2,2,2,3,2,2,2,2,2,4),(0.345647979002759,0.35342149146325,
0.424173898300174,0.494869512432191,0.565565126564207,0.636260740696222,
0.70672768029134,0.776920424111608,0.833960691757363,0.864865934614631,
0.894500923084275,0.906881277681805),.UNSPECIFIED.);
#256=B_SPLINE_CURVE_WITH_KNOTS('',3,(#10200,#10201,#10202,#10203,#10204,
#10205,#10206,#10207,#10208,#10209,#10210,#10211,#10212,#10213,#10214,#10215,
#10216,#10217,#10218,#10219,#10220,#10221),.UNSPECIFIED.,.F.,.F.,(4,2,2,
2,3,3,2,2,2,4),(-0.240810670237579,-0.228328452390725,-0.141414344881959,
-0.0707071724409796,0.,0.0707071724409798,0.127498767407336,0.20049537071567,
0.29320025222969,0.384842910963688),.UNSPECIFIED.);
#257=B_SPLINE_CURVE_WITH_KNOTS('',3,(#10226,#10227,#10228,#10229,#10230,
#10231,#10232,#10233,#10234,#10235,#10236,#10237,#10238,#10239,#10240,#10241,
#10242,#10243,#10244,#10245,#10246,#10247,#10248,#10249,#10250),
 .UNSPECIFIED.,.F.,.F.,(4,2,2,2,2,3,2,2,2,2,2,4),(0.345647979002754,0.353421491463247,
0.424173898300172,0.494869512432186,0.565565126564201,0.636260740696216,
0.706727680291324,0.776920424111589,0.833960691757339,0.864865934614609,
0.894500923084264,0.90688127768176),.UNSPECIFIED.);
#258=B_SPLINE_CURVE_WITH_KNOTS('',3,(#10253,#10254,#10255,#10256,#10257,
#10258,#10259,#10260,#10261,#10262,#10263,#10264,#10265,#10266,#10267,#10268,
#10269,#10270,#10271,#10272,#10273,#10274),.UNSPECIFIED.,.F.,.F.,(4,2,2,
2,3,3,2,2,2,4),(-0.240810670237576,-0.228328452390722,-0.141414344881956,
-0.0707071724409778,0.,0.0707071724409782,0.127498767407336,0.200495370715671,
0.293200252229691,0.384842910963678),.UNSPECIFIED.);
#259=B_SPLINE_CURVE_WITH_KNOTS('',3,(#10279,#10280,#10281,#10282,#10283,
#10284,#10285,#10286,#10287,#10288,#10289,#10290,#10291,#10292,#10293,#10294,
#10295,#10296,#10297,#10298),.UNSPECIFIED.,.F.,.F.,(4,2,2,2,2,2,2,2,2,4),
(0.345766672522349,0.353490658870336,0.424158265233299,0.494846187935328,
0.565534110637357,0.636214152414565,0.706894194191773,0.777569681719168,
0.848245169246563,0.911207893880398),.UNSPECIFIED.);
#260=B_SPLINE_CURVE_WITH_KNOTS('',3,(#10301,#10302,#10303,#10304,#10305,
#10306,#10307,#10308,#10309,#10310,#10311,#10312,#10313,#10314,#10315,#10316,
#10317,#10318,#10319,#10320,#10321,#10322),.UNSPECIFIED.,.F.,.F.,(4,2,2,
2,3,3,2,2,2,4),(-0.240810670234209,-0.228328452390681,-0.141414344881953,
-0.0707071724409767,0.,0.0707071724409786,0.127501235428756,0.2005001332285,
0.293206365831734,0.38484291967807),.UNSPECIFIED.);
#261=B_SPLINE_CURVE_WITH_KNOTS('',3,(#10327,#10328,#10329,#10330,#10331,
#10332,#10333,#10334,#10335,#10336,#10337,#10338,#10339,#10340,#10341,#10342,
#10343,#10344,#10345,#10346),.UNSPECIFIED.,.F.,.F.,(4,2,2,2,2,2,2,2,2,4),
(0.345766672522349,0.353490658870336,0.424158265233299,0.494846187935328,
0.565534110637357,0.636214152414565,0.706894194191773,0.777569681719168,
0.848245169246563,0.911207893880398),.UNSPECIFIED.);
#262=B_SPLINE_CURVE_WITH_KNOTS('',3,(#10349,#10350,#10351,#10352,#10353,
#10354,#10355,#10356,#10357,#10358,#10359,#10360,#10361,#10362,#10363,#10364,
#10365,#10366,#10367,#10368,#10369,#10370),.UNSPECIFIED.,.F.,.F.,(4,2,2,
3,3,2,2,2,2,4),(-0.239347244052573,-0.194157569448354,-0.124102030143181,
-0.0707071724409789,0.,0.0707071724409771,0.141414344881954,0.228328452390681,
0.315242559899408,0.387696907199426),.UNSPECIFIED.);
#263=B_SPLINE_CURVE_WITH_KNOTS('',3,(#10375,#10376,#10377,#10378,#10379,
#10380,#10381,#10382,#10383,#10384,#10385,#10386,#10387,#10388,#10389,#10390,
#10391,#10392,#10393,#10394,#10395,#10396,#10397,#10398,#10399),
 .UNSPECIFIED.,.F.,.F.,(4,2,2,2,2,3,2,2,2,2,2,4),(0.345647979002753,0.353421491463247,
0.424173898300172,0.494869512432186,0.565565126564201,0.636260740696216,
0.706727680291328,0.77692042411159,0.833960691757339,0.8648659346146,0.894500923084236,
0.906881277681769),.UNSPECIFIED.);
#264=B_SPLINE_CURVE_WITH_KNOTS('',3,(#10402,#10403,#10404,#10405,#10406,
#10407,#10408,#10409,#10410,#10411,#10412,#10413,#10414,#10415,#10416,#10417,
#10418,#10419,#10420,#10421,#10422,#10423),.UNSPECIFIED.,.F.,.F.,(4,2,2,
2,3,3,2,2,2,4),(-0.240810670237576,-0.228328452390722,-0.141414344881956,
-0.0707071724409778,0.,0.0707071724409782,0.12749876740733,0.200495370715658,
0.293200252229671,0.384842910963656),.UNSPECIFIED.);
#265=B_SPLINE_CURVE_WITH_KNOTS('',3,(#10428,#10429,#10430,#10431,#10432,
#10433,#10434,#10435,#10436,#10437,#10438,#10439,#10440,#10441,#10442,#10443,
#10444,#10445,#10446,#10447,#10448),.UNSPECIFIED.,.F.,.F.,(4,2,2,3,2,2,
2,2,2,4),(0.347830994934795,0.368596572413877,0.438113341537973,0.494869512432187,
0.565565126564202,0.636260740696217,0.706956354828231,0.777708761665156,
0.84846116850208,0.911401341495019),.UNSPECIFIED.);
#266=B_SPLINE_CURVE_WITH_KNOTS('',3,(#10451,#10452,#10453,#10454,#10455,
#10456,#10457,#10458,#10459,#10460,#10461,#10462,#10463,#10464,#10465,#10466,
#10467,#10468,#10469,#10470,#10471,#10472),.UNSPECIFIED.,.F.,.F.,(4,2,2,
2,3,3,2,2,2,4),(-0.240810670237579,-0.228328452390725,-0.141414344881959,
-0.0707071724409796,0.,0.0707071724409798,0.127498767407333,0.200495370715664,
0.29320025222968,0.384842910963659),.UNSPECIFIED.);
#267=B_SPLINE_CURVE_WITH_KNOTS('',3,(#10645,#10646,#10647,#10648,#10649,
#10650,#10651,#10652,#10653,#10654,#10655,#10656,#10657,#10658,#10659,#10660,
#10661,#10662,#10663,#10664,#10665,#10666,#10667,#10668,#10669,#10670),
 .UNSPECIFIED.,.F.,.F.,(4,2,2,2,2,3,3,2,2,2,2,4),(-0.398347163187707,-0.346492448499429,
-0.27717909409296,-0.196194997810426,-0.104215663130094,-0.0390811930659376,
0.,0.0390811930659377,0.0781623861318754,0.156324772263751,0.238461188633138,
0.25279515576497),.UNSPECIFIED.);
#268=B_SPLINE_CURVE_WITH_KNOTS('',3,(#10724,#10725,#10726,#10727,#10728,
#10729,#10730,#10731,#10732,#10733,#10734,#10735,#10736,#10737,#10738,#10739,
#10740,#10741,#10742,#10743,#10744,#10745,#10746,#10747),.UNSPECIFIED.,
 .F.,.F.,(4,2,2,2,2,2,3,3,2,2,4),(-0.3845808485782,-0.320597604997612,-0.238461188629627,
-0.156324772261643,-0.0781623861308212,-0.0390811930654105,0.,0.0390811930654114,
0.0974252471668108,0.183601664129713,0.260767400712799),.UNSPECIFIED.);
#269=B_SPLINE_CURVE_WITH_KNOTS('',3,(#10771,#10772,#10773,#10774,#10775,
#10776,#10777,#10778,#10779,#10780,#10781,#10782,#10783,#10784,#10785,#10786,
#10787,#10788,#10789,#10790,#10791,#10792,#10793,#10794),.UNSPECIFIED.,
 .F.,.F.,(4,2,2,2,2,2,3,3,2,2,4),(-0.384580848579021,-0.320597604998046,
-0.238461188629937,-0.156324772261829,-0.0781623861309146,-0.0390811930654573,
0.,0.0390811930654574,0.0974252471696068,0.18360166413477,0.260767400693384),
 .UNSPECIFIED.);
#270=B_SPLINE_CURVE_WITH_KNOTS('',3,(#10826,#10827,#10828,#10829,#10830,
#10831,#10832,#10833,#10834,#10835,#10836,#10837,#10838,#10839,#10840,#10841,
#10842,#10843,#10844,#10845,#10846,#10847,#10848,#10849),.UNSPECIFIED.,
 .F.,.F.,(4,2,2,2,2,2,3,3,2,2,4),(-0.384580848578463,-0.320597605002526,
-0.238461188633138,-0.156324772263751,-0.0781623861318752,-0.0390811930659376,
0.,0.0390811930659377,0.0974252471726913,0.183601664143877,0.260767400705279),
 .UNSPECIFIED.);
#271=B_SPLINE_CURVE_WITH_KNOTS('',3,(#10863,#10864,#10865,#10866,#10867,
#10868,#10869,#10870,#10871,#10872,#10873,#10874,#10875,#10876,#10877,#10878,
#10879,#10880,#10881,#10882,#10883,#10884,#10885,#10886,#10887,#10888),
 .UNSPECIFIED.,.F.,.F.,(4,2,2,2,2,3,3,2,2,2,2,4),(-0.39834716316901,-0.346492448487939,
-0.277179094081958,-0.19619499779988,-0.104215663126305,-0.0390811930654107,
0.,0.0390811930654106,0.0781623861308212,0.156324772261642,0.238461188629627,
0.252795155759415),.UNSPECIFIED.);
#272=B_SPLINE_CURVE_WITH_KNOTS('',3,(#10893,#10894,#10895,#10896,#10897,
#10898,#10899,#10900,#10901,#10902,#10903,#10904,#10905,#10906,#10907,#10908,
#10909,#10910,#10911,#10912,#10913,#10914,#10915,#10916,#10917,#10918),
 .UNSPECIFIED.,.F.,.F.,(4,2,2,2,2,3,3,2,2,2,2,4),(-0.398347163191903,-0.346492448487744,
-0.277179094081526,-0.196194997799359,-0.104215663125834,-0.0390811930654573,
0.,0.0390811930654573,0.0781623861309147,0.156324772261829,0.238461188629938,
0.252795155759658),.UNSPECIFIED.);
#273=CYLINDRICAL_SURFACE('',#5711,1.87499999996872);
#274=CYLINDRICAL_SURFACE('',#5715,1.87499999999999);
#275=CYLINDRICAL_SURFACE('',#5719,1.8749999999062);
#276=CYLINDRICAL_SURFACE('',#5723,1.87499999994512);
#277=CYLINDRICAL_SURFACE('',#5728,1.8750000003954);
#278=CYLINDRICAL_SURFACE('',#5740,1.87500000013405);
#279=CYLINDRICAL_SURFACE('',#5746,1.8750000000297);
#280=CYLINDRICAL_SURFACE('',#5755,1.8749999998962);
#281=CYLINDRICAL_SURFACE('',#5761,1.87499999999998);
#282=CYLINDRICAL_SURFACE('',#5766,1.87499999985369);
#283=CYLINDRICAL_SURFACE('',#5770,1.87499999994252);
#284=CYLINDRICAL_SURFACE('',#5774,1.8749999999572);
#285=CYLINDRICAL_SURFACE('',#5778,1.87500000000008);
#286=CYLINDRICAL_SURFACE('',#5782,1.87500000000002);
#287=CYLINDRICAL_SURFACE('',#5786,1.87500000000007);
#288=CYLINDRICAL_SURFACE('',#5790,1.8749999998648);
#289=CYLINDRICAL_SURFACE('',#5794,1.87499999990901);
#290=CYLINDRICAL_SURFACE('',#5799,1.87499999994779);
#291=CYLINDRICAL_SURFACE('',#5811,1.87499999997405);
#292=CYLINDRICAL_SURFACE('',#5820,1.87499999994776);
#293=CYLINDRICAL_SURFACE('',#5826,1.87499999998905);
#294=CYLINDRICAL_SURFACE('',#5832,1.8749999998056);
#295=CYLINDRICAL_SURFACE('',#5837,1.87500000001239);
#296=CYLINDRICAL_SURFACE('',#5841,1.87500000000327);
#297=CYLINDRICAL_SURFACE('',#5845,1.87499999994568);
#298=CYLINDRICAL_SURFACE('',#5849,1.87499999999995);
#299=CYLINDRICAL_SURFACE('',#5851,5.);
#300=CYLINDRICAL_SURFACE('',#5934,17.);
#301=CYLINDRICAL_SURFACE('',#5953,3.2);
#302=CYLINDRICAL_SURFACE('',#5955,3.2);
#303=CYLINDRICAL_SURFACE('',#5971,3.);
#304=CYLINDRICAL_SURFACE('',#5977,1.);
#305=CYLINDRICAL_SURFACE('',#5989,3.50000000000001);
#306=CYLINDRICAL_SURFACE('',#5993,3.50000000000001);
#307=CYLINDRICAL_SURFACE('',#6015,1.875);
#308=CYLINDRICAL_SURFACE('',#6017,1.875);
#309=CYLINDRICAL_SURFACE('',#6020,1.875);
#310=CYLINDRICAL_SURFACE('',#6021,1.875);
#311=CYLINDRICAL_SURFACE('',#6022,1.875);
#312=CYLINDRICAL_SURFACE('',#6024,1.875);
#313=CYLINDRICAL_SURFACE('',#6026,1.875);
#314=CYLINDRICAL_SURFACE('',#6028,1.875);
#315=CYLINDRICAL_SURFACE('',#6029,1.875);
#316=CYLINDRICAL_SURFACE('',#6030,1.875);
#317=CYLINDRICAL_SURFACE('',#6031,1.875);
#318=CYLINDRICAL_SURFACE('',#6032,3.50000000000001);
#319=CYLINDRICAL_SURFACE('',#6038,1.);
#320=CYLINDRICAL_SURFACE('',#6039,1.87499999989953);
#321=CYLINDRICAL_SURFACE('',#6046,1.);
#322=CYLINDRICAL_SURFACE('',#6047,6.);
#323=CYLINDRICAL_SURFACE('',#6049,1.87499999989953);
#324=CYLINDRICAL_SURFACE('',#6050,1.875);
#325=CYLINDRICAL_SURFACE('',#6051,1.875);
#326=CYLINDRICAL_SURFACE('',#6052,1.875);
#327=CYLINDRICAL_SURFACE('',#6057,1.875);
#328=CYLINDRICAL_SURFACE('',#6062,1.875);
#329=CYLINDRICAL_SURFACE('',#6067,1.875);
#330=CYLINDRICAL_SURFACE('',#6068,1.875);
#331=CYLINDRICAL_SURFACE('',#6070,1.875);
#332=CYLINDRICAL_SURFACE('',#6071,1.875);
#333=CYLINDRICAL_SURFACE('',#6073,1.875);
#334=CYLINDRICAL_SURFACE('',#6074,1.875);
#335=CYLINDRICAL_SURFACE('',#6077,1.875);
#336=CYLINDRICAL_SURFACE('',#6079,1.875);
#337=CYLINDRICAL_SURFACE('',#6080,1.875);
#338=CYLINDRICAL_SURFACE('',#6083,1.875);
#339=CYLINDRICAL_SURFACE('',#6084,1.87499999989719);
#340=CYLINDRICAL_SURFACE('',#6086,3.);
#341=CYLINDRICAL_SURFACE('',#6093,6.);
#342=CYLINDRICAL_SURFACE('',#6103,2.7);
#343=CYLINDRICAL_SURFACE('',#6105,2.69999999999919);
#344=CYLINDRICAL_SURFACE('',#6107,1.);
#345=CYLINDRICAL_SURFACE('',#6110,1.);
#346=CYLINDRICAL_SURFACE('',#6112,1.875);
#347=CYLINDRICAL_SURFACE('',#6116,1.875);
#348=CYLINDRICAL_SURFACE('',#6119,1.875);
#349=CYLINDRICAL_SURFACE('',#6123,1.875);
#350=CYLINDRICAL_SURFACE('',#6124,1.875);
#351=CYLINDRICAL_SURFACE('',#6126,1.875);
#352=CYLINDRICAL_SURFACE('',#6127,1.875);
#353=CYLINDRICAL_SURFACE('',#6129,1.875);
#354=CYLINDRICAL_SURFACE('',#6130,1.875);
#355=CYLINDRICAL_SURFACE('',#6132,1.875);
#356=CYLINDRICAL_SURFACE('',#6134,1.875);
#357=CYLINDRICAL_SURFACE('',#6136,1.875);
#358=CYLINDRICAL_SURFACE('',#6137,1.87499999989719);
#359=CYLINDRICAL_SURFACE('',#6139,6.);
#360=CYLINDRICAL_SURFACE('',#6141,2.7);
#361=CYLINDRICAL_SURFACE('',#6143,1.);
#362=CYLINDRICAL_SURFACE('',#6177,1.6);
#363=CYLINDRICAL_SURFACE('',#6178,1.6);
#364=CYLINDRICAL_SURFACE('',#6179,3.2);
#365=CYLINDRICAL_SURFACE('',#6181,3.2);
#366=CYLINDRICAL_SURFACE('',#6183,1.6);
#367=CYLINDRICAL_SURFACE('',#6184,1.6);
#368=CYLINDRICAL_SURFACE('',#6190,1.4);
#369=CYLINDRICAL_SURFACE('',#6194,1.4);
#370=CYLINDRICAL_SURFACE('',#6197,1.4);
#371=CYLINDRICAL_SURFACE('',#6201,1.4);
#372=CYLINDRICAL_SURFACE('',#6206,3.);
#373=CYLINDRICAL_SURFACE('',#6210,3.);
#374=CYLINDRICAL_SURFACE('',#6214,3.);
#375=CYLINDRICAL_SURFACE('',#6218,3.);
#376=ELLIPSE('',#5710,18.0910221328278,17.);
#377=ELLIPSE('',#5712,1.90392489725401,1.87499999996872);
#378=ELLIPSE('',#5714,18.0910221328986,17.);
#379=ELLIPSE('',#5716,1.90392489728576,1.87499999999999);
#380=ELLIPSE('',#5718,18.0910221325855,17.);
#381=ELLIPSE('',#5720,1.90392489719052,1.8749999999062);
#382=ELLIPSE('',#5722,18.0910221326038,17.);
#383=ELLIPSE('',#5724,1.90392489723005,1.87499999994512);
#384=ELLIPSE('',#5726,3.19253331760418,3.);
#385=ELLIPSE('',#5727,5.32088886267363,5.);
#386=ELLIPSE('',#5729,1.90392489768727,1.8750000003954);
#387=ELLIPSE('',#5730,1.90392489768727,1.8750000003954);
#388=ELLIPSE('',#5732,3.19253331757035,3.);
#389=ELLIPSE('',#5733,5.32088886261725,5.);
#390=ELLIPSE('',#5735,3.19253331767604,3.);
#391=ELLIPSE('',#5736,5.3208888627934,5.);
#392=ELLIPSE('',#5738,3.19253331761021,3.);
#393=ELLIPSE('',#5739,5.32088886268368,5.);
#394=ELLIPSE('',#5741,1.90392489742188,1.87500000013405);
#395=ELLIPSE('',#5742,1.90392489742189,1.87500000013405);
#396=ELLIPSE('',#5744,3.19253331757031,3.);
#397=ELLIPSE('',#5745,5.32088886261719,5.);
#398=ELLIPSE('',#5747,1.90392489731593,1.8750000000297);
#399=ELLIPSE('',#5748,1.90392489731593,1.8750000000297);
#400=ELLIPSE('',#5750,3.19253331768562,3.);
#401=ELLIPSE('',#5751,5.32088886280936,5.);
#402=ELLIPSE('',#5753,3.19253331766877,3.);
#403=ELLIPSE('',#5754,5.32088886278127,5.);
#404=ELLIPSE('',#5756,1.90392489718037,1.8749999998962);
#405=ELLIPSE('',#5757,1.90392489718037,1.8749999998962);
#406=ELLIPSE('',#5759,3.19253331767874,3.);
#407=ELLIPSE('',#5760,5.32088886279791,5.);
#408=ELLIPSE('',#5762,1.90392489728576,1.87499999999998);
#409=ELLIPSE('',#5763,1.90392489728576,1.87499999999998);
#410=ELLIPSE('',#5765,18.0910221329233,17.);
#411=ELLIPSE('',#5767,1.9039248971372,1.87499999985369);
#412=ELLIPSE('',#5769,18.0910221328987,17.);
#413=ELLIPSE('',#5771,1.90392489722741,1.87499999994252);
#414=ELLIPSE('',#5773,18.0910221325227,17.);
#415=ELLIPSE('',#5775,1.90392489724232,1.8749999999572);
#416=ELLIPSE('',#5777,18.0910221326038,17.);
#417=ELLIPSE('',#5779,1.90392489728585,1.87500000000008);
#418=ELLIPSE('',#5781,18.0910221329241,17.);
#419=ELLIPSE('',#5783,1.90392489728579,1.87500000000002);
#420=ELLIPSE('',#5785,18.0910221329242,17.);
#421=ELLIPSE('',#5787,1.90392489728585,1.87500000000007);
#422=ELLIPSE('',#5789,18.0910221327414,17.);
#423=ELLIPSE('',#5791,1.90392489714848,1.8749999998648);
#424=ELLIPSE('',#5793,18.0910221327817,17.);
#425=ELLIPSE('',#5795,1.90392489719338,1.87499999990901);
#426=ELLIPSE('',#5797,3.19253331757526,3.);
#427=ELLIPSE('',#5798,5.32088886262544,5.);
#428=ELLIPSE('',#5800,1.90392489723276,1.87499999994779);
#429=ELLIPSE('',#5801,1.90392489723276,1.87499999994779);
#430=ELLIPSE('',#5803,3.19253331757574,3.);
#431=ELLIPSE('',#5804,5.32088886262623,5.);
#432=ELLIPSE('',#5806,3.19253331759219,3.);
#433=ELLIPSE('',#5807,5.32088886265364,5.);
#434=ELLIPSE('',#5809,3.1925333175722,3.);
#435=ELLIPSE('',#5810,5.32088886262034,5.);
#436=ELLIPSE('',#5812,1.90392489725942,1.87499999997405);
#437=ELLIPSE('',#5813,1.90392489725942,1.87499999997405);
#438=ELLIPSE('',#5815,3.19253331757572,3.);
#439=ELLIPSE('',#5816,5.32088886262621,5.);
#440=ELLIPSE('',#5818,3.19253331757526,3.);
#441=ELLIPSE('',#5819,5.32088886262543,5.);
#442=ELLIPSE('',#5821,1.90392489723273,1.87499999994776);
#443=ELLIPSE('',#5822,1.90392489723273,1.87499999994776);
#444=ELLIPSE('',#5824,3.192533317576,3.);
#445=ELLIPSE('',#5825,5.32088886262666,5.);
#446=ELLIPSE('',#5827,1.90392489727466,1.87499999998905);
#447=ELLIPSE('',#5828,1.90392489727466,1.87499999998905);
#448=ELLIPSE('',#5830,3.19253331759222,3.);
#449=ELLIPSE('',#5831,5.3208888626537,5.);
#450=ELLIPSE('',#5833,1.90392489708837,1.8749999998056);
#451=ELLIPSE('',#5834,1.90392489708837,1.8749999998056);
#452=ELLIPSE('',#5836,18.0910221329138,17.);
#453=ELLIPSE('',#5838,1.90392489729835,1.87500000001239);
#454=ELLIPSE('',#5840,18.0910221329241,17.);
#455=ELLIPSE('',#5842,1.90392489728909,1.87500000000327);
#456=ELLIPSE('',#5844,18.0910221326866,17.);
#457=ELLIPSE('',#5846,1.90392489723062,1.87499999994568);
#458=ELLIPSE('',#5848,18.0910221327818,17.);
#459=ELLIPSE('',#5850,1.90392489728572,1.87499999999995);
#460=ELLIPSE('',#5852,5.32088886261058,5.);
#461=ELLIPSE('',#5853,5.32088886256963,5.);
#462=ELLIPSE('',#5854,5.32088886262412,5.);
#463=ELLIPSE('',#5855,5.32088886262618,5.);
#464=ELLIPSE('',#5856,5.32088886262274,5.);
#465=ELLIPSE('',#5857,5.32088886262213,5.);
#466=ELLIPSE('',#5860,5.32088886262213,5.);
#467=ELLIPSE('',#5861,5.32088886262274,5.);
#468=ELLIPSE('',#5862,5.32088886262618,5.);
#469=ELLIPSE('',#5863,5.32088886262412,5.);
#470=ELLIPSE('',#5864,5.32088886256963,5.);
#471=ELLIPSE('',#5865,5.32088886261058,5.);
#472=ELLIPSE('',#5867,1.90392489728577,1.875);
#473=ELLIPSE('',#5868,1.90392489728577,1.875);
#474=ELLIPSE('',#5869,1.90392489728577,1.875);
#475=ELLIPSE('',#5870,1.90392489728577,1.875);
#476=ELLIPSE('',#5875,1.90392489728577,1.875);
#477=ELLIPSE('',#5876,1.90392489728577,1.875);
#478=ELLIPSE('',#5877,1.90392489728577,1.875);
#479=ELLIPSE('',#5878,1.90392489728577,1.875);
#480=ELLIPSE('',#5879,1.90392489728577,1.875);
#481=ELLIPSE('',#5880,1.90392489728577,1.875);
#482=ELLIPSE('',#5881,1.90392489728577,1.875);
#483=ELLIPSE('',#5882,1.90392489718137,1.87499999989719);
#484=ELLIPSE('',#5883,1.90392489728577,1.875);
#485=ELLIPSE('',#5884,1.90392489728577,1.875);
#486=ELLIPSE('',#5885,1.90392489728577,1.875);
#487=ELLIPSE('',#5886,1.90392489728577,1.875);
#488=ELLIPSE('',#5887,1.90392489728577,1.875);
#489=ELLIPSE('',#5888,1.90392489728577,1.875);
#490=ELLIPSE('',#5889,1.90392489718137,1.87499999989719);
#491=ELLIPSE('',#5890,1.90392489728577,1.875);
#492=ELLIPSE('',#5891,1.90392489728577,1.875);
#493=ELLIPSE('',#5892,1.90392489728577,1.875);
#494=ELLIPSE('',#5894,1.90392489728577,1.875);
#495=ELLIPSE('',#5895,1.90392489728577,1.875);
#496=ELLIPSE('',#5896,1.90392489728577,1.875);
#497=ELLIPSE('',#5897,1.90392489728577,1.875);
#498=ELLIPSE('',#5898,1.90392489728577,1.875);
#499=ELLIPSE('',#5899,1.90392489728577,1.875);
#500=ELLIPSE('',#5904,1.90392489728577,1.875);
#501=ELLIPSE('',#5905,1.90392489728577,1.875);
#502=ELLIPSE('',#5906,1.90392489728577,1.875);
#503=ELLIPSE('',#5907,1.90392489718137,1.87499999989719);
#504=ELLIPSE('',#5908,1.90392489728577,1.875);
#505=ELLIPSE('',#5909,1.90392489728577,1.875);
#506=ELLIPSE('',#5910,1.90392489728577,1.875);
#507=ELLIPSE('',#5911,1.90392489728577,1.875);
#508=ELLIPSE('',#5912,1.90392489718137,1.87499999989719);
#509=ELLIPSE('',#5913,1.90392489728577,1.875);
#510=ELLIPSE('',#5914,1.90392489728577,1.875);
#511=ELLIPSE('',#5915,1.90392489728577,1.875);
#512=ELLIPSE('',#5916,1.90392489728577,1.875);
#513=ELLIPSE('',#5917,1.90392489728577,1.875);
#514=ELLIPSE('',#5918,1.90392489728577,1.875);
#515=ELLIPSE('',#5919,1.90392489728577,1.875);
#516=ELLIPSE('',#5920,1.90392489718375,1.87499999989953);
#517=ELLIPSE('',#5921,1.90392489728577,1.875);
#518=ELLIPSE('',#5922,1.90392489728577,1.875);
#519=ELLIPSE('',#5923,1.90392489728577,1.875);
#520=ELLIPSE('',#5924,1.90392489728577,1.875);
#521=ELLIPSE('',#5925,1.90392489728577,1.875);
#522=ELLIPSE('',#5926,1.90392489728577,1.875);
#523=ELLIPSE('',#5927,1.90392489728577,1.875);
#524=ELLIPSE('',#5928,1.90392489718375,1.87499999989953);
#525=ELLIPSE('',#5929,1.90392489728577,1.875);
#526=ELLIPSE('',#5930,1.90392489728577,1.875);
#527=ELLIPSE('',#5931,1.90392489728577,1.875);
#528=ELLIPSE('',#5932,1.90392489728577,1.875);
#529=ELLIPSE('',#5933,1.90392489728577,1.875);
#530=ELLIPSE('',#5935,18.0910221327818,17.);
#531=ELLIPSE('',#5936,18.0910221327414,17.);
#532=ELLIPSE('',#5939,18.0910221327414,17.);
#533=ELLIPSE('',#5940,18.0910221327818,17.);
#534=ELLIPSE('',#5941,18.091022132637,17.);
#535=ELLIPSE('',#5942,18.0910221326503,17.);
#536=ELLIPSE('',#5943,18.091022132637,17.);
#537=ELLIPSE('',#5944,18.0910221326503,17.);
#538=ELLIPSE('',#5945,18.0910221327414,17.);
#539=ELLIPSE('',#5946,18.0910221327818,17.);
#540=ELLIPSE('',#5947,18.0910221327818,17.);
#541=ELLIPSE('',#5948,18.0910221327414,17.);
#542=ELLIPSE('',#5949,18.0910221326503,17.);
#543=ELLIPSE('',#5950,18.091022132637,17.);
#544=ELLIPSE('',#5951,18.0910221326503,17.);
#545=ELLIPSE('',#5952,18.091022132637,17.);
#546=ELLIPSE('',#6054,3.19253331757365,3.);
#547=ELLIPSE('',#6059,3.19253331757328,3.);
#548=ELLIPSE('',#6061,3.19253331754178,3.);
#549=ELLIPSE('',#6064,3.19253331757447,3.);
#550=ELLIPSE('',#6076,3.19253331757571,3.);
#551=ELLIPSE('',#6082,3.19253331756635,3.);
#552=ELLIPSE('',#6087,3.19253331757328,3.);
#553=ELLIPSE('',#6088,3.19253331757365,3.);
#554=ELLIPSE('',#6089,3.19253331757571,3.);
#555=ELLIPSE('',#6090,3.19253331757447,3.);
#556=ELLIPSE('',#6091,3.19253331754178,3.);
#557=ELLIPSE('',#6092,3.19253331756635,3.);
#558=FACE_OUTER_BOUND('',#827,.T.);
#559=FACE_OUTER_BOUND('',#828,.T.);
#560=FACE_OUTER_BOUND('',#829,.T.);
#561=FACE_OUTER_BOUND('',#830,.T.);
#562=FACE_OUTER_BOUND('',#831,.T.);
#563=FACE_OUTER_BOUND('',#832,.T.);
#564=FACE_OUTER_BOUND('',#833,.T.);
#565=FACE_OUTER_BOUND('',#834,.T.);
#566=FACE_OUTER_BOUND('',#835,.T.);
#567=FACE_OUTER_BOUND('',#836,.T.);
#568=FACE_OUTER_BOUND('',#837,.T.);
#569=FACE_OUTER_BOUND('',#838,.T.);
#570=FACE_OUTER_BOUND('',#839,.T.);
#571=FACE_OUTER_BOUND('',#840,.T.);
#572=FACE_OUTER_BOUND('',#841,.T.);
#573=FACE_OUTER_BOUND('',#842,.T.);
#574=FACE_OUTER_BOUND('',#843,.T.);
#575=FACE_OUTER_BOUND('',#844,.T.);
#576=FACE_OUTER_BOUND('',#845,.T.);
#577=FACE_OUTER_BOUND('',#846,.T.);
#578=FACE_OUTER_BOUND('',#847,.T.);
#579=FACE_OUTER_BOUND('',#848,.T.);
#580=FACE_OUTER_BOUND('',#849,.T.);
#581=FACE_OUTER_BOUND('',#850,.T.);
#582=FACE_OUTER_BOUND('',#851,.T.);
#583=FACE_OUTER_BOUND('',#852,.T.);
#584=FACE_OUTER_BOUND('',#853,.T.);
#585=FACE_OUTER_BOUND('',#854,.T.);
#586=FACE_OUTER_BOUND('',#855,.T.);
#587=FACE_OUTER_BOUND('',#856,.T.);
#588=FACE_OUTER_BOUND('',#857,.T.);
#589=FACE_OUTER_BOUND('',#858,.T.);
#590=FACE_OUTER_BOUND('',#859,.T.);
#591=FACE_OUTER_BOUND('',#860,.T.);
#592=FACE_OUTER_BOUND('',#861,.T.);
#593=FACE_OUTER_BOUND('',#862,.T.);
#594=FACE_OUTER_BOUND('',#863,.T.);
#595=FACE_OUTER_BOUND('',#864,.T.);
#596=FACE_OUTER_BOUND('',#865,.T.);
#597=FACE_OUTER_BOUND('',#866,.T.);
#598=FACE_OUTER_BOUND('',#867,.T.);
#599=FACE_OUTER_BOUND('',#868,.T.);
#600=FACE_OUTER_BOUND('',#869,.T.);
#601=FACE_OUTER_BOUND('',#870,.T.);
#602=FACE_OUTER_BOUND('',#871,.T.);
#603=FACE_OUTER_BOUND('',#872,.T.);
#604=FACE_OUTER_BOUND('',#873,.T.);
#605=FACE_OUTER_BOUND('',#874,.T.);
#606=FACE_OUTER_BOUND('',#875,.T.);
#607=FACE_OUTER_BOUND('',#876,.T.);
#608=FACE_OUTER_BOUND('',#877,.T.);
#609=FACE_OUTER_BOUND('',#878,.T.);
#610=FACE_OUTER_BOUND('',#879,.T.);
#611=FACE_OUTER_BOUND('',#880,.T.);
#612=FACE_OUTER_BOUND('',#881,.T.);
#613=FACE_OUTER_BOUND('',#882,.T.);
#614=FACE_OUTER_BOUND('',#883,.T.);
#615=FACE_OUTER_BOUND('',#884,.T.);
#616=FACE_OUTER_BOUND('',#885,.T.);
#617=FACE_OUTER_BOUND('',#886,.T.);
#618=FACE_OUTER_BOUND('',#887,.T.);
#619=FACE_OUTER_BOUND('',#888,.T.);
#620=FACE_OUTER_BOUND('',#889,.T.);
#621=FACE_OUTER_BOUND('',#890,.T.);
#622=FACE_OUTER_BOUND('',#891,.T.);
#623=FACE_OUTER_BOUND('',#892,.T.);
#624=FACE_OUTER_BOUND('',#893,.T.);
#625=FACE_OUTER_BOUND('',#894,.T.);
#626=FACE_OUTER_BOUND('',#895,.T.);
#627=FACE_OUTER_BOUND('',#896,.T.);
#628=FACE_OUTER_BOUND('',#897,.T.);
#629=FACE_OUTER_BOUND('',#898,.T.);
#630=FACE_OUTER_BOUND('',#899,.T.);
#631=FACE_OUTER_BOUND('',#900,.T.);
#632=FACE_OUTER_BOUND('',#901,.T.);
#633=FACE_OUTER_BOUND('',#902,.T.);
#634=FACE_OUTER_BOUND('',#903,.T.);
#635=FACE_OUTER_BOUND('',#904,.T.);
#636=FACE_OUTER_BOUND('',#905,.T.);
#637=FACE_OUTER_BOUND('',#906,.T.);
#638=FACE_OUTER_BOUND('',#907,.T.);
#639=FACE_OUTER_BOUND('',#908,.T.);
#640=FACE_OUTER_BOUND('',#909,.T.);
#641=FACE_OUTER_BOUND('',#910,.T.);
#642=FACE_OUTER_BOUND('',#911,.T.);
#643=FACE_OUTER_BOUND('',#920,.T.);
#644=FACE_OUTER_BOUND('',#948,.T.);
#645=FACE_OUTER_BOUND('',#963,.T.);
#646=FACE_OUTER_BOUND('',#964,.T.);
#647=FACE_OUTER_BOUND('',#965,.T.);
#648=FACE_OUTER_BOUND('',#966,.T.);
#649=FACE_OUTER_BOUND('',#967,.T.);
#650=FACE_OUTER_BOUND('',#969,.T.);
#651=FACE_OUTER_BOUND('',#970,.T.);
#652=FACE_OUTER_BOUND('',#971,.T.);
#653=FACE_OUTER_BOUND('',#972,.T.);
#654=FACE_OUTER_BOUND('',#973,.T.);
#655=FACE_OUTER_BOUND('',#974,.T.);
#656=FACE_OUTER_BOUND('',#975,.T.);
#657=FACE_OUTER_BOUND('',#976,.T.);
#658=FACE_OUTER_BOUND('',#977,.T.);
#659=FACE_OUTER_BOUND('',#978,.T.);
#660=FACE_OUTER_BOUND('',#979,.T.);
#661=FACE_OUTER_BOUND('',#983,.T.);
#662=FACE_OUTER_BOUND('',#984,.T.);
#663=FACE_OUTER_BOUND('',#985,.T.);
#664=FACE_OUTER_BOUND('',#986,.T.);
#665=FACE_OUTER_BOUND('',#987,.T.);
#666=FACE_OUTER_BOUND('',#988,.T.);
#667=FACE_OUTER_BOUND('',#989,.T.);
#668=FACE_OUTER_BOUND('',#990,.T.);
#669=FACE_OUTER_BOUND('',#991,.T.);
#670=FACE_OUTER_BOUND('',#992,.T.);
#671=FACE_OUTER_BOUND('',#993,.T.);
#672=FACE_OUTER_BOUND('',#994,.T.);
#673=FACE_OUTER_BOUND('',#995,.T.);
#674=FACE_OUTER_BOUND('',#996,.T.);
#675=FACE_OUTER_BOUND('',#997,.T.);
#676=FACE_OUTER_BOUND('',#998,.T.);
#677=FACE_OUTER_BOUND('',#999,.T.);
#678=FACE_OUTER_BOUND('',#1000,.T.);
#679=FACE_OUTER_BOUND('',#1001,.T.);
#680=FACE_OUTER_BOUND('',#1002,.T.);
#681=FACE_OUTER_BOUND('',#1003,.T.);
#682=FACE_OUTER_BOUND('',#1004,.T.);
#683=FACE_OUTER_BOUND('',#1005,.T.);
#684=FACE_OUTER_BOUND('',#1006,.T.);
#685=FACE_OUTER_BOUND('',#1007,.T.);
#686=FACE_OUTER_BOUND('',#1008,.T.);
#687=FACE_OUTER_BOUND('',#1009,.T.);
#688=FACE_OUTER_BOUND('',#1010,.T.);
#689=FACE_OUTER_BOUND('',#1011,.T.);
#690=FACE_OUTER_BOUND('',#1012,.T.);
#691=FACE_OUTER_BOUND('',#1013,.T.);
#692=FACE_OUTER_BOUND('',#1014,.T.);
#693=FACE_OUTER_BOUND('',#1015,.T.);
#694=FACE_OUTER_BOUND('',#1016,.T.);
#695=FACE_OUTER_BOUND('',#1017,.T.);
#696=FACE_OUTER_BOUND('',#1018,.T.);
#697=FACE_OUTER_BOUND('',#1019,.T.);
#698=FACE_OUTER_BOUND('',#1020,.T.);
#699=FACE_OUTER_BOUND('',#1021,.T.);
#700=FACE_OUTER_BOUND('',#1022,.T.);
#701=FACE_OUTER_BOUND('',#1023,.T.);
#702=FACE_OUTER_BOUND('',#1024,.T.);
#703=FACE_OUTER_BOUND('',#1025,.T.);
#704=FACE_OUTER_BOUND('',#1026,.T.);
#705=FACE_OUTER_BOUND('',#1027,.T.);
#706=FACE_OUTER_BOUND('',#1028,.T.);
#707=FACE_OUTER_BOUND('',#1029,.T.);
#708=FACE_OUTER_BOUND('',#1030,.T.);
#709=FACE_OUTER_BOUND('',#1031,.T.);
#710=FACE_OUTER_BOUND('',#1032,.T.);
#711=FACE_OUTER_BOUND('',#1033,.T.);
#712=FACE_OUTER_BOUND('',#1034,.T.);
#713=FACE_OUTER_BOUND('',#1035,.T.);
#714=FACE_OUTER_BOUND('',#1036,.T.);
#715=FACE_OUTER_BOUND('',#1037,.T.);
#716=FACE_OUTER_BOUND('',#1038,.T.);
#717=FACE_OUTER_BOUND('',#1039,.T.);
#718=FACE_OUTER_BOUND('',#1040,.T.);
#719=FACE_OUTER_BOUND('',#1041,.T.);
#720=FACE_OUTER_BOUND('',#1042,.T.);
#721=FACE_OUTER_BOUND('',#1043,.T.);
#722=FACE_OUTER_BOUND('',#1044,.T.);
#723=FACE_OUTER_BOUND('',#1045,.T.);
#724=FACE_OUTER_BOUND('',#1046,.T.);
#725=FACE_OUTER_BOUND('',#1047,.T.);
#726=FACE_OUTER_BOUND('',#1048,.T.);
#727=FACE_OUTER_BOUND('',#1049,.T.);
#728=FACE_OUTER_BOUND('',#1050,.T.);
#729=FACE_OUTER_BOUND('',#1051,.T.);
#730=FACE_OUTER_BOUND('',#1052,.T.);
#731=FACE_OUTER_BOUND('',#1053,.T.);
#732=FACE_OUTER_BOUND('',#1054,.T.);
#733=FACE_OUTER_BOUND('',#1055,.T.);
#734=FACE_OUTER_BOUND('',#1059,.T.);
#735=FACE_OUTER_BOUND('',#1060,.T.);
#736=FACE_OUTER_BOUND('',#1061,.T.);
#737=FACE_OUTER_BOUND('',#1062,.T.);
#738=FACE_OUTER_BOUND('',#1063,.T.);
#739=FACE_OUTER_BOUND('',#1064,.T.);
#740=FACE_OUTER_BOUND('',#1065,.T.);
#741=FACE_OUTER_BOUND('',#1066,.T.);
#742=FACE_OUTER_BOUND('',#1067,.T.);
#743=FACE_OUTER_BOUND('',#1068,.T.);
#744=FACE_OUTER_BOUND('',#1069,.T.);
#745=FACE_OUTER_BOUND('',#1070,.T.);
#746=FACE_OUTER_BOUND('',#1071,.T.);
#747=FACE_OUTER_BOUND('',#1072,.T.);
#748=FACE_OUTER_BOUND('',#1073,.T.);
#749=FACE_OUTER_BOUND('',#1074,.T.);
#750=FACE_OUTER_BOUND('',#1075,.T.);
#751=FACE_OUTER_BOUND('',#1076,.T.);
#752=FACE_OUTER_BOUND('',#1077,.T.);
#753=FACE_OUTER_BOUND('',#1078,.T.);
#754=FACE_OUTER_BOUND('',#1079,.T.);
#755=FACE_OUTER_BOUND('',#1080,.T.);
#756=FACE_OUTER_BOUND('',#1081,.T.);
#757=FACE_OUTER_BOUND('',#1082,.T.);
#758=FACE_OUTER_BOUND('',#1083,.T.);
#759=FACE_OUTER_BOUND('',#1084,.T.);
#760=FACE_OUTER_BOUND('',#1085,.T.);
#761=FACE_OUTER_BOUND('',#1086,.T.);
#762=FACE_OUTER_BOUND('',#1087,.T.);
#763=FACE_OUTER_BOUND('',#1088,.T.);
#764=FACE_OUTER_BOUND('',#1089,.T.);
#765=FACE_OUTER_BOUND('',#1090,.T.);
#766=FACE_OUTER_BOUND('',#1091,.T.);
#767=FACE_OUTER_BOUND('',#1092,.T.);
#768=FACE_OUTER_BOUND('',#1093,.T.);
#769=FACE_OUTER_BOUND('',#1094,.T.);
#770=FACE_OUTER_BOUND('',#1095,.T.);
#771=FACE_OUTER_BOUND('',#1096,.T.);
#772=FACE_OUTER_BOUND('',#1097,.T.);
#773=FACE_OUTER_BOUND('',#1101,.T.);
#774=FACE_OUTER_BOUND('',#1102,.T.);
#775=FACE_OUTER_BOUND('',#1103,.T.);
#776=FACE_OUTER_BOUND('',#1104,.T.);
#777=FACE_OUTER_BOUND('',#1105,.T.);
#778=FACE_OUTER_BOUND('',#1106,.T.);
#779=FACE_OUTER_BOUND('',#1107,.T.);
#780=FACE_OUTER_BOUND('',#1108,.T.);
#781=FACE_OUTER_BOUND('',#1109,.T.);
#782=FACE_OUTER_BOUND('',#1110,.T.);
#783=FACE_OUTER_BOUND('',#1111,.T.);
#784=FACE_OUTER_BOUND('',#1112,.T.);
#785=FACE_OUTER_BOUND('',#1113,.T.);
#786=FACE_OUTER_BOUND('',#1114,.T.);
#787=FACE_OUTER_BOUND('',#1115,.T.);
#788=FACE_OUTER_BOUND('',#1116,.T.);
#789=FACE_OUTER_BOUND('',#1117,.T.);
#790=FACE_OUTER_BOUND('',#1118,.T.);
#791=FACE_OUTER_BOUND('',#1119,.T.);
#792=FACE_OUTER_BOUND('',#1120,.T.);
#793=FACE_OUTER_BOUND('',#1121,.T.);
#794=FACE_OUTER_BOUND('',#1122,.T.);
#795=FACE_OUTER_BOUND('',#1123,.T.);
#796=FACE_OUTER_BOUND('',#1124,.T.);
#797=FACE_OUTER_BOUND('',#1125,.T.);
#798=FACE_OUTER_BOUND('',#1126,.T.);
#799=FACE_OUTER_BOUND('',#1127,.T.);
#800=FACE_OUTER_BOUND('',#1128,.T.);
#801=FACE_OUTER_BOUND('',#1129,.T.);
#802=FACE_OUTER_BOUND('',#1130,.T.);
#803=FACE_OUTER_BOUND('',#1131,.T.);
#804=FACE_OUTER_BOUND('',#1132,.T.);
#805=FACE_OUTER_BOUND('',#1133,.T.);
#806=FACE_OUTER_BOUND('',#1134,.T.);
#807=FACE_OUTER_BOUND('',#1135,.T.);
#808=FACE_OUTER_BOUND('',#1136,.T.);
#809=FACE_OUTER_BOUND('',#1137,.T.);
#810=FACE_OUTER_BOUND('',#1138,.T.);
#811=FACE_OUTER_BOUND('',#1139,.T.);
#812=FACE_OUTER_BOUND('',#1140,.T.);
#813=FACE_OUTER_BOUND('',#1141,.T.);
#814=FACE_OUTER_BOUND('',#1142,.T.);
#815=FACE_OUTER_BOUND('',#1143,.T.);
#816=FACE_OUTER_BOUND('',#1144,.T.);
#817=FACE_OUTER_BOUND('',#1145,.T.);
#818=FACE_OUTER_BOUND('',#1146,.T.);
#819=FACE_OUTER_BOUND('',#1147,.T.);
#820=FACE_OUTER_BOUND('',#1148,.T.);
#821=FACE_OUTER_BOUND('',#1149,.T.);
#822=FACE_OUTER_BOUND('',#1150,.T.);
#823=FACE_OUTER_BOUND('',#1151,.T.);
#824=FACE_OUTER_BOUND('',#1152,.T.);
#825=FACE_OUTER_BOUND('',#1153,.T.);
#826=FACE_OUTER_BOUND('',#1155,.T.);
#827=EDGE_LOOP('',(#3577,#3578,#3579,#3580));
#828=EDGE_LOOP('',(#3581,#3582,#3583,#3584));
#829=EDGE_LOOP('',(#3585,#3586,#3587,#3588,#3589,#3590,#3591,#3592,#3593,
#3594));
#830=EDGE_LOOP('',(#3595,#3596,#3597,#3598));
#831=EDGE_LOOP('',(#3599,#3600,#3601));
#832=EDGE_LOOP('',(#3602,#3603,#3604));
#833=EDGE_LOOP('',(#3605,#3606,#3607,#3608,#3609,#3610));
#834=EDGE_LOOP('',(#3611,#3612,#3613,#3614,#3615,#3616,#3617,#3618,#3619,
#3620,#3621,#3622,#3623,#3624));
#835=EDGE_LOOP('',(#3625,#3626,#3627,#3628,#3629,#3630));
#836=EDGE_LOOP('',(#3631,#3632,#3633,#3634));
#837=EDGE_LOOP('',(#3635,#3636,#3637,#3638));
#838=EDGE_LOOP('',(#3639,#3640,#3641,#3642));
#839=EDGE_LOOP('',(#3643,#3644,#3645,#3646));
#840=EDGE_LOOP('',(#3647,#3648,#3649,#3650));
#841=EDGE_LOOP('',(#3651,#3652,#3653,#3654));
#842=EDGE_LOOP('',(#3655,#3656,#3657,#3658));
#843=EDGE_LOOP('',(#3659,#3660,#3661,#3662));
#844=EDGE_LOOP('',(#3663,#3664,#3665,#3666,#3667,#3668));
#845=EDGE_LOOP('',(#3669,#3670,#3671,#3672));
#846=EDGE_LOOP('',(#3673,#3674,#3675,#3676));
#847=EDGE_LOOP('',(#3677,#3678,#3679,#3680));
#848=EDGE_LOOP('',(#3681,#3682,#3683,#3684,#3685,#3686));
#849=EDGE_LOOP('',(#3687,#3688,#3689,#3690));
#850=EDGE_LOOP('',(#3691,#3692,#3693,#3694));
#851=EDGE_LOOP('',(#3695,#3696,#3697,#3698,#3699,#3700));
#852=EDGE_LOOP('',(#3701,#3702,#3703,#3704,#3705,#3706));
#853=EDGE_LOOP('',(#3707,#3708,#3709,#3710));
#854=EDGE_LOOP('',(#3711,#3712,#3713,#3714,#3715,#3716));
#855=EDGE_LOOP('',(#3717,#3718,#3719,#3720));
#856=EDGE_LOOP('',(#3721,#3722,#3723,#3724));
#857=EDGE_LOOP('',(#3725,#3726,#3727,#3728));
#858=EDGE_LOOP('',(#3729,#3730,#3731,#3732,#3733,#3734));
#859=EDGE_LOOP('',(#3735,#3736,#3737,#3738,#3739,#3740));
#860=EDGE_LOOP('',(#3741,#3742,#3743,#3744));
#861=EDGE_LOOP('',(#3745,#3746,#3747,#3748));
#862=EDGE_LOOP('',(#3749,#3750,#3751,#3752));
#863=EDGE_LOOP('',(#3753,#3754,#3755,#3756,#3757,#3758));
#864=EDGE_LOOP('',(#3759,#3760,#3761,#3762));
#865=EDGE_LOOP('',(#3763,#3764,#3765,#3766));
#866=EDGE_LOOP('',(#3767,#3768,#3769,#3770));
#867=EDGE_LOOP('',(#3771,#3772,#3773,#3774));
#868=EDGE_LOOP('',(#3775,#3776,#3777,#3778));
#869=EDGE_LOOP('',(#3779,#3780,#3781,#3782));
#870=EDGE_LOOP('',(#3783,#3784,#3785,#3786));
#871=EDGE_LOOP('',(#3787,#3788,#3789,#3790));
#872=EDGE_LOOP('',(#3791,#3792,#3793,#3794));
#873=EDGE_LOOP('',(#3795,#3796,#3797,#3798));
#874=EDGE_LOOP('',(#3799,#3800,#3801,#3802));
#875=EDGE_LOOP('',(#3803,#3804,#3805,#3806));
#876=EDGE_LOOP('',(#3807,#3808,#3809,#3810));
#877=EDGE_LOOP('',(#3811,#3812,#3813,#3814));
#878=EDGE_LOOP('',(#3815,#3816,#3817,#3818));
#879=EDGE_LOOP('',(#3819,#3820,#3821,#3822));
#880=EDGE_LOOP('',(#3823,#3824,#3825,#3826));
#881=EDGE_LOOP('',(#3827,#3828,#3829,#3830,#3831,#3832));
#882=EDGE_LOOP('',(#3833,#3834,#3835,#3836));
#883=EDGE_LOOP('',(#3837,#3838,#3839,#3840));
#884=EDGE_LOOP('',(#3841,#3842,#3843,#3844));
#885=EDGE_LOOP('',(#3845,#3846,#3847,#3848,#3849,#3850));
#886=EDGE_LOOP('',(#3851,#3852,#3853,#3854));
#887=EDGE_LOOP('',(#3855,#3856,#3857,#3858));
#888=EDGE_LOOP('',(#3859,#3860,#3861,#3862,#3863,#3864));
#889=EDGE_LOOP('',(#3865,#3866,#3867,#3868,#3869,#3870));
#890=EDGE_LOOP('',(#3871,#3872,#3873,#3874));
#891=EDGE_LOOP('',(#3875,#3876,#3877,#3878));
#892=EDGE_LOOP('',(#3879,#3880,#3881,#3882));
#893=EDGE_LOOP('',(#3883,#3884,#3885,#3886,#3887,#3888));
#894=EDGE_LOOP('',(#3889,#3890,#3891,#3892,#3893,#3894));
#895=EDGE_LOOP('',(#3895,#3896,#3897,#3898));
#896=EDGE_LOOP('',(#3899,#3900,#3901,#3902,#3903,#3904));
#897=EDGE_LOOP('',(#3905,#3906,#3907,#3908));
#898=EDGE_LOOP('',(#3909,#3910,#3911,#3912));
#899=EDGE_LOOP('',(#3913,#3914,#3915,#3916));
#900=EDGE_LOOP('',(#3917,#3918,#3919,#3920,#3921,#3922));
#901=EDGE_LOOP('',(#3923,#3924,#3925,#3926));
#902=EDGE_LOOP('',(#3927,#3928,#3929,#3930));
#903=EDGE_LOOP('',(#3931,#3932,#3933,#3934));
#904=EDGE_LOOP('',(#3935,#3936,#3937,#3938));
#905=EDGE_LOOP('',(#3939,#3940,#3941,#3942));
#906=EDGE_LOOP('',(#3943,#3944,#3945,#3946));
#907=EDGE_LOOP('',(#3947,#3948,#3949,#3950));
#908=EDGE_LOOP('',(#3951,#3952,#3953,#3954));
#909=EDGE_LOOP('',(#3955,#3956,#3957,#3958));
#910=EDGE_LOOP('',(#3959,#3960,#3961,#3962,#3963,#3964,#3965,#3966,#3967,
#3968,#3969,#3970,#3971,#3972,#3973,#3974,#3975,#3976,#3977,#3978,#3979,
#3980,#3981,#3982,#3983,#3984,#3985,#3986,#3987,#3988,#3989,#3990,#3991,
#3992,#3993,#3994,#3995,#3996,#3997,#3998,#3999,#4000,#4001,#4002,#4003,
#4004,#4005,#4006,#4007,#4008,#4009,#4010,#4011,#4012,#4013,#4014,#4015,
#4016,#4017,#4018,#4019,#4020,#4021,#4022,#4023,#4024,#4025,#4026));
#911=EDGE_LOOP('',(#4027,#4028,#4029,#4030,#4031,#4032,#4033,#4034,#4035,
#4036,#4037,#4038,#4039,#4040,#4041,#4042,#4043,#4044,#4045,#4046,#4047,
#4048,#4049,#4050,#4051,#4052,#4053,#4054,#4055,#4056,#4057,#4058,#4059,
#4060,#4061,#4062,#4063,#4064,#4065,#4066,#4067,#4068,#4069,#4070,#4071,
#4072,#4073,#4074,#4075,#4076,#4077,#4078,#4079,#4080,#4081,#4082,#4083,
#4084,#4085,#4086,#4087,#4088,#4089,#4090,#4091,#4092,#4093,#4094,#4095,
#4096,#4097,#4098,#4099,#4100,#4101,#4102));
#912=EDGE_LOOP('',(#4103,#4104,#4105,#4106));
#913=EDGE_LOOP('',(#4107,#4108,#4109,#4110));
#914=EDGE_LOOP('',(#4111,#4112,#4113,#4114));
#915=EDGE_LOOP('',(#4115,#4116,#4117,#4118));
#916=EDGE_LOOP('',(#4119,#4120,#4121,#4122));
#917=EDGE_LOOP('',(#4123,#4124,#4125,#4126));
#918=EDGE_LOOP('',(#4127,#4128,#4129,#4130));
#919=EDGE_LOOP('',(#4131,#4132,#4133,#4134));
#920=EDGE_LOOP('',(#4135,#4136,#4137,#4138,#4139,#4140,#4141,#4142,#4143,
#4144,#4145,#4146,#4147,#4148,#4149,#4150,#4151,#4152,#4153,#4154,#4155,
#4156,#4157,#4158,#4159,#4160,#4161,#4162,#4163,#4164,#4165,#4166,#4167,
#4168,#4169,#4170,#4171,#4172,#4173,#4174,#4175,#4176,#4177,#4178,#4179,
#4180,#4181,#4182,#4183,#4184,#4185,#4186,#4187,#4188,#4189,#4190,#4191,
#4192,#4193,#4194));
#921=EDGE_LOOP('',(#4195,#4196,#4197,#4198,#4199,#4200,#4201,#4202,#4203,
#4204,#4205,#4206,#4207,#4208,#4209,#4210,#4211,#4212));
#922=EDGE_LOOP('',(#4213,#4214,#4215,#4216));
#923=EDGE_LOOP('',(#4217,#4218,#4219,#4220));
#924=EDGE_LOOP('',(#4221,#4222,#4223,#4224));
#925=EDGE_LOOP('',(#4225,#4226,#4227,#4228));
#926=EDGE_LOOP('',(#4229,#4230,#4231,#4232));
#927=EDGE_LOOP('',(#4233,#4234,#4235,#4236));
#928=EDGE_LOOP('',(#4237,#4238,#4239,#4240));
#929=EDGE_LOOP('',(#4241,#4242,#4243,#4244));
#930=EDGE_LOOP('',(#4245,#4246,#4247,#4248));
#931=EDGE_LOOP('',(#4249,#4250,#4251,#4252));
#932=EDGE_LOOP('',(#4253,#4254,#4255,#4256));
#933=EDGE_LOOP('',(#4257,#4258,#4259,#4260));
#934=EDGE_LOOP('',(#4261,#4262,#4263,#4264));
#935=EDGE_LOOP('',(#4265,#4266,#4267,#4268));
#936=EDGE_LOOP('',(#4269,#4270,#4271,#4272));
#937=EDGE_LOOP('',(#4273,#4274,#4275,#4276));
#938=EDGE_LOOP('',(#4277,#4278,#4279,#4280));
#939=EDGE_LOOP('',(#4281,#4282,#4283,#4284));
#940=EDGE_LOOP('',(#4285,#4286,#4287,#4288));
#941=EDGE_LOOP('',(#4289,#4290,#4291,#4292));
#942=EDGE_LOOP('',(#4293,#4294,#4295,#4296));
#943=EDGE_LOOP('',(#4297,#4298,#4299,#4300));
#944=EDGE_LOOP('',(#4301,#4302,#4303,#4304));
#945=EDGE_LOOP('',(#4305,#4306,#4307,#4308));
#946=EDGE_LOOP('',(#4309,#4310,#4311,#4312));
#947=EDGE_LOOP('',(#4313,#4314,#4315,#4316));
#948=EDGE_LOOP('',(#4317,#4318,#4319,#4320,#4321,#4322,#4323,#4324,#4325,
#4326,#4327,#4328,#4329,#4330,#4331,#4332));
#949=EDGE_LOOP('',(#4333,#4334,#4335,#4336));
#950=EDGE_LOOP('',(#4337,#4338,#4339,#4340));
#951=EDGE_LOOP('',(#4341,#4342,#4343,#4344));
#952=EDGE_LOOP('',(#4345,#4346,#4347,#4348));
#953=EDGE_LOOP('',(#4349,#4350,#4351,#4352));
#954=EDGE_LOOP('',(#4353,#4354,#4355,#4356));
#955=EDGE_LOOP('',(#4357,#4358,#4359,#4360));
#956=EDGE_LOOP('',(#4361,#4362,#4363,#4364));
#957=EDGE_LOOP('',(#4365,#4366,#4367,#4368));
#958=EDGE_LOOP('',(#4369,#4370,#4371,#4372));
#959=EDGE_LOOP('',(#4373,#4374,#4375,#4376));
#960=EDGE_LOOP('',(#4377,#4378,#4379,#4380));
#961=EDGE_LOOP('',(#4381,#4382,#4383,#4384));
#962=EDGE_LOOP('',(#4385,#4386,#4387,#4388));
#963=EDGE_LOOP('',(#4389,#4390,#4391,#4392,#4393));
#964=EDGE_LOOP('',(#4394,#4395,#4396,#4397,#4398));
#965=EDGE_LOOP('',(#4399,#4400,#4401,#4402));
#966=EDGE_LOOP('',(#4403,#4404,#4405,#4406));
#967=EDGE_LOOP('',(#4407,#4408,#4409,#4410,#4411,#4412,#4413,#4414));
#968=EDGE_LOOP('',(#4415,#4416,#4417,#4418,#4419,#4420,#4421,#4422));
#969=EDGE_LOOP('',(#4423,#4424,#4425,#4426));
#970=EDGE_LOOP('',(#4427,#4428,#4429,#4430));
#971=EDGE_LOOP('',(#4431,#4432,#4433,#4434));
#972=EDGE_LOOP('',(#4435,#4436,#4437,#4438));
#973=EDGE_LOOP('',(#4439,#4440,#4441,#4442));
#974=EDGE_LOOP('',(#4443,#4444,#4445,#4446,#4447,#4448,#4449,#4450,#4451,
#4452,#4453,#4454,#4455));
#975=EDGE_LOOP('',(#4456));
#976=EDGE_LOOP('',(#4457,#4458,#4459,#4460));
#977=EDGE_LOOP('',(#4461));
#978=EDGE_LOOP('',(#4462,#4463,#4464,#4465));
#979=EDGE_LOOP('',(#4466,#4467,#4468,#4469,#4470,#4471));
#980=EDGE_LOOP('',(#4472));
#981=EDGE_LOOP('',(#4473));
#982=EDGE_LOOP('',(#4474));
#983=EDGE_LOOP('',(#4475,#4476,#4477,#4478,#4479));
#984=EDGE_LOOP('',(#4480,#4481,#4482,#4483));
#985=EDGE_LOOP('',(#4484,#4485,#4486,#4487,#4488,#4489,#4490,#4491,#4492,
#4493,#4494,#4495,#4496));
#986=EDGE_LOOP('',(#4497,#4498,#4499,#4500,#4501));
#987=EDGE_LOOP('',(#4502,#4503,#4504,#4505));
#988=EDGE_LOOP('',(#4506,#4507,#4508,#4509));
#989=EDGE_LOOP('',(#4510,#4511,#4512,#4513,#4514));
#990=EDGE_LOOP('',(#4515,#4516,#4517,#4518));
#991=EDGE_LOOP('',(#4519,#4520,#4521,#4522,#4523));
#992=EDGE_LOOP('',(#4524,#4525,#4526,#4527));
#993=EDGE_LOOP('',(#4528,#4529,#4530,#4531));
#994=EDGE_LOOP('',(#4532,#4533,#4534,#4535));
#995=EDGE_LOOP('',(#4536,#4537,#4538,#4539));
#996=EDGE_LOOP('',(#4540,#4541,#4542,#4543));
#997=EDGE_LOOP('',(#4544,#4545,#4546,#4547));
#998=EDGE_LOOP('',(#4548,#4549,#4550,#4551));
#999=EDGE_LOOP('',(#4552,#4553,#4554,#4555));
#1000=EDGE_LOOP('',(#4556,#4557,#4558,#4559));
#1001=EDGE_LOOP('',(#4560,#4561,#4562,#4563));
#1002=EDGE_LOOP('',(#4564,#4565,#4566,#4567));
#1003=EDGE_LOOP('',(#4568,#4569,#4570,#4571));
#1004=EDGE_LOOP('',(#4572,#4573,#4574,#4575));
#1005=EDGE_LOOP('',(#4576,#4577,#4578,#4579));
#1006=EDGE_LOOP('',(#4580,#4581,#4582,#4583));
#1007=EDGE_LOOP('',(#4584,#4585,#4586,#4587));
#1008=EDGE_LOOP('',(#4588,#4589,#4590,#4591));
#1009=EDGE_LOOP('',(#4592,#4593,#4594,#4595));
#1010=EDGE_LOOP('',(#4596,#4597,#4598,#4599));
#1011=EDGE_LOOP('',(#4600));
#1012=EDGE_LOOP('',(#4601,#4602,#4603,#4604));
#1013=EDGE_LOOP('',(#4605,#4606,#4607,#4608));
#1014=EDGE_LOOP('',(#4609,#4610,#4611,#4612));
#1015=EDGE_LOOP('',(#4613,#4614,#4615,#4616));
#1016=EDGE_LOOP('',(#4617,#4618,#4619,#4620));
#1017=EDGE_LOOP('',(#4621,#4622,#4623,#4624));
#1018=EDGE_LOOP('',(#4625,#4626,#4627,#4628));
#1019=EDGE_LOOP('',(#4629,#4630,#4631,#4632));
#1020=EDGE_LOOP('',(#4633,#4634,#4635,#4636));
#1021=EDGE_LOOP('',(#4637,#4638,#4639,#4640));
#1022=EDGE_LOOP('',(#4641,#4642,#4643,#4644));
#1023=EDGE_LOOP('',(#4645,#4646,#4647,#4648));
#1024=EDGE_LOOP('',(#4649,#4650,#4651,#4652));
#1025=EDGE_LOOP('',(#4653,#4654,#4655,#4656));
#1026=EDGE_LOOP('',(#4657,#4658,#4659,#4660,#4661,#4662));
#1027=EDGE_LOOP('',(#4663,#4664,#4665,#4666));
#1028=EDGE_LOOP('',(#4667,#4668,#4669,#4670));
#1029=EDGE_LOOP('',(#4671,#4672,#4673,#4674));
#1030=EDGE_LOOP('',(#4675,#4676,#4677,#4678,#4679,#4680));
#1031=EDGE_LOOP('',(#4681,#4682,#4683,#4684,#4685,#4686));
#1032=EDGE_LOOP('',(#4687,#4688,#4689,#4690));
#1033=EDGE_LOOP('',(#4691,#4692,#4693,#4694,#4695,#4696));
#1034=EDGE_LOOP('',(#4697,#4698,#4699,#4700));
#1035=EDGE_LOOP('',(#4701,#4702,#4703,#4704));
#1036=EDGE_LOOP('',(#4705,#4706,#4707,#4708));
#1037=EDGE_LOOP('',(#4709,#4710,#4711,#4712));
#1038=EDGE_LOOP('',(#4713,#4714,#4715,#4716));
#1039=EDGE_LOOP('',(#4717,#4718,#4719,#4720));
#1040=EDGE_LOOP('',(#4721,#4722,#4723,#4724));
#1041=EDGE_LOOP('',(#4725,#4726,#4727,#4728));
#1042=EDGE_LOOP('',(#4729,#4730,#4731,#4732));
#1043=EDGE_LOOP('',(#4733,#4734,#4735,#4736));
#1044=EDGE_LOOP('',(#4737,#4738,#4739,#4740,#4741,#4742));
#1045=EDGE_LOOP('',(#4743,#4744,#4745,#4746));
#1046=EDGE_LOOP('',(#4747,#4748,#4749,#4750));
#1047=EDGE_LOOP('',(#4751,#4752,#4753,#4754));
#1048=EDGE_LOOP('',(#4755,#4756,#4757,#4758));
#1049=EDGE_LOOP('',(#4759,#4760,#4761,#4762,#4763,#4764));
#1050=EDGE_LOOP('',(#4765,#4766,#4767,#4768));
#1051=EDGE_LOOP('',(#4769,#4770,#4771,#4772));
#1052=EDGE_LOOP('',(#4773,#4774,#4775,#4776));
#1053=EDGE_LOOP('',(#4777,#4778,#4779,#4780,#4781,#4782,#4783,#4784,#4785,
#4786,#4787,#4788,#4789,#4790,#4791,#4792,#4793,#4794,#4795,#4796,#4797,
#4798,#4799,#4800,#4801,#4802,#4803,#4804,#4805,#4806,#4807,#4808,#4809,
#4810,#4811,#4812,#4813,#4814,#4815,#4816,#4817,#4818,#4819,#4820,#4821,
#4822,#4823,#4824,#4825,#4826,#4827,#4828,#4829,#4830,#4831,#4832,#4833,
#4834,#4835,#4836,#4837,#4838,#4839,#4840,#4841,#4842,#4843,#4844));
#1054=EDGE_LOOP('',(#4845,#4846,#4847,#4848));
#1055=EDGE_LOOP('',(#4849,#4850,#4851,#4852,#4853,#4854));
#1056=EDGE_LOOP('',(#4855));
#1057=EDGE_LOOP('',(#4856));
#1058=EDGE_LOOP('',(#4857));
#1059=EDGE_LOOP('',(#4858,#4859,#4860,#4861));
#1060=EDGE_LOOP('',(#4862,#4863,#4864,#4865));
#1061=EDGE_LOOP('',(#4866,#4867,#4868,#4869));
#1062=EDGE_LOOP('',(#4870,#4871,#4872,#4873));
#1063=EDGE_LOOP('',(#4874,#4875,#4876,#4877));
#1064=EDGE_LOOP('',(#4878,#4879,#4880,#4881));
#1065=EDGE_LOOP('',(#4882,#4883,#4884,#4885));
#1066=EDGE_LOOP('',(#4886,#4887,#4888,#4889));
#1067=EDGE_LOOP('',(#4890,#4891,#4892,#4893,#4894,#4895));
#1068=EDGE_LOOP('',(#4896,#4897,#4898,#4899));
#1069=EDGE_LOOP('',(#4900,#4901,#4902,#4903));
#1070=EDGE_LOOP('',(#4904,#4905,#4906,#4907));
#1071=EDGE_LOOP('',(#4908,#4909,#4910,#4911,#4912,#4913));
#1072=EDGE_LOOP('',(#4914,#4915,#4916,#4917,#4918,#4919));
#1073=EDGE_LOOP('',(#4920,#4921,#4922,#4923));
#1074=EDGE_LOOP('',(#4924,#4925,#4926,#4927,#4928,#4929));
#1075=EDGE_LOOP('',(#4930,#4931,#4932,#4933));
#1076=EDGE_LOOP('',(#4934,#4935,#4936,#4937));
#1077=EDGE_LOOP('',(#4938,#4939,#4940,#4941));
#1078=EDGE_LOOP('',(#4942,#4943,#4944,#4945));
#1079=EDGE_LOOP('',(#4946,#4947,#4948,#4949));
#1080=EDGE_LOOP('',(#4950,#4951,#4952,#4953));
#1081=EDGE_LOOP('',(#4954,#4955,#4956,#4957));
#1082=EDGE_LOOP('',(#4958,#4959,#4960,#4961));
#1083=EDGE_LOOP('',(#4962,#4963,#4964,#4965));
#1084=EDGE_LOOP('',(#4966,#4967,#4968,#4969));
#1085=EDGE_LOOP('',(#4970,#4971,#4972,#4973,#4974,#4975));
#1086=EDGE_LOOP('',(#4976,#4977,#4978,#4979));
#1087=EDGE_LOOP('',(#4980,#4981,#4982,#4983));
#1088=EDGE_LOOP('',(#4984,#4985,#4986,#4987));
#1089=EDGE_LOOP('',(#4988,#4989,#4990,#4991,#4992,#4993));
#1090=EDGE_LOOP('',(#4994,#4995,#4996,#4997));
#1091=EDGE_LOOP('',(#4998,#4999,#5000,#5001));
#1092=EDGE_LOOP('',(#5002,#5003,#5004,#5005));
#1093=EDGE_LOOP('',(#5006,#5007,#5008,#5009));
#1094=EDGE_LOOP('',(#5010,#5011,#5012,#5013));
#1095=EDGE_LOOP('',(#5014,#5015,#5016,#5017));
#1096=EDGE_LOOP('',(#5018,#5019,#5020,#5021));
#1097=EDGE_LOOP('',(#5022,#5023,#5024,#5025,#5026,#5027,#5028,#5029));
#1098=EDGE_LOOP('',(#5030));
#1099=EDGE_LOOP('',(#5031));
#1100=EDGE_LOOP('',(#5032));
#1101=EDGE_LOOP('',(#5033,#5034,#5035,#5036));
#1102=EDGE_LOOP('',(#5037,#5038,#5039,#5040));
#1103=EDGE_LOOP('',(#5041,#5042,#5043,#5044));
#1104=EDGE_LOOP('',(#5045,#5046,#5047,#5048));
#1105=EDGE_LOOP('',(#5049,#5050,#5051,#5052));
#1106=EDGE_LOOP('',(#5053,#5054,#5055,#5056));
#1107=EDGE_LOOP('',(#5057,#5058,#5059,#5060));
#1108=EDGE_LOOP('',(#5061,#5062,#5063,#5064));
#1109=EDGE_LOOP('',(#5065,#5066,#5067,#5068));
#1110=EDGE_LOOP('',(#5069,#5070,#5071,#5072));
#1111=EDGE_LOOP('',(#5073,#5074,#5075,#5076));
#1112=EDGE_LOOP('',(#5077,#5078,#5079,#5080));
#1113=EDGE_LOOP('',(#5081,#5082,#5083,#5084,#5085,#5086,#5087,#5088,#5089,
#5090,#5091,#5092));
#1114=EDGE_LOOP('',(#5093,#5094,#5095,#5096));
#1115=EDGE_LOOP('',(#5097,#5098,#5099,#5100));
#1116=EDGE_LOOP('',(#5101,#5102,#5103,#5104));
#1117=EDGE_LOOP('',(#5105,#5106,#5107,#5108));
#1118=EDGE_LOOP('',(#5109,#5110,#5111,#5112));
#1119=EDGE_LOOP('',(#5113,#5114,#5115,#5116));
#1120=EDGE_LOOP('',(#5117,#5118,#5119,#5120));
#1121=EDGE_LOOP('',(#5121,#5122,#5123,#5124));
#1122=EDGE_LOOP('',(#5125,#5126,#5127,#5128));
#1123=EDGE_LOOP('',(#5129,#5130,#5131,#5132));
#1124=EDGE_LOOP('',(#5133,#5134,#5135,#5136));
#1125=EDGE_LOOP('',(#5137,#5138,#5139,#5140));
#1126=EDGE_LOOP('',(#5141,#5142,#5143,#5144));
#1127=EDGE_LOOP('',(#5145,#5146,#5147,#5148));
#1128=EDGE_LOOP('',(#5149,#5150,#5151,#5152));
#1129=EDGE_LOOP('',(#5153,#5154,#5155,#5156));
#1130=EDGE_LOOP('',(#5157,#5158,#5159,#5160));
#1131=EDGE_LOOP('',(#5161,#5162,#5163,#5164));
#1132=EDGE_LOOP('',(#5165,#5166,#5167,#5168,#5169,#5170));
#1133=EDGE_LOOP('',(#5171,#5172,#5173,#5174));
#1134=EDGE_LOOP('',(#5175,#5176,#5177,#5178,#5179,#5180));
#1135=EDGE_LOOP('',(#5181,#5182,#5183,#5184));
#1136=EDGE_LOOP('',(#5185,#5186,#5187,#5188));
#1137=EDGE_LOOP('',(#5189,#5190,#5191,#5192));
#1138=EDGE_LOOP('',(#5193,#5194,#5195,#5196));
#1139=EDGE_LOOP('',(#5197,#5198,#5199,#5200));
#1140=EDGE_LOOP('',(#5201,#5202,#5203,#5204));
#1141=EDGE_LOOP('',(#5205,#5206,#5207,#5208));
#1142=EDGE_LOOP('',(#5209,#5210,#5211,#5212));
#1143=EDGE_LOOP('',(#5213,#5214,#5215,#5216));
#1144=EDGE_LOOP('',(#5217,#5218,#5219,#5220,#5221,#5222,#5223,#5224));
#1145=EDGE_LOOP('',(#5225,#5226,#5227,#5228));
#1146=EDGE_LOOP('',(#5229,#5230,#5231,#5232));
#1147=EDGE_LOOP('',(#5233,#5234,#5235,#5236));
#1148=EDGE_LOOP('',(#5237,#5238,#5239,#5240));
#1149=EDGE_LOOP('',(#5241,#5242,#5243,#5244));
#1150=EDGE_LOOP('',(#5245,#5246,#5247,#5248));
#1151=EDGE_LOOP('',(#5249,#5250,#5251,#5252));
#1152=EDGE_LOOP('',(#5253,#5254,#5255,#5256));
#1153=EDGE_LOOP('',(#5257,#5258,#5259,#5260,#5261,#5262,#5263,#5264));
#1154=EDGE_LOOP('',(#5265,#5266,#5267,#5268,#5269,#5270,#5271,#5272));
#1155=EDGE_LOOP('',(#5273,#5274,#5275,#5276,#5277,#5278,#5279,#5280));
#1156=LINE('',#7783,#1661);
#1157=LINE('',#7785,#1662);
#1158=LINE('',#7787,#1663);
#1159=LINE('',#7788,#1664);
#1160=LINE('',#7792,#1665);
#1161=LINE('',#7794,#1666);
#1162=LINE('',#7796,#1667);
#1163=LINE('',#7797,#1668);
#1164=LINE('',#7800,#1669);
#1165=LINE('',#7802,#1670);
#1166=LINE('',#7804,#1671);
#1167=LINE('',#7806,#1672);
#1168=LINE('',#7808,#1673);
#1169=LINE('',#7809,#1674);
#1170=LINE('',#7811,#1675);
#1171=LINE('',#7812,#1676);
#1172=LINE('',#7815,#1677);
#1173=LINE('',#7817,#1678);
#1174=LINE('',#7818,#1679);
#1175=LINE('',#7820,#1680);
#1176=LINE('',#7822,#1681);
#1177=LINE('',#7825,#1682);
#1178=LINE('',#7827,#1683);
#1179=LINE('',#7829,#1684);
#1180=LINE('',#7830,#1685);
#1181=LINE('',#7833,#1686);
#1182=LINE('',#7835,#1687);
#1183=LINE('',#7836,#1688);
#1184=LINE('',#7838,#1689);
#1185=LINE('',#7840,#1690);
#1186=LINE('',#7842,#1691);
#1187=LINE('',#7844,#1692);
#1188=LINE('',#7845,#1693);
#1189=LINE('',#7847,#1694);
#1190=LINE('',#7848,#1695);
#1191=LINE('',#7851,#1696);
#1192=LINE('',#7853,#1697);
#1193=LINE('',#7854,#1698);
#1194=LINE('',#7858,#1699);
#1195=LINE('',#7860,#1700);
#1196=LINE('',#7863,#1701);
#1197=LINE('',#7888,#1702);
#1198=LINE('',#7891,#1703);
#1199=LINE('',#7894,#1704);
#1200=LINE('',#7921,#1705);
#1201=LINE('',#7923,#1706);
#1202=LINE('',#7926,#1707);
#1203=LINE('',#7952,#1708);
#1204=LINE('',#7955,#1709);
#1205=LINE('',#7958,#1710);
#1206=LINE('',#7986,#1711);
#1207=LINE('',#7990,#1712);
#1208=LINE('',#7992,#1713);
#1209=LINE('',#7993,#1714);
#1210=LINE('',#7999,#1715);
#1211=LINE('',#8050,#1716);
#1212=LINE('',#8105,#1717);
#1213=LINE('',#8121,#1718);
#1214=LINE('',#8123,#1719);
#1215=LINE('',#8172,#1720);
#1216=LINE('',#8190,#1721);
#1217=LINE('',#8245,#1722);
#1218=LINE('',#8252,#1723);
#1219=LINE('',#8254,#1724);
#1220=LINE('',#8255,#1725);
#1221=LINE('',#8260,#1726);
#1222=LINE('',#8262,#1727);
#1223=LINE('',#8264,#1728);
#1224=LINE('',#8274,#1729);
#1225=LINE('',#8278,#1730);
#1226=LINE('',#8280,#1731);
#1227=LINE('',#8281,#1732);
#1228=LINE('',#8287,#1733);
#1229=LINE('',#8330,#1734);
#1230=LINE('',#8389,#1735);
#1231=LINE('',#8409,#1736);
#1232=LINE('',#8411,#1737);
#1233=LINE('',#8418,#1738);
#1234=LINE('',#8422,#1739);
#1235=LINE('',#8424,#1740);
#1236=LINE('',#8425,#1741);
#1237=LINE('',#8431,#1742);
#1238=LINE('',#8482,#1743);
#1239=LINE('',#8537,#1744);
#1240=LINE('',#8553,#1745);
#1241=LINE('',#8555,#1746);
#1242=LINE('',#8562,#1747);
#1243=LINE('',#8565,#1748);
#1244=LINE('',#8569,#1749);
#1245=LINE('',#8571,#1750);
#1246=LINE('',#8574,#1751);
#1247=LINE('',#8600,#1752);
#1248=LINE('',#8603,#1753);
#1249=LINE('',#8606,#1754);
#1250=LINE('',#8632,#1755);
#1251=LINE('',#8634,#1756);
#1252=LINE('',#8637,#1757);
#1253=LINE('',#8662,#1758);
#1254=LINE('',#8665,#1759);
#1255=LINE('',#8668,#1760);
#1256=LINE('',#8695,#1761);
#1257=LINE('',#8697,#1762);
#1258=LINE('',#8700,#1763);
#1259=LINE('',#8725,#1764);
#1260=LINE('',#8728,#1765);
#1261=LINE('',#8731,#1766);
#1262=LINE('',#8758,#1767);
#1263=LINE('',#8760,#1768);
#1264=LINE('',#8763,#1769);
#1265=LINE('',#8789,#1770);
#1266=LINE('',#8792,#1771);
#1267=LINE('',#8795,#1772);
#1268=LINE('',#8823,#1773);
#1269=LINE('',#8827,#1774);
#1270=LINE('',#8829,#1775);
#1271=LINE('',#8830,#1776);
#1272=LINE('',#8836,#1777);
#1273=LINE('',#8887,#1778);
#1274=LINE('',#8942,#1779);
#1275=LINE('',#8958,#1780);
#1276=LINE('',#8960,#1781);
#1277=LINE('',#9009,#1782);
#1278=LINE('',#9027,#1783);
#1279=LINE('',#9082,#1784);
#1280=LINE('',#9089,#1785);
#1281=LINE('',#9091,#1786);
#1282=LINE('',#9092,#1787);
#1283=LINE('',#9097,#1788);
#1284=LINE('',#9099,#1789);
#1285=LINE('',#9101,#1790);
#1286=LINE('',#9153,#1791);
#1287=LINE('',#9171,#1792);
#1288=LINE('',#9226,#1793);
#1289=LINE('',#9233,#1794);
#1290=LINE('',#9235,#1795);
#1291=LINE('',#9236,#1796);
#1292=LINE('',#9241,#1797);
#1293=LINE('',#9243,#1798);
#1294=LINE('',#9245,#1799);
#1295=LINE('',#9255,#1800);
#1296=LINE('',#9259,#1801);
#1297=LINE('',#9261,#1802);
#1298=LINE('',#9262,#1803);
#1299=LINE('',#9268,#1804);
#1300=LINE('',#9319,#1805);
#1301=LINE('',#9374,#1806);
#1302=LINE('',#9390,#1807);
#1303=LINE('',#9392,#1808);
#1304=LINE('',#9399,#1809);
#1305=LINE('',#9402,#1810);
#1306=LINE('',#9406,#1811);
#1307=LINE('',#9408,#1812);
#1308=LINE('',#9411,#1813);
#1309=LINE('',#9437,#1814);
#1310=LINE('',#9440,#1815);
#1311=LINE('',#9443,#1816);
#1312=LINE('',#9469,#1817);
#1313=LINE('',#9471,#1818);
#1314=LINE('',#9474,#1819);
#1315=LINE('',#9499,#1820);
#1316=LINE('',#9502,#1821);
#1317=LINE('',#9505,#1822);
#1318=LINE('',#9530,#1823);
#1319=LINE('',#9531,#1824);
#1320=LINE('',#9532,#1825);
#1321=LINE('',#9533,#1826);
#1322=LINE('',#9534,#1827);
#1323=LINE('',#9535,#1828);
#1324=LINE('',#9536,#1829);
#1325=LINE('',#9538,#1830);
#1326=LINE('',#9571,#1831);
#1327=LINE('',#9604,#1832);
#1328=LINE('',#9637,#1833);
#1329=LINE('',#9641,#1834);
#1330=LINE('',#9645,#1835);
#1331=LINE('',#9678,#1836);
#1332=LINE('',#9711,#1837);
#1333=LINE('',#9743,#1838);
#1334=LINE('',#9746,#1839);
#1335=LINE('',#9749,#1840);
#1336=LINE('',#9751,#1841);
#1337=LINE('',#9754,#1842);
#1338=LINE('',#9756,#1843);
#1339=LINE('',#9759,#1844);
#1340=LINE('',#9761,#1845);
#1341=LINE('',#9763,#1846);
#1342=LINE('',#9765,#1847);
#1343=LINE('',#9769,#1848);
#1344=LINE('',#9771,#1849);
#1345=LINE('',#9775,#1850);
#1346=LINE('',#9779,#1851);
#1347=LINE('',#9783,#1852);
#1348=LINE('',#9787,#1853);
#1349=LINE('',#9789,#1854);
#1350=LINE('',#9793,#1855);
#1351=LINE('',#9795,#1856);
#1352=LINE('',#9796,#1857);
#1353=LINE('',#9798,#1858);
#1354=LINE('',#9801,#1859);
#1355=LINE('',#9803,#1860);
#1356=LINE('',#9806,#1861);
#1357=LINE('',#9808,#1862);
#1358=LINE('',#9811,#1863);
#1359=LINE('',#9814,#1864);
#1360=LINE('',#9818,#1865);
#1361=LINE('',#9822,#1866);
#1362=LINE('',#9826,#1867);
#1363=LINE('',#9830,#1868);
#1364=LINE('',#9834,#1869);
#1365=LINE('',#9837,#1870);
#1366=LINE('',#9839,#1871);
#1367=LINE('',#9842,#1872);
#1368=LINE('',#9844,#1873);
#1369=LINE('',#9848,#1874);
#1370=LINE('',#9852,#1875);
#1371=LINE('',#9856,#1876);
#1372=LINE('',#9860,#1877);
#1373=LINE('',#9864,#1878);
#1374=LINE('',#9868,#1879);
#1375=LINE('',#9871,#1880);
#1376=LINE('',#9872,#1881);
#1377=LINE('',#9873,#1882);
#1378=LINE('',#9874,#1883);
#1379=LINE('',#9875,#1884);
#1380=LINE('',#9876,#1885);
#1381=LINE('',#9877,#1886);
#1382=LINE('',#9879,#1887);
#1383=LINE('',#9881,#1888);
#1384=LINE('',#9885,#1889);
#1385=LINE('',#9887,#1890);
#1386=LINE('',#9889,#1891);
#1387=LINE('',#9893,#1892);
#1388=LINE('',#9895,#1893);
#1389=LINE('',#9897,#1894);
#1390=LINE('',#9901,#1895);
#1391=LINE('',#9903,#1896);
#1392=LINE('',#9905,#1897);
#1393=LINE('',#9907,#1898);
#1394=LINE('',#9909,#1899);
#1395=LINE('',#9911,#1900);
#1396=LINE('',#9913,#1901);
#1397=LINE('',#9917,#1902);
#1398=LINE('',#9919,#1903);
#1399=LINE('',#9921,#1904);
#1400=LINE('',#9925,#1905);
#1401=LINE('',#9927,#1906);
#1402=LINE('',#9929,#1907);
#1403=LINE('',#9933,#1908);
#1404=LINE('',#9934,#1909);
#1405=LINE('',#9938,#1910);
#1406=LINE('',#9942,#1911);
#1407=LINE('',#9944,#1912);
#1408=LINE('',#9946,#1913);
#1409=LINE('',#9948,#1914);
#1410=LINE('',#9950,#1915);
#1411=LINE('',#9952,#1916);
#1412=LINE('',#9954,#1917);
#1413=LINE('',#9956,#1918);
#1414=LINE('',#9958,#1919);
#1415=LINE('',#9962,#1920);
#1416=LINE('',#9965,#1921);
#1417=LINE('',#9966,#1922);
#1418=LINE('',#9968,#1923);
#1419=LINE('',#9969,#1924);
#1420=LINE('',#9974,#1925);
#1421=LINE('',#9977,#1926);
#1422=LINE('',#9980,#1927);
#1423=LINE('',#9984,#1928);
#1424=LINE('',#9990,#1929);
#1425=LINE('',#9993,#1930);
#1426=LINE('',#9998,#1931);
#1427=LINE('',#10001,#1932);
#1428=LINE('',#10004,#1933);
#1429=LINE('',#10008,#1934);
#1430=LINE('',#10014,#1935);
#1431=LINE('',#10017,#1936);
#1432=LINE('',#10020,#1937);
#1433=LINE('',#10024,#1938);
#1434=LINE('',#10030,#1939);
#1435=LINE('',#10033,#1940);
#1436=LINE('',#10038,#1941);
#1437=LINE('',#10041,#1942);
#1438=LINE('',#10046,#1943);
#1439=LINE('',#10049,#1944);
#1440=LINE('',#10052,#1945);
#1441=LINE('',#10056,#1946);
#1442=LINE('',#10062,#1947);
#1443=LINE('',#10065,#1948);
#1444=LINE('',#10070,#1949);
#1445=LINE('',#10073,#1950);
#1446=LINE('',#10078,#1951);
#1447=LINE('',#10081,#1952);
#1448=LINE('',#10083,#1953);
#1449=LINE('',#10086,#1954);
#1450=LINE('',#10088,#1955);
#1451=LINE('',#10091,#1956);
#1452=LINE('',#10095,#1957);
#1453=LINE('',#10133,#1958);
#1454=LINE('',#10475,#1959);
#1455=LINE('',#10478,#1960);
#1456=LINE('',#10481,#1961);
#1457=LINE('',#10484,#1962);
#1458=LINE('',#10486,#1963);
#1459=LINE('',#10489,#1964);
#1460=LINE('',#10490,#1965);
#1461=LINE('',#10493,#1966);
#1462=LINE('',#10497,#1967);
#1463=LINE('',#10501,#1968);
#1464=LINE('',#10506,#1969);
#1465=LINE('',#10510,#1970);
#1466=LINE('',#10523,#1971);
#1467=LINE('',#10534,#1972);
#1468=LINE('',#10535,#1973);
#1469=LINE('',#10544,#1974);
#1470=LINE('',#10546,#1975);
#1471=LINE('',#10549,#1976);
#1472=LINE('',#10552,#1977);
#1473=LINE('',#10554,#1978);
#1474=LINE('',#10556,#1979);
#1475=LINE('',#10558,#1980);
#1476=LINE('',#10565,#1981);
#1477=LINE('',#10572,#1982);
#1478=LINE('',#10576,#1983);
#1479=LINE('',#10580,#1984);
#1480=LINE('',#10585,#1985);
#1481=LINE('',#10586,#1986);
#1482=LINE('',#10597,#1987);
#1483=LINE('',#10599,#1988);
#1484=LINE('',#10600,#1989);
#1485=LINE('',#10603,#1990);
#1486=LINE('',#10606,#1991);
#1487=LINE('',#10608,#1992);
#1488=LINE('',#10609,#1993);
#1489=LINE('',#10611,#1994);
#1490=LINE('',#10612,#1995);
#1491=LINE('',#10614,#1996);
#1492=LINE('',#10615,#1997);
#1493=LINE('',#10617,#1998);
#1494=LINE('',#10618,#1999);
#1495=LINE('',#10620,#2000);
#1496=LINE('',#10621,#2001);
#1497=LINE('',#10623,#2002);
#1498=LINE('',#10624,#2003);
#1499=LINE('',#10626,#2004);
#1500=LINE('',#10627,#2005);
#1501=LINE('',#10629,#2006);
#1502=LINE('',#10630,#2007);
#1503=LINE('',#10632,#2008);
#1504=LINE('',#10634,#2009);
#1505=LINE('',#10636,#2010);
#1506=LINE('',#10637,#2011);
#1507=LINE('',#10639,#2012);
#1508=LINE('',#10640,#2013);
#1509=LINE('',#10643,#2014);
#1510=LINE('',#10671,#2015);
#1511=LINE('',#10675,#2016);
#1512=LINE('',#10676,#2017);
#1513=LINE('',#10679,#2018);
#1514=LINE('',#10680,#2019);
#1515=LINE('',#10683,#2020);
#1516=LINE('',#10684,#2021);
#1517=LINE('',#10687,#2022);
#1518=LINE('',#10689,#2023);
#1519=LINE('',#10691,#2024);
#1520=LINE('',#10695,#2025);
#1521=LINE('',#10702,#2026);
#1522=LINE('',#10704,#2027);
#1523=LINE('',#10713,#2028);
#1524=LINE('',#10715,#2029);
#1525=LINE('',#10722,#2030);
#1526=LINE('',#10748,#2031);
#1527=LINE('',#10751,#2032);
#1528=LINE('',#10753,#2033);
#1529=LINE('',#10754,#2034);
#1530=LINE('',#10756,#2035);
#1531=LINE('',#10757,#2036);
#1532=LINE('',#10759,#2037);
#1533=LINE('',#10763,#2038);
#1534=LINE('',#10766,#2039);
#1535=LINE('',#10769,#2040);
#1536=LINE('',#10795,#2041);
#1537=LINE('',#10798,#2042);
#1538=LINE('',#10800,#2043);
#1539=LINE('',#10801,#2044);
#1540=LINE('',#10803,#2045);
#1541=LINE('',#10806,#2046);
#1542=LINE('',#10809,#2047);
#1543=LINE('',#10811,#2048);
#1544=LINE('',#10814,#2049);
#1545=LINE('',#10816,#2050);
#1546=LINE('',#10820,#2051);
#1547=LINE('',#10822,#2052);
#1548=LINE('',#10850,#2053);
#1549=LINE('',#10853,#2054);
#1550=LINE('',#10856,#2055);
#1551=LINE('',#10859,#2056);
#1552=LINE('',#10926,#2057);
#1553=LINE('',#10930,#2058);
#1554=LINE('',#10940,#2059);
#1555=LINE('',#10941,#2060);
#1556=LINE('',#10944,#2061);
#1557=LINE('',#10945,#2062);
#1558=LINE('',#10948,#2063);
#1559=LINE('',#10952,#2064);
#1560=LINE('',#10960,#2065);
#1561=LINE('',#10961,#2066);
#1562=LINE('',#10963,#2067);
#1563=LINE('',#10965,#2068);
#1564=LINE('',#10966,#2069);
#1565=LINE('',#10968,#2070);
#1566=LINE('',#10969,#2071);
#1567=LINE('',#10971,#2072);
#1568=LINE('',#10974,#2073);
#1569=LINE('',#10976,#2074);
#1570=LINE('',#10977,#2075);
#1571=LINE('',#10979,#2076);
#1572=LINE('',#10981,#2077);
#1573=LINE('',#10982,#2078);
#1574=LINE('',#10984,#2079);
#1575=LINE('',#10987,#2080);
#1576=LINE('',#10990,#2081);
#1577=LINE('',#10992,#2082);
#1578=LINE('',#10995,#2083);
#1579=LINE('',#10997,#2084);
#1580=LINE('',#11000,#2085);
#1581=LINE('',#11002,#2086);
#1582=LINE('',#11005,#2087);
#1583=LINE('',#11008,#2088);
#1584=LINE('',#11014,#2089);
#1585=LINE('',#11022,#2090);
#1586=LINE('',#11026,#2091);
#1587=LINE('',#11030,#2092);
#1588=LINE('',#11034,#2093);
#1589=LINE('',#11043,#2094);
#1590=LINE('',#11044,#2095);
#1591=LINE('',#11046,#2096);
#1592=LINE('',#11048,#2097);
#1593=LINE('',#11050,#2098);
#1594=LINE('',#11052,#2099);
#1595=LINE('',#11054,#2100);
#1596=LINE('',#11056,#2101);
#1597=LINE('',#11059,#2102);
#1598=LINE('',#11061,#2103);
#1599=LINE('',#11063,#2104);
#1600=LINE('',#11065,#2105);
#1601=LINE('',#11066,#2106);
#1602=LINE('',#11069,#2107);
#1603=LINE('',#11071,#2108);
#1604=LINE('',#11072,#2109);
#1605=LINE('',#11074,#2110);
#1606=LINE('',#11076,#2111);
#1607=LINE('',#11077,#2112);
#1608=LINE('',#11078,#2113);
#1609=LINE('',#11079,#2114);
#1610=LINE('',#11082,#2115);
#1611=LINE('',#11084,#2116);
#1612=LINE('',#11085,#2117);
#1613=LINE('',#11087,#2118);
#1614=LINE('',#11088,#2119);
#1615=LINE('',#11093,#2120);
#1616=LINE('',#11094,#2121);
#1617=LINE('',#11097,#2122);
#1618=LINE('',#11099,#2123);
#1619=LINE('',#11100,#2124);
#1620=LINE('',#11102,#2125);
#1621=LINE('',#11104,#2126);
#1622=LINE('',#11108,#2127);
#1623=LINE('',#11109,#2128);
#1624=LINE('',#11113,#2129);
#1625=LINE('',#11114,#2130);
#1626=LINE('',#11116,#2131);
#1627=LINE('',#11122,#2132);
#1628=LINE('',#11125,#2133);
#1629=LINE('',#11130,#2134);
#1630=LINE('',#11132,#2135);
#1631=LINE('',#11134,#2136);
#1632=LINE('',#11135,#2137);
#1633=LINE('',#11140,#2138);
#1634=LINE('',#11144,#2139);
#1635=LINE('',#11146,#2140);
#1636=LINE('',#11147,#2141);
#1637=LINE('',#11152,#2142);
#1638=LINE('',#11159,#2143);
#1639=LINE('',#11162,#2144);
#1640=LINE('',#11164,#2145);
#1641=LINE('',#11165,#2146);
#1642=LINE('',#11171,#2147);
#1643=LINE('',#11173,#2148);
#1644=LINE('',#11174,#2149);
#1645=LINE('',#11181,#2150);
#1646=LINE('',#11184,#2151);
#1647=LINE('',#11187,#2152);
#1648=LINE('',#11189,#2153);
#1649=LINE('',#11190,#2154);
#1650=LINE('',#11195,#2155);
#1651=LINE('',#11199,#2156);
#1652=LINE('',#11201,#2157);
#1653=LINE('',#11202,#2158);
#1654=LINE('',#11207,#2159);
#1655=LINE('',#11211,#2160);
#1656=LINE('',#11213,#2161);
#1657=LINE('',#11214,#2162);
#1658=LINE('',#11219,#2163);
#1659=LINE('',#11222,#2164);
#1660=LINE('',#11223,#2165);
#1661=VECTOR('',#6228,10.);
#1662=VECTOR('',#6229,10.);
#1663=VECTOR('',#6230,10.);
#1664=VECTOR('',#6231,10.);
#1665=VECTOR('',#6234,10.);
#1666=VECTOR('',#6235,10.);
#1667=VECTOR('',#6236,10.);
#1668=VECTOR('',#6237,10.);
#1669=VECTOR('',#6240,10.);
#1670=VECTOR('',#6241,10.);
#1671=VECTOR('',#6242,10.);
#1672=VECTOR('',#6243,10.);
#1673=VECTOR('',#6244,10.);
#1674=VECTOR('',#6245,10.);
#1675=VECTOR('',#6246,10.);
#1676=VECTOR('',#6247,10.);
#1677=VECTOR('',#6250,10.);
#1678=VECTOR('',#6251,10.);
#1679=VECTOR('',#6252,10.);
#1680=VECTOR('',#6255,10.);
#1681=VECTOR('',#6258,10.);
#1682=VECTOR('',#6261,10.);
#1683=VECTOR('',#6262,10.);
#1684=VECTOR('',#6263,10.);
#1685=VECTOR('',#6264,10.);
#1686=VECTOR('',#6267,10.);
#1687=VECTOR('',#6268,10.);
#1688=VECTOR('',#6269,10.);
#1689=VECTOR('',#6270,10.);
#1690=VECTOR('',#6271,10.);
#1691=VECTOR('',#6272,10.);
#1692=VECTOR('',#6273,10.);
#1693=VECTOR('',#6274,10.);
#1694=VECTOR('',#6275,10.);
#1695=VECTOR('',#6276,10.);
#1696=VECTOR('',#6279,10.);
#1697=VECTOR('',#6280,10.);
#1698=VECTOR('',#6281,10.);
#1699=VECTOR('',#6284,10.);
#1700=VECTOR('',#6285,10.);
#1701=VECTOR('',#6288,10.);
#1702=VECTOR('',#6293,10.);
#1703=VECTOR('',#6296,10.);
#1704=VECTOR('',#6299,10.);
#1705=VECTOR('',#6306,10.);
#1706=VECTOR('',#6307,10.);
#1707=VECTOR('',#6310,10.);
#1708=VECTOR('',#6315,10.);
#1709=VECTOR('',#6318,10.);
#1710=VECTOR('',#6321,10.);
#1711=VECTOR('',#6330,10.);
#1712=VECTOR('',#6333,10.);
#1713=VECTOR('',#6334,10.);
#1714=VECTOR('',#6335,10.);
#1715=VECTOR('',#6342,10.);
#1716=VECTOR('',#6343,10.);
#1717=VECTOR('',#6344,10.);
#1718=VECTOR('',#6349,10.);
#1719=VECTOR('',#6350,10.);
#1720=VECTOR('',#6353,10.);
#1721=VECTOR('',#6354,10.);
#1722=VECTOR('',#6355,10.);
#1723=VECTOR('',#6362,10.);
#1724=VECTOR('',#6363,10.);
#1725=VECTOR('',#6364,10.);
#1726=VECTOR('',#6369,10.);
#1727=VECTOR('',#6370,10.);
#1728=VECTOR('',#6371,10.);
#1729=VECTOR('',#6384,10.);
#1730=VECTOR('',#6387,10.);
#1731=VECTOR('',#6388,10.);
#1732=VECTOR('',#6389,10.);
#1733=VECTOR('',#6396,10.);
#1734=VECTOR('',#6397,10.);
#1735=VECTOR('',#6398,10.);
#1736=VECTOR('',#6403,10.);
#1737=VECTOR('',#6404,10.);
#1738=VECTOR('',#6411,10.);
#1739=VECTOR('',#6414,10.);
#1740=VECTOR('',#6415,10.);
#1741=VECTOR('',#6416,10.);
#1742=VECTOR('',#6423,10.);
#1743=VECTOR('',#6424,10.);
#1744=VECTOR('',#6425,10.);
#1745=VECTOR('',#6430,10.);
#1746=VECTOR('',#6431,10.);
#1747=VECTOR('',#6438,10.);
#1748=VECTOR('',#6441,10.);
#1749=VECTOR('',#6444,10.);
#1750=VECTOR('',#6445,10.);
#1751=VECTOR('',#6448,10.);
#1752=VECTOR('',#6453,10.);
#1753=VECTOR('',#6456,10.);
#1754=VECTOR('',#6459,10.);
#1755=VECTOR('',#6466,10.);
#1756=VECTOR('',#6467,10.);
#1757=VECTOR('',#6470,10.);
#1758=VECTOR('',#6475,10.);
#1759=VECTOR('',#6478,10.);
#1760=VECTOR('',#6481,10.);
#1761=VECTOR('',#6488,10.);
#1762=VECTOR('',#6489,10.);
#1763=VECTOR('',#6492,10.);
#1764=VECTOR('',#6497,10.);
#1765=VECTOR('',#6500,10.);
#1766=VECTOR('',#6503,10.);
#1767=VECTOR('',#6510,10.);
#1768=VECTOR('',#6511,10.);
#1769=VECTOR('',#6514,10.);
#1770=VECTOR('',#6519,10.);
#1771=VECTOR('',#6522,10.);
#1772=VECTOR('',#6525,10.);
#1773=VECTOR('',#6534,10.);
#1774=VECTOR('',#6537,10.);
#1775=VECTOR('',#6538,10.);
#1776=VECTOR('',#6539,10.);
#1777=VECTOR('',#6546,10.);
#1778=VECTOR('',#6547,10.);
#1779=VECTOR('',#6548,10.);
#1780=VECTOR('',#6553,10.);
#1781=VECTOR('',#6554,10.);
#1782=VECTOR('',#6557,10.);
#1783=VECTOR('',#6558,10.);
#1784=VECTOR('',#6559,10.);
#1785=VECTOR('',#6566,10.);
#1786=VECTOR('',#6567,10.);
#1787=VECTOR('',#6568,10.);
#1788=VECTOR('',#6573,10.);
#1789=VECTOR('',#6574,10.);
#1790=VECTOR('',#6575,10.);
#1791=VECTOR('',#6584,10.);
#1792=VECTOR('',#6585,10.);
#1793=VECTOR('',#6586,10.);
#1794=VECTOR('',#6593,10.);
#1795=VECTOR('',#6594,10.);
#1796=VECTOR('',#6595,10.);
#1797=VECTOR('',#6600,10.);
#1798=VECTOR('',#6601,10.);
#1799=VECTOR('',#6602,10.);
#1800=VECTOR('',#6615,10.);
#1801=VECTOR('',#6618,10.);
#1802=VECTOR('',#6619,10.);
#1803=VECTOR('',#6620,10.);
#1804=VECTOR('',#6627,10.);
#1805=VECTOR('',#6628,10.);
#1806=VECTOR('',#6629,10.);
#1807=VECTOR('',#6634,10.);
#1808=VECTOR('',#6635,10.);
#1809=VECTOR('',#6642,10.);
#1810=VECTOR('',#6645,10.);
#1811=VECTOR('',#6648,10.);
#1812=VECTOR('',#6649,10.);
#1813=VECTOR('',#6652,10.);
#1814=VECTOR('',#6657,10.);
#1815=VECTOR('',#6660,10.);
#1816=VECTOR('',#6663,10.);
#1817=VECTOR('',#6670,10.);
#1818=VECTOR('',#6671,10.);
#1819=VECTOR('',#6674,10.);
#1820=VECTOR('',#6679,10.);
#1821=VECTOR('',#6682,10.);
#1822=VECTOR('',#6685,10.);
#1823=VECTOR('',#6692,10.);
#1824=VECTOR('',#6693,10.);
#1825=VECTOR('',#6694,10.);
#1826=VECTOR('',#6695,10.);
#1827=VECTOR('',#6696,10.);
#1828=VECTOR('',#6697,10.);
#1829=VECTOR('',#6698,10.);
#1830=VECTOR('',#6699,10.);
#1831=VECTOR('',#6704,10.);
#1832=VECTOR('',#6709,10.);
#1833=VECTOR('',#6714,10.);
#1834=VECTOR('',#6717,10.);
#1835=VECTOR('',#6720,10.);
#1836=VECTOR('',#6725,10.);
#1837=VECTOR('',#6730,10.);
#1838=VECTOR('',#6735,10.);
#1839=VECTOR('',#6738,10.);
#1840=VECTOR('',#6741,10.);
#1841=VECTOR('',#6742,10.);
#1842=VECTOR('',#6745,10.);
#1843=VECTOR('',#6746,10.);
#1844=VECTOR('',#6749,10.);
#1845=VECTOR('',#6750,10.);
#1846=VECTOR('',#6751,17.);
#1847=VECTOR('',#6752,10.);
#1848=VECTOR('',#6755,10.);
#1849=VECTOR('',#6756,17.);
#1850=VECTOR('',#6759,10.);
#1851=VECTOR('',#6762,10.);
#1852=VECTOR('',#6765,10.);
#1853=VECTOR('',#6768,17.);
#1854=VECTOR('',#6769,10.);
#1855=VECTOR('',#6772,10.);
#1856=VECTOR('',#6773,17.);
#1857=VECTOR('',#6774,10.);
#1858=VECTOR('',#6775,10.);
#1859=VECTOR('',#6778,10.);
#1860=VECTOR('',#6779,10.);
#1861=VECTOR('',#6782,10.);
#1862=VECTOR('',#6783,10.);
#1863=VECTOR('',#6786,10.);
#1864=VECTOR('',#6787,10.);
#1865=VECTOR('',#6790,10.);
#1866=VECTOR('',#6793,10.);
#1867=VECTOR('',#6796,10.);
#1868=VECTOR('',#6799,10.);
#1869=VECTOR('',#6802,10.);
#1870=VECTOR('',#6805,10.);
#1871=VECTOR('',#6806,10.);
#1872=VECTOR('',#6809,10.);
#1873=VECTOR('',#6810,10.);
#1874=VECTOR('',#6813,10.);
#1875=VECTOR('',#6816,10.);
#1876=VECTOR('',#6819,10.);
#1877=VECTOR('',#6822,10.);
#1878=VECTOR('',#6825,10.);
#1879=VECTOR('',#6828,10.);
#1880=VECTOR('',#6833,10.);
#1881=VECTOR('',#6834,10.);
#1882=VECTOR('',#6835,10.);
#1883=VECTOR('',#6836,10.);
#1884=VECTOR('',#6837,10.);
#1885=VECTOR('',#6838,10.);
#1886=VECTOR('',#6839,10.);
#1887=VECTOR('',#6840,10.);
#1888=VECTOR('',#6841,10.);
#1889=VECTOR('',#6844,10.);
#1890=VECTOR('',#6845,10.);
#1891=VECTOR('',#6846,10.);
#1892=VECTOR('',#6849,10.);
#1893=VECTOR('',#6850,10.);
#1894=VECTOR('',#6851,10.);
#1895=VECTOR('',#6854,10.);
#1896=VECTOR('',#6855,10.);
#1897=VECTOR('',#6856,10.);
#1898=VECTOR('',#6857,10.);
#1899=VECTOR('',#6858,10.);
#1900=VECTOR('',#6859,10.);
#1901=VECTOR('',#6860,10.);
#1902=VECTOR('',#6863,10.);
#1903=VECTOR('',#6864,10.);
#1904=VECTOR('',#6865,10.);
#1905=VECTOR('',#6868,10.);
#1906=VECTOR('',#6869,10.);
#1907=VECTOR('',#6870,10.);
#1908=VECTOR('',#6873,10.);
#1909=VECTOR('',#6874,10.);
#1910=VECTOR('',#6877,10.);
#1911=VECTOR('',#6880,10.);
#1912=VECTOR('',#6881,10.);
#1913=VECTOR('',#6882,10.);
#1914=VECTOR('',#6883,10.);
#1915=VECTOR('',#6884,10.);
#1916=VECTOR('',#6885,10.);
#1917=VECTOR('',#6886,10.);
#1918=VECTOR('',#6887,10.);
#1919=VECTOR('',#6888,10.);
#1920=VECTOR('',#6891,10.);
#1921=VECTOR('',#6894,10.);
#1922=VECTOR('',#6895,10.);
#1923=VECTOR('',#6896,10.);
#1924=VECTOR('',#6897,10.);
#1925=VECTOR('',#6900,10.);
#1926=VECTOR('',#6903,10.);
#1927=VECTOR('',#6904,10.);
#1928=VECTOR('',#6907,10.);
#1929=VECTOR('',#6912,10.);
#1930=VECTOR('',#6915,10.);
#1931=VECTOR('',#6918,10.);
#1932=VECTOR('',#6921,10.);
#1933=VECTOR('',#6922,10.);
#1934=VECTOR('',#6925,10.);
#1935=VECTOR('',#6930,10.);
#1936=VECTOR('',#6933,10.);
#1937=VECTOR('',#6934,10.);
#1938=VECTOR('',#6937,10.);
#1939=VECTOR('',#6942,10.);
#1940=VECTOR('',#6945,10.);
#1941=VECTOR('',#6948,10.);
#1942=VECTOR('',#6951,10.);
#1943=VECTOR('',#6954,10.);
#1944=VECTOR('',#6957,10.);
#1945=VECTOR('',#6958,10.);
#1946=VECTOR('',#6961,10.);
#1947=VECTOR('',#6966,10.);
#1948=VECTOR('',#6969,10.);
#1949=VECTOR('',#6972,10.);
#1950=VECTOR('',#6975,10.);
#1951=VECTOR('',#6978,10.);
#1952=VECTOR('',#6981,10.);
#1953=VECTOR('',#6982,10.);
#1954=VECTOR('',#6985,10.);
#1955=VECTOR('',#6986,10.);
#1956=VECTOR('',#6989,10.);
#1957=VECTOR('',#6992,10.);
#1958=VECTOR('',#6999,10.);
#1959=VECTOR('',#7032,10.);
#1960=VECTOR('',#7035,10.);
#1961=VECTOR('',#7038,10.);
#1962=VECTOR('',#7041,10.);
#1963=VECTOR('',#7044,10.);
#1964=VECTOR('',#7047,10.);
#1965=VECTOR('',#7048,10.);
#1966=VECTOR('',#7051,10.);
#1967=VECTOR('',#7054,10.);
#1968=VECTOR('',#7057,10.);
#1969=VECTOR('',#7062,10.);
#1970=VECTOR('',#7065,10.);
#1971=VECTOR('',#7082,10.);
#1972=VECTOR('',#7095,10.);
#1973=VECTOR('',#7096,10.);
#1974=VECTOR('',#7107,10.);
#1975=VECTOR('',#7108,10.);
#1976=VECTOR('',#7111,10.);
#1977=VECTOR('',#7114,10.);
#1978=VECTOR('',#7115,10.);
#1979=VECTOR('',#7116,10.);
#1980=VECTOR('',#7117,10.);
#1981=VECTOR('',#7126,3.50000000000001);
#1982=VECTOR('',#7135,3.50000000000001);
#1983=VECTOR('',#7140,10.);
#1984=VECTOR('',#7143,10.);
#1985=VECTOR('',#7150,10.);
#1986=VECTOR('',#7151,10.);
#1987=VECTOR('',#7164,10.);
#1988=VECTOR('',#7165,10.);
#1989=VECTOR('',#7166,10.);
#1990=VECTOR('',#7169,10.);
#1991=VECTOR('',#7172,10.);
#1992=VECTOR('',#7175,10.);
#1993=VECTOR('',#7176,10.);
#1994=VECTOR('',#7179,10.);
#1995=VECTOR('',#7180,10.);
#1996=VECTOR('',#7183,10.);
#1997=VECTOR('',#7184,10.);
#1998=VECTOR('',#7187,10.);
#1999=VECTOR('',#7188,10.);
#2000=VECTOR('',#7191,10.);
#2001=VECTOR('',#7192,10.);
#2002=VECTOR('',#7195,10.);
#2003=VECTOR('',#7196,10.);
#2004=VECTOR('',#7199,10.);
#2005=VECTOR('',#7200,10.);
#2006=VECTOR('',#7203,10.);
#2007=VECTOR('',#7204,10.);
#2008=VECTOR('',#7207,10.);
#2009=VECTOR('',#7210,10.);
#2010=VECTOR('',#7213,10.);
#2011=VECTOR('',#7214,10.);
#2012=VECTOR('',#7217,10.);
#2013=VECTOR('',#7218,10.);
#2014=VECTOR('',#7221,10.);
#2015=VECTOR('',#7222,10.);
#2016=VECTOR('',#7229,10.);
#2017=VECTOR('',#7230,10.);
#2018=VECTOR('',#7235,10.);
#2019=VECTOR('',#7236,10.);
#2020=VECTOR('',#7241,10.);
#2021=VECTOR('',#7242,10.);
#2022=VECTOR('',#7247,10.);
#2023=VECTOR('',#7250,10.);
#2024=VECTOR('',#7253,10.);
#2025=VECTOR('',#7258,3.50000000000001);
#2026=VECTOR('',#7269,10.);
#2027=VECTOR('',#7272,10.);
#2028=VECTOR('',#7287,10.);
#2029=VECTOR('',#7290,10.);
#2030=VECTOR('',#7301,10.);
#2031=VECTOR('',#7302,10.);
#2032=VECTOR('',#7307,10.);
#2033=VECTOR('',#7310,10.);
#2034=VECTOR('',#7311,10.);
#2035=VECTOR('',#7314,10.);
#2036=VECTOR('',#7315,10.);
#2037=VECTOR('',#7318,10.);
#2038=VECTOR('',#7325,10.);
#2039=VECTOR('',#7328,10.);
#2040=VECTOR('',#7331,10.);
#2041=VECTOR('',#7332,10.);
#2042=VECTOR('',#7337,10.);
#2043=VECTOR('',#7340,10.);
#2044=VECTOR('',#7341,10.);
#2045=VECTOR('',#7344,10.);
#2046=VECTOR('',#7349,10.);
#2047=VECTOR('',#7354,10.);
#2048=VECTOR('',#7357,10.);
#2049=VECTOR('',#7362,10.);
#2050=VECTOR('',#7365,10.);
#2051=VECTOR('',#7372,10.);
#2052=VECTOR('',#7375,10.);
#2053=VECTOR('',#7380,10.);
#2054=VECTOR('',#7385,10.);
#2055=VECTOR('',#7390,10.);
#2056=VECTOR('',#7395,10.);
#2057=VECTOR('',#7412,10.);
#2058=VECTOR('',#7417,10.);
#2059=VECTOR('',#7428,10.);
#2060=VECTOR('',#7429,10.);
#2061=VECTOR('',#7432,10.);
#2062=VECTOR('',#7433,10.);
#2063=VECTOR('',#7436,2.7);
#2064=VECTOR('',#7441,2.69999999999919);
#2065=VECTOR('',#7456,10.);
#2066=VECTOR('',#7457,10.);
#2067=VECTOR('',#7460,10.);
#2068=VECTOR('',#7463,10.);
#2069=VECTOR('',#7464,10.);
#2070=VECTOR('',#7467,10.);
#2071=VECTOR('',#7468,10.);
#2072=VECTOR('',#7471,10.);
#2073=VECTOR('',#7476,10.);
#2074=VECTOR('',#7479,10.);
#2075=VECTOR('',#7480,10.);
#2076=VECTOR('',#7483,10.);
#2077=VECTOR('',#7486,10.);
#2078=VECTOR('',#7487,10.);
#2079=VECTOR('',#7490,10.);
#2080=VECTOR('',#7495,10.);
#2081=VECTOR('',#7500,10.);
#2082=VECTOR('',#7503,10.);
#2083=VECTOR('',#7508,10.);
#2084=VECTOR('',#7511,10.);
#2085=VECTOR('',#7516,10.);
#2086=VECTOR('',#7519,10.);
#2087=VECTOR('',#7524,10.);
#2088=VECTOR('',#7529,10.);
#2089=VECTOR('',#7538,2.7);
#2090=VECTOR('',#7549,10.);
#2091=VECTOR('',#7552,10.);
#2092=VECTOR('',#7555,10.);
#2093=VECTOR('',#7558,10.);
#2094=VECTOR('',#7569,10.);
#2095=VECTOR('',#7570,10.);
#2096=VECTOR('',#7573,10.);
#2097=VECTOR('',#7576,10.);
#2098=VECTOR('',#7579,10.);
#2099=VECTOR('',#7582,10.);
#2100=VECTOR('',#7585,10.);
#2101=VECTOR('',#7588,10.);
#2102=VECTOR('',#7593,2.7);
#2103=VECTOR('',#7596,2.69999999999919);
#2104=VECTOR('',#7599,2.7);
#2105=VECTOR('',#7602,10.);
#2106=VECTOR('',#7603,10.);
#2107=VECTOR('',#7606,10.);
#2108=VECTOR('',#7607,10.);
#2109=VECTOR('',#7608,10.);
#2110=VECTOR('',#7609,10.);
#2111=VECTOR('',#7610,10.);
#2112=VECTOR('',#7611,10.);
#2113=VECTOR('',#7612,10.);
#2114=VECTOR('',#7613,10.);
#2115=VECTOR('',#7616,10.);
#2116=VECTOR('',#7617,10.);
#2117=VECTOR('',#7618,10.);
#2118=VECTOR('',#7621,10.);
#2119=VECTOR('',#7622,10.);
#2120=VECTOR('',#7629,10.);
#2121=VECTOR('',#7630,10.);
#2122=VECTOR('',#7633,10.);
#2123=VECTOR('',#7634,10.);
#2124=VECTOR('',#7635,10.);
#2125=VECTOR('',#7638,10.);
#2126=VECTOR('',#7641,10.);
#2127=VECTOR('',#7646,10.);
#2128=VECTOR('',#7647,10.);
#2129=VECTOR('',#7654,10.);
#2130=VECTOR('',#7655,10.);
#2131=VECTOR('',#7658,10.);
#2132=VECTOR('',#7669,10.);
#2133=VECTOR('',#7674,10.);
#2134=VECTOR('',#7679,10.);
#2135=VECTOR('',#7680,10.);
#2136=VECTOR('',#7681,10.);
#2137=VECTOR('',#7682,10.);
#2138=VECTOR('',#7687,10.);
#2139=VECTOR('',#7692,10.);
#2140=VECTOR('',#7693,10.);
#2141=VECTOR('',#7694,10.);
#2142=VECTOR('',#7699,10.);
#2143=VECTOR('',#7708,10.);
#2144=VECTOR('',#7711,10.);
#2145=VECTOR('',#7712,10.);
#2146=VECTOR('',#7713,10.);
#2147=VECTOR('',#7720,10.);
#2148=VECTOR('',#7723,10.);
#2149=VECTOR('',#7724,10.);
#2150=VECTOR('',#7731,10.);
#2151=VECTOR('',#7734,10.);
#2152=VECTOR('',#7737,10.);
#2153=VECTOR('',#7738,10.);
#2154=VECTOR('',#7739,10.);
#2155=VECTOR('',#7744,10.);
#2156=VECTOR('',#7749,10.);
#2157=VECTOR('',#7750,10.);
#2158=VECTOR('',#7751,10.);
#2159=VECTOR('',#7756,10.);
#2160=VECTOR('',#7761,10.);
#2161=VECTOR('',#7762,10.);
#2162=VECTOR('',#7763,10.);
#2163=VECTOR('',#7768,10.);
#2164=VECTOR('',#7773,10.);
#2165=VECTOR('',#7774,10.);
#2166=VERTEX_POINT('',#7781);
#2167=VERTEX_POINT('',#7782);
#2168=VERTEX_POINT('',#7784);
#2169=VERTEX_POINT('',#7786);
#2170=VERTEX_POINT('',#7790);
#2171=VERTEX_POINT('',#7791);
#2172=VERTEX_POINT('',#7793);
#2173=VERTEX_POINT('',#7795);
#2174=VERTEX_POINT('',#7799);
#2175=VERTEX_POINT('',#7801);
#2176=VERTEX_POINT('',#7803);
#2177=VERTEX_POINT('',#7805);
#2178=VERTEX_POINT('',#7807);
#2179=VERTEX_POINT('',#7810);
#2180=VERTEX_POINT('',#7814);
#2181=VERTEX_POINT('',#7816);
#2182=VERTEX_POINT('',#7824);
#2183=VERTEX_POINT('',#7826);
#2184=VERTEX_POINT('',#7828);
#2185=VERTEX_POINT('',#7832);
#2186=VERTEX_POINT('',#7834);
#2187=VERTEX_POINT('',#7837);
#2188=VERTEX_POINT('',#7839);
#2189=VERTEX_POINT('',#7841);
#2190=VERTEX_POINT('',#7843);
#2191=VERTEX_POINT('',#7846);
#2192=VERTEX_POINT('',#7850);
#2193=VERTEX_POINT('',#7852);
#2194=VERTEX_POINT('',#7856);
#2195=VERTEX_POINT('',#7857);
#2196=VERTEX_POINT('',#7859);
#2197=VERTEX_POINT('',#7861);
#2198=VERTEX_POINT('',#7865);
#2199=VERTEX_POINT('',#7867);
#2200=VERTEX_POINT('',#7890);
#2201=VERTEX_POINT('',#7892);
#2202=VERTEX_POINT('',#7919);
#2203=VERTEX_POINT('',#7920);
#2204=VERTEX_POINT('',#7922);
#2205=VERTEX_POINT('',#7924);
#2206=VERTEX_POINT('',#7928);
#2207=VERTEX_POINT('',#7930);
#2208=VERTEX_POINT('',#7954);
#2209=VERTEX_POINT('',#7956);
#2210=VERTEX_POINT('',#7982);
#2211=VERTEX_POINT('',#7983);
#2212=VERTEX_POINT('',#7985);
#2213=VERTEX_POINT('',#7987);
#2214=VERTEX_POINT('',#7989);
#2215=VERTEX_POINT('',#7991);
#2216=VERTEX_POINT('',#7995);
#2217=VERTEX_POINT('',#7997);
#2218=VERTEX_POINT('',#8028);
#2219=VERTEX_POINT('',#8049);
#2220=VERTEX_POINT('',#8091);
#2221=VERTEX_POINT('',#8104);
#2222=VERTEX_POINT('',#8119);
#2223=VERTEX_POINT('',#8122);
#2224=VERTEX_POINT('',#8153);
#2225=VERTEX_POINT('',#8154);
#2226=VERTEX_POINT('',#8171);
#2227=VERTEX_POINT('',#8173);
#2228=VERTEX_POINT('',#8215);
#2229=VERTEX_POINT('',#8232);
#2230=VERTEX_POINT('',#8247);
#2231=VERTEX_POINT('',#8249);
#2232=VERTEX_POINT('',#8251);
#2233=VERTEX_POINT('',#8253);
#2234=VERTEX_POINT('',#8257);
#2235=VERTEX_POINT('',#8259);
#2236=VERTEX_POINT('',#8261);
#2237=VERTEX_POINT('',#8263);
#2238=VERTEX_POINT('',#8270);
#2239=VERTEX_POINT('',#8271);
#2240=VERTEX_POINT('',#8273);
#2241=VERTEX_POINT('',#8275);
#2242=VERTEX_POINT('',#8277);
#2243=VERTEX_POINT('',#8279);
#2244=VERTEX_POINT('',#8283);
#2245=VERTEX_POINT('',#8285);
#2246=VERTEX_POINT('',#8312);
#2247=VERTEX_POINT('',#8329);
#2248=VERTEX_POINT('',#8371);
#2249=VERTEX_POINT('',#8388);
#2250=VERTEX_POINT('',#8407);
#2251=VERTEX_POINT('',#8410);
#2252=VERTEX_POINT('',#8414);
#2253=VERTEX_POINT('',#8415);
#2254=VERTEX_POINT('',#8417);
#2255=VERTEX_POINT('',#8419);
#2256=VERTEX_POINT('',#8421);
#2257=VERTEX_POINT('',#8423);
#2258=VERTEX_POINT('',#8427);
#2259=VERTEX_POINT('',#8429);
#2260=VERTEX_POINT('',#8460);
#2261=VERTEX_POINT('',#8481);
#2262=VERTEX_POINT('',#8523);
#2263=VERTEX_POINT('',#8536);
#2264=VERTEX_POINT('',#8551);
#2265=VERTEX_POINT('',#8554);
#2266=VERTEX_POINT('',#8558);
#2267=VERTEX_POINT('',#8559);
#2268=VERTEX_POINT('',#8561);
#2269=VERTEX_POINT('',#8563);
#2270=VERTEX_POINT('',#8567);
#2271=VERTEX_POINT('',#8568);
#2272=VERTEX_POINT('',#8570);
#2273=VERTEX_POINT('',#8572);
#2274=VERTEX_POINT('',#8576);
#2275=VERTEX_POINT('',#8578);
#2276=VERTEX_POINT('',#8602);
#2277=VERTEX_POINT('',#8604);
#2278=VERTEX_POINT('',#8630);
#2279=VERTEX_POINT('',#8631);
#2280=VERTEX_POINT('',#8633);
#2281=VERTEX_POINT('',#8635);
#2282=VERTEX_POINT('',#8639);
#2283=VERTEX_POINT('',#8641);
#2284=VERTEX_POINT('',#8664);
#2285=VERTEX_POINT('',#8666);
#2286=VERTEX_POINT('',#8693);
#2287=VERTEX_POINT('',#8694);
#2288=VERTEX_POINT('',#8696);
#2289=VERTEX_POINT('',#8698);
#2290=VERTEX_POINT('',#8702);
#2291=VERTEX_POINT('',#8704);
#2292=VERTEX_POINT('',#8727);
#2293=VERTEX_POINT('',#8729);
#2294=VERTEX_POINT('',#8756);
#2295=VERTEX_POINT('',#8757);
#2296=VERTEX_POINT('',#8759);
#2297=VERTEX_POINT('',#8761);
#2298=VERTEX_POINT('',#8765);
#2299=VERTEX_POINT('',#8767);
#2300=VERTEX_POINT('',#8791);
#2301=VERTEX_POINT('',#8793);
#2302=VERTEX_POINT('',#8819);
#2303=VERTEX_POINT('',#8820);
#2304=VERTEX_POINT('',#8822);
#2305=VERTEX_POINT('',#8824);
#2306=VERTEX_POINT('',#8826);
#2307=VERTEX_POINT('',#8828);
#2308=VERTEX_POINT('',#8832);
#2309=VERTEX_POINT('',#8834);
#2310=VERTEX_POINT('',#8865);
#2311=VERTEX_POINT('',#8886);
#2312=VERTEX_POINT('',#8928);
#2313=VERTEX_POINT('',#8941);
#2314=VERTEX_POINT('',#8956);
#2315=VERTEX_POINT('',#8959);
#2316=VERTEX_POINT('',#8990);
#2317=VERTEX_POINT('',#8991);
#2318=VERTEX_POINT('',#9008);
#2319=VERTEX_POINT('',#9010);
#2320=VERTEX_POINT('',#9052);
#2321=VERTEX_POINT('',#9069);
#2322=VERTEX_POINT('',#9084);
#2323=VERTEX_POINT('',#9086);
#2324=VERTEX_POINT('',#9088);
#2325=VERTEX_POINT('',#9090);
#2326=VERTEX_POINT('',#9094);
#2327=VERTEX_POINT('',#9096);
#2328=VERTEX_POINT('',#9098);
#2329=VERTEX_POINT('',#9100);
#2330=VERTEX_POINT('',#9134);
#2331=VERTEX_POINT('',#9135);
#2332=VERTEX_POINT('',#9152);
#2333=VERTEX_POINT('',#9154);
#2334=VERTEX_POINT('',#9196);
#2335=VERTEX_POINT('',#9213);
#2336=VERTEX_POINT('',#9228);
#2337=VERTEX_POINT('',#9230);
#2338=VERTEX_POINT('',#9232);
#2339=VERTEX_POINT('',#9234);
#2340=VERTEX_POINT('',#9238);
#2341=VERTEX_POINT('',#9240);
#2342=VERTEX_POINT('',#9242);
#2343=VERTEX_POINT('',#9244);
#2344=VERTEX_POINT('',#9251);
#2345=VERTEX_POINT('',#9252);
#2346=VERTEX_POINT('',#9254);
#2347=VERTEX_POINT('',#9256);
#2348=VERTEX_POINT('',#9258);
#2349=VERTEX_POINT('',#9260);
#2350=VERTEX_POINT('',#9264);
#2351=VERTEX_POINT('',#9266);
#2352=VERTEX_POINT('',#9297);
#2353=VERTEX_POINT('',#9318);
#2354=VERTEX_POINT('',#9360);
#2355=VERTEX_POINT('',#9373);
#2356=VERTEX_POINT('',#9388);
#2357=VERTEX_POINT('',#9391);
#2358=VERTEX_POINT('',#9395);
#2359=VERTEX_POINT('',#9396);
#2360=VERTEX_POINT('',#9398);
#2361=VERTEX_POINT('',#9400);
#2362=VERTEX_POINT('',#9404);
#2363=VERTEX_POINT('',#9405);
#2364=VERTEX_POINT('',#9407);
#2365=VERTEX_POINT('',#9409);
#2366=VERTEX_POINT('',#9413);
#2367=VERTEX_POINT('',#9415);
#2368=VERTEX_POINT('',#9439);
#2369=VERTEX_POINT('',#9441);
#2370=VERTEX_POINT('',#9467);
#2371=VERTEX_POINT('',#9468);
#2372=VERTEX_POINT('',#9470);
#2373=VERTEX_POINT('',#9472);
#2374=VERTEX_POINT('',#9476);
#2375=VERTEX_POINT('',#9478);
#2376=VERTEX_POINT('',#9501);
#2377=VERTEX_POINT('',#9503);
#2378=VERTEX_POINT('',#9537);
#2379=VERTEX_POINT('',#9539);
#2380=VERTEX_POINT('',#9541);
#2381=VERTEX_POINT('',#9568);
#2382=VERTEX_POINT('',#9570);
#2383=VERTEX_POINT('',#9572);
#2384=VERTEX_POINT('',#9574);
#2385=VERTEX_POINT('',#9601);
#2386=VERTEX_POINT('',#9603);
#2387=VERTEX_POINT('',#9605);
#2388=VERTEX_POINT('',#9607);
#2389=VERTEX_POINT('',#9634);
#2390=VERTEX_POINT('',#9636);
#2391=VERTEX_POINT('',#9638);
#2392=VERTEX_POINT('',#9640);
#2393=VERTEX_POINT('',#9642);
#2394=VERTEX_POINT('',#9644);
#2395=VERTEX_POINT('',#9646);
#2396=VERTEX_POINT('',#9648);
#2397=VERTEX_POINT('',#9675);
#2398=VERTEX_POINT('',#9677);
#2399=VERTEX_POINT('',#9679);
#2400=VERTEX_POINT('',#9681);
#2401=VERTEX_POINT('',#9708);
#2402=VERTEX_POINT('',#9710);
#2403=VERTEX_POINT('',#9712);
#2404=VERTEX_POINT('',#9714);
#2405=VERTEX_POINT('',#9741);
#2406=VERTEX_POINT('',#9745);
#2407=VERTEX_POINT('',#9747);
#2408=VERTEX_POINT('',#9750);
#2409=VERTEX_POINT('',#9752);
#2410=VERTEX_POINT('',#9755);
#2411=VERTEX_POINT('',#9757);
#2412=VERTEX_POINT('',#9760);
#2413=VERTEX_POINT('',#9762);
#2414=VERTEX_POINT('',#9764);
#2415=VERTEX_POINT('',#9766);
#2416=VERTEX_POINT('',#9768);
#2417=VERTEX_POINT('',#9770);
#2418=VERTEX_POINT('',#9772);
#2419=VERTEX_POINT('',#9774);
#2420=VERTEX_POINT('',#9776);
#2421=VERTEX_POINT('',#9778);
#2422=VERTEX_POINT('',#9780);
#2423=VERTEX_POINT('',#9782);
#2424=VERTEX_POINT('',#9784);
#2425=VERTEX_POINT('',#9786);
#2426=VERTEX_POINT('',#9788);
#2427=VERTEX_POINT('',#9790);
#2428=VERTEX_POINT('',#9792);
#2429=VERTEX_POINT('',#9794);
#2430=VERTEX_POINT('',#9797);
#2431=VERTEX_POINT('',#9799);
#2432=VERTEX_POINT('',#9802);
#2433=VERTEX_POINT('',#9804);
#2434=VERTEX_POINT('',#9807);
#2435=VERTEX_POINT('',#9809);
#2436=VERTEX_POINT('',#9812);
#2437=VERTEX_POINT('',#9813);
#2438=VERTEX_POINT('',#9815);
#2439=VERTEX_POINT('',#9817);
#2440=VERTEX_POINT('',#9820);
#2441=VERTEX_POINT('',#9821);
#2442=VERTEX_POINT('',#9823);
#2443=VERTEX_POINT('',#9825);
#2444=VERTEX_POINT('',#9828);
#2445=VERTEX_POINT('',#9829);
#2446=VERTEX_POINT('',#9831);
#2447=VERTEX_POINT('',#9833);
#2448=VERTEX_POINT('',#9836);
#2449=VERTEX_POINT('',#9838);
#2450=VERTEX_POINT('',#9841);
#2451=VERTEX_POINT('',#9843);
#2452=VERTEX_POINT('',#9846);
#2453=VERTEX_POINT('',#9847);
#2454=VERTEX_POINT('',#9849);
#2455=VERTEX_POINT('',#9851);
#2456=VERTEX_POINT('',#9854);
#2457=VERTEX_POINT('',#9855);
#2458=VERTEX_POINT('',#9857);
#2459=VERTEX_POINT('',#9859);
#2460=VERTEX_POINT('',#9862);
#2461=VERTEX_POINT('',#9863);
#2462=VERTEX_POINT('',#9865);
#2463=VERTEX_POINT('',#9867);
#2464=VERTEX_POINT('',#9878);
#2465=VERTEX_POINT('',#9880);
#2466=VERTEX_POINT('',#9882);
#2467=VERTEX_POINT('',#9884);
#2468=VERTEX_POINT('',#9886);
#2469=VERTEX_POINT('',#9888);
#2470=VERTEX_POINT('',#9890);
#2471=VERTEX_POINT('',#9892);
#2472=VERTEX_POINT('',#9894);
#2473=VERTEX_POINT('',#9896);
#2474=VERTEX_POINT('',#9898);
#2475=VERTEX_POINT('',#9900);
#2476=VERTEX_POINT('',#9902);
#2477=VERTEX_POINT('',#9904);
#2478=VERTEX_POINT('',#9906);
#2479=VERTEX_POINT('',#9908);
#2480=VERTEX_POINT('',#9910);
#2481=VERTEX_POINT('',#9912);
#2482=VERTEX_POINT('',#9914);
#2483=VERTEX_POINT('',#9916);
#2484=VERTEX_POINT('',#9918);
#2485=VERTEX_POINT('',#9920);
#2486=VERTEX_POINT('',#9922);
#2487=VERTEX_POINT('',#9924);
#2488=VERTEX_POINT('',#9926);
#2489=VERTEX_POINT('',#9928);
#2490=VERTEX_POINT('',#9930);
#2491=VERTEX_POINT('',#9932);
#2492=VERTEX_POINT('',#9935);
#2493=VERTEX_POINT('',#9937);
#2494=VERTEX_POINT('',#9939);
#2495=VERTEX_POINT('',#9941);
#2496=VERTEX_POINT('',#9943);
#2497=VERTEX_POINT('',#9945);
#2498=VERTEX_POINT('',#9947);
#2499=VERTEX_POINT('',#9949);
#2500=VERTEX_POINT('',#9951);
#2501=VERTEX_POINT('',#9953);
#2502=VERTEX_POINT('',#9955);
#2503=VERTEX_POINT('',#9957);
#2504=VERTEX_POINT('',#9959);
#2505=VERTEX_POINT('',#9961);
#2506=VERTEX_POINT('',#9964);
#2507=VERTEX_POINT('',#9967);
#2508=VERTEX_POINT('',#9970);
#2509=VERTEX_POINT('',#9971);
#2510=VERTEX_POINT('',#9973);
#2511=VERTEX_POINT('',#9975);
#2512=VERTEX_POINT('',#9978);
#2513=VERTEX_POINT('',#9979);
#2514=VERTEX_POINT('',#9981);
#2515=VERTEX_POINT('',#9983);
#2516=VERTEX_POINT('',#9986);
#2517=VERTEX_POINT('',#9987);
#2518=VERTEX_POINT('',#9989);
#2519=VERTEX_POINT('',#9991);
#2520=VERTEX_POINT('',#9994);
#2521=VERTEX_POINT('',#9995);
#2522=VERTEX_POINT('',#9997);
#2523=VERTEX_POINT('',#9999);
#2524=VERTEX_POINT('',#10002);
#2525=VERTEX_POINT('',#10003);
#2526=VERTEX_POINT('',#10005);
#2527=VERTEX_POINT('',#10007);
#2528=VERTEX_POINT('',#10010);
#2529=VERTEX_POINT('',#10011);
#2530=VERTEX_POINT('',#10013);
#2531=VERTEX_POINT('',#10015);
#2532=VERTEX_POINT('',#10018);
#2533=VERTEX_POINT('',#10019);
#2534=VERTEX_POINT('',#10021);
#2535=VERTEX_POINT('',#10023);
#2536=VERTEX_POINT('',#10026);
#2537=VERTEX_POINT('',#10027);
#2538=VERTEX_POINT('',#10029);
#2539=VERTEX_POINT('',#10031);
#2540=VERTEX_POINT('',#10034);
#2541=VERTEX_POINT('',#10035);
#2542=VERTEX_POINT('',#10037);
#2543=VERTEX_POINT('',#10039);
#2544=VERTEX_POINT('',#10042);
#2545=VERTEX_POINT('',#10043);
#2546=VERTEX_POINT('',#10045);
#2547=VERTEX_POINT('',#10047);
#2548=VERTEX_POINT('',#10050);
#2549=VERTEX_POINT('',#10051);
#2550=VERTEX_POINT('',#10053);
#2551=VERTEX_POINT('',#10055);
#2552=VERTEX_POINT('',#10058);
#2553=VERTEX_POINT('',#10059);
#2554=VERTEX_POINT('',#10061);
#2555=VERTEX_POINT('',#10063);
#2556=VERTEX_POINT('',#10066);
#2557=VERTEX_POINT('',#10067);
#2558=VERTEX_POINT('',#10069);
#2559=VERTEX_POINT('',#10071);
#2560=VERTEX_POINT('',#10074);
#2561=VERTEX_POINT('',#10075);
#2562=VERTEX_POINT('',#10077);
#2563=VERTEX_POINT('',#10079);
#2564=VERTEX_POINT('',#10082);
#2565=VERTEX_POINT('',#10084);
#2566=VERTEX_POINT('',#10087);
#2567=VERTEX_POINT('',#10089);
#2568=VERTEX_POINT('',#10093);
#2569=VERTEX_POINT('',#10094);
#2570=VERTEX_POINT('',#10104);
#2571=VERTEX_POINT('',#10106);
#2572=VERTEX_POINT('',#10130);
#2573=VERTEX_POINT('',#10132);
#2574=VERTEX_POINT('',#10135);
#2575=VERTEX_POINT('',#10137);
#2576=VERTEX_POINT('',#10169);
#2577=VERTEX_POINT('',#10170);
#2578=VERTEX_POINT('',#10172);
#2579=VERTEX_POINT('',#10198);
#2580=VERTEX_POINT('',#10222);
#2581=VERTEX_POINT('',#10223);
#2582=VERTEX_POINT('',#10225);
#2583=VERTEX_POINT('',#10251);
#2584=VERTEX_POINT('',#10275);
#2585=VERTEX_POINT('',#10276);
#2586=VERTEX_POINT('',#10278);
#2587=VERTEX_POINT('',#10299);
#2588=VERTEX_POINT('',#10323);
#2589=VERTEX_POINT('',#10324);
#2590=VERTEX_POINT('',#10326);
#2591=VERTEX_POINT('',#10347);
#2592=VERTEX_POINT('',#10371);
#2593=VERTEX_POINT('',#10372);
#2594=VERTEX_POINT('',#10374);
#2595=VERTEX_POINT('',#10400);
#2596=VERTEX_POINT('',#10424);
#2597=VERTEX_POINT('',#10425);
#2598=VERTEX_POINT('',#10427);
#2599=VERTEX_POINT('',#10449);
#2600=VERTEX_POINT('',#10474);
#2601=VERTEX_POINT('',#10476);
#2602=VERTEX_POINT('',#10480);
#2603=VERTEX_POINT('',#10482);
#2604=VERTEX_POINT('',#10488);
#2605=VERTEX_POINT('',#10492);
#2606=VERTEX_POINT('',#10494);
#2607=VERTEX_POINT('',#10496);
#2608=VERTEX_POINT('',#10499);
#2609=VERTEX_POINT('',#10500);
#2610=VERTEX_POINT('',#10503);
#2611=VERTEX_POINT('',#10505);
#2612=VERTEX_POINT('',#10507);
#2613=VERTEX_POINT('',#10509);
#2614=VERTEX_POINT('',#10513);
#2615=VERTEX_POINT('',#10515);
#2616=VERTEX_POINT('',#10517);
#2617=VERTEX_POINT('',#10521);
#2618=VERTEX_POINT('',#10525);
#2619=VERTEX_POINT('',#10527);
#2620=VERTEX_POINT('',#10531);
#2621=VERTEX_POINT('',#10532);
#2622=VERTEX_POINT('',#10537);
#2623=VERTEX_POINT('',#10538);
#2624=VERTEX_POINT('',#10543);
#2625=VERTEX_POINT('',#10545);
#2626=VERTEX_POINT('',#10548);
#2627=VERTEX_POINT('',#10551);
#2628=VERTEX_POINT('',#10553);
#2629=VERTEX_POINT('',#10555);
#2630=VERTEX_POINT('',#10557);
#2631=VERTEX_POINT('',#10561);
#2632=VERTEX_POINT('',#10564);
#2633=VERTEX_POINT('',#10568);
#2634=VERTEX_POINT('',#10571);
#2635=VERTEX_POINT('',#10575);
#2636=VERTEX_POINT('',#10577);
#2637=VERTEX_POINT('',#10579);
#2638=VERTEX_POINT('',#10582);
#2639=VERTEX_POINT('',#10588);
#2640=VERTEX_POINT('',#10589);
#2641=VERTEX_POINT('',#10594);
#2642=VERTEX_POINT('',#10596);
#2643=VERTEX_POINT('',#10598);
#2644=VERTEX_POINT('',#10601);
#2645=VERTEX_POINT('',#10604);
#2646=VERTEX_POINT('',#10642);
#2647=VERTEX_POINT('',#10644);
#2648=VERTEX_POINT('',#10693);
#2649=VERTEX_POINT('',#10698);
#2650=VERTEX_POINT('',#10709);
#2651=VERTEX_POINT('',#10721);
#2652=VERTEX_POINT('',#10723);
#2653=VERTEX_POINT('',#10764);
#2654=VERTEX_POINT('',#10768);
#2655=VERTEX_POINT('',#10770);
#2656=VERTEX_POINT('',#10825);
#2657=VERTEX_POINT('',#10860);
#2658=VERTEX_POINT('',#10862);
#2659=VERTEX_POINT('',#10890);
#2660=VERTEX_POINT('',#10892);
#2661=VERTEX_POINT('',#10923);
#2662=VERTEX_POINT('',#10925);
#2663=VERTEX_POINT('',#10929);
#2664=VERTEX_POINT('',#10932);
#2665=VERTEX_POINT('',#10934);
#2666=VERTEX_POINT('',#10936);
#2667=VERTEX_POINT('',#10939);
#2668=VERTEX_POINT('',#10943);
#2669=VERTEX_POINT('',#10947);
#2670=VERTEX_POINT('',#10951);
#2671=VERTEX_POINT('',#11013);
#2672=VERTEX_POINT('',#11020);
#2673=VERTEX_POINT('',#11021);
#2674=VERTEX_POINT('',#11023);
#2675=VERTEX_POINT('',#11025);
#2676=VERTEX_POINT('',#11027);
#2677=VERTEX_POINT('',#11029);
#2678=VERTEX_POINT('',#11031);
#2679=VERTEX_POINT('',#11033);
#2680=VERTEX_POINT('',#11036);
#2681=VERTEX_POINT('',#11038);
#2682=VERTEX_POINT('',#11040);
#2683=VERTEX_POINT('',#11068);
#2684=VERTEX_POINT('',#11070);
#2685=VERTEX_POINT('',#11073);
#2686=VERTEX_POINT('',#11075);
#2687=VERTEX_POINT('',#11081);
#2688=VERTEX_POINT('',#11083);
#2689=VERTEX_POINT('',#11092);
#2690=VERTEX_POINT('',#11096);
#2691=VERTEX_POINT('',#11098);
#2692=VERTEX_POINT('',#11107);
#2693=VERTEX_POINT('',#11128);
#2694=VERTEX_POINT('',#11129);
#2695=VERTEX_POINT('',#11131);
#2696=VERTEX_POINT('',#11133);
#2697=VERTEX_POINT('',#11137);
#2698=VERTEX_POINT('',#11139);
#2699=VERTEX_POINT('',#11143);
#2700=VERTEX_POINT('',#11145);
#2701=VERTEX_POINT('',#11149);
#2702=VERTEX_POINT('',#11151);
#2703=VERTEX_POINT('',#11155);
#2704=VERTEX_POINT('',#11157);
#2705=VERTEX_POINT('',#11161);
#2706=VERTEX_POINT('',#11163);
#2707=VERTEX_POINT('',#11167);
#2708=VERTEX_POINT('',#11169);
#2709=VERTEX_POINT('',#11177);
#2710=VERTEX_POINT('',#11178);
#2711=VERTEX_POINT('',#11180);
#2712=VERTEX_POINT('',#11182);
#2713=VERTEX_POINT('',#11186);
#2714=VERTEX_POINT('',#11188);
#2715=VERTEX_POINT('',#11192);
#2716=VERTEX_POINT('',#11194);
#2717=VERTEX_POINT('',#11198);
#2718=VERTEX_POINT('',#11200);
#2719=VERTEX_POINT('',#11204);
#2720=VERTEX_POINT('',#11206);
#2721=VERTEX_POINT('',#11210);
#2722=VERTEX_POINT('',#11212);
#2723=VERTEX_POINT('',#11216);
#2724=VERTEX_POINT('',#11218);
#2725=EDGE_CURVE('',#2166,#2167,#1156,.T.);
#2726=EDGE_CURVE('',#2168,#2166,#1157,.T.);
#2727=EDGE_CURVE('',#2169,#2168,#1158,.T.);
#2728=EDGE_CURVE('',#2169,#2167,#1159,.T.);
#2729=EDGE_CURVE('',#2170,#2171,#1160,.T.);
#2730=EDGE_CURVE('',#2170,#2172,#1161,.T.);
#2731=EDGE_CURVE('',#2173,#2172,#1162,.T.);
#2732=EDGE_CURVE('',#2171,#2173,#1163,.T.);
#2733=EDGE_CURVE('',#2171,#2174,#1164,.T.);
#2734=EDGE_CURVE('',#2175,#2173,#1165,.T.);
#2735=EDGE_CURVE('',#2176,#2175,#1166,.T.);
#2736=EDGE_CURVE('',#2177,#2176,#1167,.T.);
#2737=EDGE_CURVE('',#2177,#2178,#1168,.T.);
#2738=EDGE_CURVE('',#2168,#2178,#1169,.T.);
#2739=EDGE_CURVE('',#2179,#2166,#1170,.T.);
#2740=EDGE_CURVE('',#2174,#2179,#1171,.T.);
#2741=EDGE_CURVE('',#2180,#2177,#1172,.T.);
#2742=EDGE_CURVE('',#2181,#2176,#1173,.T.);
#2743=EDGE_CURVE('',#2180,#2181,#1174,.T.);
#2744=EDGE_CURVE('',#2175,#2181,#1175,.T.);
#2745=EDGE_CURVE('',#2178,#2180,#1176,.T.);
#2746=EDGE_CURVE('',#2182,#2172,#1177,.T.);
#2747=EDGE_CURVE('',#2183,#2182,#1178,.T.);
#2748=EDGE_CURVE('',#2184,#2183,#1179,.T.);
#2749=EDGE_CURVE('',#2184,#2175,#1180,.T.);
#2750=EDGE_CURVE('',#2185,#2179,#1181,.T.);
#2751=EDGE_CURVE('',#2185,#2186,#1182,.T.);
#2752=EDGE_CURVE('',#2186,#2178,#1183,.T.);
#2753=EDGE_CURVE('',#2187,#2180,#1184,.T.);
#2754=EDGE_CURVE('',#2188,#2187,#1185,.T.);
#2755=EDGE_CURVE('',#2189,#2188,#1186,.T.);
#2756=EDGE_CURVE('',#2189,#2190,#1187,.T.);
#2757=EDGE_CURVE('',#2181,#2190,#1188,.T.);
#2758=EDGE_CURVE('',#2184,#2191,#1189,.T.);
#2759=EDGE_CURVE('',#2191,#2174,#1190,.T.);
#2760=EDGE_CURVE('',#2192,#2167,#1191,.T.);
#2761=EDGE_CURVE('',#2193,#2192,#1192,.T.);
#2762=EDGE_CURVE('',#2185,#2193,#1193,.T.);
#2763=EDGE_CURVE('',#2194,#2195,#1194,.T.);
#2764=EDGE_CURVE('',#2194,#2196,#1195,.T.);
#2765=EDGE_CURVE('',#2197,#2196,#376,.T.);
#2766=EDGE_CURVE('',#2195,#2197,#1196,.T.);
#2767=EDGE_CURVE('',#2195,#2198,#377,.T.);
#2768=EDGE_CURVE('',#2199,#2197,#197,.T.);
#2769=EDGE_CURVE('',#2198,#2199,#1197,.T.);
#2770=EDGE_CURVE('',#2198,#2200,#1198,.T.);
#2771=EDGE_CURVE('',#2201,#2199,#378,.T.);
#2772=EDGE_CURVE('',#2200,#2201,#1199,.T.);
#2773=EDGE_CURVE('',#2200,#2194,#379,.T.);
#2774=EDGE_CURVE('',#2196,#2201,#198,.T.);
#2775=EDGE_CURVE('',#2202,#2203,#1200,.T.);
#2776=EDGE_CURVE('',#2202,#2204,#1201,.T.);
#2777=EDGE_CURVE('',#2205,#2204,#380,.T.);
#2778=EDGE_CURVE('',#2203,#2205,#1202,.T.);
#2779=EDGE_CURVE('',#2203,#2206,#381,.T.);
#2780=EDGE_CURVE('',#2207,#2205,#199,.T.);
#2781=EDGE_CURVE('',#2206,#2207,#1203,.T.);
#2782=EDGE_CURVE('',#2206,#2208,#1204,.T.);
#2783=EDGE_CURVE('',#2209,#2207,#382,.T.);
#2784=EDGE_CURVE('',#2208,#2209,#1205,.T.);
#2785=EDGE_CURVE('',#2208,#2202,#383,.T.);
#2786=EDGE_CURVE('',#2204,#2209,#200,.T.);
#2787=EDGE_CURVE('',#2210,#2211,#384,.T.);
#2788=EDGE_CURVE('',#2210,#2212,#1206,.T.);
#2789=EDGE_CURVE('',#2213,#2212,#385,.T.);
#2790=EDGE_CURVE('',#2214,#2213,#1207,.T.);
#2791=EDGE_CURVE('',#2215,#2214,#1208,.T.);
#2792=EDGE_CURVE('',#2211,#2215,#1209,.T.);
#2793=EDGE_CURVE('',#2215,#2216,#386,.T.);
#2794=EDGE_CURVE('',#2217,#2214,#387,.T.);
#2795=EDGE_CURVE('',#2216,#2217,#1210,.T.);
#2796=EDGE_CURVE('',#2218,#2210,#201,.T.);
#2797=EDGE_CURVE('',#2218,#2219,#1211,.T.);
#2798=EDGE_CURVE('',#2212,#2219,#202,.T.);
#2799=EDGE_CURVE('',#2220,#2218,#203,.T.);
#2800=EDGE_CURVE('',#2220,#2221,#1212,.T.);
#2801=EDGE_CURVE('',#2219,#2221,#204,.T.);
#2802=EDGE_CURVE('',#2222,#2220,#388,.T.);
#2803=EDGE_CURVE('',#2216,#2222,#1213,.T.);
#2804=EDGE_CURVE('',#2223,#2217,#1214,.T.);
#2805=EDGE_CURVE('',#2221,#2223,#389,.T.);
#2806=EDGE_CURVE('',#2224,#2225,#205,.T.);
#2807=EDGE_CURVE('',#2224,#2226,#1215,.T.);
#2808=EDGE_CURVE('',#2227,#2226,#206,.T.);
#2809=EDGE_CURVE('',#2225,#2227,#1216,.T.);
#2810=EDGE_CURVE('',#2225,#2228,#207,.T.);
#2811=EDGE_CURVE('',#2229,#2227,#208,.T.);
#2812=EDGE_CURVE('',#2228,#2229,#1217,.T.);
#2813=EDGE_CURVE('',#2228,#2230,#390,.T.);
#2814=EDGE_CURVE('',#2231,#2229,#391,.T.);
#2815=EDGE_CURVE('',#2232,#2231,#1218,.T.);
#2816=EDGE_CURVE('',#2233,#2232,#1219,.T.);
#2817=EDGE_CURVE('',#2230,#2233,#1220,.T.);
#2818=EDGE_CURVE('',#2234,#2224,#392,.T.);
#2819=EDGE_CURVE('',#2235,#2234,#1221,.T.);
#2820=EDGE_CURVE('',#2235,#2236,#1222,.T.);
#2821=EDGE_CURVE('',#2237,#2236,#1223,.T.);
#2822=EDGE_CURVE('',#2226,#2237,#393,.T.);
#2823=EDGE_CURVE('',#2233,#2235,#394,.T.);
#2824=EDGE_CURVE('',#2236,#2232,#395,.T.);
#2825=EDGE_CURVE('',#2238,#2239,#396,.T.);
#2826=EDGE_CURVE('',#2238,#2240,#1224,.T.);
#2827=EDGE_CURVE('',#2241,#2240,#397,.T.);
#2828=EDGE_CURVE('',#2242,#2241,#1225,.T.);
#2829=EDGE_CURVE('',#2243,#2242,#1226,.T.);
#2830=EDGE_CURVE('',#2239,#2243,#1227,.T.);
#2831=EDGE_CURVE('',#2243,#2244,#398,.T.);
#2832=EDGE_CURVE('',#2245,#2242,#399,.T.);
#2833=EDGE_CURVE('',#2244,#2245,#1228,.T.);
#2834=EDGE_CURVE('',#2246,#2238,#209,.T.);
#2835=EDGE_CURVE('',#2246,#2247,#1229,.T.);
#2836=EDGE_CURVE('',#2240,#2247,#210,.T.);
#2837=EDGE_CURVE('',#2248,#2246,#211,.T.);
#2838=EDGE_CURVE('',#2248,#2249,#1230,.T.);
#2839=EDGE_CURVE('',#2247,#2249,#212,.T.);
#2840=EDGE_CURVE('',#2250,#2248,#400,.T.);
#2841=EDGE_CURVE('',#2244,#2250,#1231,.T.);
#2842=EDGE_CURVE('',#2251,#2245,#1232,.T.);
#2843=EDGE_CURVE('',#2249,#2251,#401,.T.);
#2844=EDGE_CURVE('',#2252,#2253,#402,.T.);
#2845=EDGE_CURVE('',#2252,#2254,#1233,.T.);
#2846=EDGE_CURVE('',#2255,#2254,#403,.T.);
#2847=EDGE_CURVE('',#2256,#2255,#1234,.T.);
#2848=EDGE_CURVE('',#2257,#2256,#1235,.T.);
#2849=EDGE_CURVE('',#2253,#2257,#1236,.T.);
#2850=EDGE_CURVE('',#2257,#2258,#404,.T.);
#2851=EDGE_CURVE('',#2259,#2256,#405,.T.);
#2852=EDGE_CURVE('',#2258,#2259,#1237,.T.);
#2853=EDGE_CURVE('',#2260,#2252,#213,.T.);
#2854=EDGE_CURVE('',#2260,#2261,#1238,.T.);
#2855=EDGE_CURVE('',#2254,#2261,#214,.T.);
#2856=EDGE_CURVE('',#2262,#2260,#215,.T.);
#2857=EDGE_CURVE('',#2262,#2263,#1239,.T.);
#2858=EDGE_CURVE('',#2261,#2263,#216,.T.);
#2859=EDGE_CURVE('',#2264,#2262,#406,.T.);
#2860=EDGE_CURVE('',#2258,#2264,#1240,.T.);
#2861=EDGE_CURVE('',#2265,#2259,#1241,.T.);
#2862=EDGE_CURVE('',#2263,#2265,#407,.T.);
#2863=EDGE_CURVE('',#2266,#2267,#408,.T.);
#2864=EDGE_CURVE('',#2266,#2268,#1242,.T.);
#2865=EDGE_CURVE('',#2269,#2268,#409,.T.);
#2866=EDGE_CURVE('',#2267,#2269,#1243,.T.);
#2867=EDGE_CURVE('',#2270,#2271,#1244,.T.);
#2868=EDGE_CURVE('',#2270,#2272,#1245,.T.);
#2869=EDGE_CURVE('',#2273,#2272,#410,.T.);
#2870=EDGE_CURVE('',#2271,#2273,#1246,.T.);
#2871=EDGE_CURVE('',#2271,#2274,#411,.T.);
#2872=EDGE_CURVE('',#2275,#2273,#217,.T.);
#2873=EDGE_CURVE('',#2274,#2275,#1247,.T.);
#2874=EDGE_CURVE('',#2274,#2276,#1248,.T.);
#2875=EDGE_CURVE('',#2277,#2275,#412,.T.);
#2876=EDGE_CURVE('',#2276,#2277,#1249,.T.);
#2877=EDGE_CURVE('',#2276,#2270,#413,.T.);
#2878=EDGE_CURVE('',#2272,#2277,#218,.T.);
#2879=EDGE_CURVE('',#2278,#2279,#1250,.T.);
#2880=EDGE_CURVE('',#2278,#2280,#1251,.T.);
#2881=EDGE_CURVE('',#2281,#2280,#414,.T.);
#2882=EDGE_CURVE('',#2279,#2281,#1252,.T.);
#2883=EDGE_CURVE('',#2279,#2282,#415,.T.);
#2884=EDGE_CURVE('',#2283,#2281,#219,.T.);
#2885=EDGE_CURVE('',#2282,#2283,#1253,.T.);
#2886=EDGE_CURVE('',#2282,#2284,#1254,.T.);
#2887=EDGE_CURVE('',#2285,#2283,#416,.T.);
#2888=EDGE_CURVE('',#2284,#2285,#1255,.T.);
#2889=EDGE_CURVE('',#2284,#2278,#417,.T.);
#2890=EDGE_CURVE('',#2280,#2285,#220,.T.);
#2891=EDGE_CURVE('',#2286,#2287,#1256,.T.);
#2892=EDGE_CURVE('',#2286,#2288,#1257,.T.);
#2893=EDGE_CURVE('',#2289,#2288,#418,.T.);
#2894=EDGE_CURVE('',#2287,#2289,#1258,.T.);
#2895=EDGE_CURVE('',#2287,#2290,#419,.T.);
#2896=EDGE_CURVE('',#2291,#2289,#221,.T.);
#2897=EDGE_CURVE('',#2290,#2291,#1259,.T.);
#2898=EDGE_CURVE('',#2290,#2292,#1260,.T.);
#2899=EDGE_CURVE('',#2293,#2291,#420,.T.);
#2900=EDGE_CURVE('',#2292,#2293,#1261,.T.);
#2901=EDGE_CURVE('',#2292,#2286,#421,.T.);
#2902=EDGE_CURVE('',#2288,#2293,#222,.T.);
#2903=EDGE_CURVE('',#2294,#2295,#1262,.T.);
#2904=EDGE_CURVE('',#2294,#2296,#1263,.T.);
#2905=EDGE_CURVE('',#2297,#2296,#422,.T.);
#2906=EDGE_CURVE('',#2295,#2297,#1264,.T.);
#2907=EDGE_CURVE('',#2295,#2298,#423,.T.);
#2908=EDGE_CURVE('',#2299,#2297,#223,.T.);
#2909=EDGE_CURVE('',#2298,#2299,#1265,.T.);
#2910=EDGE_CURVE('',#2298,#2300,#1266,.T.);
#2911=EDGE_CURVE('',#2301,#2299,#424,.T.);
#2912=EDGE_CURVE('',#2300,#2301,#1267,.T.);
#2913=EDGE_CURVE('',#2300,#2294,#425,.T.);
#2914=EDGE_CURVE('',#2296,#2301,#224,.T.);
#2915=EDGE_CURVE('',#2302,#2303,#426,.T.);
#2916=EDGE_CURVE('',#2302,#2304,#1268,.T.);
#2917=EDGE_CURVE('',#2305,#2304,#427,.T.);
#2918=EDGE_CURVE('',#2306,#2305,#1269,.T.);
#2919=EDGE_CURVE('',#2307,#2306,#1270,.T.);
#2920=EDGE_CURVE('',#2303,#2307,#1271,.T.);
#2921=EDGE_CURVE('',#2307,#2308,#428,.T.);
#2922=EDGE_CURVE('',#2309,#2306,#429,.T.);
#2923=EDGE_CURVE('',#2308,#2309,#1272,.T.);
#2924=EDGE_CURVE('',#2310,#2302,#225,.T.);
#2925=EDGE_CURVE('',#2310,#2311,#1273,.T.);
#2926=EDGE_CURVE('',#2304,#2311,#226,.T.);
#2927=EDGE_CURVE('',#2312,#2310,#227,.T.);
#2928=EDGE_CURVE('',#2312,#2313,#1274,.T.);
#2929=EDGE_CURVE('',#2311,#2313,#228,.T.);
#2930=EDGE_CURVE('',#2314,#2312,#430,.T.);
#2931=EDGE_CURVE('',#2308,#2314,#1275,.T.);
#2932=EDGE_CURVE('',#2315,#2309,#1276,.T.);
#2933=EDGE_CURVE('',#2313,#2315,#431,.T.);
#2934=EDGE_CURVE('',#2316,#2317,#229,.T.);
#2935=EDGE_CURVE('',#2316,#2318,#1277,.T.);
#2936=EDGE_CURVE('',#2319,#2318,#230,.T.);
#2937=EDGE_CURVE('',#2317,#2319,#1278,.T.);
#2938=EDGE_CURVE('',#2317,#2320,#231,.T.);
#2939=EDGE_CURVE('',#2321,#2319,#232,.T.);
#2940=EDGE_CURVE('',#2320,#2321,#1279,.T.);
#2941=EDGE_CURVE('',#2320,#2322,#432,.T.);
#2942=EDGE_CURVE('',#2323,#2321,#433,.T.);
#2943=EDGE_CURVE('',#2324,#2323,#1280,.T.);
#2944=EDGE_CURVE('',#2325,#2324,#1281,.T.);
#2945=EDGE_CURVE('',#2322,#2325,#1282,.T.);
#2946=EDGE_CURVE('',#2326,#2316,#434,.T.);
#2947=EDGE_CURVE('',#2327,#2326,#1283,.T.);
#2948=EDGE_CURVE('',#2327,#2328,#1284,.T.);
#2949=EDGE_CURVE('',#2329,#2328,#1285,.T.);
#2950=EDGE_CURVE('',#2318,#2329,#435,.T.);
#2951=EDGE_CURVE('',#2325,#2327,#436,.T.);
#2952=EDGE_CURVE('',#2328,#2324,#437,.T.);
#2953=EDGE_CURVE('',#2330,#2331,#233,.T.);
#2954=EDGE_CURVE('',#2330,#2332,#1286,.T.);
#2955=EDGE_CURVE('',#2333,#2332,#234,.T.);
#2956=EDGE_CURVE('',#2331,#2333,#1287,.T.);
#2957=EDGE_CURVE('',#2331,#2334,#235,.T.);
#2958=EDGE_CURVE('',#2335,#2333,#236,.T.);
#2959=EDGE_CURVE('',#2334,#2335,#1288,.T.);
#2960=EDGE_CURVE('',#2334,#2336,#438,.T.);
#2961=EDGE_CURVE('',#2337,#2335,#439,.T.);
#2962=EDGE_CURVE('',#2338,#2337,#1289,.T.);
#2963=EDGE_CURVE('',#2339,#2338,#1290,.T.);
#2964=EDGE_CURVE('',#2336,#2339,#1291,.T.);
#2965=EDGE_CURVE('',#2340,#2330,#440,.T.);
#2966=EDGE_CURVE('',#2341,#2340,#1292,.T.);
#2967=EDGE_CURVE('',#2341,#2342,#1293,.T.);
#2968=EDGE_CURVE('',#2343,#2342,#1294,.T.);
#2969=EDGE_CURVE('',#2332,#2343,#441,.T.);
#2970=EDGE_CURVE('',#2339,#2341,#442,.T.);
#2971=EDGE_CURVE('',#2342,#2338,#443,.T.);
#2972=EDGE_CURVE('',#2344,#2345,#444,.T.);
#2973=EDGE_CURVE('',#2344,#2346,#1295,.T.);
#2974=EDGE_CURVE('',#2347,#2346,#445,.T.);
#2975=EDGE_CURVE('',#2348,#2347,#1296,.T.);
#2976=EDGE_CURVE('',#2349,#2348,#1297,.T.);
#2977=EDGE_CURVE('',#2345,#2349,#1298,.T.);
#2978=EDGE_CURVE('',#2349,#2350,#446,.T.);
#2979=EDGE_CURVE('',#2351,#2348,#447,.T.);
#2980=EDGE_CURVE('',#2350,#2351,#1299,.T.);
#2981=EDGE_CURVE('',#2352,#2344,#237,.T.);
#2982=EDGE_CURVE('',#2352,#2353,#1300,.T.);
#2983=EDGE_CURVE('',#2346,#2353,#238,.T.);
#2984=EDGE_CURVE('',#2354,#2352,#239,.T.);
#2985=EDGE_CURVE('',#2354,#2355,#1301,.T.);
#2986=EDGE_CURVE('',#2353,#2355,#240,.T.);
#2987=EDGE_CURVE('',#2356,#2354,#448,.T.);
#2988=EDGE_CURVE('',#2350,#2356,#1302,.T.);
#2989=EDGE_CURVE('',#2357,#2351,#1303,.T.);
#2990=EDGE_CURVE('',#2355,#2357,#449,.T.);
#2991=EDGE_CURVE('',#2358,#2359,#450,.T.);
#2992=EDGE_CURVE('',#2358,#2360,#1304,.T.);
#2993=EDGE_CURVE('',#2361,#2360,#451,.T.);
#2994=EDGE_CURVE('',#2359,#2361,#1305,.T.);
#2995=EDGE_CURVE('',#2362,#2363,#1306,.T.);
#2996=EDGE_CURVE('',#2362,#2364,#1307,.T.);
#2997=EDGE_CURVE('',#2365,#2364,#452,.T.);
#2998=EDGE_CURVE('',#2363,#2365,#1308,.T.);
#2999=EDGE_CURVE('',#2363,#2366,#453,.T.);
#3000=EDGE_CURVE('',#2367,#2365,#241,.T.);
#3001=EDGE_CURVE('',#2366,#2367,#1309,.T.);
#3002=EDGE_CURVE('',#2366,#2368,#1310,.T.);
#3003=EDGE_CURVE('',#2369,#2367,#454,.T.);
#3004=EDGE_CURVE('',#2368,#2369,#1311,.T.);
#3005=EDGE_CURVE('',#2368,#2362,#455,.T.);
#3006=EDGE_CURVE('',#2364,#2369,#242,.T.);
#3007=EDGE_CURVE('',#2370,#2371,#1312,.T.);
#3008=EDGE_CURVE('',#2370,#2372,#1313,.T.);
#3009=EDGE_CURVE('',#2373,#2372,#456,.T.);
#3010=EDGE_CURVE('',#2371,#2373,#1314,.T.);
#3011=EDGE_CURVE('',#2371,#2374,#457,.T.);
#3012=EDGE_CURVE('',#2375,#2373,#243,.T.);
#3013=EDGE_CURVE('',#2374,#2375,#1315,.T.);
#3014=EDGE_CURVE('',#2374,#2376,#1316,.T.);
#3015=EDGE_CURVE('',#2377,#2375,#458,.T.);
#3016=EDGE_CURVE('',#2376,#2377,#1317,.T.);
#3017=EDGE_CURVE('',#2376,#2370,#459,.T.);
#3018=EDGE_CURVE('',#2372,#2377,#244,.T.);
#3019=EDGE_CURVE('',#2305,#2223,#1318,.T.);
#3020=EDGE_CURVE('',#2347,#2315,#1319,.T.);
#3021=EDGE_CURVE('',#2255,#2357,#1320,.T.);
#3022=EDGE_CURVE('',#2231,#2265,#1321,.T.);
#3023=EDGE_CURVE('',#2323,#2237,#1322,.T.);
#3024=EDGE_CURVE('',#2337,#2329,#1323,.T.);
#3025=EDGE_CURVE('',#2241,#2343,#1324,.T.);
#3026=EDGE_CURVE('',#2378,#2251,#1325,.T.);
#3027=EDGE_CURVE('',#2378,#2379,#460,.T.);
#3028=EDGE_CURVE('',#2379,#2380,#245,.T.);
#3029=EDGE_CURVE('',#2380,#2381,#461,.T.);
#3030=EDGE_CURVE('',#2382,#2381,#1326,.T.);
#3031=EDGE_CURVE('',#2382,#2383,#462,.T.);
#3032=EDGE_CURVE('',#2383,#2384,#246,.T.);
#3033=EDGE_CURVE('',#2384,#2385,#463,.T.);
#3034=EDGE_CURVE('',#2386,#2385,#1327,.T.);
#3035=EDGE_CURVE('',#2386,#2387,#464,.T.);
#3036=EDGE_CURVE('',#2387,#2388,#247,.T.);
#3037=EDGE_CURVE('',#2388,#2389,#465,.T.);
#3038=EDGE_CURVE('',#2390,#2389,#1328,.T.);
#3039=EDGE_CURVE('',#2390,#2391,#92,.T.);
#3040=EDGE_CURVE('',#2392,#2391,#1329,.T.);
#3041=EDGE_CURVE('',#2393,#2392,#93,.T.);
#3042=EDGE_CURVE('',#2393,#2394,#1330,.T.);
#3043=EDGE_CURVE('',#2395,#2394,#466,.T.);
#3044=EDGE_CURVE('',#2396,#2395,#248,.T.);
#3045=EDGE_CURVE('',#2397,#2396,#467,.T.);
#3046=EDGE_CURVE('',#2397,#2398,#1331,.T.);
#3047=EDGE_CURVE('',#2399,#2398,#468,.T.);
#3048=EDGE_CURVE('',#2400,#2399,#249,.T.);
#3049=EDGE_CURVE('',#2401,#2400,#469,.T.);
#3050=EDGE_CURVE('',#2401,#2402,#1332,.T.);
#3051=EDGE_CURVE('',#2403,#2402,#470,.T.);
#3052=EDGE_CURVE('',#2404,#2403,#250,.T.);
#3053=EDGE_CURVE('',#2405,#2404,#471,.T.);
#3054=EDGE_CURVE('',#2213,#2405,#1333,.T.);
#3055=EDGE_CURVE('',#2406,#2405,#1334,.T.);
#3056=EDGE_CURVE('',#2407,#2406,#472,.T.);
#3057=EDGE_CURVE('',#2402,#2407,#1335,.T.);
#3058=EDGE_CURVE('',#2408,#2401,#1336,.T.);
#3059=EDGE_CURVE('',#2409,#2408,#473,.T.);
#3060=EDGE_CURVE('',#2398,#2409,#1337,.T.);
#3061=EDGE_CURVE('',#2410,#2397,#1338,.T.);
#3062=EDGE_CURVE('',#2411,#2410,#474,.T.);
#3063=EDGE_CURVE('',#2394,#2411,#1339,.T.);
#3064=EDGE_CURVE('',#2412,#2393,#1340,.T.);
#3065=EDGE_CURVE('',#2413,#2412,#1341,.T.);
#3066=EDGE_CURVE('',#2414,#2413,#1342,.T.);
#3067=EDGE_CURVE('',#2415,#2414,#475,.T.);
#3068=EDGE_CURVE('',#2416,#2415,#1343,.T.);
#3069=EDGE_CURVE('',#2416,#2417,#1344,.T.);
#3070=EDGE_CURVE('',#2417,#2418,#94,.T.);
#3071=EDGE_CURVE('',#2418,#2419,#1345,.T.);
#3072=EDGE_CURVE('',#2419,#2420,#95,.T.);
#3073=EDGE_CURVE('',#2420,#2421,#1346,.T.);
#3074=EDGE_CURVE('',#2421,#2422,#96,.T.);
#3075=EDGE_CURVE('',#2422,#2423,#1347,.T.);
#3076=EDGE_CURVE('',#2423,#2424,#97,.T.);
#3077=EDGE_CURVE('',#2424,#2425,#1348,.T.);
#3078=EDGE_CURVE('',#2425,#2426,#1349,.T.);
#3079=EDGE_CURVE('',#2426,#2427,#476,.T.);
#3080=EDGE_CURVE('',#2427,#2428,#1350,.T.);
#3081=EDGE_CURVE('',#2428,#2429,#1351,.T.);
#3082=EDGE_CURVE('',#2429,#2390,#1352,.T.);
#3083=EDGE_CURVE('',#2389,#2430,#1353,.T.);
#3084=EDGE_CURVE('',#2430,#2431,#477,.T.);
#3085=EDGE_CURVE('',#2431,#2386,#1354,.T.);
#3086=EDGE_CURVE('',#2385,#2432,#1355,.T.);
#3087=EDGE_CURVE('',#2432,#2433,#478,.T.);
#3088=EDGE_CURVE('',#2433,#2382,#1356,.T.);
#3089=EDGE_CURVE('',#2381,#2434,#1357,.T.);
#3090=EDGE_CURVE('',#2434,#2435,#479,.T.);
#3091=EDGE_CURVE('',#2435,#2378,#1358,.T.);
#3092=EDGE_CURVE('',#2436,#2437,#1359,.T.);
#3093=EDGE_CURVE('',#2437,#2438,#480,.T.);
#3094=EDGE_CURVE('',#2438,#2439,#1360,.T.);
#3095=EDGE_CURVE('',#2439,#2436,#481,.T.);
#3096=EDGE_CURVE('',#2440,#2441,#1361,.T.);
#3097=EDGE_CURVE('',#2441,#2442,#482,.T.);
#3098=EDGE_CURVE('',#2442,#2443,#1362,.T.);
#3099=EDGE_CURVE('',#2443,#2440,#483,.T.);
#3100=EDGE_CURVE('',#2444,#2445,#1363,.T.);
#3101=EDGE_CURVE('',#2445,#2446,#484,.T.);
#3102=EDGE_CURVE('',#2446,#2447,#1364,.T.);
#3103=EDGE_CURVE('',#2447,#2444,#485,.T.);
#3104=EDGE_CURVE('',#2448,#2269,#1365,.T.);
#3105=EDGE_CURVE('',#2268,#2449,#1366,.T.);
#3106=EDGE_CURVE('',#2449,#2448,#486,.T.);
#3107=EDGE_CURVE('',#2361,#2450,#1367,.T.);
#3108=EDGE_CURVE('',#2451,#2360,#1368,.T.);
#3109=EDGE_CURVE('',#2450,#2451,#487,.T.);
#3110=EDGE_CURVE('',#2452,#2453,#1369,.T.);
#3111=EDGE_CURVE('',#2454,#2452,#488,.T.);
#3112=EDGE_CURVE('',#2455,#2454,#1370,.T.);
#3113=EDGE_CURVE('',#2453,#2455,#489,.T.);
#3114=EDGE_CURVE('',#2456,#2457,#1371,.T.);
#3115=EDGE_CURVE('',#2458,#2456,#490,.T.);
#3116=EDGE_CURVE('',#2459,#2458,#1372,.T.);
#3117=EDGE_CURVE('',#2457,#2459,#491,.T.);
#3118=EDGE_CURVE('',#2460,#2461,#1373,.T.);
#3119=EDGE_CURVE('',#2462,#2460,#492,.T.);
#3120=EDGE_CURVE('',#2463,#2462,#1374,.T.);
#3121=EDGE_CURVE('',#2461,#2463,#493,.T.);
#3122=EDGE_CURVE('',#2303,#2222,#1375,.T.);
#3123=EDGE_CURVE('',#2345,#2314,#1376,.T.);
#3124=EDGE_CURVE('',#2253,#2356,#1377,.T.);
#3125=EDGE_CURVE('',#2230,#2264,#1378,.T.);
#3126=EDGE_CURVE('',#2322,#2234,#1379,.T.);
#3127=EDGE_CURVE('',#2336,#2326,#1380,.T.);
#3128=EDGE_CURVE('',#2239,#2340,#1381,.T.);
#3129=EDGE_CURVE('',#2464,#2250,#1382,.T.);
#3130=EDGE_CURVE('',#2464,#2465,#1383,.T.);
#3131=EDGE_CURVE('',#2465,#2466,#494,.T.);
#3132=EDGE_CURVE('',#2466,#2467,#1384,.T.);
#3133=EDGE_CURVE('',#2467,#2468,#1385,.T.);
#3134=EDGE_CURVE('',#2468,#2469,#1386,.T.);
#3135=EDGE_CURVE('',#2469,#2470,#495,.T.);
#3136=EDGE_CURVE('',#2470,#2471,#1387,.T.);
#3137=EDGE_CURVE('',#2471,#2472,#1388,.T.);
#3138=EDGE_CURVE('',#2472,#2473,#1389,.T.);
#3139=EDGE_CURVE('',#2473,#2474,#496,.T.);
#3140=EDGE_CURVE('',#2474,#2475,#1390,.T.);
#3141=EDGE_CURVE('',#2475,#2476,#1391,.T.);
#3142=EDGE_CURVE('',#2477,#2476,#1392,.T.);
#3143=EDGE_CURVE('',#2478,#2477,#1393,.T.);
#3144=EDGE_CURVE('',#2478,#2479,#1394,.T.);
#3145=EDGE_CURVE('',#2480,#2479,#1395,.T.);
#3146=EDGE_CURVE('',#2481,#2480,#1396,.T.);
#3147=EDGE_CURVE('',#2482,#2481,#497,.T.);
#3148=EDGE_CURVE('',#2483,#2482,#1397,.T.);
#3149=EDGE_CURVE('',#2484,#2483,#1398,.T.);
#3150=EDGE_CURVE('',#2485,#2484,#1399,.T.);
#3151=EDGE_CURVE('',#2486,#2485,#498,.T.);
#3152=EDGE_CURVE('',#2487,#2486,#1400,.T.);
#3153=EDGE_CURVE('',#2488,#2487,#1401,.T.);
#3154=EDGE_CURVE('',#2489,#2488,#1402,.T.);
#3155=EDGE_CURVE('',#2490,#2489,#499,.T.);
#3156=EDGE_CURVE('',#2491,#2490,#1403,.T.);
#3157=EDGE_CURVE('',#2211,#2491,#1404,.T.);
#3158=EDGE_CURVE('',#2190,#2492,#98,.T.);
#3159=EDGE_CURVE('',#2492,#2493,#1405,.T.);
#3160=EDGE_CURVE('',#2493,#2494,#99,.T.);
#3161=EDGE_CURVE('',#2495,#2494,#1406,.T.);
#3162=EDGE_CURVE('',#2495,#2496,#1407,.T.);
#3163=EDGE_CURVE('',#2496,#2497,#1408,.T.);
#3164=EDGE_CURVE('',#2497,#2498,#1409,.T.);
#3165=EDGE_CURVE('',#2498,#2499,#1410,.T.);
#3166=EDGE_CURVE('',#2499,#2500,#1411,.T.);
#3167=EDGE_CURVE('',#2500,#2501,#1412,.T.);
#3168=EDGE_CURVE('',#2501,#2502,#1413,.T.);
#3169=EDGE_CURVE('',#2502,#2503,#1414,.T.);
#3170=EDGE_CURVE('',#2503,#2504,#100,.T.);
#3171=EDGE_CURVE('',#2504,#2505,#1415,.T.);
#3172=EDGE_CURVE('',#2505,#2187,#101,.T.);
#3173=EDGE_CURVE('',#2169,#2506,#1416,.T.);
#3174=EDGE_CURVE('',#2506,#2192,#1417,.T.);
#3175=EDGE_CURVE('',#2170,#2507,#1418,.T.);
#3176=EDGE_CURVE('',#2507,#2182,#1419,.T.);
#3177=EDGE_CURVE('',#2508,#2509,#500,.T.);
#3178=EDGE_CURVE('',#2509,#2510,#1420,.T.);
#3179=EDGE_CURVE('',#2510,#2511,#501,.T.);
#3180=EDGE_CURVE('',#2511,#2508,#1421,.T.);
#3181=EDGE_CURVE('',#2512,#2513,#1422,.T.);
#3182=EDGE_CURVE('',#2513,#2514,#502,.T.);
#3183=EDGE_CURVE('',#2514,#2515,#1423,.T.);
#3184=EDGE_CURVE('',#2515,#2512,#503,.T.);
#3185=EDGE_CURVE('',#2516,#2517,#504,.T.);
#3186=EDGE_CURVE('',#2517,#2518,#1424,.T.);
#3187=EDGE_CURVE('',#2518,#2519,#505,.T.);
#3188=EDGE_CURVE('',#2519,#2516,#1425,.T.);
#3189=EDGE_CURVE('',#2520,#2521,#506,.T.);
#3190=EDGE_CURVE('',#2522,#2520,#1426,.T.);
#3191=EDGE_CURVE('',#2523,#2522,#507,.T.);
#3192=EDGE_CURVE('',#2521,#2523,#1427,.T.);
#3193=EDGE_CURVE('',#2524,#2525,#1428,.T.);
#3194=EDGE_CURVE('',#2526,#2524,#508,.T.);
#3195=EDGE_CURVE('',#2527,#2526,#1429,.T.);
#3196=EDGE_CURVE('',#2525,#2527,#509,.T.);
#3197=EDGE_CURVE('',#2528,#2529,#510,.T.);
#3198=EDGE_CURVE('',#2530,#2528,#1430,.T.);
#3199=EDGE_CURVE('',#2531,#2530,#511,.T.);
#3200=EDGE_CURVE('',#2529,#2531,#1431,.T.);
#3201=EDGE_CURVE('',#2532,#2533,#1432,.T.);
#3202=EDGE_CURVE('',#2533,#2534,#512,.T.);
#3203=EDGE_CURVE('',#2534,#2535,#1433,.T.);
#3204=EDGE_CURVE('',#2535,#2532,#513,.T.);
#3205=EDGE_CURVE('',#2536,#2537,#514,.T.);
#3206=EDGE_CURVE('',#2537,#2538,#1434,.T.);
#3207=EDGE_CURVE('',#2538,#2539,#515,.T.);
#3208=EDGE_CURVE('',#2539,#2536,#1435,.T.);
#3209=EDGE_CURVE('',#2540,#2541,#516,.T.);
#3210=EDGE_CURVE('',#2541,#2542,#1436,.T.);
#3211=EDGE_CURVE('',#2542,#2543,#517,.T.);
#3212=EDGE_CURVE('',#2543,#2540,#1437,.T.);
#3213=EDGE_CURVE('',#2544,#2545,#518,.T.);
#3214=EDGE_CURVE('',#2545,#2546,#1438,.T.);
#3215=EDGE_CURVE('',#2546,#2547,#519,.T.);
#3216=EDGE_CURVE('',#2547,#2544,#1439,.T.);
#3217=EDGE_CURVE('',#2548,#2549,#1440,.T.);
#3218=EDGE_CURVE('',#2550,#2548,#520,.T.);
#3219=EDGE_CURVE('',#2551,#2550,#1441,.T.);
#3220=EDGE_CURVE('',#2549,#2551,#521,.T.);
#3221=EDGE_CURVE('',#2552,#2553,#522,.T.);
#3222=EDGE_CURVE('',#2554,#2552,#1442,.T.);
#3223=EDGE_CURVE('',#2555,#2554,#523,.T.);
#3224=EDGE_CURVE('',#2553,#2555,#1443,.T.);
#3225=EDGE_CURVE('',#2556,#2557,#524,.T.);
#3226=EDGE_CURVE('',#2558,#2556,#1444,.T.);
#3227=EDGE_CURVE('',#2559,#2558,#525,.T.);
#3228=EDGE_CURVE('',#2557,#2559,#1445,.T.);
#3229=EDGE_CURVE('',#2560,#2561,#526,.T.);
#3230=EDGE_CURVE('',#2562,#2560,#1446,.T.);
#3231=EDGE_CURVE('',#2563,#2562,#527,.T.);
#3232=EDGE_CURVE('',#2561,#2563,#1447,.T.);
#3233=EDGE_CURVE('',#2564,#2359,#1448,.T.);
#3234=EDGE_CURVE('',#2565,#2564,#528,.T.);
#3235=EDGE_CURVE('',#2358,#2565,#1449,.T.);
#3236=EDGE_CURVE('',#2267,#2566,#1450,.T.);
#3237=EDGE_CURVE('',#2566,#2567,#529,.T.);
#3238=EDGE_CURVE('',#2567,#2266,#1451,.T.);
#3239=EDGE_CURVE('',#2568,#2569,#1452,.T.);
#3240=EDGE_CURVE('',#2569,#2417,#251,.T.);
#3241=EDGE_CURVE('',#2570,#2416,#530,.T.);
#3242=EDGE_CURVE('',#2571,#2570,#252,.T.);
#3243=EDGE_CURVE('',#2413,#2571,#531,.T.);
#3244=EDGE_CURVE('',#2572,#2412,#102,.T.);
#3245=EDGE_CURVE('',#2573,#2572,#1453,.T.);
#3246=EDGE_CURVE('',#2573,#2429,#103,.T.);
#3247=EDGE_CURVE('',#2428,#2574,#532,.T.);
#3248=EDGE_CURVE('',#2574,#2575,#253,.T.);
#3249=EDGE_CURVE('',#2575,#2425,#533,.T.);
#3250=EDGE_CURVE('',#2424,#2568,#254,.F.);
#3251=EDGE_CURVE('',#2576,#2577,#534,.T.);
#3252=EDGE_CURVE('',#2578,#2576,#255,.T.);
#3253=EDGE_CURVE('',#2579,#2578,#535,.T.);
#3254=EDGE_CURVE('',#2577,#2579,#256,.T.);
#3255=EDGE_CURVE('',#2580,#2581,#536,.T.);
#3256=EDGE_CURVE('',#2582,#2580,#257,.T.);
#3257=EDGE_CURVE('',#2583,#2582,#537,.T.);
#3258=EDGE_CURVE('',#2581,#2583,#258,.T.);
#3259=EDGE_CURVE('',#2584,#2585,#538,.T.);
#3260=EDGE_CURVE('',#2586,#2584,#259,.T.);
#3261=EDGE_CURVE('',#2587,#2586,#539,.T.);
#3262=EDGE_CURVE('',#2585,#2587,#260,.T.);
#3263=EDGE_CURVE('',#2588,#2589,#540,.T.);
#3264=EDGE_CURVE('',#2589,#2590,#261,.T.);
#3265=EDGE_CURVE('',#2590,#2591,#541,.T.);
#3266=EDGE_CURVE('',#2591,#2588,#262,.T.);
#3267=EDGE_CURVE('',#2592,#2593,#542,.T.);
#3268=EDGE_CURVE('',#2593,#2594,#263,.T.);
#3269=EDGE_CURVE('',#2594,#2595,#543,.T.);
#3270=EDGE_CURVE('',#2595,#2592,#264,.T.);
#3271=EDGE_CURVE('',#2596,#2597,#544,.T.);
#3272=EDGE_CURVE('',#2597,#2598,#265,.T.);
#3273=EDGE_CURVE('',#2598,#2599,#545,.T.);
#3274=EDGE_CURVE('',#2599,#2596,#266,.T.);
#3275=EDGE_CURVE('',#2600,#2569,#1454,.T.);
#3276=EDGE_CURVE('',#2601,#2600,#104,.T.);
#3277=EDGE_CURVE('',#2601,#2418,#1455,.T.);
#3278=EDGE_CURVE('',#2602,#2423,#1456,.T.);
#3279=EDGE_CURVE('',#2603,#2602,#105,.T.);
#3280=EDGE_CURVE('',#2603,#2568,#1457,.T.);
#3281=EDGE_CURVE('',#2603,#2600,#1458,.T.);
#3282=EDGE_CURVE('',#2601,#2604,#1459,.T.);
#3283=EDGE_CURVE('',#2604,#2419,#1460,.T.);
#3284=EDGE_CURVE('',#2605,#2602,#1461,.T.);
#3285=EDGE_CURVE('',#2605,#2606,#106,.T.);
#3286=EDGE_CURVE('',#2607,#2606,#1462,.T.);
#3287=EDGE_CURVE('',#2607,#2604,#107,.T.);
#3288=EDGE_CURVE('',#2608,#2609,#1463,.T.);
#3289=EDGE_CURVE('',#2608,#2189,#108,.T.);
#3290=EDGE_CURVE('',#2188,#2610,#109,.T.);
#3291=EDGE_CURVE('',#2611,#2610,#1464,.T.);
#3292=EDGE_CURVE('',#2612,#2611,#110,.T.);
#3293=EDGE_CURVE('',#2612,#2613,#1465,.T.);
#3294=EDGE_CURVE('',#2609,#2613,#111,.T.);
#3295=EDGE_CURVE('',#2392,#2614,#112,.T.);
#3296=EDGE_CURVE('',#2615,#2614,#113,.T.);
#3297=EDGE_CURVE('',#2615,#2616,#114,.T.);
#3298=EDGE_CURVE('',#2616,#2392,#115,.T.);
#3299=EDGE_CURVE('',#2391,#2617,#116,.T.);
#3300=EDGE_CURVE('',#2617,#2614,#1466,.T.);
#3301=EDGE_CURVE('',#2618,#2617,#117,.T.);
#3302=EDGE_CURVE('',#2619,#2391,#118,.T.);
#3303=EDGE_CURVE('',#2618,#2619,#119,.T.);
#3304=EDGE_CURVE('',#2620,#2621,#120,.T.);
#3305=EDGE_CURVE('',#2617,#2620,#1467,.T.);
#3306=EDGE_CURVE('',#2621,#2618,#1468,.T.);
#3307=EDGE_CURVE('',#2622,#2623,#121,.T.);
#3308=EDGE_CURVE('',#2623,#2572,#122,.T.);
#3309=EDGE_CURVE('',#2622,#2412,#123,.T.);
#3310=EDGE_CURVE('',#2624,#2478,#1469,.T.);
#3311=EDGE_CURVE('',#2625,#2624,#1470,.T.);
#3312=EDGE_CURVE('',#2623,#2625,#124,.T.);
#3313=EDGE_CURVE('',#2626,#2622,#1471,.T.);
#3314=EDGE_CURVE('',#2616,#2626,#125,.T.);
#3315=EDGE_CURVE('',#2627,#2615,#1472,.T.);
#3316=EDGE_CURVE('',#2628,#2627,#1473,.T.);
#3317=EDGE_CURVE('',#2629,#2628,#1474,.T.);
#3318=EDGE_CURVE('',#2630,#2629,#1475,.T.);
#3319=EDGE_CURVE('',#2479,#2630,#126,.T.);
#3320=EDGE_CURVE('',#2631,#2631,#127,.T.);
#3321=EDGE_CURVE('',#2631,#2632,#1476,.T.);
#3322=EDGE_CURVE('',#2632,#2632,#128,.T.);
#3323=EDGE_CURVE('',#2633,#2633,#129,.T.);
#3324=EDGE_CURVE('',#2633,#2634,#1477,.T.);
#3325=EDGE_CURVE('',#2634,#2634,#130,.T.);
#3326=EDGE_CURVE('',#2635,#2477,#1478,.T.);
#3327=EDGE_CURVE('',#2635,#2636,#131,.T.);
#3328=EDGE_CURVE('',#2636,#2637,#1479,.T.);
#3329=EDGE_CURVE('',#2624,#2637,#132,.T.);
#3330=EDGE_CURVE('',#2638,#2638,#133,.T.);
#3331=EDGE_CURVE('',#2534,#2426,#1480,.T.);
#3332=EDGE_CURVE('',#2575,#2535,#1481,.T.);
#3333=EDGE_CURVE('',#2639,#2640,#134,.T.);
#3334=EDGE_CURVE('',#2639,#2429,#135,.T.);
#3335=EDGE_CURVE('',#2640,#2573,#136,.T.);
#3336=EDGE_CURVE('',#2476,#2641,#137,.T.);
#3337=EDGE_CURVE('',#2641,#2642,#1482,.T.);
#3338=EDGE_CURVE('',#2642,#2643,#1483,.T.);
#3339=EDGE_CURVE('',#2643,#2621,#1484,.T.);
#3340=EDGE_CURVE('',#2619,#2644,#138,.T.);
#3341=EDGE_CURVE('',#2644,#2639,#1485,.T.);
#3342=EDGE_CURVE('',#2640,#2645,#139,.T.);
#3343=EDGE_CURVE('',#2645,#2635,#1486,.T.);
#3344=EDGE_CURVE('',#2414,#2550,#1487,.T.);
#3345=EDGE_CURVE('',#2551,#2571,#1488,.T.);
#3346=EDGE_CURVE('',#2553,#2582,#1489,.T.);
#3347=EDGE_CURVE('',#2583,#2555,#1490,.T.);
#3348=EDGE_CURVE('',#2561,#2578,#1491,.T.);
#3349=EDGE_CURVE('',#2579,#2563,#1492,.T.);
#3350=EDGE_CURVE('',#2570,#2549,#1493,.T.);
#3351=EDGE_CURVE('',#2548,#2415,#1494,.T.);
#3352=EDGE_CURVE('',#2557,#2586,#1495,.T.);
#3353=EDGE_CURVE('',#2587,#2559,#1496,.T.);
#3354=EDGE_CURVE('',#2532,#2574,#1497,.T.);
#3355=EDGE_CURVE('',#2427,#2533,#1498,.T.);
#3356=EDGE_CURVE('',#2545,#2593,#1499,.T.);
#3357=EDGE_CURVE('',#2592,#2546,#1500,.T.);
#3358=EDGE_CURVE('',#2537,#2597,#1501,.T.);
#3359=EDGE_CURVE('',#2598,#2536,#1502,.T.);
#3360=EDGE_CURVE('',#2596,#2538,#1503,.T.);
#3361=EDGE_CURVE('',#2594,#2544,#1504,.T.);
#3362=EDGE_CURVE('',#2541,#2589,#1505,.T.);
#3363=EDGE_CURVE('',#2588,#2542,#1506,.T.);
#3364=EDGE_CURVE('',#2609,#2493,#1507,.T.);
#3365=EDGE_CURVE('',#2608,#2492,#1508,.T.);
#3366=EDGE_CURVE('',#2646,#2379,#1509,.T.);
#3367=EDGE_CURVE('',#2647,#2646,#267,.T.);
#3368=EDGE_CURVE('',#2380,#2647,#1510,.T.);
#3369=EDGE_CURVE('',#2554,#2581,#1511,.T.);
#3370=EDGE_CURVE('',#2580,#2552,#1512,.T.);
#3371=EDGE_CURVE('',#2562,#2577,#1513,.T.);
#3372=EDGE_CURVE('',#2576,#2560,#1514,.T.);
#3373=EDGE_CURVE('',#2558,#2585,#1515,.T.);
#3374=EDGE_CURVE('',#2556,#2584,#1516,.T.);
#3375=EDGE_CURVE('',#2547,#2595,#1517,.T.);
#3376=EDGE_CURVE('',#2539,#2599,#1518,.T.);
#3377=EDGE_CURVE('',#2543,#2591,#1519,.T.);
#3378=EDGE_CURVE('',#2648,#2648,#140,.T.);
#3379=EDGE_CURVE('',#2648,#2638,#1520,.T.);
#3380=EDGE_CURVE('',#2645,#2649,#141,.T.);
#3381=EDGE_CURVE('',#2649,#2573,#142,.T.);
#3382=EDGE_CURVE('',#2636,#2649,#1521,.T.);
#3383=EDGE_CURVE('',#2540,#2590,#1522,.T.);
#3384=EDGE_CURVE('',#2625,#2650,#143,.T.);
#3385=EDGE_CURVE('',#2650,#2572,#144,.T.);
#3386=EDGE_CURVE('',#2637,#2650,#1523,.T.);
#3387=EDGE_CURVE('',#2650,#2649,#1524,.T.);
#3388=EDGE_CURVE('',#2395,#2651,#1525,.T.);
#3389=EDGE_CURVE('',#2651,#2652,#268,.T.);
#3390=EDGE_CURVE('',#2652,#2396,#1526,.T.);
#3391=EDGE_CURVE('',#2652,#2483,#546,.T.);
#3392=EDGE_CURVE('',#2410,#2482,#1527,.T.);
#3393=EDGE_CURVE('',#2527,#2457,#1528,.T.);
#3394=EDGE_CURVE('',#2526,#2456,#1529,.T.);
#3395=EDGE_CURVE('',#2530,#2453,#1530,.T.);
#3396=EDGE_CURVE('',#2452,#2528,#1531,.T.);
#3397=EDGE_CURVE('',#2481,#2411,#1532,.T.);
#3398=EDGE_CURVE('',#2480,#2651,#547,.T.);
#3399=EDGE_CURVE('',#2489,#2407,#1533,.T.);
#3400=EDGE_CURVE('',#2488,#2653,#548,.T.);
#3401=EDGE_CURVE('',#2403,#2653,#1534,.T.);
#3402=EDGE_CURVE('',#2399,#2654,#1535,.T.);
#3403=EDGE_CURVE('',#2654,#2655,#269,.T.);
#3404=EDGE_CURVE('',#2655,#2400,#1536,.T.);
#3405=EDGE_CURVE('',#2655,#2487,#549,.T.);
#3406=EDGE_CURVE('',#2408,#2486,#1537,.T.);
#3407=EDGE_CURVE('',#2521,#2461,#1538,.T.);
#3408=EDGE_CURVE('',#2460,#2523,#1539,.T.);
#3409=EDGE_CURVE('',#2451,#2565,#1540,.T.);
#3410=EDGE_CURVE('',#2564,#2450,#1541,.T.);
#3411=EDGE_CURVE('',#2463,#2520,#1542,.T.);
#3412=EDGE_CURVE('',#2522,#2462,#1543,.T.);
#3413=EDGE_CURVE('',#2459,#2525,#1544,.T.);
#3414=EDGE_CURVE('',#2485,#2409,#1545,.T.);
#3415=EDGE_CURVE('',#2484,#2654,#550,.T.);
#3416=EDGE_CURVE('',#2529,#2454,#1546,.T.);
#3417=EDGE_CURVE('',#2455,#2531,#1547,.T.);
#3418=EDGE_CURVE('',#2653,#2656,#270,.T.);
#3419=EDGE_CURVE('',#2656,#2404,#1548,.T.);
#3420=EDGE_CURVE('',#2656,#2491,#551,.T.);
#3421=EDGE_CURVE('',#2406,#2490,#1549,.T.);
#3422=EDGE_CURVE('',#2524,#2458,#1550,.T.);
#3423=EDGE_CURVE('',#2630,#2641,#1551,.T.);
#3424=EDGE_CURVE('',#2475,#2657,#552,.T.);
#3425=EDGE_CURVE('',#2657,#2658,#271,.T.);
#3426=EDGE_CURVE('',#2658,#2472,#553,.T.);
#3427=EDGE_CURVE('',#2471,#2659,#554,.T.);
#3428=EDGE_CURVE('',#2659,#2660,#272,.T.);
#3429=EDGE_CURVE('',#2660,#2468,#555,.T.);
#3430=EDGE_CURVE('',#2467,#2647,#556,.T.);
#3431=EDGE_CURVE('',#2646,#2464,#557,.T.);
#3432=EDGE_CURVE('',#2628,#2661,#145,.T.);
#3433=EDGE_CURVE('',#2661,#2662,#1552,.T.);
#3434=EDGE_CURVE('',#2662,#2629,#146,.T.);
#3435=EDGE_CURVE('',#2662,#2663,#1553,.T.);
#3436=EDGE_CURVE('',#2663,#2642,#147,.T.);
#3437=EDGE_CURVE('',#2664,#2664,#148,.T.);
#3438=EDGE_CURVE('',#2665,#2665,#149,.T.);
#3439=EDGE_CURVE('',#2666,#2666,#150,.T.);
#3440=EDGE_CURVE('',#2661,#2667,#1554,.T.);
#3441=EDGE_CURVE('',#2667,#2663,#1555,.T.);
#3442=EDGE_CURVE('',#2614,#2668,#1556,.T.);
#3443=EDGE_CURVE('',#2620,#2668,#1557,.T.);
#3444=EDGE_CURVE('',#2666,#2669,#1558,.T.);
#3445=EDGE_CURVE('',#2669,#2669,#151,.T.);
#3446=EDGE_CURVE('',#2664,#2670,#1559,.T.);
#3447=EDGE_CURVE('',#2670,#2670,#152,.T.);
#3448=EDGE_CURVE('',#2626,#2393,#153,.T.);
#3449=EDGE_CURVE('',#2668,#2627,#154,.T.);
#3450=EDGE_CURVE('',#2388,#2657,#1560,.T.);
#3451=EDGE_CURVE('',#2658,#2387,#1561,.T.);
#3452=EDGE_CURVE('',#2431,#2473,#1562,.T.);
#3453=EDGE_CURVE('',#2514,#2441,#1563,.T.);
#3454=EDGE_CURVE('',#2515,#2440,#1564,.T.);
#3455=EDGE_CURVE('',#2511,#2445,#1565,.T.);
#3456=EDGE_CURVE('',#2444,#2508,#1566,.T.);
#3457=EDGE_CURVE('',#2474,#2430,#1567,.T.);
#3458=EDGE_CURVE('',#2466,#2434,#1568,.T.);
#3459=EDGE_CURVE('',#2384,#2659,#1569,.T.);
#3460=EDGE_CURVE('',#2660,#2383,#1570,.T.);
#3461=EDGE_CURVE('',#2433,#2469,#1571,.T.);
#3462=EDGE_CURVE('',#2517,#2437,#1572,.T.);
#3463=EDGE_CURVE('',#2436,#2518,#1573,.T.);
#3464=EDGE_CURVE('',#2448,#2566,#1574,.T.);
#3465=EDGE_CURVE('',#2567,#2449,#1575,.T.);
#3466=EDGE_CURVE('',#2438,#2516,#1576,.T.);
#3467=EDGE_CURVE('',#2519,#2439,#1577,.T.);
#3468=EDGE_CURVE('',#2442,#2513,#1578,.T.);
#3469=EDGE_CURVE('',#2470,#2432,#1579,.T.);
#3470=EDGE_CURVE('',#2509,#2447,#1580,.T.);
#3471=EDGE_CURVE('',#2446,#2510,#1581,.T.);
#3472=EDGE_CURVE('',#2435,#2465,#1582,.T.);
#3473=EDGE_CURVE('',#2512,#2443,#1583,.T.);
#3474=EDGE_CURVE('',#2643,#2667,#155,.T.);
#3475=EDGE_CURVE('',#2665,#2671,#1584,.T.);
#3476=EDGE_CURVE('',#2671,#2671,#156,.T.);
#3477=EDGE_CURVE('',#2644,#2390,#157,.T.);
#3478=EDGE_CURVE('',#2672,#2673,#1585,.T.);
#3479=EDGE_CURVE('',#2674,#2672,#158,.T.);
#3480=EDGE_CURVE('',#2675,#2674,#1586,.T.);
#3481=EDGE_CURVE('',#2676,#2675,#159,.T.);
#3482=EDGE_CURVE('',#2677,#2676,#1587,.T.);
#3483=EDGE_CURVE('',#2678,#2677,#160,.T.);
#3484=EDGE_CURVE('',#2679,#2678,#1588,.T.);
#3485=EDGE_CURVE('',#2673,#2679,#161,.T.);
#3486=EDGE_CURVE('',#2680,#2680,#162,.T.);
#3487=EDGE_CURVE('',#2681,#2681,#163,.T.);
#3488=EDGE_CURVE('',#2682,#2682,#164,.T.);
#3489=EDGE_CURVE('',#2661,#2672,#1589,.T.);
#3490=EDGE_CURVE('',#2628,#2674,#1590,.T.);
#3491=EDGE_CURVE('',#2627,#2675,#1591,.T.);
#3492=EDGE_CURVE('',#2668,#2676,#1592,.T.);
#3493=EDGE_CURVE('',#2620,#2677,#1593,.T.);
#3494=EDGE_CURVE('',#2621,#2678,#1594,.T.);
#3495=EDGE_CURVE('',#2643,#2679,#1595,.T.);
#3496=EDGE_CURVE('',#2667,#2673,#1596,.T.);
#3497=EDGE_CURVE('',#2671,#2682,#1597,.T.);
#3498=EDGE_CURVE('',#2670,#2681,#1598,.T.);
#3499=EDGE_CURVE('',#2669,#2680,#1599,.T.);
#3500=EDGE_CURVE('',#2611,#2504,#1600,.T.);
#3501=EDGE_CURVE('',#2610,#2505,#1601,.T.);
#3502=EDGE_CURVE('',#2683,#2502,#1602,.T.);
#3503=EDGE_CURVE('',#2683,#2684,#1603,.T.);
#3504=EDGE_CURVE('',#2684,#2499,#1604,.T.);
#3505=EDGE_CURVE('',#2685,#2498,#1605,.T.);
#3506=EDGE_CURVE('',#2685,#2686,#1606,.T.);
#3507=EDGE_CURVE('',#2686,#2495,#1607,.T.);
#3508=EDGE_CURVE('',#2613,#2494,#1608,.T.);
#3509=EDGE_CURVE('',#2612,#2503,#1609,.T.);
#3510=EDGE_CURVE('',#2683,#2687,#1610,.T.);
#3511=EDGE_CURVE('',#2687,#2688,#1611,.T.);
#3512=EDGE_CURVE('',#2684,#2688,#1612,.T.);
#3513=EDGE_CURVE('',#2688,#2500,#1613,.T.);
#3514=EDGE_CURVE('',#2687,#2501,#1614,.T.);
#3515=EDGE_CURVE('',#2689,#2507,#1615,.T.);
#3516=EDGE_CURVE('',#2183,#2689,#1616,.T.);
#3517=EDGE_CURVE('',#2686,#2690,#1617,.T.);
#3518=EDGE_CURVE('',#2685,#2691,#1618,.T.);
#3519=EDGE_CURVE('',#2691,#2690,#1619,.T.);
#3520=EDGE_CURVE('',#2691,#2497,#1620,.T.);
#3521=EDGE_CURVE('',#2690,#2496,#1621,.T.);
#3522=EDGE_CURVE('',#2193,#2692,#1622,.T.);
#3523=EDGE_CURVE('',#2692,#2506,#1623,.T.);
#3524=EDGE_CURVE('',#2606,#2421,#1624,.T.);
#3525=EDGE_CURVE('',#2605,#2422,#1625,.T.);
#3526=EDGE_CURVE('',#2607,#2420,#1626,.T.);
#3527=EDGE_CURVE('',#2191,#2689,#1627,.T.);
#3528=EDGE_CURVE('',#2186,#2692,#1628,.T.);
#3529=EDGE_CURVE('',#2693,#2694,#1629,.F.);
#3530=EDGE_CURVE('',#2693,#2695,#1630,.T.);
#3531=EDGE_CURVE('',#2695,#2696,#1631,.T.);
#3532=EDGE_CURVE('',#2694,#2696,#1632,.T.);
#3533=EDGE_CURVE('',#2697,#2693,#165,.F.);
#3534=EDGE_CURVE('',#2697,#2698,#1633,.T.);
#3535=EDGE_CURVE('',#2698,#2695,#166,.T.);
#3536=EDGE_CURVE('',#2697,#2699,#1634,.T.);
#3537=EDGE_CURVE('',#2699,#2700,#1635,.T.);
#3538=EDGE_CURVE('',#2700,#2698,#1636,.T.);
#3539=EDGE_CURVE('',#2701,#2699,#167,.F.);
#3540=EDGE_CURVE('',#2701,#2702,#1637,.T.);
#3541=EDGE_CURVE('',#2702,#2700,#168,.T.);
#3542=EDGE_CURVE('',#2703,#2694,#169,.T.);
#3543=EDGE_CURVE('',#2696,#2704,#170,.T.);
#3544=EDGE_CURVE('',#2703,#2704,#1638,.T.);
#3545=EDGE_CURVE('',#2705,#2703,#1639,.T.);
#3546=EDGE_CURVE('',#2704,#2706,#1640,.T.);
#3547=EDGE_CURVE('',#2705,#2706,#1641,.T.);
#3548=EDGE_CURVE('',#2707,#2705,#171,.T.);
#3549=EDGE_CURVE('',#2706,#2708,#172,.T.);
#3550=EDGE_CURVE('',#2707,#2708,#1642,.T.);
#3551=EDGE_CURVE('',#2707,#2701,#1643,.F.);
#3552=EDGE_CURVE('',#2708,#2702,#1644,.T.);
#3553=EDGE_CURVE('',#2709,#2710,#173,.T.);
#3554=EDGE_CURVE('',#2711,#2710,#1645,.T.);
#3555=EDGE_CURVE('',#2711,#2712,#174,.F.);
#3556=EDGE_CURVE('',#2712,#2709,#1646,.T.);
#3557=EDGE_CURVE('',#2710,#2713,#1647,.T.);
#3558=EDGE_CURVE('',#2714,#2713,#1648,.T.);
#3559=EDGE_CURVE('',#2711,#2714,#1649,.T.);
#3560=EDGE_CURVE('',#2713,#2715,#175,.T.);
#3561=EDGE_CURVE('',#2716,#2715,#1650,.T.);
#3562=EDGE_CURVE('',#2716,#2714,#176,.F.);
#3563=EDGE_CURVE('',#2715,#2717,#1651,.T.);
#3564=EDGE_CURVE('',#2718,#2717,#1652,.T.);
#3565=EDGE_CURVE('',#2716,#2718,#1653,.T.);
#3566=EDGE_CURVE('',#2717,#2719,#177,.T.);
#3567=EDGE_CURVE('',#2720,#2719,#1654,.T.);
#3568=EDGE_CURVE('',#2720,#2718,#178,.F.);
#3569=EDGE_CURVE('',#2719,#2721,#1655,.T.);
#3570=EDGE_CURVE('',#2722,#2721,#1656,.T.);
#3571=EDGE_CURVE('',#2720,#2722,#1657,.T.);
#3572=EDGE_CURVE('',#2721,#2723,#179,.T.);
#3573=EDGE_CURVE('',#2724,#2723,#1658,.T.);
#3574=EDGE_CURVE('',#2724,#2722,#180,.F.);
#3575=EDGE_CURVE('',#2723,#2709,#1659,.T.);
#3576=EDGE_CURVE('',#2724,#2712,#1660,.T.);
#3577=ORIENTED_EDGE('',*,*,#2725,.F.);
#3578=ORIENTED_EDGE('',*,*,#2726,.F.);
#3579=ORIENTED_EDGE('',*,*,#2727,.F.);
#3580=ORIENTED_EDGE('',*,*,#2728,.T.);
#3581=ORIENTED_EDGE('',*,*,#2729,.F.);
#3582=ORIENTED_EDGE('',*,*,#2730,.T.);
#3583=ORIENTED_EDGE('',*,*,#2731,.F.);
#3584=ORIENTED_EDGE('',*,*,#2732,.F.);
#3585=ORIENTED_EDGE('',*,*,#2733,.F.);
#3586=ORIENTED_EDGE('',*,*,#2732,.T.);
#3587=ORIENTED_EDGE('',*,*,#2734,.F.);
#3588=ORIENTED_EDGE('',*,*,#2735,.F.);
#3589=ORIENTED_EDGE('',*,*,#2736,.F.);
#3590=ORIENTED_EDGE('',*,*,#2737,.T.);
#3591=ORIENTED_EDGE('',*,*,#2738,.F.);
#3592=ORIENTED_EDGE('',*,*,#2726,.T.);
#3593=ORIENTED_EDGE('',*,*,#2739,.F.);
#3594=ORIENTED_EDGE('',*,*,#2740,.F.);
#3595=ORIENTED_EDGE('',*,*,#2741,.T.);
#3596=ORIENTED_EDGE('',*,*,#2736,.T.);
#3597=ORIENTED_EDGE('',*,*,#2742,.F.);
#3598=ORIENTED_EDGE('',*,*,#2743,.F.);
#3599=ORIENTED_EDGE('',*,*,#2744,.T.);
#3600=ORIENTED_EDGE('',*,*,#2742,.T.);
#3601=ORIENTED_EDGE('',*,*,#2735,.T.);
#3602=ORIENTED_EDGE('',*,*,#2745,.F.);
#3603=ORIENTED_EDGE('',*,*,#2737,.F.);
#3604=ORIENTED_EDGE('',*,*,#2741,.F.);
#3605=ORIENTED_EDGE('',*,*,#2734,.T.);
#3606=ORIENTED_EDGE('',*,*,#2731,.T.);
#3607=ORIENTED_EDGE('',*,*,#2746,.F.);
#3608=ORIENTED_EDGE('',*,*,#2747,.F.);
#3609=ORIENTED_EDGE('',*,*,#2748,.F.);
#3610=ORIENTED_EDGE('',*,*,#2749,.T.);
#3611=ORIENTED_EDGE('',*,*,#2740,.T.);
#3612=ORIENTED_EDGE('',*,*,#2750,.F.);
#3613=ORIENTED_EDGE('',*,*,#2751,.T.);
#3614=ORIENTED_EDGE('',*,*,#2752,.T.);
#3615=ORIENTED_EDGE('',*,*,#2745,.T.);
#3616=ORIENTED_EDGE('',*,*,#2753,.F.);
#3617=ORIENTED_EDGE('',*,*,#2754,.F.);
#3618=ORIENTED_EDGE('',*,*,#2755,.F.);
#3619=ORIENTED_EDGE('',*,*,#2756,.T.);
#3620=ORIENTED_EDGE('',*,*,#2757,.F.);
#3621=ORIENTED_EDGE('',*,*,#2744,.F.);
#3622=ORIENTED_EDGE('',*,*,#2749,.F.);
#3623=ORIENTED_EDGE('',*,*,#2758,.T.);
#3624=ORIENTED_EDGE('',*,*,#2759,.T.);
#3625=ORIENTED_EDGE('',*,*,#2739,.T.);
#3626=ORIENTED_EDGE('',*,*,#2725,.T.);
#3627=ORIENTED_EDGE('',*,*,#2760,.F.);
#3628=ORIENTED_EDGE('',*,*,#2761,.F.);
#3629=ORIENTED_EDGE('',*,*,#2762,.F.);
#3630=ORIENTED_EDGE('',*,*,#2750,.T.);
#3631=ORIENTED_EDGE('',*,*,#2763,.F.);
#3632=ORIENTED_EDGE('',*,*,#2764,.T.);
#3633=ORIENTED_EDGE('',*,*,#2765,.F.);
#3634=ORIENTED_EDGE('',*,*,#2766,.F.);
#3635=ORIENTED_EDGE('',*,*,#2767,.F.);
#3636=ORIENTED_EDGE('',*,*,#2766,.T.);
#3637=ORIENTED_EDGE('',*,*,#2768,.F.);
#3638=ORIENTED_EDGE('',*,*,#2769,.F.);
#3639=ORIENTED_EDGE('',*,*,#2770,.F.);
#3640=ORIENTED_EDGE('',*,*,#2769,.T.);
#3641=ORIENTED_EDGE('',*,*,#2771,.F.);
#3642=ORIENTED_EDGE('',*,*,#2772,.F.);
#3643=ORIENTED_EDGE('',*,*,#2773,.F.);
#3644=ORIENTED_EDGE('',*,*,#2772,.T.);
#3645=ORIENTED_EDGE('',*,*,#2774,.F.);
#3646=ORIENTED_EDGE('',*,*,#2764,.F.);
#3647=ORIENTED_EDGE('',*,*,#2775,.F.);
#3648=ORIENTED_EDGE('',*,*,#2776,.T.);
#3649=ORIENTED_EDGE('',*,*,#2777,.F.);
#3650=ORIENTED_EDGE('',*,*,#2778,.F.);
#3651=ORIENTED_EDGE('',*,*,#2779,.F.);
#3652=ORIENTED_EDGE('',*,*,#2778,.T.);
#3653=ORIENTED_EDGE('',*,*,#2780,.F.);
#3654=ORIENTED_EDGE('',*,*,#2781,.F.);
#3655=ORIENTED_EDGE('',*,*,#2782,.F.);
#3656=ORIENTED_EDGE('',*,*,#2781,.T.);
#3657=ORIENTED_EDGE('',*,*,#2783,.F.);
#3658=ORIENTED_EDGE('',*,*,#2784,.F.);
#3659=ORIENTED_EDGE('',*,*,#2785,.F.);
#3660=ORIENTED_EDGE('',*,*,#2784,.T.);
#3661=ORIENTED_EDGE('',*,*,#2786,.F.);
#3662=ORIENTED_EDGE('',*,*,#2776,.F.);
#3663=ORIENTED_EDGE('',*,*,#2787,.F.);
#3664=ORIENTED_EDGE('',*,*,#2788,.T.);
#3665=ORIENTED_EDGE('',*,*,#2789,.F.);
#3666=ORIENTED_EDGE('',*,*,#2790,.F.);
#3667=ORIENTED_EDGE('',*,*,#2791,.F.);
#3668=ORIENTED_EDGE('',*,*,#2792,.F.);
#3669=ORIENTED_EDGE('',*,*,#2793,.F.);
#3670=ORIENTED_EDGE('',*,*,#2791,.T.);
#3671=ORIENTED_EDGE('',*,*,#2794,.F.);
#3672=ORIENTED_EDGE('',*,*,#2795,.F.);
#3673=ORIENTED_EDGE('',*,*,#2796,.F.);
#3674=ORIENTED_EDGE('',*,*,#2797,.T.);
#3675=ORIENTED_EDGE('',*,*,#2798,.F.);
#3676=ORIENTED_EDGE('',*,*,#2788,.F.);
#3677=ORIENTED_EDGE('',*,*,#2799,.F.);
#3678=ORIENTED_EDGE('',*,*,#2800,.T.);
#3679=ORIENTED_EDGE('',*,*,#2801,.F.);
#3680=ORIENTED_EDGE('',*,*,#2797,.F.);
#3681=ORIENTED_EDGE('',*,*,#2802,.F.);
#3682=ORIENTED_EDGE('',*,*,#2803,.F.);
#3683=ORIENTED_EDGE('',*,*,#2795,.T.);
#3684=ORIENTED_EDGE('',*,*,#2804,.F.);
#3685=ORIENTED_EDGE('',*,*,#2805,.F.);
#3686=ORIENTED_EDGE('',*,*,#2800,.F.);
#3687=ORIENTED_EDGE('',*,*,#2806,.F.);
#3688=ORIENTED_EDGE('',*,*,#2807,.T.);
#3689=ORIENTED_EDGE('',*,*,#2808,.F.);
#3690=ORIENTED_EDGE('',*,*,#2809,.F.);
#3691=ORIENTED_EDGE('',*,*,#2810,.F.);
#3692=ORIENTED_EDGE('',*,*,#2809,.T.);
#3693=ORIENTED_EDGE('',*,*,#2811,.F.);
#3694=ORIENTED_EDGE('',*,*,#2812,.F.);
#3695=ORIENTED_EDGE('',*,*,#2813,.F.);
#3696=ORIENTED_EDGE('',*,*,#2812,.T.);
#3697=ORIENTED_EDGE('',*,*,#2814,.F.);
#3698=ORIENTED_EDGE('',*,*,#2815,.F.);
#3699=ORIENTED_EDGE('',*,*,#2816,.F.);
#3700=ORIENTED_EDGE('',*,*,#2817,.F.);
#3701=ORIENTED_EDGE('',*,*,#2818,.F.);
#3702=ORIENTED_EDGE('',*,*,#2819,.F.);
#3703=ORIENTED_EDGE('',*,*,#2820,.T.);
#3704=ORIENTED_EDGE('',*,*,#2821,.F.);
#3705=ORIENTED_EDGE('',*,*,#2822,.F.);
#3706=ORIENTED_EDGE('',*,*,#2807,.F.);
#3707=ORIENTED_EDGE('',*,*,#2823,.F.);
#3708=ORIENTED_EDGE('',*,*,#2816,.T.);
#3709=ORIENTED_EDGE('',*,*,#2824,.F.);
#3710=ORIENTED_EDGE('',*,*,#2820,.F.);
#3711=ORIENTED_EDGE('',*,*,#2825,.F.);
#3712=ORIENTED_EDGE('',*,*,#2826,.T.);
#3713=ORIENTED_EDGE('',*,*,#2827,.F.);
#3714=ORIENTED_EDGE('',*,*,#2828,.F.);
#3715=ORIENTED_EDGE('',*,*,#2829,.F.);
#3716=ORIENTED_EDGE('',*,*,#2830,.F.);
#3717=ORIENTED_EDGE('',*,*,#2831,.F.);
#3718=ORIENTED_EDGE('',*,*,#2829,.T.);
#3719=ORIENTED_EDGE('',*,*,#2832,.F.);
#3720=ORIENTED_EDGE('',*,*,#2833,.F.);
#3721=ORIENTED_EDGE('',*,*,#2834,.F.);
#3722=ORIENTED_EDGE('',*,*,#2835,.T.);
#3723=ORIENTED_EDGE('',*,*,#2836,.F.);
#3724=ORIENTED_EDGE('',*,*,#2826,.F.);
#3725=ORIENTED_EDGE('',*,*,#2837,.F.);
#3726=ORIENTED_EDGE('',*,*,#2838,.T.);
#3727=ORIENTED_EDGE('',*,*,#2839,.F.);
#3728=ORIENTED_EDGE('',*,*,#2835,.F.);
#3729=ORIENTED_EDGE('',*,*,#2840,.F.);
#3730=ORIENTED_EDGE('',*,*,#2841,.F.);
#3731=ORIENTED_EDGE('',*,*,#2833,.T.);
#3732=ORIENTED_EDGE('',*,*,#2842,.F.);
#3733=ORIENTED_EDGE('',*,*,#2843,.F.);
#3734=ORIENTED_EDGE('',*,*,#2838,.F.);
#3735=ORIENTED_EDGE('',*,*,#2844,.F.);
#3736=ORIENTED_EDGE('',*,*,#2845,.T.);
#3737=ORIENTED_EDGE('',*,*,#2846,.F.);
#3738=ORIENTED_EDGE('',*,*,#2847,.F.);
#3739=ORIENTED_EDGE('',*,*,#2848,.F.);
#3740=ORIENTED_EDGE('',*,*,#2849,.F.);
#3741=ORIENTED_EDGE('',*,*,#2850,.F.);
#3742=ORIENTED_EDGE('',*,*,#2848,.T.);
#3743=ORIENTED_EDGE('',*,*,#2851,.F.);
#3744=ORIENTED_EDGE('',*,*,#2852,.F.);
#3745=ORIENTED_EDGE('',*,*,#2853,.F.);
#3746=ORIENTED_EDGE('',*,*,#2854,.T.);
#3747=ORIENTED_EDGE('',*,*,#2855,.F.);
#3748=ORIENTED_EDGE('',*,*,#2845,.F.);
#3749=ORIENTED_EDGE('',*,*,#2856,.F.);
#3750=ORIENTED_EDGE('',*,*,#2857,.T.);
#3751=ORIENTED_EDGE('',*,*,#2858,.F.);
#3752=ORIENTED_EDGE('',*,*,#2854,.F.);
#3753=ORIENTED_EDGE('',*,*,#2859,.F.);
#3754=ORIENTED_EDGE('',*,*,#2860,.F.);
#3755=ORIENTED_EDGE('',*,*,#2852,.T.);
#3756=ORIENTED_EDGE('',*,*,#2861,.F.);
#3757=ORIENTED_EDGE('',*,*,#2862,.F.);
#3758=ORIENTED_EDGE('',*,*,#2857,.F.);
#3759=ORIENTED_EDGE('',*,*,#2863,.F.);
#3760=ORIENTED_EDGE('',*,*,#2864,.T.);
#3761=ORIENTED_EDGE('',*,*,#2865,.F.);
#3762=ORIENTED_EDGE('',*,*,#2866,.F.);
#3763=ORIENTED_EDGE('',*,*,#2867,.F.);
#3764=ORIENTED_EDGE('',*,*,#2868,.T.);
#3765=ORIENTED_EDGE('',*,*,#2869,.F.);
#3766=ORIENTED_EDGE('',*,*,#2870,.F.);
#3767=ORIENTED_EDGE('',*,*,#2871,.F.);
#3768=ORIENTED_EDGE('',*,*,#2870,.T.);
#3769=ORIENTED_EDGE('',*,*,#2872,.F.);
#3770=ORIENTED_EDGE('',*,*,#2873,.F.);
#3771=ORIENTED_EDGE('',*,*,#2874,.F.);
#3772=ORIENTED_EDGE('',*,*,#2873,.T.);
#3773=ORIENTED_EDGE('',*,*,#2875,.F.);
#3774=ORIENTED_EDGE('',*,*,#2876,.F.);
#3775=ORIENTED_EDGE('',*,*,#2877,.F.);
#3776=ORIENTED_EDGE('',*,*,#2876,.T.);
#3777=ORIENTED_EDGE('',*,*,#2878,.F.);
#3778=ORIENTED_EDGE('',*,*,#2868,.F.);
#3779=ORIENTED_EDGE('',*,*,#2879,.F.);
#3780=ORIENTED_EDGE('',*,*,#2880,.T.);
#3781=ORIENTED_EDGE('',*,*,#2881,.F.);
#3782=ORIENTED_EDGE('',*,*,#2882,.F.);
#3783=ORIENTED_EDGE('',*,*,#2883,.F.);
#3784=ORIENTED_EDGE('',*,*,#2882,.T.);
#3785=ORIENTED_EDGE('',*,*,#2884,.F.);
#3786=ORIENTED_EDGE('',*,*,#2885,.F.);
#3787=ORIENTED_EDGE('',*,*,#2886,.F.);
#3788=ORIENTED_EDGE('',*,*,#2885,.T.);
#3789=ORIENTED_EDGE('',*,*,#2887,.F.);
#3790=ORIENTED_EDGE('',*,*,#2888,.F.);
#3791=ORIENTED_EDGE('',*,*,#2889,.F.);
#3792=ORIENTED_EDGE('',*,*,#2888,.T.);
#3793=ORIENTED_EDGE('',*,*,#2890,.F.);
#3794=ORIENTED_EDGE('',*,*,#2880,.F.);
#3795=ORIENTED_EDGE('',*,*,#2891,.F.);
#3796=ORIENTED_EDGE('',*,*,#2892,.T.);
#3797=ORIENTED_EDGE('',*,*,#2893,.F.);
#3798=ORIENTED_EDGE('',*,*,#2894,.F.);
#3799=ORIENTED_EDGE('',*,*,#2895,.F.);
#3800=ORIENTED_EDGE('',*,*,#2894,.T.);
#3801=ORIENTED_EDGE('',*,*,#2896,.F.);
#3802=ORIENTED_EDGE('',*,*,#2897,.F.);
#3803=ORIENTED_EDGE('',*,*,#2898,.F.);
#3804=ORIENTED_EDGE('',*,*,#2897,.T.);
#3805=ORIENTED_EDGE('',*,*,#2899,.F.);
#3806=ORIENTED_EDGE('',*,*,#2900,.F.);
#3807=ORIENTED_EDGE('',*,*,#2901,.F.);
#3808=ORIENTED_EDGE('',*,*,#2900,.T.);
#3809=ORIENTED_EDGE('',*,*,#2902,.F.);
#3810=ORIENTED_EDGE('',*,*,#2892,.F.);
#3811=ORIENTED_EDGE('',*,*,#2903,.F.);
#3812=ORIENTED_EDGE('',*,*,#2904,.T.);
#3813=ORIENTED_EDGE('',*,*,#2905,.F.);
#3814=ORIENTED_EDGE('',*,*,#2906,.F.);
#3815=ORIENTED_EDGE('',*,*,#2907,.F.);
#3816=ORIENTED_EDGE('',*,*,#2906,.T.);
#3817=ORIENTED_EDGE('',*,*,#2908,.F.);
#3818=ORIENTED_EDGE('',*,*,#2909,.F.);
#3819=ORIENTED_EDGE('',*,*,#2910,.F.);
#3820=ORIENTED_EDGE('',*,*,#2909,.T.);
#3821=ORIENTED_EDGE('',*,*,#2911,.F.);
#3822=ORIENTED_EDGE('',*,*,#2912,.F.);
#3823=ORIENTED_EDGE('',*,*,#2913,.F.);
#3824=ORIENTED_EDGE('',*,*,#2912,.T.);
#3825=ORIENTED_EDGE('',*,*,#2914,.F.);
#3826=ORIENTED_EDGE('',*,*,#2904,.F.);
#3827=ORIENTED_EDGE('',*,*,#2915,.F.);
#3828=ORIENTED_EDGE('',*,*,#2916,.T.);
#3829=ORIENTED_EDGE('',*,*,#2917,.F.);
#3830=ORIENTED_EDGE('',*,*,#2918,.F.);
#3831=ORIENTED_EDGE('',*,*,#2919,.F.);
#3832=ORIENTED_EDGE('',*,*,#2920,.F.);
#3833=ORIENTED_EDGE('',*,*,#2921,.F.);
#3834=ORIENTED_EDGE('',*,*,#2919,.T.);
#3835=ORIENTED_EDGE('',*,*,#2922,.F.);
#3836=ORIENTED_EDGE('',*,*,#2923,.F.);
#3837=ORIENTED_EDGE('',*,*,#2924,.F.);
#3838=ORIENTED_EDGE('',*,*,#2925,.T.);
#3839=ORIENTED_EDGE('',*,*,#2926,.F.);
#3840=ORIENTED_EDGE('',*,*,#2916,.F.);
#3841=ORIENTED_EDGE('',*,*,#2927,.F.);
#3842=ORIENTED_EDGE('',*,*,#2928,.T.);
#3843=ORIENTED_EDGE('',*,*,#2929,.F.);
#3844=ORIENTED_EDGE('',*,*,#2925,.F.);
#3845=ORIENTED_EDGE('',*,*,#2930,.F.);
#3846=ORIENTED_EDGE('',*,*,#2931,.F.);
#3847=ORIENTED_EDGE('',*,*,#2923,.T.);
#3848=ORIENTED_EDGE('',*,*,#2932,.F.);
#3849=ORIENTED_EDGE('',*,*,#2933,.F.);
#3850=ORIENTED_EDGE('',*,*,#2928,.F.);
#3851=ORIENTED_EDGE('',*,*,#2934,.F.);
#3852=ORIENTED_EDGE('',*,*,#2935,.T.);
#3853=ORIENTED_EDGE('',*,*,#2936,.F.);
#3854=ORIENTED_EDGE('',*,*,#2937,.F.);
#3855=ORIENTED_EDGE('',*,*,#2938,.F.);
#3856=ORIENTED_EDGE('',*,*,#2937,.T.);
#3857=ORIENTED_EDGE('',*,*,#2939,.F.);
#3858=ORIENTED_EDGE('',*,*,#2940,.F.);
#3859=ORIENTED_EDGE('',*,*,#2941,.F.);
#3860=ORIENTED_EDGE('',*,*,#2940,.T.);
#3861=ORIENTED_EDGE('',*,*,#2942,.F.);
#3862=ORIENTED_EDGE('',*,*,#2943,.F.);
#3863=ORIENTED_EDGE('',*,*,#2944,.F.);
#3864=ORIENTED_EDGE('',*,*,#2945,.F.);
#3865=ORIENTED_EDGE('',*,*,#2946,.F.);
#3866=ORIENTED_EDGE('',*,*,#2947,.F.);
#3867=ORIENTED_EDGE('',*,*,#2948,.T.);
#3868=ORIENTED_EDGE('',*,*,#2949,.F.);
#3869=ORIENTED_EDGE('',*,*,#2950,.F.);
#3870=ORIENTED_EDGE('',*,*,#2935,.F.);
#3871=ORIENTED_EDGE('',*,*,#2951,.F.);
#3872=ORIENTED_EDGE('',*,*,#2944,.T.);
#3873=ORIENTED_EDGE('',*,*,#2952,.F.);
#3874=ORIENTED_EDGE('',*,*,#2948,.F.);
#3875=ORIENTED_EDGE('',*,*,#2953,.F.);
#3876=ORIENTED_EDGE('',*,*,#2954,.T.);
#3877=ORIENTED_EDGE('',*,*,#2955,.F.);
#3878=ORIENTED_EDGE('',*,*,#2956,.F.);
#3879=ORIENTED_EDGE('',*,*,#2957,.F.);
#3880=ORIENTED_EDGE('',*,*,#2956,.T.);
#3881=ORIENTED_EDGE('',*,*,#2958,.F.);
#3882=ORIENTED_EDGE('',*,*,#2959,.F.);
#3883=ORIENTED_EDGE('',*,*,#2960,.F.);
#3884=ORIENTED_EDGE('',*,*,#2959,.T.);
#3885=ORIENTED_EDGE('',*,*,#2961,.F.);
#3886=ORIENTED_EDGE('',*,*,#2962,.F.);
#3887=ORIENTED_EDGE('',*,*,#2963,.F.);
#3888=ORIENTED_EDGE('',*,*,#2964,.F.);
#3889=ORIENTED_EDGE('',*,*,#2965,.F.);
#3890=ORIENTED_EDGE('',*,*,#2966,.F.);
#3891=ORIENTED_EDGE('',*,*,#2967,.T.);
#3892=ORIENTED_EDGE('',*,*,#2968,.F.);
#3893=ORIENTED_EDGE('',*,*,#2969,.F.);
#3894=ORIENTED_EDGE('',*,*,#2954,.F.);
#3895=ORIENTED_EDGE('',*,*,#2970,.F.);
#3896=ORIENTED_EDGE('',*,*,#2963,.T.);
#3897=ORIENTED_EDGE('',*,*,#2971,.F.);
#3898=ORIENTED_EDGE('',*,*,#2967,.F.);
#3899=ORIENTED_EDGE('',*,*,#2972,.F.);
#3900=ORIENTED_EDGE('',*,*,#2973,.T.);
#3901=ORIENTED_EDGE('',*,*,#2974,.F.);
#3902=ORIENTED_EDGE('',*,*,#2975,.F.);
#3903=ORIENTED_EDGE('',*,*,#2976,.F.);
#3904=ORIENTED_EDGE('',*,*,#2977,.F.);
#3905=ORIENTED_EDGE('',*,*,#2978,.F.);
#3906=ORIENTED_EDGE('',*,*,#2976,.T.);
#3907=ORIENTED_EDGE('',*,*,#2979,.F.);
#3908=ORIENTED_EDGE('',*,*,#2980,.F.);
#3909=ORIENTED_EDGE('',*,*,#2981,.F.);
#3910=ORIENTED_EDGE('',*,*,#2982,.T.);
#3911=ORIENTED_EDGE('',*,*,#2983,.F.);
#3912=ORIENTED_EDGE('',*,*,#2973,.F.);
#3913=ORIENTED_EDGE('',*,*,#2984,.F.);
#3914=ORIENTED_EDGE('',*,*,#2985,.T.);
#3915=ORIENTED_EDGE('',*,*,#2986,.F.);
#3916=ORIENTED_EDGE('',*,*,#2982,.F.);
#3917=ORIENTED_EDGE('',*,*,#2987,.F.);
#3918=ORIENTED_EDGE('',*,*,#2988,.F.);
#3919=ORIENTED_EDGE('',*,*,#2980,.T.);
#3920=ORIENTED_EDGE('',*,*,#2989,.F.);
#3921=ORIENTED_EDGE('',*,*,#2990,.F.);
#3922=ORIENTED_EDGE('',*,*,#2985,.F.);
#3923=ORIENTED_EDGE('',*,*,#2991,.F.);
#3924=ORIENTED_EDGE('',*,*,#2992,.T.);
#3925=ORIENTED_EDGE('',*,*,#2993,.F.);
#3926=ORIENTED_EDGE('',*,*,#2994,.F.);
#3927=ORIENTED_EDGE('',*,*,#2995,.F.);
#3928=ORIENTED_EDGE('',*,*,#2996,.T.);
#3929=ORIENTED_EDGE('',*,*,#2997,.F.);
#3930=ORIENTED_EDGE('',*,*,#2998,.F.);
#3931=ORIENTED_EDGE('',*,*,#2999,.F.);
#3932=ORIENTED_EDGE('',*,*,#2998,.T.);
#3933=ORIENTED_EDGE('',*,*,#3000,.F.);
#3934=ORIENTED_EDGE('',*,*,#3001,.F.);
#3935=ORIENTED_EDGE('',*,*,#3002,.F.);
#3936=ORIENTED_EDGE('',*,*,#3001,.T.);
#3937=ORIENTED_EDGE('',*,*,#3003,.F.);
#3938=ORIENTED_EDGE('',*,*,#3004,.F.);
#3939=ORIENTED_EDGE('',*,*,#3005,.F.);
#3940=ORIENTED_EDGE('',*,*,#3004,.T.);
#3941=ORIENTED_EDGE('',*,*,#3006,.F.);
#3942=ORIENTED_EDGE('',*,*,#2996,.F.);
#3943=ORIENTED_EDGE('',*,*,#3007,.F.);
#3944=ORIENTED_EDGE('',*,*,#3008,.T.);
#3945=ORIENTED_EDGE('',*,*,#3009,.F.);
#3946=ORIENTED_EDGE('',*,*,#3010,.F.);
#3947=ORIENTED_EDGE('',*,*,#3011,.F.);
#3948=ORIENTED_EDGE('',*,*,#3010,.T.);
#3949=ORIENTED_EDGE('',*,*,#3012,.F.);
#3950=ORIENTED_EDGE('',*,*,#3013,.F.);
#3951=ORIENTED_EDGE('',*,*,#3014,.F.);
#3952=ORIENTED_EDGE('',*,*,#3013,.T.);
#3953=ORIENTED_EDGE('',*,*,#3015,.F.);
#3954=ORIENTED_EDGE('',*,*,#3016,.F.);
#3955=ORIENTED_EDGE('',*,*,#3017,.F.);
#3956=ORIENTED_EDGE('',*,*,#3016,.T.);
#3957=ORIENTED_EDGE('',*,*,#3018,.F.);
#3958=ORIENTED_EDGE('',*,*,#3008,.F.);
#3959=ORIENTED_EDGE('',*,*,#2789,.T.);
#3960=ORIENTED_EDGE('',*,*,#2798,.T.);
#3961=ORIENTED_EDGE('',*,*,#2801,.T.);
#3962=ORIENTED_EDGE('',*,*,#2805,.T.);
#3963=ORIENTED_EDGE('',*,*,#3019,.F.);
#3964=ORIENTED_EDGE('',*,*,#2917,.T.);
#3965=ORIENTED_EDGE('',*,*,#2926,.T.);
#3966=ORIENTED_EDGE('',*,*,#2929,.T.);
#3967=ORIENTED_EDGE('',*,*,#2933,.T.);
#3968=ORIENTED_EDGE('',*,*,#3020,.F.);
#3969=ORIENTED_EDGE('',*,*,#2974,.T.);
#3970=ORIENTED_EDGE('',*,*,#2983,.T.);
#3971=ORIENTED_EDGE('',*,*,#2986,.T.);
#3972=ORIENTED_EDGE('',*,*,#2990,.T.);
#3973=ORIENTED_EDGE('',*,*,#3021,.F.);
#3974=ORIENTED_EDGE('',*,*,#2846,.T.);
#3975=ORIENTED_EDGE('',*,*,#2855,.T.);
#3976=ORIENTED_EDGE('',*,*,#2858,.T.);
#3977=ORIENTED_EDGE('',*,*,#2862,.T.);
#3978=ORIENTED_EDGE('',*,*,#3022,.F.);
#3979=ORIENTED_EDGE('',*,*,#2814,.T.);
#3980=ORIENTED_EDGE('',*,*,#2811,.T.);
#3981=ORIENTED_EDGE('',*,*,#2808,.T.);
#3982=ORIENTED_EDGE('',*,*,#2822,.T.);
#3983=ORIENTED_EDGE('',*,*,#3023,.F.);
#3984=ORIENTED_EDGE('',*,*,#2942,.T.);
#3985=ORIENTED_EDGE('',*,*,#2939,.T.);
#3986=ORIENTED_EDGE('',*,*,#2936,.T.);
#3987=ORIENTED_EDGE('',*,*,#2950,.T.);
#3988=ORIENTED_EDGE('',*,*,#3024,.F.);
#3989=ORIENTED_EDGE('',*,*,#2961,.T.);
#3990=ORIENTED_EDGE('',*,*,#2958,.T.);
#3991=ORIENTED_EDGE('',*,*,#2955,.T.);
#3992=ORIENTED_EDGE('',*,*,#2969,.T.);
#3993=ORIENTED_EDGE('',*,*,#3025,.F.);
#3994=ORIENTED_EDGE('',*,*,#2827,.T.);
#3995=ORIENTED_EDGE('',*,*,#2836,.T.);
#3996=ORIENTED_EDGE('',*,*,#2839,.T.);
#3997=ORIENTED_EDGE('',*,*,#2843,.T.);
#3998=ORIENTED_EDGE('',*,*,#3026,.F.);
#3999=ORIENTED_EDGE('',*,*,#3027,.T.);
#4000=ORIENTED_EDGE('',*,*,#3028,.T.);
#4001=ORIENTED_EDGE('',*,*,#3029,.T.);
#4002=ORIENTED_EDGE('',*,*,#3030,.F.);
#4003=ORIENTED_EDGE('',*,*,#3031,.T.);
#4004=ORIENTED_EDGE('',*,*,#3032,.T.);
#4005=ORIENTED_EDGE('',*,*,#3033,.T.);
#4006=ORIENTED_EDGE('',*,*,#3034,.F.);
#4007=ORIENTED_EDGE('',*,*,#3035,.T.);
#4008=ORIENTED_EDGE('',*,*,#3036,.T.);
#4009=ORIENTED_EDGE('',*,*,#3037,.T.);
#4010=ORIENTED_EDGE('',*,*,#3038,.F.);
#4011=ORIENTED_EDGE('',*,*,#3039,.T.);
#4012=ORIENTED_EDGE('',*,*,#3040,.F.);
#4013=ORIENTED_EDGE('',*,*,#3041,.F.);
#4014=ORIENTED_EDGE('',*,*,#3042,.T.);
#4015=ORIENTED_EDGE('',*,*,#3043,.F.);
#4016=ORIENTED_EDGE('',*,*,#3044,.F.);
#4017=ORIENTED_EDGE('',*,*,#3045,.F.);
#4018=ORIENTED_EDGE('',*,*,#3046,.T.);
#4019=ORIENTED_EDGE('',*,*,#3047,.F.);
#4020=ORIENTED_EDGE('',*,*,#3048,.F.);
#4021=ORIENTED_EDGE('',*,*,#3049,.F.);
#4022=ORIENTED_EDGE('',*,*,#3050,.T.);
#4023=ORIENTED_EDGE('',*,*,#3051,.F.);
#4024=ORIENTED_EDGE('',*,*,#3052,.F.);
#4025=ORIENTED_EDGE('',*,*,#3053,.F.);
#4026=ORIENTED_EDGE('',*,*,#3054,.F.);
#4027=ORIENTED_EDGE('',*,*,#2790,.T.);
#4028=ORIENTED_EDGE('',*,*,#3054,.T.);
#4029=ORIENTED_EDGE('',*,*,#3055,.F.);
#4030=ORIENTED_EDGE('',*,*,#3056,.F.);
#4031=ORIENTED_EDGE('',*,*,#3057,.F.);
#4032=ORIENTED_EDGE('',*,*,#3050,.F.);
#4033=ORIENTED_EDGE('',*,*,#3058,.F.);
#4034=ORIENTED_EDGE('',*,*,#3059,.F.);
#4035=ORIENTED_EDGE('',*,*,#3060,.F.);
#4036=ORIENTED_EDGE('',*,*,#3046,.F.);
#4037=ORIENTED_EDGE('',*,*,#3061,.F.);
#4038=ORIENTED_EDGE('',*,*,#3062,.F.);
#4039=ORIENTED_EDGE('',*,*,#3063,.F.);
#4040=ORIENTED_EDGE('',*,*,#3042,.F.);
#4041=ORIENTED_EDGE('',*,*,#3064,.F.);
#4042=ORIENTED_EDGE('',*,*,#3065,.F.);
#4043=ORIENTED_EDGE('',*,*,#3066,.F.);
#4044=ORIENTED_EDGE('',*,*,#3067,.F.);
#4045=ORIENTED_EDGE('',*,*,#3068,.F.);
#4046=ORIENTED_EDGE('',*,*,#3069,.T.);
#4047=ORIENTED_EDGE('',*,*,#3070,.T.);
#4048=ORIENTED_EDGE('',*,*,#3071,.T.);
#4049=ORIENTED_EDGE('',*,*,#3072,.T.);
#4050=ORIENTED_EDGE('',*,*,#3073,.T.);
#4051=ORIENTED_EDGE('',*,*,#3074,.T.);
#4052=ORIENTED_EDGE('',*,*,#3075,.T.);
#4053=ORIENTED_EDGE('',*,*,#3076,.T.);
#4054=ORIENTED_EDGE('',*,*,#3077,.T.);
#4055=ORIENTED_EDGE('',*,*,#3078,.T.);
#4056=ORIENTED_EDGE('',*,*,#3079,.T.);
#4057=ORIENTED_EDGE('',*,*,#3080,.T.);
#4058=ORIENTED_EDGE('',*,*,#3081,.T.);
#4059=ORIENTED_EDGE('',*,*,#3082,.T.);
#4060=ORIENTED_EDGE('',*,*,#3038,.T.);
#4061=ORIENTED_EDGE('',*,*,#3083,.T.);
#4062=ORIENTED_EDGE('',*,*,#3084,.T.);
#4063=ORIENTED_EDGE('',*,*,#3085,.T.);
#4064=ORIENTED_EDGE('',*,*,#3034,.T.);
#4065=ORIENTED_EDGE('',*,*,#3086,.T.);
#4066=ORIENTED_EDGE('',*,*,#3087,.T.);
#4067=ORIENTED_EDGE('',*,*,#3088,.T.);
#4068=ORIENTED_EDGE('',*,*,#3030,.T.);
#4069=ORIENTED_EDGE('',*,*,#3089,.T.);
#4070=ORIENTED_EDGE('',*,*,#3090,.T.);
#4071=ORIENTED_EDGE('',*,*,#3091,.T.);
#4072=ORIENTED_EDGE('',*,*,#3026,.T.);
#4073=ORIENTED_EDGE('',*,*,#2842,.T.);
#4074=ORIENTED_EDGE('',*,*,#2832,.T.);
#4075=ORIENTED_EDGE('',*,*,#2828,.T.);
#4076=ORIENTED_EDGE('',*,*,#3025,.T.);
#4077=ORIENTED_EDGE('',*,*,#2968,.T.);
#4078=ORIENTED_EDGE('',*,*,#2971,.T.);
#4079=ORIENTED_EDGE('',*,*,#2962,.T.);
#4080=ORIENTED_EDGE('',*,*,#3024,.T.);
#4081=ORIENTED_EDGE('',*,*,#2949,.T.);
#4082=ORIENTED_EDGE('',*,*,#2952,.T.);
#4083=ORIENTED_EDGE('',*,*,#2943,.T.);
#4084=ORIENTED_EDGE('',*,*,#3023,.T.);
#4085=ORIENTED_EDGE('',*,*,#2821,.T.);
#4086=ORIENTED_EDGE('',*,*,#2824,.T.);
#4087=ORIENTED_EDGE('',*,*,#2815,.T.);
#4088=ORIENTED_EDGE('',*,*,#3022,.T.);
#4089=ORIENTED_EDGE('',*,*,#2861,.T.);
#4090=ORIENTED_EDGE('',*,*,#2851,.T.);
#4091=ORIENTED_EDGE('',*,*,#2847,.T.);
#4092=ORIENTED_EDGE('',*,*,#3021,.T.);
#4093=ORIENTED_EDGE('',*,*,#2989,.T.);
#4094=ORIENTED_EDGE('',*,*,#2979,.T.);
#4095=ORIENTED_EDGE('',*,*,#2975,.T.);
#4096=ORIENTED_EDGE('',*,*,#3020,.T.);
#4097=ORIENTED_EDGE('',*,*,#2932,.T.);
#4098=ORIENTED_EDGE('',*,*,#2922,.T.);
#4099=ORIENTED_EDGE('',*,*,#2918,.T.);
#4100=ORIENTED_EDGE('',*,*,#3019,.T.);
#4101=ORIENTED_EDGE('',*,*,#2804,.T.);
#4102=ORIENTED_EDGE('',*,*,#2794,.T.);
#4103=ORIENTED_EDGE('',*,*,#3092,.T.);
#4104=ORIENTED_EDGE('',*,*,#3093,.T.);
#4105=ORIENTED_EDGE('',*,*,#3094,.T.);
#4106=ORIENTED_EDGE('',*,*,#3095,.T.);
#4107=ORIENTED_EDGE('',*,*,#3096,.T.);
#4108=ORIENTED_EDGE('',*,*,#3097,.T.);
#4109=ORIENTED_EDGE('',*,*,#3098,.T.);
#4110=ORIENTED_EDGE('',*,*,#3099,.T.);
#4111=ORIENTED_EDGE('',*,*,#3100,.T.);
#4112=ORIENTED_EDGE('',*,*,#3101,.T.);
#4113=ORIENTED_EDGE('',*,*,#3102,.T.);
#4114=ORIENTED_EDGE('',*,*,#3103,.T.);
#4115=ORIENTED_EDGE('',*,*,#3104,.T.);
#4116=ORIENTED_EDGE('',*,*,#2865,.T.);
#4117=ORIENTED_EDGE('',*,*,#3105,.T.);
#4118=ORIENTED_EDGE('',*,*,#3106,.T.);
#4119=ORIENTED_EDGE('',*,*,#3107,.F.);
#4120=ORIENTED_EDGE('',*,*,#2993,.T.);
#4121=ORIENTED_EDGE('',*,*,#3108,.F.);
#4122=ORIENTED_EDGE('',*,*,#3109,.F.);
#4123=ORIENTED_EDGE('',*,*,#3110,.F.);
#4124=ORIENTED_EDGE('',*,*,#3111,.F.);
#4125=ORIENTED_EDGE('',*,*,#3112,.F.);
#4126=ORIENTED_EDGE('',*,*,#3113,.F.);
#4127=ORIENTED_EDGE('',*,*,#3114,.F.);
#4128=ORIENTED_EDGE('',*,*,#3115,.F.);
#4129=ORIENTED_EDGE('',*,*,#3116,.F.);
#4130=ORIENTED_EDGE('',*,*,#3117,.F.);
#4131=ORIENTED_EDGE('',*,*,#3118,.F.);
#4132=ORIENTED_EDGE('',*,*,#3119,.F.);
#4133=ORIENTED_EDGE('',*,*,#3120,.F.);
#4134=ORIENTED_EDGE('',*,*,#3121,.F.);
#4135=ORIENTED_EDGE('',*,*,#2792,.T.);
#4136=ORIENTED_EDGE('',*,*,#2793,.T.);
#4137=ORIENTED_EDGE('',*,*,#2803,.T.);
#4138=ORIENTED_EDGE('',*,*,#3122,.F.);
#4139=ORIENTED_EDGE('',*,*,#2920,.T.);
#4140=ORIENTED_EDGE('',*,*,#2921,.T.);
#4141=ORIENTED_EDGE('',*,*,#2931,.T.);
#4142=ORIENTED_EDGE('',*,*,#3123,.F.);
#4143=ORIENTED_EDGE('',*,*,#2977,.T.);
#4144=ORIENTED_EDGE('',*,*,#2978,.T.);
#4145=ORIENTED_EDGE('',*,*,#2988,.T.);
#4146=ORIENTED_EDGE('',*,*,#3124,.F.);
#4147=ORIENTED_EDGE('',*,*,#2849,.T.);
#4148=ORIENTED_EDGE('',*,*,#2850,.T.);
#4149=ORIENTED_EDGE('',*,*,#2860,.T.);
#4150=ORIENTED_EDGE('',*,*,#3125,.F.);
#4151=ORIENTED_EDGE('',*,*,#2817,.T.);
#4152=ORIENTED_EDGE('',*,*,#2823,.T.);
#4153=ORIENTED_EDGE('',*,*,#2819,.T.);
#4154=ORIENTED_EDGE('',*,*,#3126,.F.);
#4155=ORIENTED_EDGE('',*,*,#2945,.T.);
#4156=ORIENTED_EDGE('',*,*,#2951,.T.);
#4157=ORIENTED_EDGE('',*,*,#2947,.T.);
#4158=ORIENTED_EDGE('',*,*,#3127,.F.);
#4159=ORIENTED_EDGE('',*,*,#2964,.T.);
#4160=ORIENTED_EDGE('',*,*,#2970,.T.);
#4161=ORIENTED_EDGE('',*,*,#2966,.T.);
#4162=ORIENTED_EDGE('',*,*,#3128,.F.);
#4163=ORIENTED_EDGE('',*,*,#2830,.T.);
#4164=ORIENTED_EDGE('',*,*,#2831,.T.);
#4165=ORIENTED_EDGE('',*,*,#2841,.T.);
#4166=ORIENTED_EDGE('',*,*,#3129,.F.);
#4167=ORIENTED_EDGE('',*,*,#3130,.T.);
#4168=ORIENTED_EDGE('',*,*,#3131,.T.);
#4169=ORIENTED_EDGE('',*,*,#3132,.T.);
#4170=ORIENTED_EDGE('',*,*,#3133,.T.);
#4171=ORIENTED_EDGE('',*,*,#3134,.T.);
#4172=ORIENTED_EDGE('',*,*,#3135,.T.);
#4173=ORIENTED_EDGE('',*,*,#3136,.T.);
#4174=ORIENTED_EDGE('',*,*,#3137,.T.);
#4175=ORIENTED_EDGE('',*,*,#3138,.T.);
#4176=ORIENTED_EDGE('',*,*,#3139,.T.);
#4177=ORIENTED_EDGE('',*,*,#3140,.T.);
#4178=ORIENTED_EDGE('',*,*,#3141,.T.);
#4179=ORIENTED_EDGE('',*,*,#3142,.F.);
#4180=ORIENTED_EDGE('',*,*,#3143,.F.);
#4181=ORIENTED_EDGE('',*,*,#3144,.T.);
#4182=ORIENTED_EDGE('',*,*,#3145,.F.);
#4183=ORIENTED_EDGE('',*,*,#3146,.F.);
#4184=ORIENTED_EDGE('',*,*,#3147,.F.);
#4185=ORIENTED_EDGE('',*,*,#3148,.F.);
#4186=ORIENTED_EDGE('',*,*,#3149,.F.);
#4187=ORIENTED_EDGE('',*,*,#3150,.F.);
#4188=ORIENTED_EDGE('',*,*,#3151,.F.);
#4189=ORIENTED_EDGE('',*,*,#3152,.F.);
#4190=ORIENTED_EDGE('',*,*,#3153,.F.);
#4191=ORIENTED_EDGE('',*,*,#3154,.F.);
#4192=ORIENTED_EDGE('',*,*,#3155,.F.);
#4193=ORIENTED_EDGE('',*,*,#3156,.F.);
#4194=ORIENTED_EDGE('',*,*,#3157,.F.);
#4195=ORIENTED_EDGE('',*,*,#2757,.T.);
#4196=ORIENTED_EDGE('',*,*,#3158,.T.);
#4197=ORIENTED_EDGE('',*,*,#3159,.T.);
#4198=ORIENTED_EDGE('',*,*,#3160,.T.);
#4199=ORIENTED_EDGE('',*,*,#3161,.F.);
#4200=ORIENTED_EDGE('',*,*,#3162,.T.);
#4201=ORIENTED_EDGE('',*,*,#3163,.T.);
#4202=ORIENTED_EDGE('',*,*,#3164,.T.);
#4203=ORIENTED_EDGE('',*,*,#3165,.T.);
#4204=ORIENTED_EDGE('',*,*,#3166,.T.);
#4205=ORIENTED_EDGE('',*,*,#3167,.T.);
#4206=ORIENTED_EDGE('',*,*,#3168,.T.);
#4207=ORIENTED_EDGE('',*,*,#3169,.T.);
#4208=ORIENTED_EDGE('',*,*,#3170,.T.);
#4209=ORIENTED_EDGE('',*,*,#3171,.T.);
#4210=ORIENTED_EDGE('',*,*,#3172,.T.);
#4211=ORIENTED_EDGE('',*,*,#2753,.T.);
#4212=ORIENTED_EDGE('',*,*,#2743,.T.);
#4213=ORIENTED_EDGE('',*,*,#3173,.T.);
#4214=ORIENTED_EDGE('',*,*,#3174,.T.);
#4215=ORIENTED_EDGE('',*,*,#2760,.T.);
#4216=ORIENTED_EDGE('',*,*,#2728,.F.);
#4217=ORIENTED_EDGE('',*,*,#2730,.F.);
#4218=ORIENTED_EDGE('',*,*,#3175,.T.);
#4219=ORIENTED_EDGE('',*,*,#3176,.T.);
#4220=ORIENTED_EDGE('',*,*,#2746,.T.);
#4221=ORIENTED_EDGE('',*,*,#3177,.T.);
#4222=ORIENTED_EDGE('',*,*,#3178,.T.);
#4223=ORIENTED_EDGE('',*,*,#3179,.T.);
#4224=ORIENTED_EDGE('',*,*,#3180,.T.);
#4225=ORIENTED_EDGE('',*,*,#3181,.T.);
#4226=ORIENTED_EDGE('',*,*,#3182,.T.);
#4227=ORIENTED_EDGE('',*,*,#3183,.T.);
#4228=ORIENTED_EDGE('',*,*,#3184,.T.);
#4229=ORIENTED_EDGE('',*,*,#3185,.T.);
#4230=ORIENTED_EDGE('',*,*,#3186,.T.);
#4231=ORIENTED_EDGE('',*,*,#3187,.T.);
#4232=ORIENTED_EDGE('',*,*,#3188,.T.);
#4233=ORIENTED_EDGE('',*,*,#3189,.F.);
#4234=ORIENTED_EDGE('',*,*,#3190,.F.);
#4235=ORIENTED_EDGE('',*,*,#3191,.F.);
#4236=ORIENTED_EDGE('',*,*,#3192,.F.);
#4237=ORIENTED_EDGE('',*,*,#3193,.F.);
#4238=ORIENTED_EDGE('',*,*,#3194,.F.);
#4239=ORIENTED_EDGE('',*,*,#3195,.F.);
#4240=ORIENTED_EDGE('',*,*,#3196,.F.);
#4241=ORIENTED_EDGE('',*,*,#3197,.F.);
#4242=ORIENTED_EDGE('',*,*,#3198,.F.);
#4243=ORIENTED_EDGE('',*,*,#3199,.F.);
#4244=ORIENTED_EDGE('',*,*,#3200,.F.);
#4245=ORIENTED_EDGE('',*,*,#3201,.T.);
#4246=ORIENTED_EDGE('',*,*,#3202,.T.);
#4247=ORIENTED_EDGE('',*,*,#3203,.T.);
#4248=ORIENTED_EDGE('',*,*,#3204,.T.);
#4249=ORIENTED_EDGE('',*,*,#3205,.T.);
#4250=ORIENTED_EDGE('',*,*,#3206,.T.);
#4251=ORIENTED_EDGE('',*,*,#3207,.T.);
#4252=ORIENTED_EDGE('',*,*,#3208,.T.);
#4253=ORIENTED_EDGE('',*,*,#3209,.T.);
#4254=ORIENTED_EDGE('',*,*,#3210,.T.);
#4255=ORIENTED_EDGE('',*,*,#3211,.T.);
#4256=ORIENTED_EDGE('',*,*,#3212,.T.);
#4257=ORIENTED_EDGE('',*,*,#3213,.T.);
#4258=ORIENTED_EDGE('',*,*,#3214,.T.);
#4259=ORIENTED_EDGE('',*,*,#3215,.T.);
#4260=ORIENTED_EDGE('',*,*,#3216,.T.);
#4261=ORIENTED_EDGE('',*,*,#3217,.F.);
#4262=ORIENTED_EDGE('',*,*,#3218,.F.);
#4263=ORIENTED_EDGE('',*,*,#3219,.F.);
#4264=ORIENTED_EDGE('',*,*,#3220,.F.);
#4265=ORIENTED_EDGE('',*,*,#3221,.F.);
#4266=ORIENTED_EDGE('',*,*,#3222,.F.);
#4267=ORIENTED_EDGE('',*,*,#3223,.F.);
#4268=ORIENTED_EDGE('',*,*,#3224,.F.);
#4269=ORIENTED_EDGE('',*,*,#3225,.F.);
#4270=ORIENTED_EDGE('',*,*,#3226,.F.);
#4271=ORIENTED_EDGE('',*,*,#3227,.F.);
#4272=ORIENTED_EDGE('',*,*,#3228,.F.);
#4273=ORIENTED_EDGE('',*,*,#3229,.F.);
#4274=ORIENTED_EDGE('',*,*,#3230,.F.);
#4275=ORIENTED_EDGE('',*,*,#3231,.F.);
#4276=ORIENTED_EDGE('',*,*,#3232,.F.);
#4277=ORIENTED_EDGE('',*,*,#3014,.T.);
#4278=ORIENTED_EDGE('',*,*,#3017,.T.);
#4279=ORIENTED_EDGE('',*,*,#3007,.T.);
#4280=ORIENTED_EDGE('',*,*,#3011,.T.);
#4281=ORIENTED_EDGE('',*,*,#3002,.T.);
#4282=ORIENTED_EDGE('',*,*,#3005,.T.);
#4283=ORIENTED_EDGE('',*,*,#2995,.T.);
#4284=ORIENTED_EDGE('',*,*,#2999,.T.);
#4285=ORIENTED_EDGE('',*,*,#2910,.T.);
#4286=ORIENTED_EDGE('',*,*,#2913,.T.);
#4287=ORIENTED_EDGE('',*,*,#2903,.T.);
#4288=ORIENTED_EDGE('',*,*,#2907,.T.);
#4289=ORIENTED_EDGE('',*,*,#2898,.T.);
#4290=ORIENTED_EDGE('',*,*,#2901,.T.);
#4291=ORIENTED_EDGE('',*,*,#2891,.T.);
#4292=ORIENTED_EDGE('',*,*,#2895,.T.);
#4293=ORIENTED_EDGE('',*,*,#2886,.T.);
#4294=ORIENTED_EDGE('',*,*,#2889,.T.);
#4295=ORIENTED_EDGE('',*,*,#2879,.T.);
#4296=ORIENTED_EDGE('',*,*,#2883,.T.);
#4297=ORIENTED_EDGE('',*,*,#2874,.T.);
#4298=ORIENTED_EDGE('',*,*,#2877,.T.);
#4299=ORIENTED_EDGE('',*,*,#2867,.T.);
#4300=ORIENTED_EDGE('',*,*,#2871,.T.);
#4301=ORIENTED_EDGE('',*,*,#2782,.T.);
#4302=ORIENTED_EDGE('',*,*,#2785,.T.);
#4303=ORIENTED_EDGE('',*,*,#2775,.T.);
#4304=ORIENTED_EDGE('',*,*,#2779,.T.);
#4305=ORIENTED_EDGE('',*,*,#2770,.T.);
#4306=ORIENTED_EDGE('',*,*,#2773,.T.);
#4307=ORIENTED_EDGE('',*,*,#2763,.T.);
#4308=ORIENTED_EDGE('',*,*,#2767,.T.);
#4309=ORIENTED_EDGE('',*,*,#3233,.F.);
#4310=ORIENTED_EDGE('',*,*,#3234,.F.);
#4311=ORIENTED_EDGE('',*,*,#3235,.F.);
#4312=ORIENTED_EDGE('',*,*,#2991,.T.);
#4313=ORIENTED_EDGE('',*,*,#3236,.T.);
#4314=ORIENTED_EDGE('',*,*,#3237,.T.);
#4315=ORIENTED_EDGE('',*,*,#3238,.T.);
#4316=ORIENTED_EDGE('',*,*,#2863,.T.);
#4317=ORIENTED_EDGE('',*,*,#3239,.T.);
#4318=ORIENTED_EDGE('',*,*,#3240,.T.);
#4319=ORIENTED_EDGE('',*,*,#3069,.F.);
#4320=ORIENTED_EDGE('',*,*,#3241,.F.);
#4321=ORIENTED_EDGE('',*,*,#3242,.F.);
#4322=ORIENTED_EDGE('',*,*,#3243,.F.);
#4323=ORIENTED_EDGE('',*,*,#3065,.T.);
#4324=ORIENTED_EDGE('',*,*,#3244,.F.);
#4325=ORIENTED_EDGE('',*,*,#3245,.F.);
#4326=ORIENTED_EDGE('',*,*,#3246,.T.);
#4327=ORIENTED_EDGE('',*,*,#3081,.F.);
#4328=ORIENTED_EDGE('',*,*,#3247,.T.);
#4329=ORIENTED_EDGE('',*,*,#3248,.T.);
#4330=ORIENTED_EDGE('',*,*,#3249,.T.);
#4331=ORIENTED_EDGE('',*,*,#3077,.F.);
#4332=ORIENTED_EDGE('',*,*,#3250,.T.);
#4333=ORIENTED_EDGE('',*,*,#2771,.T.);
#4334=ORIENTED_EDGE('',*,*,#2768,.T.);
#4335=ORIENTED_EDGE('',*,*,#2765,.T.);
#4336=ORIENTED_EDGE('',*,*,#2774,.T.);
#4337=ORIENTED_EDGE('',*,*,#2783,.T.);
#4338=ORIENTED_EDGE('',*,*,#2780,.T.);
#4339=ORIENTED_EDGE('',*,*,#2777,.T.);
#4340=ORIENTED_EDGE('',*,*,#2786,.T.);
#4341=ORIENTED_EDGE('',*,*,#2875,.T.);
#4342=ORIENTED_EDGE('',*,*,#2872,.T.);
#4343=ORIENTED_EDGE('',*,*,#2869,.T.);
#4344=ORIENTED_EDGE('',*,*,#2878,.T.);
#4345=ORIENTED_EDGE('',*,*,#2887,.T.);
#4346=ORIENTED_EDGE('',*,*,#2884,.T.);
#4347=ORIENTED_EDGE('',*,*,#2881,.T.);
#4348=ORIENTED_EDGE('',*,*,#2890,.T.);
#4349=ORIENTED_EDGE('',*,*,#2899,.T.);
#4350=ORIENTED_EDGE('',*,*,#2896,.T.);
#4351=ORIENTED_EDGE('',*,*,#2893,.T.);
#4352=ORIENTED_EDGE('',*,*,#2902,.T.);
#4353=ORIENTED_EDGE('',*,*,#2911,.T.);
#4354=ORIENTED_EDGE('',*,*,#2908,.T.);
#4355=ORIENTED_EDGE('',*,*,#2905,.T.);
#4356=ORIENTED_EDGE('',*,*,#2914,.T.);
#4357=ORIENTED_EDGE('',*,*,#3003,.T.);
#4358=ORIENTED_EDGE('',*,*,#3000,.T.);
#4359=ORIENTED_EDGE('',*,*,#2997,.T.);
#4360=ORIENTED_EDGE('',*,*,#3006,.T.);
#4361=ORIENTED_EDGE('',*,*,#3015,.T.);
#4362=ORIENTED_EDGE('',*,*,#3012,.T.);
#4363=ORIENTED_EDGE('',*,*,#3009,.T.);
#4364=ORIENTED_EDGE('',*,*,#3018,.T.);
#4365=ORIENTED_EDGE('',*,*,#3251,.F.);
#4366=ORIENTED_EDGE('',*,*,#3252,.F.);
#4367=ORIENTED_EDGE('',*,*,#3253,.F.);
#4368=ORIENTED_EDGE('',*,*,#3254,.F.);
#4369=ORIENTED_EDGE('',*,*,#3255,.F.);
#4370=ORIENTED_EDGE('',*,*,#3256,.F.);
#4371=ORIENTED_EDGE('',*,*,#3257,.F.);
#4372=ORIENTED_EDGE('',*,*,#3258,.F.);
#4373=ORIENTED_EDGE('',*,*,#3259,.F.);
#4374=ORIENTED_EDGE('',*,*,#3260,.F.);
#4375=ORIENTED_EDGE('',*,*,#3261,.F.);
#4376=ORIENTED_EDGE('',*,*,#3262,.F.);
#4377=ORIENTED_EDGE('',*,*,#3263,.T.);
#4378=ORIENTED_EDGE('',*,*,#3264,.T.);
#4379=ORIENTED_EDGE('',*,*,#3265,.T.);
#4380=ORIENTED_EDGE('',*,*,#3266,.T.);
#4381=ORIENTED_EDGE('',*,*,#3267,.T.);
#4382=ORIENTED_EDGE('',*,*,#3268,.T.);
#4383=ORIENTED_EDGE('',*,*,#3269,.T.);
#4384=ORIENTED_EDGE('',*,*,#3270,.T.);
#4385=ORIENTED_EDGE('',*,*,#3271,.T.);
#4386=ORIENTED_EDGE('',*,*,#3272,.T.);
#4387=ORIENTED_EDGE('',*,*,#3273,.T.);
#4388=ORIENTED_EDGE('',*,*,#3274,.T.);
#4389=ORIENTED_EDGE('',*,*,#3240,.F.);
#4390=ORIENTED_EDGE('',*,*,#3275,.F.);
#4391=ORIENTED_EDGE('',*,*,#3276,.F.);
#4392=ORIENTED_EDGE('',*,*,#3277,.T.);
#4393=ORIENTED_EDGE('',*,*,#3070,.F.);
#4394=ORIENTED_EDGE('',*,*,#3250,.F.);
#4395=ORIENTED_EDGE('',*,*,#3076,.F.);
#4396=ORIENTED_EDGE('',*,*,#3278,.F.);
#4397=ORIENTED_EDGE('',*,*,#3279,.F.);
#4398=ORIENTED_EDGE('',*,*,#3280,.T.);
#4399=ORIENTED_EDGE('',*,*,#3281,.T.);
#4400=ORIENTED_EDGE('',*,*,#3275,.T.);
#4401=ORIENTED_EDGE('',*,*,#3239,.F.);
#4402=ORIENTED_EDGE('',*,*,#3280,.F.);
#4403=ORIENTED_EDGE('',*,*,#3282,.T.);
#4404=ORIENTED_EDGE('',*,*,#3283,.T.);
#4405=ORIENTED_EDGE('',*,*,#3071,.F.);
#4406=ORIENTED_EDGE('',*,*,#3277,.F.);
#4407=ORIENTED_EDGE('',*,*,#3284,.F.);
#4408=ORIENTED_EDGE('',*,*,#3285,.T.);
#4409=ORIENTED_EDGE('',*,*,#3286,.F.);
#4410=ORIENTED_EDGE('',*,*,#3287,.T.);
#4411=ORIENTED_EDGE('',*,*,#3282,.F.);
#4412=ORIENTED_EDGE('',*,*,#3276,.T.);
#4413=ORIENTED_EDGE('',*,*,#3281,.F.);
#4414=ORIENTED_EDGE('',*,*,#3279,.T.);
#4415=ORIENTED_EDGE('',*,*,#3288,.F.);
#4416=ORIENTED_EDGE('',*,*,#3289,.T.);
#4417=ORIENTED_EDGE('',*,*,#2755,.T.);
#4418=ORIENTED_EDGE('',*,*,#3290,.T.);
#4419=ORIENTED_EDGE('',*,*,#3291,.F.);
#4420=ORIENTED_EDGE('',*,*,#3292,.F.);
#4421=ORIENTED_EDGE('',*,*,#3293,.T.);
#4422=ORIENTED_EDGE('',*,*,#3294,.F.);
#4423=ORIENTED_EDGE('',*,*,#3295,.T.);
#4424=ORIENTED_EDGE('',*,*,#3296,.F.);
#4425=ORIENTED_EDGE('',*,*,#3297,.T.);
#4426=ORIENTED_EDGE('',*,*,#3298,.T.);
#4427=ORIENTED_EDGE('',*,*,#3299,.T.);
#4428=ORIENTED_EDGE('',*,*,#3300,.T.);
#4429=ORIENTED_EDGE('',*,*,#3295,.F.);
#4430=ORIENTED_EDGE('',*,*,#3040,.T.);
#4431=ORIENTED_EDGE('',*,*,#3301,.T.);
#4432=ORIENTED_EDGE('',*,*,#3299,.F.);
#4433=ORIENTED_EDGE('',*,*,#3302,.F.);
#4434=ORIENTED_EDGE('',*,*,#3303,.F.);
#4435=ORIENTED_EDGE('',*,*,#3304,.F.);
#4436=ORIENTED_EDGE('',*,*,#3305,.F.);
#4437=ORIENTED_EDGE('',*,*,#3301,.F.);
#4438=ORIENTED_EDGE('',*,*,#3306,.F.);
#4439=ORIENTED_EDGE('',*,*,#3307,.T.);
#4440=ORIENTED_EDGE('',*,*,#3308,.T.);
#4441=ORIENTED_EDGE('',*,*,#3244,.T.);
#4442=ORIENTED_EDGE('',*,*,#3309,.F.);
#4443=ORIENTED_EDGE('',*,*,#3310,.F.);
#4444=ORIENTED_EDGE('',*,*,#3311,.F.);
#4445=ORIENTED_EDGE('',*,*,#3312,.F.);
#4446=ORIENTED_EDGE('',*,*,#3307,.F.);
#4447=ORIENTED_EDGE('',*,*,#3313,.F.);
#4448=ORIENTED_EDGE('',*,*,#3314,.F.);
#4449=ORIENTED_EDGE('',*,*,#3297,.F.);
#4450=ORIENTED_EDGE('',*,*,#3315,.F.);
#4451=ORIENTED_EDGE('',*,*,#3316,.F.);
#4452=ORIENTED_EDGE('',*,*,#3317,.F.);
#4453=ORIENTED_EDGE('',*,*,#3318,.F.);
#4454=ORIENTED_EDGE('',*,*,#3319,.F.);
#4455=ORIENTED_EDGE('',*,*,#3144,.F.);
#4456=ORIENTED_EDGE('',*,*,#3320,.T.);
#4457=ORIENTED_EDGE('',*,*,#3320,.F.);
#4458=ORIENTED_EDGE('',*,*,#3321,.T.);
#4459=ORIENTED_EDGE('',*,*,#3322,.F.);
#4460=ORIENTED_EDGE('',*,*,#3321,.F.);
#4461=ORIENTED_EDGE('',*,*,#3323,.F.);
#4462=ORIENTED_EDGE('',*,*,#3323,.T.);
#4463=ORIENTED_EDGE('',*,*,#3324,.T.);
#4464=ORIENTED_EDGE('',*,*,#3325,.T.);
#4465=ORIENTED_EDGE('',*,*,#3324,.F.);
#4466=ORIENTED_EDGE('',*,*,#3326,.F.);
#4467=ORIENTED_EDGE('',*,*,#3327,.T.);
#4468=ORIENTED_EDGE('',*,*,#3328,.T.);
#4469=ORIENTED_EDGE('',*,*,#3329,.F.);
#4470=ORIENTED_EDGE('',*,*,#3310,.T.);
#4471=ORIENTED_EDGE('',*,*,#3143,.T.);
#4472=ORIENTED_EDGE('',*,*,#3322,.T.);
#4473=ORIENTED_EDGE('',*,*,#3325,.F.);
#4474=ORIENTED_EDGE('',*,*,#3330,.F.);
#4475=ORIENTED_EDGE('',*,*,#3203,.F.);
#4476=ORIENTED_EDGE('',*,*,#3331,.T.);
#4477=ORIENTED_EDGE('',*,*,#3078,.F.);
#4478=ORIENTED_EDGE('',*,*,#3249,.F.);
#4479=ORIENTED_EDGE('',*,*,#3332,.T.);
#4480=ORIENTED_EDGE('',*,*,#3333,.F.);
#4481=ORIENTED_EDGE('',*,*,#3334,.T.);
#4482=ORIENTED_EDGE('',*,*,#3246,.F.);
#4483=ORIENTED_EDGE('',*,*,#3335,.F.);
#4484=ORIENTED_EDGE('',*,*,#3142,.T.);
#4485=ORIENTED_EDGE('',*,*,#3336,.T.);
#4486=ORIENTED_EDGE('',*,*,#3337,.T.);
#4487=ORIENTED_EDGE('',*,*,#3338,.T.);
#4488=ORIENTED_EDGE('',*,*,#3339,.T.);
#4489=ORIENTED_EDGE('',*,*,#3306,.T.);
#4490=ORIENTED_EDGE('',*,*,#3303,.T.);
#4491=ORIENTED_EDGE('',*,*,#3340,.T.);
#4492=ORIENTED_EDGE('',*,*,#3341,.T.);
#4493=ORIENTED_EDGE('',*,*,#3333,.T.);
#4494=ORIENTED_EDGE('',*,*,#3342,.T.);
#4495=ORIENTED_EDGE('',*,*,#3343,.T.);
#4496=ORIENTED_EDGE('',*,*,#3326,.T.);
#4497=ORIENTED_EDGE('',*,*,#3219,.T.);
#4498=ORIENTED_EDGE('',*,*,#3344,.F.);
#4499=ORIENTED_EDGE('',*,*,#3066,.T.);
#4500=ORIENTED_EDGE('',*,*,#3243,.T.);
#4501=ORIENTED_EDGE('',*,*,#3345,.F.);
#4502=ORIENTED_EDGE('',*,*,#3346,.F.);
#4503=ORIENTED_EDGE('',*,*,#3224,.T.);
#4504=ORIENTED_EDGE('',*,*,#3347,.F.);
#4505=ORIENTED_EDGE('',*,*,#3257,.T.);
#4506=ORIENTED_EDGE('',*,*,#3348,.F.);
#4507=ORIENTED_EDGE('',*,*,#3232,.T.);
#4508=ORIENTED_EDGE('',*,*,#3349,.F.);
#4509=ORIENTED_EDGE('',*,*,#3253,.T.);
#4510=ORIENTED_EDGE('',*,*,#3217,.T.);
#4511=ORIENTED_EDGE('',*,*,#3350,.F.);
#4512=ORIENTED_EDGE('',*,*,#3241,.T.);
#4513=ORIENTED_EDGE('',*,*,#3068,.T.);
#4514=ORIENTED_EDGE('',*,*,#3351,.F.);
#4515=ORIENTED_EDGE('',*,*,#3352,.F.);
#4516=ORIENTED_EDGE('',*,*,#3228,.T.);
#4517=ORIENTED_EDGE('',*,*,#3353,.F.);
#4518=ORIENTED_EDGE('',*,*,#3261,.T.);
#4519=ORIENTED_EDGE('',*,*,#3201,.F.);
#4520=ORIENTED_EDGE('',*,*,#3354,.T.);
#4521=ORIENTED_EDGE('',*,*,#3247,.F.);
#4522=ORIENTED_EDGE('',*,*,#3080,.F.);
#4523=ORIENTED_EDGE('',*,*,#3355,.T.);
#4524=ORIENTED_EDGE('',*,*,#3356,.T.);
#4525=ORIENTED_EDGE('',*,*,#3267,.F.);
#4526=ORIENTED_EDGE('',*,*,#3357,.T.);
#4527=ORIENTED_EDGE('',*,*,#3214,.F.);
#4528=ORIENTED_EDGE('',*,*,#3358,.F.);
#4529=ORIENTED_EDGE('',*,*,#3205,.F.);
#4530=ORIENTED_EDGE('',*,*,#3359,.F.);
#4531=ORIENTED_EDGE('',*,*,#3272,.F.);
#4532=ORIENTED_EDGE('',*,*,#3358,.T.);
#4533=ORIENTED_EDGE('',*,*,#3271,.F.);
#4534=ORIENTED_EDGE('',*,*,#3360,.T.);
#4535=ORIENTED_EDGE('',*,*,#3206,.F.);
#4536=ORIENTED_EDGE('',*,*,#3213,.F.);
#4537=ORIENTED_EDGE('',*,*,#3361,.F.);
#4538=ORIENTED_EDGE('',*,*,#3268,.F.);
#4539=ORIENTED_EDGE('',*,*,#3356,.F.);
#4540=ORIENTED_EDGE('',*,*,#3362,.T.);
#4541=ORIENTED_EDGE('',*,*,#3263,.F.);
#4542=ORIENTED_EDGE('',*,*,#3363,.T.);
#4543=ORIENTED_EDGE('',*,*,#3210,.F.);
#4544=ORIENTED_EDGE('',*,*,#3288,.T.);
#4545=ORIENTED_EDGE('',*,*,#3364,.T.);
#4546=ORIENTED_EDGE('',*,*,#3159,.F.);
#4547=ORIENTED_EDGE('',*,*,#3365,.F.);
#4548=ORIENTED_EDGE('',*,*,#3028,.F.);
#4549=ORIENTED_EDGE('',*,*,#3366,.F.);
#4550=ORIENTED_EDGE('',*,*,#3367,.F.);
#4551=ORIENTED_EDGE('',*,*,#3368,.F.);
#4552=ORIENTED_EDGE('',*,*,#3354,.F.);
#4553=ORIENTED_EDGE('',*,*,#3204,.F.);
#4554=ORIENTED_EDGE('',*,*,#3332,.F.);
#4555=ORIENTED_EDGE('',*,*,#3248,.F.);
#4556=ORIENTED_EDGE('',*,*,#3350,.T.);
#4557=ORIENTED_EDGE('',*,*,#3220,.T.);
#4558=ORIENTED_EDGE('',*,*,#3345,.T.);
#4559=ORIENTED_EDGE('',*,*,#3242,.T.);
#4560=ORIENTED_EDGE('',*,*,#3369,.F.);
#4561=ORIENTED_EDGE('',*,*,#3222,.T.);
#4562=ORIENTED_EDGE('',*,*,#3370,.F.);
#4563=ORIENTED_EDGE('',*,*,#3255,.T.);
#4564=ORIENTED_EDGE('',*,*,#3347,.T.);
#4565=ORIENTED_EDGE('',*,*,#3223,.T.);
#4566=ORIENTED_EDGE('',*,*,#3369,.T.);
#4567=ORIENTED_EDGE('',*,*,#3258,.T.);
#4568=ORIENTED_EDGE('',*,*,#3371,.F.);
#4569=ORIENTED_EDGE('',*,*,#3230,.T.);
#4570=ORIENTED_EDGE('',*,*,#3372,.F.);
#4571=ORIENTED_EDGE('',*,*,#3251,.T.);
#4572=ORIENTED_EDGE('',*,*,#3349,.T.);
#4573=ORIENTED_EDGE('',*,*,#3231,.T.);
#4574=ORIENTED_EDGE('',*,*,#3371,.T.);
#4575=ORIENTED_EDGE('',*,*,#3254,.T.);
#4576=ORIENTED_EDGE('',*,*,#3373,.F.);
#4577=ORIENTED_EDGE('',*,*,#3226,.T.);
#4578=ORIENTED_EDGE('',*,*,#3374,.T.);
#4579=ORIENTED_EDGE('',*,*,#3259,.T.);
#4580=ORIENTED_EDGE('',*,*,#3353,.T.);
#4581=ORIENTED_EDGE('',*,*,#3227,.T.);
#4582=ORIENTED_EDGE('',*,*,#3373,.T.);
#4583=ORIENTED_EDGE('',*,*,#3262,.T.);
#4584=ORIENTED_EDGE('',*,*,#3375,.F.);
#4585=ORIENTED_EDGE('',*,*,#3215,.F.);
#4586=ORIENTED_EDGE('',*,*,#3357,.F.);
#4587=ORIENTED_EDGE('',*,*,#3270,.F.);
#4588=ORIENTED_EDGE('',*,*,#3376,.F.);
#4589=ORIENTED_EDGE('',*,*,#3207,.F.);
#4590=ORIENTED_EDGE('',*,*,#3360,.F.);
#4591=ORIENTED_EDGE('',*,*,#3274,.F.);
#4592=ORIENTED_EDGE('',*,*,#3377,.F.);
#4593=ORIENTED_EDGE('',*,*,#3211,.F.);
#4594=ORIENTED_EDGE('',*,*,#3363,.F.);
#4595=ORIENTED_EDGE('',*,*,#3266,.F.);
#4596=ORIENTED_EDGE('',*,*,#3378,.T.);
#4597=ORIENTED_EDGE('',*,*,#3379,.T.);
#4598=ORIENTED_EDGE('',*,*,#3330,.T.);
#4599=ORIENTED_EDGE('',*,*,#3379,.F.);
#4600=ORIENTED_EDGE('',*,*,#3378,.F.);
#4601=ORIENTED_EDGE('',*,*,#3380,.F.);
#4602=ORIENTED_EDGE('',*,*,#3342,.F.);
#4603=ORIENTED_EDGE('',*,*,#3335,.T.);
#4604=ORIENTED_EDGE('',*,*,#3381,.F.);
#4605=ORIENTED_EDGE('',*,*,#3327,.F.);
#4606=ORIENTED_EDGE('',*,*,#3343,.F.);
#4607=ORIENTED_EDGE('',*,*,#3380,.T.);
#4608=ORIENTED_EDGE('',*,*,#3382,.F.);
#4609=ORIENTED_EDGE('',*,*,#3209,.F.);
#4610=ORIENTED_EDGE('',*,*,#3383,.T.);
#4611=ORIENTED_EDGE('',*,*,#3264,.F.);
#4612=ORIENTED_EDGE('',*,*,#3362,.F.);
#4613=ORIENTED_EDGE('',*,*,#3383,.F.);
#4614=ORIENTED_EDGE('',*,*,#3212,.F.);
#4615=ORIENTED_EDGE('',*,*,#3377,.T.);
#4616=ORIENTED_EDGE('',*,*,#3265,.F.);
#4617=ORIENTED_EDGE('',*,*,#3359,.T.);
#4618=ORIENTED_EDGE('',*,*,#3208,.F.);
#4619=ORIENTED_EDGE('',*,*,#3376,.T.);
#4620=ORIENTED_EDGE('',*,*,#3273,.F.);
#4621=ORIENTED_EDGE('',*,*,#3361,.T.);
#4622=ORIENTED_EDGE('',*,*,#3216,.F.);
#4623=ORIENTED_EDGE('',*,*,#3375,.T.);
#4624=ORIENTED_EDGE('',*,*,#3269,.F.);
#4625=ORIENTED_EDGE('',*,*,#3384,.T.);
#4626=ORIENTED_EDGE('',*,*,#3385,.T.);
#4627=ORIENTED_EDGE('',*,*,#3308,.F.);
#4628=ORIENTED_EDGE('',*,*,#3312,.T.);
#4629=ORIENTED_EDGE('',*,*,#3329,.T.);
#4630=ORIENTED_EDGE('',*,*,#3386,.T.);
#4631=ORIENTED_EDGE('',*,*,#3384,.F.);
#4632=ORIENTED_EDGE('',*,*,#3311,.T.);
#4633=ORIENTED_EDGE('',*,*,#3385,.F.);
#4634=ORIENTED_EDGE('',*,*,#3387,.T.);
#4635=ORIENTED_EDGE('',*,*,#3381,.T.);
#4636=ORIENTED_EDGE('',*,*,#3245,.T.);
#4637=ORIENTED_EDGE('',*,*,#3386,.F.);
#4638=ORIENTED_EDGE('',*,*,#3328,.F.);
#4639=ORIENTED_EDGE('',*,*,#3382,.T.);
#4640=ORIENTED_EDGE('',*,*,#3387,.F.);
#4641=ORIENTED_EDGE('',*,*,#3225,.T.);
#4642=ORIENTED_EDGE('',*,*,#3352,.T.);
#4643=ORIENTED_EDGE('',*,*,#3260,.T.);
#4644=ORIENTED_EDGE('',*,*,#3374,.F.);
#4645=ORIENTED_EDGE('',*,*,#3229,.T.);
#4646=ORIENTED_EDGE('',*,*,#3348,.T.);
#4647=ORIENTED_EDGE('',*,*,#3252,.T.);
#4648=ORIENTED_EDGE('',*,*,#3372,.T.);
#4649=ORIENTED_EDGE('',*,*,#3221,.T.);
#4650=ORIENTED_EDGE('',*,*,#3346,.T.);
#4651=ORIENTED_EDGE('',*,*,#3256,.T.);
#4652=ORIENTED_EDGE('',*,*,#3370,.T.);
#4653=ORIENTED_EDGE('',*,*,#3044,.T.);
#4654=ORIENTED_EDGE('',*,*,#3388,.T.);
#4655=ORIENTED_EDGE('',*,*,#3389,.T.);
#4656=ORIENTED_EDGE('',*,*,#3390,.T.);
#4657=ORIENTED_EDGE('',*,*,#3390,.F.);
#4658=ORIENTED_EDGE('',*,*,#3391,.T.);
#4659=ORIENTED_EDGE('',*,*,#3148,.T.);
#4660=ORIENTED_EDGE('',*,*,#3392,.F.);
#4661=ORIENTED_EDGE('',*,*,#3061,.T.);
#4662=ORIENTED_EDGE('',*,*,#3045,.T.);
#4663=ORIENTED_EDGE('',*,*,#3393,.F.);
#4664=ORIENTED_EDGE('',*,*,#3195,.T.);
#4665=ORIENTED_EDGE('',*,*,#3394,.T.);
#4666=ORIENTED_EDGE('',*,*,#3114,.T.);
#4667=ORIENTED_EDGE('',*,*,#3395,.F.);
#4668=ORIENTED_EDGE('',*,*,#3198,.T.);
#4669=ORIENTED_EDGE('',*,*,#3396,.F.);
#4670=ORIENTED_EDGE('',*,*,#3110,.T.);
#4671=ORIENTED_EDGE('',*,*,#3147,.T.);
#4672=ORIENTED_EDGE('',*,*,#3397,.T.);
#4673=ORIENTED_EDGE('',*,*,#3062,.T.);
#4674=ORIENTED_EDGE('',*,*,#3392,.T.);
#4675=ORIENTED_EDGE('',*,*,#3388,.F.);
#4676=ORIENTED_EDGE('',*,*,#3043,.T.);
#4677=ORIENTED_EDGE('',*,*,#3063,.T.);
#4678=ORIENTED_EDGE('',*,*,#3397,.F.);
#4679=ORIENTED_EDGE('',*,*,#3146,.T.);
#4680=ORIENTED_EDGE('',*,*,#3398,.T.);
#4681=ORIENTED_EDGE('',*,*,#3399,.F.);
#4682=ORIENTED_EDGE('',*,*,#3154,.T.);
#4683=ORIENTED_EDGE('',*,*,#3400,.T.);
#4684=ORIENTED_EDGE('',*,*,#3401,.F.);
#4685=ORIENTED_EDGE('',*,*,#3051,.T.);
#4686=ORIENTED_EDGE('',*,*,#3057,.T.);
#4687=ORIENTED_EDGE('',*,*,#3048,.T.);
#4688=ORIENTED_EDGE('',*,*,#3402,.T.);
#4689=ORIENTED_EDGE('',*,*,#3403,.T.);
#4690=ORIENTED_EDGE('',*,*,#3404,.T.);
#4691=ORIENTED_EDGE('',*,*,#3404,.F.);
#4692=ORIENTED_EDGE('',*,*,#3405,.T.);
#4693=ORIENTED_EDGE('',*,*,#3152,.T.);
#4694=ORIENTED_EDGE('',*,*,#3406,.F.);
#4695=ORIENTED_EDGE('',*,*,#3058,.T.);
#4696=ORIENTED_EDGE('',*,*,#3049,.T.);
#4697=ORIENTED_EDGE('',*,*,#3407,.F.);
#4698=ORIENTED_EDGE('',*,*,#3192,.T.);
#4699=ORIENTED_EDGE('',*,*,#3408,.F.);
#4700=ORIENTED_EDGE('',*,*,#3118,.T.);
#4701=ORIENTED_EDGE('',*,*,#3235,.T.);
#4702=ORIENTED_EDGE('',*,*,#3409,.F.);
#4703=ORIENTED_EDGE('',*,*,#3108,.T.);
#4704=ORIENTED_EDGE('',*,*,#2992,.F.);
#4705=ORIENTED_EDGE('',*,*,#3218,.T.);
#4706=ORIENTED_EDGE('',*,*,#3351,.T.);
#4707=ORIENTED_EDGE('',*,*,#3067,.T.);
#4708=ORIENTED_EDGE('',*,*,#3344,.T.);
#4709=ORIENTED_EDGE('',*,*,#3234,.T.);
#4710=ORIENTED_EDGE('',*,*,#3410,.T.);
#4711=ORIENTED_EDGE('',*,*,#3109,.T.);
#4712=ORIENTED_EDGE('',*,*,#3409,.T.);
#4713=ORIENTED_EDGE('',*,*,#3410,.F.);
#4714=ORIENTED_EDGE('',*,*,#3233,.T.);
#4715=ORIENTED_EDGE('',*,*,#2994,.T.);
#4716=ORIENTED_EDGE('',*,*,#3107,.T.);
#4717=ORIENTED_EDGE('',*,*,#3189,.T.);
#4718=ORIENTED_EDGE('',*,*,#3407,.T.);
#4719=ORIENTED_EDGE('',*,*,#3121,.T.);
#4720=ORIENTED_EDGE('',*,*,#3411,.T.);
#4721=ORIENTED_EDGE('',*,*,#3191,.T.);
#4722=ORIENTED_EDGE('',*,*,#3412,.T.);
#4723=ORIENTED_EDGE('',*,*,#3119,.T.);
#4724=ORIENTED_EDGE('',*,*,#3408,.T.);
#4725=ORIENTED_EDGE('',*,*,#3411,.F.);
#4726=ORIENTED_EDGE('',*,*,#3120,.T.);
#4727=ORIENTED_EDGE('',*,*,#3412,.F.);
#4728=ORIENTED_EDGE('',*,*,#3190,.T.);
#4729=ORIENTED_EDGE('',*,*,#3196,.T.);
#4730=ORIENTED_EDGE('',*,*,#3393,.T.);
#4731=ORIENTED_EDGE('',*,*,#3117,.T.);
#4732=ORIENTED_EDGE('',*,*,#3413,.T.);
#4733=ORIENTED_EDGE('',*,*,#3151,.T.);
#4734=ORIENTED_EDGE('',*,*,#3414,.T.);
#4735=ORIENTED_EDGE('',*,*,#3059,.T.);
#4736=ORIENTED_EDGE('',*,*,#3406,.T.);
#4737=ORIENTED_EDGE('',*,*,#3402,.F.);
#4738=ORIENTED_EDGE('',*,*,#3047,.T.);
#4739=ORIENTED_EDGE('',*,*,#3060,.T.);
#4740=ORIENTED_EDGE('',*,*,#3414,.F.);
#4741=ORIENTED_EDGE('',*,*,#3150,.T.);
#4742=ORIENTED_EDGE('',*,*,#3415,.T.);
#4743=ORIENTED_EDGE('',*,*,#3197,.T.);
#4744=ORIENTED_EDGE('',*,*,#3416,.T.);
#4745=ORIENTED_EDGE('',*,*,#3111,.T.);
#4746=ORIENTED_EDGE('',*,*,#3396,.T.);
#4747=ORIENTED_EDGE('',*,*,#3416,.F.);
#4748=ORIENTED_EDGE('',*,*,#3200,.T.);
#4749=ORIENTED_EDGE('',*,*,#3417,.F.);
#4750=ORIENTED_EDGE('',*,*,#3112,.T.);
#4751=ORIENTED_EDGE('',*,*,#3199,.T.);
#4752=ORIENTED_EDGE('',*,*,#3395,.T.);
#4753=ORIENTED_EDGE('',*,*,#3113,.T.);
#4754=ORIENTED_EDGE('',*,*,#3417,.T.);
#4755=ORIENTED_EDGE('',*,*,#3052,.T.);
#4756=ORIENTED_EDGE('',*,*,#3401,.T.);
#4757=ORIENTED_EDGE('',*,*,#3418,.T.);
#4758=ORIENTED_EDGE('',*,*,#3419,.T.);
#4759=ORIENTED_EDGE('',*,*,#3419,.F.);
#4760=ORIENTED_EDGE('',*,*,#3420,.T.);
#4761=ORIENTED_EDGE('',*,*,#3156,.T.);
#4762=ORIENTED_EDGE('',*,*,#3421,.F.);
#4763=ORIENTED_EDGE('',*,*,#3055,.T.);
#4764=ORIENTED_EDGE('',*,*,#3053,.T.);
#4765=ORIENTED_EDGE('',*,*,#3155,.T.);
#4766=ORIENTED_EDGE('',*,*,#3399,.T.);
#4767=ORIENTED_EDGE('',*,*,#3056,.T.);
#4768=ORIENTED_EDGE('',*,*,#3421,.T.);
#4769=ORIENTED_EDGE('',*,*,#3194,.T.);
#4770=ORIENTED_EDGE('',*,*,#3422,.T.);
#4771=ORIENTED_EDGE('',*,*,#3115,.T.);
#4772=ORIENTED_EDGE('',*,*,#3394,.F.);
#4773=ORIENTED_EDGE('',*,*,#3413,.F.);
#4774=ORIENTED_EDGE('',*,*,#3116,.T.);
#4775=ORIENTED_EDGE('',*,*,#3422,.F.);
#4776=ORIENTED_EDGE('',*,*,#3193,.T.);
#4777=ORIENTED_EDGE('',*,*,#2787,.T.);
#4778=ORIENTED_EDGE('',*,*,#3157,.T.);
#4779=ORIENTED_EDGE('',*,*,#3420,.F.);
#4780=ORIENTED_EDGE('',*,*,#3418,.F.);
#4781=ORIENTED_EDGE('',*,*,#3400,.F.);
#4782=ORIENTED_EDGE('',*,*,#3153,.T.);
#4783=ORIENTED_EDGE('',*,*,#3405,.F.);
#4784=ORIENTED_EDGE('',*,*,#3403,.F.);
#4785=ORIENTED_EDGE('',*,*,#3415,.F.);
#4786=ORIENTED_EDGE('',*,*,#3149,.T.);
#4787=ORIENTED_EDGE('',*,*,#3391,.F.);
#4788=ORIENTED_EDGE('',*,*,#3389,.F.);
#4789=ORIENTED_EDGE('',*,*,#3398,.F.);
#4790=ORIENTED_EDGE('',*,*,#3145,.T.);
#4791=ORIENTED_EDGE('',*,*,#3319,.T.);
#4792=ORIENTED_EDGE('',*,*,#3423,.T.);
#4793=ORIENTED_EDGE('',*,*,#3336,.F.);
#4794=ORIENTED_EDGE('',*,*,#3141,.F.);
#4795=ORIENTED_EDGE('',*,*,#3424,.T.);
#4796=ORIENTED_EDGE('',*,*,#3425,.T.);
#4797=ORIENTED_EDGE('',*,*,#3426,.T.);
#4798=ORIENTED_EDGE('',*,*,#3137,.F.);
#4799=ORIENTED_EDGE('',*,*,#3427,.T.);
#4800=ORIENTED_EDGE('',*,*,#3428,.T.);
#4801=ORIENTED_EDGE('',*,*,#3429,.T.);
#4802=ORIENTED_EDGE('',*,*,#3133,.F.);
#4803=ORIENTED_EDGE('',*,*,#3430,.T.);
#4804=ORIENTED_EDGE('',*,*,#3367,.T.);
#4805=ORIENTED_EDGE('',*,*,#3431,.T.);
#4806=ORIENTED_EDGE('',*,*,#3129,.T.);
#4807=ORIENTED_EDGE('',*,*,#2840,.T.);
#4808=ORIENTED_EDGE('',*,*,#2837,.T.);
#4809=ORIENTED_EDGE('',*,*,#2834,.T.);
#4810=ORIENTED_EDGE('',*,*,#2825,.T.);
#4811=ORIENTED_EDGE('',*,*,#3128,.T.);
#4812=ORIENTED_EDGE('',*,*,#2965,.T.);
#4813=ORIENTED_EDGE('',*,*,#2953,.T.);
#4814=ORIENTED_EDGE('',*,*,#2957,.T.);
#4815=ORIENTED_EDGE('',*,*,#2960,.T.);
#4816=ORIENTED_EDGE('',*,*,#3127,.T.);
#4817=ORIENTED_EDGE('',*,*,#2946,.T.);
#4818=ORIENTED_EDGE('',*,*,#2934,.T.);
#4819=ORIENTED_EDGE('',*,*,#2938,.T.);
#4820=ORIENTED_EDGE('',*,*,#2941,.T.);
#4821=ORIENTED_EDGE('',*,*,#3126,.T.);
#4822=ORIENTED_EDGE('',*,*,#2818,.T.);
#4823=ORIENTED_EDGE('',*,*,#2806,.T.);
#4824=ORIENTED_EDGE('',*,*,#2810,.T.);
#4825=ORIENTED_EDGE('',*,*,#2813,.T.);
#4826=ORIENTED_EDGE('',*,*,#3125,.T.);
#4827=ORIENTED_EDGE('',*,*,#2859,.T.);
#4828=ORIENTED_EDGE('',*,*,#2856,.T.);
#4829=ORIENTED_EDGE('',*,*,#2853,.T.);
#4830=ORIENTED_EDGE('',*,*,#2844,.T.);
#4831=ORIENTED_EDGE('',*,*,#3124,.T.);
#4832=ORIENTED_EDGE('',*,*,#2987,.T.);
#4833=ORIENTED_EDGE('',*,*,#2984,.T.);
#4834=ORIENTED_EDGE('',*,*,#2981,.T.);
#4835=ORIENTED_EDGE('',*,*,#2972,.T.);
#4836=ORIENTED_EDGE('',*,*,#3123,.T.);
#4837=ORIENTED_EDGE('',*,*,#2930,.T.);
#4838=ORIENTED_EDGE('',*,*,#2927,.T.);
#4839=ORIENTED_EDGE('',*,*,#2924,.T.);
#4840=ORIENTED_EDGE('',*,*,#2915,.T.);
#4841=ORIENTED_EDGE('',*,*,#3122,.T.);
#4842=ORIENTED_EDGE('',*,*,#2802,.T.);
#4843=ORIENTED_EDGE('',*,*,#2799,.T.);
#4844=ORIENTED_EDGE('',*,*,#2796,.T.);
#4845=ORIENTED_EDGE('',*,*,#3432,.T.);
#4846=ORIENTED_EDGE('',*,*,#3433,.T.);
#4847=ORIENTED_EDGE('',*,*,#3434,.T.);
#4848=ORIENTED_EDGE('',*,*,#3317,.T.);
#4849=ORIENTED_EDGE('',*,*,#3435,.T.);
#4850=ORIENTED_EDGE('',*,*,#3436,.T.);
#4851=ORIENTED_EDGE('',*,*,#3337,.F.);
#4852=ORIENTED_EDGE('',*,*,#3423,.F.);
#4853=ORIENTED_EDGE('',*,*,#3318,.T.);
#4854=ORIENTED_EDGE('',*,*,#3434,.F.);
#4855=ORIENTED_EDGE('',*,*,#3437,.T.);
#4856=ORIENTED_EDGE('',*,*,#3438,.F.);
#4857=ORIENTED_EDGE('',*,*,#3439,.T.);
#4858=ORIENTED_EDGE('',*,*,#3433,.F.);
#4859=ORIENTED_EDGE('',*,*,#3440,.T.);
#4860=ORIENTED_EDGE('',*,*,#3441,.T.);
#4861=ORIENTED_EDGE('',*,*,#3435,.F.);
#4862=ORIENTED_EDGE('',*,*,#3442,.F.);
#4863=ORIENTED_EDGE('',*,*,#3300,.F.);
#4864=ORIENTED_EDGE('',*,*,#3305,.T.);
#4865=ORIENTED_EDGE('',*,*,#3443,.T.);
#4866=ORIENTED_EDGE('',*,*,#3439,.F.);
#4867=ORIENTED_EDGE('',*,*,#3444,.T.);
#4868=ORIENTED_EDGE('',*,*,#3445,.T.);
#4869=ORIENTED_EDGE('',*,*,#3444,.F.);
#4870=ORIENTED_EDGE('',*,*,#3437,.F.);
#4871=ORIENTED_EDGE('',*,*,#3446,.T.);
#4872=ORIENTED_EDGE('',*,*,#3447,.F.);
#4873=ORIENTED_EDGE('',*,*,#3446,.F.);
#4874=ORIENTED_EDGE('',*,*,#3309,.T.);
#4875=ORIENTED_EDGE('',*,*,#3064,.T.);
#4876=ORIENTED_EDGE('',*,*,#3448,.F.);
#4877=ORIENTED_EDGE('',*,*,#3313,.T.);
#4878=ORIENTED_EDGE('',*,*,#3314,.T.);
#4879=ORIENTED_EDGE('',*,*,#3448,.T.);
#4880=ORIENTED_EDGE('',*,*,#3041,.T.);
#4881=ORIENTED_EDGE('',*,*,#3298,.F.);
#4882=ORIENTED_EDGE('',*,*,#3296,.T.);
#4883=ORIENTED_EDGE('',*,*,#3442,.T.);
#4884=ORIENTED_EDGE('',*,*,#3449,.T.);
#4885=ORIENTED_EDGE('',*,*,#3315,.T.);
#4886=ORIENTED_EDGE('',*,*,#3425,.F.);
#4887=ORIENTED_EDGE('',*,*,#3450,.F.);
#4888=ORIENTED_EDGE('',*,*,#3036,.F.);
#4889=ORIENTED_EDGE('',*,*,#3451,.F.);
#4890=ORIENTED_EDGE('',*,*,#3451,.T.);
#4891=ORIENTED_EDGE('',*,*,#3035,.F.);
#4892=ORIENTED_EDGE('',*,*,#3085,.F.);
#4893=ORIENTED_EDGE('',*,*,#3452,.T.);
#4894=ORIENTED_EDGE('',*,*,#3138,.F.);
#4895=ORIENTED_EDGE('',*,*,#3426,.F.);
#4896=ORIENTED_EDGE('',*,*,#3453,.T.);
#4897=ORIENTED_EDGE('',*,*,#3096,.F.);
#4898=ORIENTED_EDGE('',*,*,#3454,.F.);
#4899=ORIENTED_EDGE('',*,*,#3183,.F.);
#4900=ORIENTED_EDGE('',*,*,#3455,.T.);
#4901=ORIENTED_EDGE('',*,*,#3100,.F.);
#4902=ORIENTED_EDGE('',*,*,#3456,.T.);
#4903=ORIENTED_EDGE('',*,*,#3180,.F.);
#4904=ORIENTED_EDGE('',*,*,#3139,.F.);
#4905=ORIENTED_EDGE('',*,*,#3452,.F.);
#4906=ORIENTED_EDGE('',*,*,#3084,.F.);
#4907=ORIENTED_EDGE('',*,*,#3457,.F.);
#4908=ORIENTED_EDGE('',*,*,#3450,.T.);
#4909=ORIENTED_EDGE('',*,*,#3424,.F.);
#4910=ORIENTED_EDGE('',*,*,#3140,.F.);
#4911=ORIENTED_EDGE('',*,*,#3457,.T.);
#4912=ORIENTED_EDGE('',*,*,#3083,.F.);
#4913=ORIENTED_EDGE('',*,*,#3037,.F.);
#4914=ORIENTED_EDGE('',*,*,#3458,.T.);
#4915=ORIENTED_EDGE('',*,*,#3089,.F.);
#4916=ORIENTED_EDGE('',*,*,#3029,.F.);
#4917=ORIENTED_EDGE('',*,*,#3368,.T.);
#4918=ORIENTED_EDGE('',*,*,#3430,.F.);
#4919=ORIENTED_EDGE('',*,*,#3132,.F.);
#4920=ORIENTED_EDGE('',*,*,#3428,.F.);
#4921=ORIENTED_EDGE('',*,*,#3459,.F.);
#4922=ORIENTED_EDGE('',*,*,#3032,.F.);
#4923=ORIENTED_EDGE('',*,*,#3460,.F.);
#4924=ORIENTED_EDGE('',*,*,#3460,.T.);
#4925=ORIENTED_EDGE('',*,*,#3031,.F.);
#4926=ORIENTED_EDGE('',*,*,#3088,.F.);
#4927=ORIENTED_EDGE('',*,*,#3461,.T.);
#4928=ORIENTED_EDGE('',*,*,#3134,.F.);
#4929=ORIENTED_EDGE('',*,*,#3429,.F.);
#4930=ORIENTED_EDGE('',*,*,#3462,.T.);
#4931=ORIENTED_EDGE('',*,*,#3092,.F.);
#4932=ORIENTED_EDGE('',*,*,#3463,.T.);
#4933=ORIENTED_EDGE('',*,*,#3186,.F.);
#4934=ORIENTED_EDGE('',*,*,#3104,.F.);
#4935=ORIENTED_EDGE('',*,*,#3464,.T.);
#4936=ORIENTED_EDGE('',*,*,#3236,.F.);
#4937=ORIENTED_EDGE('',*,*,#2866,.T.);
#4938=ORIENTED_EDGE('',*,*,#3202,.F.);
#4939=ORIENTED_EDGE('',*,*,#3355,.F.);
#4940=ORIENTED_EDGE('',*,*,#3079,.F.);
#4941=ORIENTED_EDGE('',*,*,#3331,.F.);
#4942=ORIENTED_EDGE('',*,*,#3237,.F.);
#4943=ORIENTED_EDGE('',*,*,#3464,.F.);
#4944=ORIENTED_EDGE('',*,*,#3106,.F.);
#4945=ORIENTED_EDGE('',*,*,#3465,.F.);
#4946=ORIENTED_EDGE('',*,*,#3465,.T.);
#4947=ORIENTED_EDGE('',*,*,#3105,.F.);
#4948=ORIENTED_EDGE('',*,*,#2864,.F.);
#4949=ORIENTED_EDGE('',*,*,#3238,.F.);
#4950=ORIENTED_EDGE('',*,*,#3185,.F.);
#4951=ORIENTED_EDGE('',*,*,#3466,.F.);
#4952=ORIENTED_EDGE('',*,*,#3093,.F.);
#4953=ORIENTED_EDGE('',*,*,#3462,.F.);
#4954=ORIENTED_EDGE('',*,*,#3187,.F.);
#4955=ORIENTED_EDGE('',*,*,#3463,.F.);
#4956=ORIENTED_EDGE('',*,*,#3095,.F.);
#4957=ORIENTED_EDGE('',*,*,#3467,.F.);
#4958=ORIENTED_EDGE('',*,*,#3466,.T.);
#4959=ORIENTED_EDGE('',*,*,#3188,.F.);
#4960=ORIENTED_EDGE('',*,*,#3467,.T.);
#4961=ORIENTED_EDGE('',*,*,#3094,.F.);
#4962=ORIENTED_EDGE('',*,*,#3182,.F.);
#4963=ORIENTED_EDGE('',*,*,#3468,.F.);
#4964=ORIENTED_EDGE('',*,*,#3097,.F.);
#4965=ORIENTED_EDGE('',*,*,#3453,.F.);
#4966=ORIENTED_EDGE('',*,*,#3135,.F.);
#4967=ORIENTED_EDGE('',*,*,#3461,.F.);
#4968=ORIENTED_EDGE('',*,*,#3087,.F.);
#4969=ORIENTED_EDGE('',*,*,#3469,.F.);
#4970=ORIENTED_EDGE('',*,*,#3459,.T.);
#4971=ORIENTED_EDGE('',*,*,#3427,.F.);
#4972=ORIENTED_EDGE('',*,*,#3136,.F.);
#4973=ORIENTED_EDGE('',*,*,#3469,.T.);
#4974=ORIENTED_EDGE('',*,*,#3086,.F.);
#4975=ORIENTED_EDGE('',*,*,#3033,.F.);
#4976=ORIENTED_EDGE('',*,*,#3177,.F.);
#4977=ORIENTED_EDGE('',*,*,#3456,.F.);
#4978=ORIENTED_EDGE('',*,*,#3103,.F.);
#4979=ORIENTED_EDGE('',*,*,#3470,.F.);
#4980=ORIENTED_EDGE('',*,*,#3470,.T.);
#4981=ORIENTED_EDGE('',*,*,#3102,.F.);
#4982=ORIENTED_EDGE('',*,*,#3471,.T.);
#4983=ORIENTED_EDGE('',*,*,#3178,.F.);
#4984=ORIENTED_EDGE('',*,*,#3179,.F.);
#4985=ORIENTED_EDGE('',*,*,#3471,.F.);
#4986=ORIENTED_EDGE('',*,*,#3101,.F.);
#4987=ORIENTED_EDGE('',*,*,#3455,.F.);
#4988=ORIENTED_EDGE('',*,*,#3366,.T.);
#4989=ORIENTED_EDGE('',*,*,#3027,.F.);
#4990=ORIENTED_EDGE('',*,*,#3091,.F.);
#4991=ORIENTED_EDGE('',*,*,#3472,.T.);
#4992=ORIENTED_EDGE('',*,*,#3130,.F.);
#4993=ORIENTED_EDGE('',*,*,#3431,.F.);
#4994=ORIENTED_EDGE('',*,*,#3131,.F.);
#4995=ORIENTED_EDGE('',*,*,#3472,.F.);
#4996=ORIENTED_EDGE('',*,*,#3090,.F.);
#4997=ORIENTED_EDGE('',*,*,#3458,.F.);
#4998=ORIENTED_EDGE('',*,*,#3184,.F.);
#4999=ORIENTED_EDGE('',*,*,#3454,.T.);
#5000=ORIENTED_EDGE('',*,*,#3099,.F.);
#5001=ORIENTED_EDGE('',*,*,#3473,.F.);
#5002=ORIENTED_EDGE('',*,*,#3468,.T.);
#5003=ORIENTED_EDGE('',*,*,#3181,.F.);
#5004=ORIENTED_EDGE('',*,*,#3473,.T.);
#5005=ORIENTED_EDGE('',*,*,#3098,.F.);
#5006=ORIENTED_EDGE('',*,*,#3474,.F.);
#5007=ORIENTED_EDGE('',*,*,#3338,.F.);
#5008=ORIENTED_EDGE('',*,*,#3436,.F.);
#5009=ORIENTED_EDGE('',*,*,#3441,.F.);
#5010=ORIENTED_EDGE('',*,*,#3438,.T.);
#5011=ORIENTED_EDGE('',*,*,#3475,.T.);
#5012=ORIENTED_EDGE('',*,*,#3476,.F.);
#5013=ORIENTED_EDGE('',*,*,#3475,.F.);
#5014=ORIENTED_EDGE('',*,*,#3334,.F.);
#5015=ORIENTED_EDGE('',*,*,#3341,.F.);
#5016=ORIENTED_EDGE('',*,*,#3477,.T.);
#5017=ORIENTED_EDGE('',*,*,#3082,.F.);
#5018=ORIENTED_EDGE('',*,*,#3477,.F.);
#5019=ORIENTED_EDGE('',*,*,#3340,.F.);
#5020=ORIENTED_EDGE('',*,*,#3302,.T.);
#5021=ORIENTED_EDGE('',*,*,#3039,.F.);
#5022=ORIENTED_EDGE('',*,*,#3478,.F.);
#5023=ORIENTED_EDGE('',*,*,#3479,.F.);
#5024=ORIENTED_EDGE('',*,*,#3480,.F.);
#5025=ORIENTED_EDGE('',*,*,#3481,.F.);
#5026=ORIENTED_EDGE('',*,*,#3482,.F.);
#5027=ORIENTED_EDGE('',*,*,#3483,.F.);
#5028=ORIENTED_EDGE('',*,*,#3484,.F.);
#5029=ORIENTED_EDGE('',*,*,#3485,.F.);
#5030=ORIENTED_EDGE('',*,*,#3486,.T.);
#5031=ORIENTED_EDGE('',*,*,#3487,.T.);
#5032=ORIENTED_EDGE('',*,*,#3488,.T.);
#5033=ORIENTED_EDGE('',*,*,#3479,.T.);
#5034=ORIENTED_EDGE('',*,*,#3489,.F.);
#5035=ORIENTED_EDGE('',*,*,#3432,.F.);
#5036=ORIENTED_EDGE('',*,*,#3490,.T.);
#5037=ORIENTED_EDGE('',*,*,#3480,.T.);
#5038=ORIENTED_EDGE('',*,*,#3490,.F.);
#5039=ORIENTED_EDGE('',*,*,#3316,.T.);
#5040=ORIENTED_EDGE('',*,*,#3491,.T.);
#5041=ORIENTED_EDGE('',*,*,#3449,.F.);
#5042=ORIENTED_EDGE('',*,*,#3492,.T.);
#5043=ORIENTED_EDGE('',*,*,#3481,.T.);
#5044=ORIENTED_EDGE('',*,*,#3491,.F.);
#5045=ORIENTED_EDGE('',*,*,#3492,.F.);
#5046=ORIENTED_EDGE('',*,*,#3443,.F.);
#5047=ORIENTED_EDGE('',*,*,#3493,.T.);
#5048=ORIENTED_EDGE('',*,*,#3482,.T.);
#5049=ORIENTED_EDGE('',*,*,#3493,.F.);
#5050=ORIENTED_EDGE('',*,*,#3304,.T.);
#5051=ORIENTED_EDGE('',*,*,#3494,.T.);
#5052=ORIENTED_EDGE('',*,*,#3483,.T.);
#5053=ORIENTED_EDGE('',*,*,#3484,.T.);
#5054=ORIENTED_EDGE('',*,*,#3494,.F.);
#5055=ORIENTED_EDGE('',*,*,#3339,.F.);
#5056=ORIENTED_EDGE('',*,*,#3495,.T.);
#5057=ORIENTED_EDGE('',*,*,#3485,.T.);
#5058=ORIENTED_EDGE('',*,*,#3495,.F.);
#5059=ORIENTED_EDGE('',*,*,#3474,.T.);
#5060=ORIENTED_EDGE('',*,*,#3496,.T.);
#5061=ORIENTED_EDGE('',*,*,#3478,.T.);
#5062=ORIENTED_EDGE('',*,*,#3496,.F.);
#5063=ORIENTED_EDGE('',*,*,#3440,.F.);
#5064=ORIENTED_EDGE('',*,*,#3489,.T.);
#5065=ORIENTED_EDGE('',*,*,#3476,.T.);
#5066=ORIENTED_EDGE('',*,*,#3497,.T.);
#5067=ORIENTED_EDGE('',*,*,#3488,.F.);
#5068=ORIENTED_EDGE('',*,*,#3497,.F.);
#5069=ORIENTED_EDGE('',*,*,#3447,.T.);
#5070=ORIENTED_EDGE('',*,*,#3498,.T.);
#5071=ORIENTED_EDGE('',*,*,#3487,.F.);
#5072=ORIENTED_EDGE('',*,*,#3498,.F.);
#5073=ORIENTED_EDGE('',*,*,#3445,.F.);
#5074=ORIENTED_EDGE('',*,*,#3499,.T.);
#5075=ORIENTED_EDGE('',*,*,#3486,.F.);
#5076=ORIENTED_EDGE('',*,*,#3499,.F.);
#5077=ORIENTED_EDGE('',*,*,#3171,.F.);
#5078=ORIENTED_EDGE('',*,*,#3500,.F.);
#5079=ORIENTED_EDGE('',*,*,#3291,.T.);
#5080=ORIENTED_EDGE('',*,*,#3501,.T.);
#5081=ORIENTED_EDGE('',*,*,#3502,.F.);
#5082=ORIENTED_EDGE('',*,*,#3503,.T.);
#5083=ORIENTED_EDGE('',*,*,#3504,.T.);
#5084=ORIENTED_EDGE('',*,*,#3165,.F.);
#5085=ORIENTED_EDGE('',*,*,#3505,.F.);
#5086=ORIENTED_EDGE('',*,*,#3506,.T.);
#5087=ORIENTED_EDGE('',*,*,#3507,.T.);
#5088=ORIENTED_EDGE('',*,*,#3161,.T.);
#5089=ORIENTED_EDGE('',*,*,#3508,.F.);
#5090=ORIENTED_EDGE('',*,*,#3293,.F.);
#5091=ORIENTED_EDGE('',*,*,#3509,.T.);
#5092=ORIENTED_EDGE('',*,*,#3169,.F.);
#5093=ORIENTED_EDGE('',*,*,#3503,.F.);
#5094=ORIENTED_EDGE('',*,*,#3510,.T.);
#5095=ORIENTED_EDGE('',*,*,#3511,.T.);
#5096=ORIENTED_EDGE('',*,*,#3512,.F.);
#5097=ORIENTED_EDGE('',*,*,#3167,.F.);
#5098=ORIENTED_EDGE('',*,*,#3513,.F.);
#5099=ORIENTED_EDGE('',*,*,#3511,.F.);
#5100=ORIENTED_EDGE('',*,*,#3514,.T.);
#5101=ORIENTED_EDGE('',*,*,#3166,.F.);
#5102=ORIENTED_EDGE('',*,*,#3504,.F.);
#5103=ORIENTED_EDGE('',*,*,#3512,.T.);
#5104=ORIENTED_EDGE('',*,*,#3513,.T.);
#5105=ORIENTED_EDGE('',*,*,#3168,.F.);
#5106=ORIENTED_EDGE('',*,*,#3514,.F.);
#5107=ORIENTED_EDGE('',*,*,#3510,.F.);
#5108=ORIENTED_EDGE('',*,*,#3502,.T.);
#5109=ORIENTED_EDGE('',*,*,#3176,.F.);
#5110=ORIENTED_EDGE('',*,*,#3515,.F.);
#5111=ORIENTED_EDGE('',*,*,#3516,.F.);
#5112=ORIENTED_EDGE('',*,*,#2747,.T.);
#5113=ORIENTED_EDGE('',*,*,#3517,.F.);
#5114=ORIENTED_EDGE('',*,*,#3506,.F.);
#5115=ORIENTED_EDGE('',*,*,#3518,.T.);
#5116=ORIENTED_EDGE('',*,*,#3519,.T.);
#5117=ORIENTED_EDGE('',*,*,#3164,.F.);
#5118=ORIENTED_EDGE('',*,*,#3520,.F.);
#5119=ORIENTED_EDGE('',*,*,#3518,.F.);
#5120=ORIENTED_EDGE('',*,*,#3505,.T.);
#5121=ORIENTED_EDGE('',*,*,#3163,.F.);
#5122=ORIENTED_EDGE('',*,*,#3521,.F.);
#5123=ORIENTED_EDGE('',*,*,#3519,.F.);
#5124=ORIENTED_EDGE('',*,*,#3520,.T.);
#5125=ORIENTED_EDGE('',*,*,#3162,.F.);
#5126=ORIENTED_EDGE('',*,*,#3507,.F.);
#5127=ORIENTED_EDGE('',*,*,#3517,.T.);
#5128=ORIENTED_EDGE('',*,*,#3521,.T.);
#5129=ORIENTED_EDGE('',*,*,#3522,.F.);
#5130=ORIENTED_EDGE('',*,*,#2761,.T.);
#5131=ORIENTED_EDGE('',*,*,#3174,.F.);
#5132=ORIENTED_EDGE('',*,*,#3523,.F.);
#5133=ORIENTED_EDGE('',*,*,#3292,.T.);
#5134=ORIENTED_EDGE('',*,*,#3500,.T.);
#5135=ORIENTED_EDGE('',*,*,#3170,.F.);
#5136=ORIENTED_EDGE('',*,*,#3509,.F.);
#5137=ORIENTED_EDGE('',*,*,#3294,.T.);
#5138=ORIENTED_EDGE('',*,*,#3508,.T.);
#5139=ORIENTED_EDGE('',*,*,#3160,.F.);
#5140=ORIENTED_EDGE('',*,*,#3364,.F.);
#5141=ORIENTED_EDGE('',*,*,#3074,.F.);
#5142=ORIENTED_EDGE('',*,*,#3524,.F.);
#5143=ORIENTED_EDGE('',*,*,#3285,.F.);
#5144=ORIENTED_EDGE('',*,*,#3525,.T.);
#5145=ORIENTED_EDGE('',*,*,#3073,.F.);
#5146=ORIENTED_EDGE('',*,*,#3526,.F.);
#5147=ORIENTED_EDGE('',*,*,#3286,.T.);
#5148=ORIENTED_EDGE('',*,*,#3524,.T.);
#5149=ORIENTED_EDGE('',*,*,#3072,.F.);
#5150=ORIENTED_EDGE('',*,*,#3283,.F.);
#5151=ORIENTED_EDGE('',*,*,#3287,.F.);
#5152=ORIENTED_EDGE('',*,*,#3526,.T.);
#5153=ORIENTED_EDGE('',*,*,#3075,.F.);
#5154=ORIENTED_EDGE('',*,*,#3525,.F.);
#5155=ORIENTED_EDGE('',*,*,#3284,.T.);
#5156=ORIENTED_EDGE('',*,*,#3278,.T.);
#5157=ORIENTED_EDGE('',*,*,#3290,.F.);
#5158=ORIENTED_EDGE('',*,*,#2754,.T.);
#5159=ORIENTED_EDGE('',*,*,#3172,.F.);
#5160=ORIENTED_EDGE('',*,*,#3501,.F.);
#5161=ORIENTED_EDGE('',*,*,#3289,.F.);
#5162=ORIENTED_EDGE('',*,*,#3365,.T.);
#5163=ORIENTED_EDGE('',*,*,#3158,.F.);
#5164=ORIENTED_EDGE('',*,*,#2756,.F.);
#5165=ORIENTED_EDGE('',*,*,#2733,.T.);
#5166=ORIENTED_EDGE('',*,*,#2759,.F.);
#5167=ORIENTED_EDGE('',*,*,#3527,.T.);
#5168=ORIENTED_EDGE('',*,*,#3515,.T.);
#5169=ORIENTED_EDGE('',*,*,#3175,.F.);
#5170=ORIENTED_EDGE('',*,*,#2729,.T.);
#5171=ORIENTED_EDGE('',*,*,#3516,.T.);
#5172=ORIENTED_EDGE('',*,*,#3527,.F.);
#5173=ORIENTED_EDGE('',*,*,#2758,.F.);
#5174=ORIENTED_EDGE('',*,*,#2748,.T.);
#5175=ORIENTED_EDGE('',*,*,#2738,.T.);
#5176=ORIENTED_EDGE('',*,*,#2752,.F.);
#5177=ORIENTED_EDGE('',*,*,#3528,.T.);
#5178=ORIENTED_EDGE('',*,*,#3523,.T.);
#5179=ORIENTED_EDGE('',*,*,#3173,.F.);
#5180=ORIENTED_EDGE('',*,*,#2727,.T.);
#5181=ORIENTED_EDGE('',*,*,#2751,.F.);
#5182=ORIENTED_EDGE('',*,*,#2762,.T.);
#5183=ORIENTED_EDGE('',*,*,#3522,.T.);
#5184=ORIENTED_EDGE('',*,*,#3528,.F.);
#5185=ORIENTED_EDGE('',*,*,#3529,.F.);
#5186=ORIENTED_EDGE('',*,*,#3530,.T.);
#5187=ORIENTED_EDGE('',*,*,#3531,.T.);
#5188=ORIENTED_EDGE('',*,*,#3532,.F.);
#5189=ORIENTED_EDGE('',*,*,#3533,.F.);
#5190=ORIENTED_EDGE('',*,*,#3534,.T.);
#5191=ORIENTED_EDGE('',*,*,#3535,.T.);
#5192=ORIENTED_EDGE('',*,*,#3530,.F.);
#5193=ORIENTED_EDGE('',*,*,#3536,.T.);
#5194=ORIENTED_EDGE('',*,*,#3537,.T.);
#5195=ORIENTED_EDGE('',*,*,#3538,.T.);
#5196=ORIENTED_EDGE('',*,*,#3534,.F.);
#5197=ORIENTED_EDGE('',*,*,#3539,.F.);
#5198=ORIENTED_EDGE('',*,*,#3540,.T.);
#5199=ORIENTED_EDGE('',*,*,#3541,.T.);
#5200=ORIENTED_EDGE('',*,*,#3537,.F.);
#5201=ORIENTED_EDGE('',*,*,#3542,.T.);
#5202=ORIENTED_EDGE('',*,*,#3532,.T.);
#5203=ORIENTED_EDGE('',*,*,#3543,.T.);
#5204=ORIENTED_EDGE('',*,*,#3544,.F.);
#5205=ORIENTED_EDGE('',*,*,#3545,.T.);
#5206=ORIENTED_EDGE('',*,*,#3544,.T.);
#5207=ORIENTED_EDGE('',*,*,#3546,.T.);
#5208=ORIENTED_EDGE('',*,*,#3547,.F.);
#5209=ORIENTED_EDGE('',*,*,#3548,.T.);
#5210=ORIENTED_EDGE('',*,*,#3547,.T.);
#5211=ORIENTED_EDGE('',*,*,#3549,.T.);
#5212=ORIENTED_EDGE('',*,*,#3550,.F.);
#5213=ORIENTED_EDGE('',*,*,#3551,.F.);
#5214=ORIENTED_EDGE('',*,*,#3550,.T.);
#5215=ORIENTED_EDGE('',*,*,#3552,.T.);
#5216=ORIENTED_EDGE('',*,*,#3540,.F.);
#5217=ORIENTED_EDGE('',*,*,#3546,.F.);
#5218=ORIENTED_EDGE('',*,*,#3543,.F.);
#5219=ORIENTED_EDGE('',*,*,#3531,.F.);
#5220=ORIENTED_EDGE('',*,*,#3535,.F.);
#5221=ORIENTED_EDGE('',*,*,#3538,.F.);
#5222=ORIENTED_EDGE('',*,*,#3541,.F.);
#5223=ORIENTED_EDGE('',*,*,#3552,.F.);
#5224=ORIENTED_EDGE('',*,*,#3549,.F.);
#5225=ORIENTED_EDGE('',*,*,#3553,.T.);
#5226=ORIENTED_EDGE('',*,*,#3554,.F.);
#5227=ORIENTED_EDGE('',*,*,#3555,.T.);
#5228=ORIENTED_EDGE('',*,*,#3556,.T.);
#5229=ORIENTED_EDGE('',*,*,#3557,.T.);
#5230=ORIENTED_EDGE('',*,*,#3558,.F.);
#5231=ORIENTED_EDGE('',*,*,#3559,.F.);
#5232=ORIENTED_EDGE('',*,*,#3554,.T.);
#5233=ORIENTED_EDGE('',*,*,#3560,.T.);
#5234=ORIENTED_EDGE('',*,*,#3561,.F.);
#5235=ORIENTED_EDGE('',*,*,#3562,.T.);
#5236=ORIENTED_EDGE('',*,*,#3558,.T.);
#5237=ORIENTED_EDGE('',*,*,#3563,.T.);
#5238=ORIENTED_EDGE('',*,*,#3564,.F.);
#5239=ORIENTED_EDGE('',*,*,#3565,.F.);
#5240=ORIENTED_EDGE('',*,*,#3561,.T.);
#5241=ORIENTED_EDGE('',*,*,#3566,.T.);
#5242=ORIENTED_EDGE('',*,*,#3567,.F.);
#5243=ORIENTED_EDGE('',*,*,#3568,.T.);
#5244=ORIENTED_EDGE('',*,*,#3564,.T.);
#5245=ORIENTED_EDGE('',*,*,#3569,.T.);
#5246=ORIENTED_EDGE('',*,*,#3570,.F.);
#5247=ORIENTED_EDGE('',*,*,#3571,.F.);
#5248=ORIENTED_EDGE('',*,*,#3567,.T.);
#5249=ORIENTED_EDGE('',*,*,#3572,.T.);
#5250=ORIENTED_EDGE('',*,*,#3573,.F.);
#5251=ORIENTED_EDGE('',*,*,#3574,.T.);
#5252=ORIENTED_EDGE('',*,*,#3570,.T.);
#5253=ORIENTED_EDGE('',*,*,#3575,.T.);
#5254=ORIENTED_EDGE('',*,*,#3556,.F.);
#5255=ORIENTED_EDGE('',*,*,#3576,.F.);
#5256=ORIENTED_EDGE('',*,*,#3573,.T.);
#5257=ORIENTED_EDGE('',*,*,#3565,.T.);
#5258=ORIENTED_EDGE('',*,*,#3568,.F.);
#5259=ORIENTED_EDGE('',*,*,#3571,.T.);
#5260=ORIENTED_EDGE('',*,*,#3574,.F.);
#5261=ORIENTED_EDGE('',*,*,#3576,.T.);
#5262=ORIENTED_EDGE('',*,*,#3555,.F.);
#5263=ORIENTED_EDGE('',*,*,#3559,.T.);
#5264=ORIENTED_EDGE('',*,*,#3562,.F.);
#5265=ORIENTED_EDGE('',*,*,#3551,.T.);
#5266=ORIENTED_EDGE('',*,*,#3539,.T.);
#5267=ORIENTED_EDGE('',*,*,#3536,.F.);
#5268=ORIENTED_EDGE('',*,*,#3533,.T.);
#5269=ORIENTED_EDGE('',*,*,#3529,.T.);
#5270=ORIENTED_EDGE('',*,*,#3542,.F.);
#5271=ORIENTED_EDGE('',*,*,#3545,.F.);
#5272=ORIENTED_EDGE('',*,*,#3548,.F.);
#5273=ORIENTED_EDGE('',*,*,#3566,.F.);
#5274=ORIENTED_EDGE('',*,*,#3563,.F.);
#5275=ORIENTED_EDGE('',*,*,#3560,.F.);
#5276=ORIENTED_EDGE('',*,*,#3557,.F.);
#5277=ORIENTED_EDGE('',*,*,#3553,.F.);
#5278=ORIENTED_EDGE('',*,*,#3575,.F.);
#5279=ORIENTED_EDGE('',*,*,#3572,.F.);
#5280=ORIENTED_EDGE('',*,*,#3569,.F.);
#5281=PLANE('',#5700);
#5282=PLANE('',#5701);
#5283=PLANE('',#5702);
#5284=PLANE('',#5703);
#5285=PLANE('',#5704);
#5286=PLANE('',#5705);
#5287=PLANE('',#5706);
#5288=PLANE('',#5707);
#5289=PLANE('',#5708);
#5290=PLANE('',#5709);
#5291=PLANE('',#5713);
#5292=PLANE('',#5717);
#5293=PLANE('',#5721);
#5294=PLANE('',#5725);
#5295=PLANE('',#5731);
#5296=PLANE('',#5734);
#5297=PLANE('',#5737);
#5298=PLANE('',#5743);
#5299=PLANE('',#5749);
#5300=PLANE('',#5752);
#5301=PLANE('',#5758);
#5302=PLANE('',#5764);
#5303=PLANE('',#5768);
#5304=PLANE('',#5772);
#5305=PLANE('',#5776);
#5306=PLANE('',#5780);
#5307=PLANE('',#5784);
#5308=PLANE('',#5788);
#5309=PLANE('',#5792);
#5310=PLANE('',#5796);
#5311=PLANE('',#5802);
#5312=PLANE('',#5805);
#5313=PLANE('',#5808);
#5314=PLANE('',#5814);
#5315=PLANE('',#5817);
#5316=PLANE('',#5823);
#5317=PLANE('',#5829);
#5318=PLANE('',#5835);
#5319=PLANE('',#5839);
#5320=PLANE('',#5843);
#5321=PLANE('',#5847);
#5322=PLANE('',#5866);
#5323=PLANE('',#5893);
#5324=PLANE('',#5957);
#5325=PLANE('',#5958);
#5326=PLANE('',#5959);
#5327=PLANE('',#5983);
#5328=PLANE('',#5987);
#5329=PLANE('',#5991);
#5330=PLANE('',#5995);
#5331=PLANE('',#5999);
#5332=PLANE('',#6004);
#5333=PLANE('',#6008);
#5334=PLANE('',#6009);
#5335=PLANE('',#6010);
#5336=PLANE('',#6011);
#5337=PLANE('',#6012);
#5338=PLANE('',#6013);
#5339=PLANE('',#6014);
#5340=PLANE('',#6016);
#5341=PLANE('',#6018);
#5342=PLANE('',#6019);
#5343=PLANE('',#6023);
#5344=PLANE('',#6025);
#5345=PLANE('',#6027);
#5346=PLANE('',#6034);
#5347=PLANE('',#6040);
#5348=PLANE('',#6041);
#5349=PLANE('',#6042);
#5350=PLANE('',#6048);
#5351=PLANE('',#6053);
#5352=PLANE('',#6055);
#5353=PLANE('',#6056);
#5354=PLANE('',#6058);
#5355=PLANE('',#6060);
#5356=PLANE('',#6063);
#5357=PLANE('',#6065);
#5358=PLANE('',#6066);
#5359=PLANE('',#6069);
#5360=PLANE('',#6072);
#5361=PLANE('',#6075);
#5362=PLANE('',#6078);
#5363=PLANE('',#6081);
#5364=PLANE('',#6085);
#5365=PLANE('',#6096);
#5366=PLANE('',#6101);
#5367=PLANE('',#6102);
#5368=PLANE('',#6113);
#5369=PLANE('',#6114);
#5370=PLANE('',#6115);
#5371=PLANE('',#6117);
#5372=PLANE('',#6118);
#5373=PLANE('',#6120);
#5374=PLANE('',#6121);
#5375=PLANE('',#6122);
#5376=PLANE('',#6125);
#5377=PLANE('',#6128);
#5378=PLANE('',#6131);
#5379=PLANE('',#6133);
#5380=PLANE('',#6135);
#5381=PLANE('',#6138);
#5382=PLANE('',#6146);
#5383=PLANE('',#6155);
#5384=PLANE('',#6157);
#5385=PLANE('',#6159);
#5386=PLANE('',#6161);
#5387=PLANE('',#6165);
#5388=PLANE('',#6166);
#5389=PLANE('',#6167);
#5390=PLANE('',#6168);
#5391=PLANE('',#6169);
#5392=PLANE('',#6170);
#5393=PLANE('',#6171);
#5394=PLANE('',#6172);
#5395=PLANE('',#6173);
#5396=PLANE('',#6174);
#5397=PLANE('',#6175);
#5398=PLANE('',#6176);
#5399=PLANE('',#6180);
#5400=PLANE('',#6182);
#5401=PLANE('',#6185);
#5402=PLANE('',#6186);
#5403=PLANE('',#6187);
#5404=PLANE('',#6188);
#5405=PLANE('',#6189);
#5406=PLANE('',#6193);
#5407=PLANE('',#6200);
#5408=PLANE('',#6204);
#5409=PLANE('',#6205);
#5410=PLANE('',#6209);
#5411=PLANE('',#6213);
#5412=PLANE('',#6217);
#5413=PLANE('',#6221);
#5414=PLANE('',#6222);
#5415=PLANE('',#6223);
#5416=ADVANCED_FACE('',(#558),#5281,.T.);
#5417=ADVANCED_FACE('',(#559),#5282,.T.);
#5418=ADVANCED_FACE('',(#560),#5283,.T.);
#5419=ADVANCED_FACE('',(#561),#5284,.T.);
#5420=ADVANCED_FACE('',(#562),#5285,.T.);
#5421=ADVANCED_FACE('',(#563),#5286,.F.);
#5422=ADVANCED_FACE('',(#564),#5287,.F.);
#5423=ADVANCED_FACE('',(#565),#5288,.T.);
#5424=ADVANCED_FACE('',(#566),#5289,.F.);
#5425=ADVANCED_FACE('',(#567),#5290,.F.);
#5426=ADVANCED_FACE('',(#568),#273,.F.);
#5427=ADVANCED_FACE('',(#569),#5291,.F.);
#5428=ADVANCED_FACE('',(#570),#274,.F.);
#5429=ADVANCED_FACE('',(#571),#5292,.F.);
#5430=ADVANCED_FACE('',(#572),#275,.F.);
#5431=ADVANCED_FACE('',(#573),#5293,.F.);
#5432=ADVANCED_FACE('',(#574),#276,.F.);
#5433=ADVANCED_FACE('',(#575),#5294,.F.);
#5434=ADVANCED_FACE('',(#576),#277,.F.);
#5435=ADVANCED_FACE('',(#577),#181,.F.);
#5436=ADVANCED_FACE('',(#578),#182,.F.);
#5437=ADVANCED_FACE('',(#579),#5295,.F.);
#5438=ADVANCED_FACE('',(#580),#183,.F.);
#5439=ADVANCED_FACE('',(#581),#184,.F.);
#5440=ADVANCED_FACE('',(#582),#5296,.F.);
#5441=ADVANCED_FACE('',(#583),#5297,.F.);
#5442=ADVANCED_FACE('',(#584),#278,.F.);
#5443=ADVANCED_FACE('',(#585),#5298,.F.);
#5444=ADVANCED_FACE('',(#586),#279,.F.);
#5445=ADVANCED_FACE('',(#587),#185,.F.);
#5446=ADVANCED_FACE('',(#588),#186,.F.);
#5447=ADVANCED_FACE('',(#589),#5299,.F.);
#5448=ADVANCED_FACE('',(#590),#5300,.F.);
#5449=ADVANCED_FACE('',(#591),#280,.F.);
#5450=ADVANCED_FACE('',(#592),#187,.F.);
#5451=ADVANCED_FACE('',(#593),#188,.F.);
#5452=ADVANCED_FACE('',(#594),#5301,.F.);
#5453=ADVANCED_FACE('',(#595),#281,.F.);
#5454=ADVANCED_FACE('',(#596),#5302,.F.);
#5455=ADVANCED_FACE('',(#597),#282,.F.);
#5456=ADVANCED_FACE('',(#598),#5303,.F.);
#5457=ADVANCED_FACE('',(#599),#283,.F.);
#5458=ADVANCED_FACE('',(#600),#5304,.F.);
#5459=ADVANCED_FACE('',(#601),#284,.F.);
#5460=ADVANCED_FACE('',(#602),#5305,.F.);
#5461=ADVANCED_FACE('',(#603),#285,.F.);
#5462=ADVANCED_FACE('',(#604),#5306,.F.);
#5463=ADVANCED_FACE('',(#605),#286,.F.);
#5464=ADVANCED_FACE('',(#606),#5307,.F.);
#5465=ADVANCED_FACE('',(#607),#287,.F.);
#5466=ADVANCED_FACE('',(#608),#5308,.F.);
#5467=ADVANCED_FACE('',(#609),#288,.F.);
#5468=ADVANCED_FACE('',(#610),#5309,.F.);
#5469=ADVANCED_FACE('',(#611),#289,.F.);
#5470=ADVANCED_FACE('',(#612),#5310,.F.);
#5471=ADVANCED_FACE('',(#613),#290,.F.);
#5472=ADVANCED_FACE('',(#614),#189,.F.);
#5473=ADVANCED_FACE('',(#615),#190,.F.);
#5474=ADVANCED_FACE('',(#616),#5311,.F.);
#5475=ADVANCED_FACE('',(#617),#191,.F.);
#5476=ADVANCED_FACE('',(#618),#192,.F.);
#5477=ADVANCED_FACE('',(#619),#5312,.F.);
#5478=ADVANCED_FACE('',(#620),#5313,.F.);
#5479=ADVANCED_FACE('',(#621),#291,.F.);
#5480=ADVANCED_FACE('',(#622),#193,.F.);
#5481=ADVANCED_FACE('',(#623),#194,.F.);
#5482=ADVANCED_FACE('',(#624),#5314,.F.);
#5483=ADVANCED_FACE('',(#625),#5315,.F.);
#5484=ADVANCED_FACE('',(#626),#292,.F.);
#5485=ADVANCED_FACE('',(#627),#5316,.F.);
#5486=ADVANCED_FACE('',(#628),#293,.F.);
#5487=ADVANCED_FACE('',(#629),#195,.F.);
#5488=ADVANCED_FACE('',(#630),#196,.F.);
#5489=ADVANCED_FACE('',(#631),#5317,.F.);
#5490=ADVANCED_FACE('',(#632),#294,.F.);
#5491=ADVANCED_FACE('',(#633),#5318,.F.);
#5492=ADVANCED_FACE('',(#634),#295,.F.);
#5493=ADVANCED_FACE('',(#635),#5319,.F.);
#5494=ADVANCED_FACE('',(#636),#296,.F.);
#5495=ADVANCED_FACE('',(#637),#5320,.F.);
#5496=ADVANCED_FACE('',(#638),#297,.F.);
#5497=ADVANCED_FACE('',(#639),#5321,.F.);
#5498=ADVANCED_FACE('',(#640),#298,.F.);
#5499=ADVANCED_FACE('',(#641),#299,.F.);
#5500=ADVANCED_FACE('',(#642,#32,#33,#34,#35,#36,#37,#38,#39),#5322,.T.);
#5501=ADVANCED_FACE('',(#643,#40,#41,#42,#43,#44,#45,#46,#47,#48,#49,#50,
#51,#52,#53,#54,#55,#56,#57,#58,#59,#60,#61,#62,#63,#64,#65,#66),#5323,
 .F.);
#5502=ADVANCED_FACE('',(#644,#67,#68,#69,#70,#71,#72,#73,#74,#75,#76,#77,
#78,#79,#80),#300,.F.);
#5503=ADVANCED_FACE('',(#645),#301,.F.);
#5504=ADVANCED_FACE('',(#646),#302,.F.);
#5505=ADVANCED_FACE('',(#647),#5324,.F.);
#5506=ADVANCED_FACE('',(#648),#5325,.F.);
#5507=ADVANCED_FACE('',(#649,#81),#5326,.T.);
#5508=ADVANCED_FACE('',(#650),#24,.T.);
#5509=ADVANCED_FACE('',(#651),#303,.T.);
#5510=ADVANCED_FACE('',(#652),#25,.T.);
#5511=ADVANCED_FACE('',(#653),#304,.T.);
#5512=ADVANCED_FACE('',(#654),#26,.T.);
#5513=ADVANCED_FACE('',(#655),#5327,.F.);
#5514=ADVANCED_FACE('',(#656),#5328,.T.);
#5515=ADVANCED_FACE('',(#657),#305,.T.);
#5516=ADVANCED_FACE('',(#658),#5329,.T.);
#5517=ADVANCED_FACE('',(#659),#306,.T.);
#5518=ADVANCED_FACE('',(#660,#82,#83,#84),#5330,.T.);
#5519=ADVANCED_FACE('',(#661),#5331,.F.);
#5520=ADVANCED_FACE('',(#662),#27,.T.);
#5521=ADVANCED_FACE('',(#663),#5332,.T.);
#5522=ADVANCED_FACE('',(#664),#5333,.T.);
#5523=ADVANCED_FACE('',(#665),#5334,.T.);
#5524=ADVANCED_FACE('',(#666),#5335,.T.);
#5525=ADVANCED_FACE('',(#667),#5336,.T.);
#5526=ADVANCED_FACE('',(#668),#5337,.T.);
#5527=ADVANCED_FACE('',(#669),#5338,.F.);
#5528=ADVANCED_FACE('',(#670),#5339,.F.);
#5529=ADVANCED_FACE('',(#671),#307,.F.);
#5530=ADVANCED_FACE('',(#672),#5340,.F.);
#5531=ADVANCED_FACE('',(#673),#308,.F.);
#5532=ADVANCED_FACE('',(#674),#5341,.F.);
#5533=ADVANCED_FACE('',(#675),#5342,.T.);
#5534=ADVANCED_FACE('',(#676),#309,.F.);
#5535=ADVANCED_FACE('',(#677),#310,.F.);
#5536=ADVANCED_FACE('',(#678),#311,.F.);
#5537=ADVANCED_FACE('',(#679),#5343,.T.);
#5538=ADVANCED_FACE('',(#680),#312,.F.);
#5539=ADVANCED_FACE('',(#681),#5344,.T.);
#5540=ADVANCED_FACE('',(#682),#313,.F.);
#5541=ADVANCED_FACE('',(#683),#5345,.T.);
#5542=ADVANCED_FACE('',(#684),#314,.F.);
#5543=ADVANCED_FACE('',(#685),#315,.F.);
#5544=ADVANCED_FACE('',(#686),#316,.F.);
#5545=ADVANCED_FACE('',(#687),#317,.F.);
#5546=ADVANCED_FACE('',(#688),#318,.T.);
#5547=ADVANCED_FACE('',(#689),#5346,.F.);
#5548=ADVANCED_FACE('',(#690),#28,.T.);
#5549=ADVANCED_FACE('',(#691),#319,.T.);
#5550=ADVANCED_FACE('',(#692),#320,.F.);
#5551=ADVANCED_FACE('',(#693),#5347,.F.);
#5552=ADVANCED_FACE('',(#694),#5348,.F.);
#5553=ADVANCED_FACE('',(#695),#5349,.F.);
#5554=ADVANCED_FACE('',(#696),#29,.T.);
#5555=ADVANCED_FACE('',(#697),#321,.T.);
#5556=ADVANCED_FACE('',(#698),#322,.T.);
#5557=ADVANCED_FACE('',(#699),#5350,.F.);
#5558=ADVANCED_FACE('',(#700),#323,.F.);
#5559=ADVANCED_FACE('',(#701),#324,.F.);
#5560=ADVANCED_FACE('',(#702),#325,.F.);
#5561=ADVANCED_FACE('',(#703),#326,.F.);
#5562=ADVANCED_FACE('',(#704),#5351,.T.);
#5563=ADVANCED_FACE('',(#705),#5352,.T.);
#5564=ADVANCED_FACE('',(#706),#5353,.T.);
#5565=ADVANCED_FACE('',(#707),#327,.F.);
#5566=ADVANCED_FACE('',(#708),#5354,.T.);
#5567=ADVANCED_FACE('',(#709),#5355,.T.);
#5568=ADVANCED_FACE('',(#710),#328,.F.);
#5569=ADVANCED_FACE('',(#711),#5356,.T.);
#5570=ADVANCED_FACE('',(#712),#5357,.T.);
#5571=ADVANCED_FACE('',(#713),#5358,.T.);
#5572=ADVANCED_FACE('',(#714),#329,.F.);
#5573=ADVANCED_FACE('',(#715),#330,.F.);
#5574=ADVANCED_FACE('',(#716),#5359,.T.);
#5575=ADVANCED_FACE('',(#717),#331,.F.);
#5576=ADVANCED_FACE('',(#718),#332,.F.);
#5577=ADVANCED_FACE('',(#719),#5360,.T.);
#5578=ADVANCED_FACE('',(#720),#333,.F.);
#5579=ADVANCED_FACE('',(#721),#334,.F.);
#5580=ADVANCED_FACE('',(#722),#5361,.T.);
#5581=ADVANCED_FACE('',(#723),#335,.F.);
#5582=ADVANCED_FACE('',(#724),#5362,.T.);
#5583=ADVANCED_FACE('',(#725),#336,.F.);
#5584=ADVANCED_FACE('',(#726),#337,.F.);
#5585=ADVANCED_FACE('',(#727),#5363,.T.);
#5586=ADVANCED_FACE('',(#728),#338,.F.);
#5587=ADVANCED_FACE('',(#729),#339,.F.);
#5588=ADVANCED_FACE('',(#730),#5364,.T.);
#5589=ADVANCED_FACE('',(#731),#340,.F.);
#5590=ADVANCED_FACE('',(#732),#341,.T.);
#5591=ADVANCED_FACE('',(#733,#85,#86,#87),#5365,.T.);
#5592=ADVANCED_FACE('',(#734),#5366,.T.);
#5593=ADVANCED_FACE('',(#735),#5367,.T.);
#5594=ADVANCED_FACE('',(#736),#342,.F.);
#5595=ADVANCED_FACE('',(#737),#343,.F.);
#5596=ADVANCED_FACE('',(#738),#344,.T.);
#5597=ADVANCED_FACE('',(#739),#30,.T.);
#5598=ADVANCED_FACE('',(#740),#345,.T.);
#5599=ADVANCED_FACE('',(#741),#346,.F.);
#5600=ADVANCED_FACE('',(#742),#5368,.F.);
#5601=ADVANCED_FACE('',(#743),#5369,.F.);
#5602=ADVANCED_FACE('',(#744),#5370,.F.);
#5603=ADVANCED_FACE('',(#745),#347,.F.);
#5604=ADVANCED_FACE('',(#746),#5371,.F.);
#5605=ADVANCED_FACE('',(#747),#5372,.F.);
#5606=ADVANCED_FACE('',(#748),#348,.F.);
#5607=ADVANCED_FACE('',(#749),#5373,.F.);
#5608=ADVANCED_FACE('',(#750),#5374,.F.);
#5609=ADVANCED_FACE('',(#751),#5375,.F.);
#5610=ADVANCED_FACE('',(#752),#349,.F.);
#5611=ADVANCED_FACE('',(#753),#350,.F.);
#5612=ADVANCED_FACE('',(#754),#5376,.F.);
#5613=ADVANCED_FACE('',(#755),#351,.F.);
#5614=ADVANCED_FACE('',(#756),#352,.F.);
#5615=ADVANCED_FACE('',(#757),#5377,.F.);
#5616=ADVANCED_FACE('',(#758),#353,.F.);
#5617=ADVANCED_FACE('',(#759),#354,.F.);
#5618=ADVANCED_FACE('',(#760),#5378,.F.);
#5619=ADVANCED_FACE('',(#761),#355,.F.);
#5620=ADVANCED_FACE('',(#762),#5379,.F.);
#5621=ADVANCED_FACE('',(#763),#356,.F.);
#5622=ADVANCED_FACE('',(#764),#5380,.F.);
#5623=ADVANCED_FACE('',(#765),#357,.F.);
#5624=ADVANCED_FACE('',(#766),#358,.F.);
#5625=ADVANCED_FACE('',(#767),#5381,.F.);
#5626=ADVANCED_FACE('',(#768),#359,.T.);
#5627=ADVANCED_FACE('',(#769),#360,.F.);
#5628=ADVANCED_FACE('',(#770),#361,.T.);
#5629=ADVANCED_FACE('',(#771),#31,.T.);
#5630=ADVANCED_FACE('',(#772,#88,#89,#90),#5382,.F.);
#5631=ADVANCED_FACE('',(#773),#17,.T.);
#5632=ADVANCED_FACE('',(#774),#5383,.T.);
#5633=ADVANCED_FACE('',(#775),#18,.T.);
#5634=ADVANCED_FACE('',(#776),#5384,.T.);
#5635=ADVANCED_FACE('',(#777),#19,.T.);
#5636=ADVANCED_FACE('',(#778),#5385,.T.);
#5637=ADVANCED_FACE('',(#779),#20,.T.);
#5638=ADVANCED_FACE('',(#780),#5386,.T.);
#5639=ADVANCED_FACE('',(#781),#21,.F.);
#5640=ADVANCED_FACE('',(#782),#22,.F.);
#5641=ADVANCED_FACE('',(#783),#23,.F.);
#5642=ADVANCED_FACE('',(#784),#5387,.T.);
#5643=ADVANCED_FACE('',(#785),#5388,.T.);
#5644=ADVANCED_FACE('',(#786),#5389,.F.);
#5645=ADVANCED_FACE('',(#787),#5390,.F.);
#5646=ADVANCED_FACE('',(#788),#5391,.F.);
#5647=ADVANCED_FACE('',(#789),#5392,.F.);
#5648=ADVANCED_FACE('',(#790),#5393,.F.);
#5649=ADVANCED_FACE('',(#791),#5394,.F.);
#5650=ADVANCED_FACE('',(#792),#5395,.F.);
#5651=ADVANCED_FACE('',(#793),#5396,.F.);
#5652=ADVANCED_FACE('',(#794),#5397,.F.);
#5653=ADVANCED_FACE('',(#795),#5398,.F.);
#5654=ADVANCED_FACE('',(#796),#362,.F.);
#5655=ADVANCED_FACE('',(#797),#363,.F.);
#5656=ADVANCED_FACE('',(#798),#364,.F.);
#5657=ADVANCED_FACE('',(#799),#5399,.F.);
#5658=ADVANCED_FACE('',(#800),#365,.F.);
#5659=ADVANCED_FACE('',(#801),#5400,.F.);
#5660=ADVANCED_FACE('',(#802),#366,.F.);
#5661=ADVANCED_FACE('',(#803),#367,.F.);
#5662=ADVANCED_FACE('',(#804),#5401,.F.);
#5663=ADVANCED_FACE('',(#805),#5402,.F.);
#5664=ADVANCED_FACE('',(#806),#5403,.F.);
#5665=ADVANCED_FACE('',(#807),#5404,.F.);
#5666=ADVANCED_FACE('',(#808),#5405,.T.);
#5667=ADVANCED_FACE('',(#809),#368,.T.);
#5668=ADVANCED_FACE('',(#810),#5406,.T.);
#5669=ADVANCED_FACE('',(#811),#369,.T.);
#5670=ADVANCED_FACE('',(#812),#370,.T.);
#5671=ADVANCED_FACE('',(#813),#5407,.T.);
#5672=ADVANCED_FACE('',(#814),#371,.T.);
#5673=ADVANCED_FACE('',(#815),#5408,.T.);
#5674=ADVANCED_FACE('',(#816),#5409,.T.);
#5675=ADVANCED_FACE('',(#817),#372,.T.);
#5676=ADVANCED_FACE('',(#818),#5410,.T.);
#5677=ADVANCED_FACE('',(#819),#373,.T.);
#5678=ADVANCED_FACE('',(#820),#5411,.T.);
#5679=ADVANCED_FACE('',(#821),#374,.T.);
#5680=ADVANCED_FACE('',(#822),#5412,.T.);
#5681=ADVANCED_FACE('',(#823),#375,.T.);
#5682=ADVANCED_FACE('',(#824),#5413,.T.);
#5683=ADVANCED_FACE('',(#825,#91),#5414,.F.);
#5684=ADVANCED_FACE('',(#826),#5415,.T.);
#5685=CLOSED_SHELL('',(#5416,#5417,#5418,#5419,#5420,#5421,#5422,#5423,
#5424,#5425,#5426,#5427,#5428,#5429,#5430,#5431,#5432,#5433,#5434,#5435,
#5436,#5437,#5438,#5439,#5440,#5441,#5442,#5443,#5444,#5445,#5446,#5447,
#5448,#5449,#5450,#5451,#5452,#5453,#5454,#5455,#5456,#5457,#5458,#5459,
#5460,#5461,#5462,#5463,#5464,#5465,#5466,#5467,#5468,#5469,#5470,#5471,
#5472,#5473,#5474,#5475,#5476,#5477,#5478,#5479,#5480,#5481,#5482,#5483,
#5484,#5485,#5486,#5487,#5488,#5489,#5490,#5491,#5492,#5493,#5494,#5495,
#5496,#5497,#5498,#5499,#5500,#5501,#5502,#5503,#5504,#5505,#5506,#5507,
#5508,#5509,#5510,#5511,#5512,#5513,#5514,#5515,#5516,#5517,#5518,#5519,
#5520,#5521,#5522,#5523,#5524,#5525,#5526,#5527,#5528,#5529,#5530,#5531,
#5532,#5533,#5534,#5535,#5536,#5537,#5538,#5539,#5540,#5541,#5542,#5543,
#5544,#5545,#5546,#5547,#5548,#5549,#5550,#5551,#5552,#5553,#5554,#5555,
#5556,#5557,#5558,#5559,#5560,#5561,#5562,#5563,#5564,#5565,#5566,#5567,
#5568,#5569,#5570,#5571,#5572,#5573,#5574,#5575,#5576,#5577,#5578,#5579,
#5580,#5581,#5582,#5583,#5584,#5585,#5586,#5587,#5588,#5589,#5590,#5591,
#5592,#5593,#5594,#5595,#5596,#5597,#5598,#5599,#5600,#5601,#5602,#5603,
#5604,#5605,#5606,#5607,#5608,#5609,#5610,#5611,#5612,#5613,#5614,#5615,
#5616,#5617,#5618,#5619,#5620,#5621,#5622,#5623,#5624,#5625,#5626,#5627,
#5628,#5629,#5630,#5631,#5632,#5633,#5634,#5635,#5636,#5637,#5638,#5639,
#5640,#5641,#5642,#5643,#5644,#5645,#5646,#5647,#5648,#5649,#5650,#5651,
#5652,#5653,#5654,#5655,#5656,#5657,#5658,#5659,#5660,#5661,#5662,#5663,
#5664,#5665));
#5686=CLOSED_SHELL('',(#5666,#5667,#5668,#5669,#5670,#5671,#5672,#5673,
#5674,#5675,#5676,#5677,#5678,#5679,#5680,#5681,#5682,#5683,#5684));
#5687=DERIVED_UNIT_ELEMENT(#5689,1.);
#5688=DERIVED_UNIT_ELEMENT(#11231,-3.);
#5689=(
MASS_UNIT()
NAMED_UNIT(*)
SI_UNIT(.KILO.,.GRAM.)
);
#5690=DERIVED_UNIT((#5687,#5688));
#5691=MEASURE_REPRESENTATION_ITEM('density measure',
POSITIVE_RATIO_MEASURE(1060.),#5690);
#5692=PROPERTY_DEFINITION_REPRESENTATION(#5697,#5694);
#5693=PROPERTY_DEFINITION_REPRESENTATION(#5698,#5695);
#5694=REPRESENTATION('material name',(#5696),#11228);
#5695=REPRESENTATION('density',(#5691),#11228);
#5696=DESCRIPTIVE_REPRESENTATION_ITEM('ABS Plastic','ABS Plastic');
#5697=PROPERTY_DEFINITION('material property','material name',#11238);
#5698=PROPERTY_DEFINITION('material property','density of part',#11238);
#5699=AXIS2_PLACEMENT_3D('',#7779,#6224,#6225);
#5700=AXIS2_PLACEMENT_3D('',#7780,#6226,#6227);
#5701=AXIS2_PLACEMENT_3D('',#7789,#6232,#6233);
#5702=AXIS2_PLACEMENT_3D('',#7798,#6238,#6239);
#5703=AXIS2_PLACEMENT_3D('',#7813,#6248,#6249);
#5704=AXIS2_PLACEMENT_3D('',#7819,#6253,#6254);
#5705=AXIS2_PLACEMENT_3D('',#7821,#6256,#6257);
#5706=AXIS2_PLACEMENT_3D('',#7823,#6259,#6260);
#5707=AXIS2_PLACEMENT_3D('',#7831,#6265,#6266);
#5708=AXIS2_PLACEMENT_3D('',#7849,#6277,#6278);
#5709=AXIS2_PLACEMENT_3D('',#7855,#6282,#6283);
#5710=AXIS2_PLACEMENT_3D('',#7862,#6286,#6287);
#5711=AXIS2_PLACEMENT_3D('',#7864,#6289,#6290);
#5712=AXIS2_PLACEMENT_3D('',#7866,#6291,#6292);
#5713=AXIS2_PLACEMENT_3D('',#7889,#6294,#6295);
#5714=AXIS2_PLACEMENT_3D('',#7893,#6297,#6298);
#5715=AXIS2_PLACEMENT_3D('',#7895,#6300,#6301);
#5716=AXIS2_PLACEMENT_3D('',#7896,#6302,#6303);
#5717=AXIS2_PLACEMENT_3D('',#7918,#6304,#6305);
#5718=AXIS2_PLACEMENT_3D('',#7925,#6308,#6309);
#5719=AXIS2_PLACEMENT_3D('',#7927,#6311,#6312);
#5720=AXIS2_PLACEMENT_3D('',#7929,#6313,#6314);
#5721=AXIS2_PLACEMENT_3D('',#7953,#6316,#6317);
#5722=AXIS2_PLACEMENT_3D('',#7957,#6319,#6320);
#5723=AXIS2_PLACEMENT_3D('',#7959,#6322,#6323);
#5724=AXIS2_PLACEMENT_3D('',#7960,#6324,#6325);
#5725=AXIS2_PLACEMENT_3D('',#7981,#6326,#6327);
#5726=AXIS2_PLACEMENT_3D('',#7984,#6328,#6329);
#5727=AXIS2_PLACEMENT_3D('',#7988,#6331,#6332);
#5728=AXIS2_PLACEMENT_3D('',#7994,#6336,#6337);
#5729=AXIS2_PLACEMENT_3D('',#7996,#6338,#6339);
#5730=AXIS2_PLACEMENT_3D('',#7998,#6340,#6341);
#5731=AXIS2_PLACEMENT_3D('',#8118,#6345,#6346);
#5732=AXIS2_PLACEMENT_3D('',#8120,#6347,#6348);
#5733=AXIS2_PLACEMENT_3D('',#8124,#6351,#6352);
#5734=AXIS2_PLACEMENT_3D('',#8246,#6356,#6357);
#5735=AXIS2_PLACEMENT_3D('',#8248,#6358,#6359);
#5736=AXIS2_PLACEMENT_3D('',#8250,#6360,#6361);
#5737=AXIS2_PLACEMENT_3D('',#8256,#6365,#6366);
#5738=AXIS2_PLACEMENT_3D('',#8258,#6367,#6368);
#5739=AXIS2_PLACEMENT_3D('',#8265,#6372,#6373);
#5740=AXIS2_PLACEMENT_3D('',#8266,#6374,#6375);
#5741=AXIS2_PLACEMENT_3D('',#8267,#6376,#6377);
#5742=AXIS2_PLACEMENT_3D('',#8268,#6378,#6379);
#5743=AXIS2_PLACEMENT_3D('',#8269,#6380,#6381);
#5744=AXIS2_PLACEMENT_3D('',#8272,#6382,#6383);
#5745=AXIS2_PLACEMENT_3D('',#8276,#6385,#6386);
#5746=AXIS2_PLACEMENT_3D('',#8282,#6390,#6391);
#5747=AXIS2_PLACEMENT_3D('',#8284,#6392,#6393);
#5748=AXIS2_PLACEMENT_3D('',#8286,#6394,#6395);
#5749=AXIS2_PLACEMENT_3D('',#8406,#6399,#6400);
#5750=AXIS2_PLACEMENT_3D('',#8408,#6401,#6402);
#5751=AXIS2_PLACEMENT_3D('',#8412,#6405,#6406);
#5752=AXIS2_PLACEMENT_3D('',#8413,#6407,#6408);
#5753=AXIS2_PLACEMENT_3D('',#8416,#6409,#6410);
#5754=AXIS2_PLACEMENT_3D('',#8420,#6412,#6413);
#5755=AXIS2_PLACEMENT_3D('',#8426,#6417,#6418);
#5756=AXIS2_PLACEMENT_3D('',#8428,#6419,#6420);
#5757=AXIS2_PLACEMENT_3D('',#8430,#6421,#6422);
#5758=AXIS2_PLACEMENT_3D('',#8550,#6426,#6427);
#5759=AXIS2_PLACEMENT_3D('',#8552,#6428,#6429);
#5760=AXIS2_PLACEMENT_3D('',#8556,#6432,#6433);
#5761=AXIS2_PLACEMENT_3D('',#8557,#6434,#6435);
#5762=AXIS2_PLACEMENT_3D('',#8560,#6436,#6437);
#5763=AXIS2_PLACEMENT_3D('',#8564,#6439,#6440);
#5764=AXIS2_PLACEMENT_3D('',#8566,#6442,#6443);
#5765=AXIS2_PLACEMENT_3D('',#8573,#6446,#6447);
#5766=AXIS2_PLACEMENT_3D('',#8575,#6449,#6450);
#5767=AXIS2_PLACEMENT_3D('',#8577,#6451,#6452);
#5768=AXIS2_PLACEMENT_3D('',#8601,#6454,#6455);
#5769=AXIS2_PLACEMENT_3D('',#8605,#6457,#6458);
#5770=AXIS2_PLACEMENT_3D('',#8607,#6460,#6461);
#5771=AXIS2_PLACEMENT_3D('',#8608,#6462,#6463);
#5772=AXIS2_PLACEMENT_3D('',#8629,#6464,#6465);
#5773=AXIS2_PLACEMENT_3D('',#8636,#6468,#6469);
#5774=AXIS2_PLACEMENT_3D('',#8638,#6471,#6472);
#5775=AXIS2_PLACEMENT_3D('',#8640,#6473,#6474);
#5776=AXIS2_PLACEMENT_3D('',#8663,#6476,#6477);
#5777=AXIS2_PLACEMENT_3D('',#8667,#6479,#6480);
#5778=AXIS2_PLACEMENT_3D('',#8669,#6482,#6483);
#5779=AXIS2_PLACEMENT_3D('',#8670,#6484,#6485);
#5780=AXIS2_PLACEMENT_3D('',#8692,#6486,#6487);
#5781=AXIS2_PLACEMENT_3D('',#8699,#6490,#6491);
#5782=AXIS2_PLACEMENT_3D('',#8701,#6493,#6494);
#5783=AXIS2_PLACEMENT_3D('',#8703,#6495,#6496);
#5784=AXIS2_PLACEMENT_3D('',#8726,#6498,#6499);
#5785=AXIS2_PLACEMENT_3D('',#8730,#6501,#6502);
#5786=AXIS2_PLACEMENT_3D('',#8732,#6504,#6505);
#5787=AXIS2_PLACEMENT_3D('',#8733,#6506,#6507);
#5788=AXIS2_PLACEMENT_3D('',#8755,#6508,#6509);
#5789=AXIS2_PLACEMENT_3D('',#8762,#6512,#6513);
#5790=AXIS2_PLACEMENT_3D('',#8764,#6515,#6516);
#5791=AXIS2_PLACEMENT_3D('',#8766,#6517,#6518);
#5792=AXIS2_PLACEMENT_3D('',#8790,#6520,#6521);
#5793=AXIS2_PLACEMENT_3D('',#8794,#6523,#6524);
#5794=AXIS2_PLACEMENT_3D('',#8796,#6526,#6527);
#5795=AXIS2_PLACEMENT_3D('',#8797,#6528,#6529);
#5796=AXIS2_PLACEMENT_3D('',#8818,#6530,#6531);
#5797=AXIS2_PLACEMENT_3D('',#8821,#6532,#6533);
#5798=AXIS2_PLACEMENT_3D('',#8825,#6535,#6536);
#5799=AXIS2_PLACEMENT_3D('',#8831,#6540,#6541);
#5800=AXIS2_PLACEMENT_3D('',#8833,#6542,#6543);
#5801=AXIS2_PLACEMENT_3D('',#8835,#6544,#6545);
#5802=AXIS2_PLACEMENT_3D('',#8955,#6549,#6550);
#5803=AXIS2_PLACEMENT_3D('',#8957,#6551,#6552);
#5804=AXIS2_PLACEMENT_3D('',#8961,#6555,#6556);
#5805=AXIS2_PLACEMENT_3D('',#9083,#6560,#6561);
#5806=AXIS2_PLACEMENT_3D('',#9085,#6562,#6563);
#5807=AXIS2_PLACEMENT_3D('',#9087,#6564,#6565);
#5808=AXIS2_PLACEMENT_3D('',#9093,#6569,#6570);
#5809=AXIS2_PLACEMENT_3D('',#9095,#6571,#6572);
#5810=AXIS2_PLACEMENT_3D('',#9102,#6576,#6577);
#5811=AXIS2_PLACEMENT_3D('',#9103,#6578,#6579);
#5812=AXIS2_PLACEMENT_3D('',#9104,#6580,#6581);
#5813=AXIS2_PLACEMENT_3D('',#9105,#6582,#6583);
#5814=AXIS2_PLACEMENT_3D('',#9227,#6587,#6588);
#5815=AXIS2_PLACEMENT_3D('',#9229,#6589,#6590);
#5816=AXIS2_PLACEMENT_3D('',#9231,#6591,#6592);
#5817=AXIS2_PLACEMENT_3D('',#9237,#6596,#6597);
#5818=AXIS2_PLACEMENT_3D('',#9239,#6598,#6599);
#5819=AXIS2_PLACEMENT_3D('',#9246,#6603,#6604);
#5820=AXIS2_PLACEMENT_3D('',#9247,#6605,#6606);
#5821=AXIS2_PLACEMENT_3D('',#9248,#6607,#6608);
#5822=AXIS2_PLACEMENT_3D('',#9249,#6609,#6610);
#5823=AXIS2_PLACEMENT_3D('',#9250,#6611,#6612);
#5824=AXIS2_PLACEMENT_3D('',#9253,#6613,#6614);
#5825=AXIS2_PLACEMENT_3D('',#9257,#6616,#6617);
#5826=AXIS2_PLACEMENT_3D('',#9263,#6621,#6622);
#5827=AXIS2_PLACEMENT_3D('',#9265,#6623,#6624);
#5828=AXIS2_PLACEMENT_3D('',#9267,#6625,#6626);
#5829=AXIS2_PLACEMENT_3D('',#9387,#6630,#6631);
#5830=AXIS2_PLACEMENT_3D('',#9389,#6632,#6633);
#5831=AXIS2_PLACEMENT_3D('',#9393,#6636,#6637);
#5832=AXIS2_PLACEMENT_3D('',#9394,#6638,#6639);
#5833=AXIS2_PLACEMENT_3D('',#9397,#6640,#6641);
#5834=AXIS2_PLACEMENT_3D('',#9401,#6643,#6644);
#5835=AXIS2_PLACEMENT_3D('',#9403,#6646,#6647);
#5836=AXIS2_PLACEMENT_3D('',#9410,#6650,#6651);
#5837=AXIS2_PLACEMENT_3D('',#9412,#6653,#6654);
#5838=AXIS2_PLACEMENT_3D('',#9414,#6655,#6656);
#5839=AXIS2_PLACEMENT_3D('',#9438,#6658,#6659);
#5840=AXIS2_PLACEMENT_3D('',#9442,#6661,#6662);
#5841=AXIS2_PLACEMENT_3D('',#9444,#6664,#6665);
#5842=AXIS2_PLACEMENT_3D('',#9445,#6666,#6667);
#5843=AXIS2_PLACEMENT_3D('',#9466,#6668,#6669);
#5844=AXIS2_PLACEMENT_3D('',#9473,#6672,#6673);
#5845=AXIS2_PLACEMENT_3D('',#9475,#6675,#6676);
#5846=AXIS2_PLACEMENT_3D('',#9477,#6677,#6678);
#5847=AXIS2_PLACEMENT_3D('',#9500,#6680,#6681);
#5848=AXIS2_PLACEMENT_3D('',#9504,#6683,#6684);
#5849=AXIS2_PLACEMENT_3D('',#9506,#6686,#6687);
#5850=AXIS2_PLACEMENT_3D('',#9507,#6688,#6689);
#5851=AXIS2_PLACEMENT_3D('',#9529,#6690,#6691);
#5852=AXIS2_PLACEMENT_3D('',#9540,#6700,#6701);
#5853=AXIS2_PLACEMENT_3D('',#9569,#6702,#6703);
#5854=AXIS2_PLACEMENT_3D('',#9573,#6705,#6706);
#5855=AXIS2_PLACEMENT_3D('',#9602,#6707,#6708);
#5856=AXIS2_PLACEMENT_3D('',#9606,#6710,#6711);
#5857=AXIS2_PLACEMENT_3D('',#9635,#6712,#6713);
#5858=AXIS2_PLACEMENT_3D('',#9639,#6715,#6716);
#5859=AXIS2_PLACEMENT_3D('',#9643,#6718,#6719);
#5860=AXIS2_PLACEMENT_3D('',#9647,#6721,#6722);
#5861=AXIS2_PLACEMENT_3D('',#9676,#6723,#6724);
#5862=AXIS2_PLACEMENT_3D('',#9680,#6726,#6727);
#5863=AXIS2_PLACEMENT_3D('',#9709,#6728,#6729);
#5864=AXIS2_PLACEMENT_3D('',#9713,#6731,#6732);
#5865=AXIS2_PLACEMENT_3D('',#9742,#6733,#6734);
#5866=AXIS2_PLACEMENT_3D('',#9744,#6736,#6737);
#5867=AXIS2_PLACEMENT_3D('',#9748,#6739,#6740);
#5868=AXIS2_PLACEMENT_3D('',#9753,#6743,#6744);
#5869=AXIS2_PLACEMENT_3D('',#9758,#6747,#6748);
#5870=AXIS2_PLACEMENT_3D('',#9767,#6753,#6754);
#5871=AXIS2_PLACEMENT_3D('',#9773,#6757,#6758);
#5872=AXIS2_PLACEMENT_3D('',#9777,#6760,#6761);
#5873=AXIS2_PLACEMENT_3D('',#9781,#6763,#6764);
#5874=AXIS2_PLACEMENT_3D('',#9785,#6766,#6767);
#5875=AXIS2_PLACEMENT_3D('',#9791,#6770,#6771);
#5876=AXIS2_PLACEMENT_3D('',#9800,#6776,#6777);
#5877=AXIS2_PLACEMENT_3D('',#9805,#6780,#6781);
#5878=AXIS2_PLACEMENT_3D('',#9810,#6784,#6785);
#5879=AXIS2_PLACEMENT_3D('',#9816,#6788,#6789);
#5880=AXIS2_PLACEMENT_3D('',#9819,#6791,#6792);
#5881=AXIS2_PLACEMENT_3D('',#9824,#6794,#6795);
#5882=AXIS2_PLACEMENT_3D('',#9827,#6797,#6798);
#5883=AXIS2_PLACEMENT_3D('',#9832,#6800,#6801);
#5884=AXIS2_PLACEMENT_3D('',#9835,#6803,#6804);
#5885=AXIS2_PLACEMENT_3D('',#9840,#6807,#6808);
#5886=AXIS2_PLACEMENT_3D('',#9845,#6811,#6812);
#5887=AXIS2_PLACEMENT_3D('',#9850,#6814,#6815);
#5888=AXIS2_PLACEMENT_3D('',#9853,#6817,#6818);
#5889=AXIS2_PLACEMENT_3D('',#9858,#6820,#6821);
#5890=AXIS2_PLACEMENT_3D('',#9861,#6823,#6824);
#5891=AXIS2_PLACEMENT_3D('',#9866,#6826,#6827);
#5892=AXIS2_PLACEMENT_3D('',#9869,#6829,#6830);
#5893=AXIS2_PLACEMENT_3D('',#9870,#6831,#6832);
#5894=AXIS2_PLACEMENT_3D('',#9883,#6842,#6843);
#5895=AXIS2_PLACEMENT_3D('',#9891,#6847,#6848);
#5896=AXIS2_PLACEMENT_3D('',#9899,#6852,#6853);
#5897=AXIS2_PLACEMENT_3D('',#9915,#6861,#6862);
#5898=AXIS2_PLACEMENT_3D('',#9923,#6866,#6867);
#5899=AXIS2_PLACEMENT_3D('',#9931,#6871,#6872);
#5900=AXIS2_PLACEMENT_3D('',#9936,#6875,#6876);
#5901=AXIS2_PLACEMENT_3D('',#9940,#6878,#6879);
#5902=AXIS2_PLACEMENT_3D('',#9960,#6889,#6890);
#5903=AXIS2_PLACEMENT_3D('',#9963,#6892,#6893);
#5904=AXIS2_PLACEMENT_3D('',#9972,#6898,#6899);
#5905=AXIS2_PLACEMENT_3D('',#9976,#6901,#6902);
#5906=AXIS2_PLACEMENT_3D('',#9982,#6905,#6906);
#5907=AXIS2_PLACEMENT_3D('',#9985,#6908,#6909);
#5908=AXIS2_PLACEMENT_3D('',#9988,#6910,#6911);
#5909=AXIS2_PLACEMENT_3D('',#9992,#6913,#6914);
#5910=AXIS2_PLACEMENT_3D('',#9996,#6916,#6917);
#5911=AXIS2_PLACEMENT_3D('',#10000,#6919,#6920);
#5912=AXIS2_PLACEMENT_3D('',#10006,#6923,#6924);
#5913=AXIS2_PLACEMENT_3D('',#10009,#6926,#6927);
#5914=AXIS2_PLACEMENT_3D('',#10012,#6928,#6929);
#5915=AXIS2_PLACEMENT_3D('',#10016,#6931,#6932);
#5916=AXIS2_PLACEMENT_3D('',#10022,#6935,#6936);
#5917=AXIS2_PLACEMENT_3D('',#10025,#6938,#6939);
#5918=AXIS2_PLACEMENT_3D('',#10028,#6940,#6941);
#5919=AXIS2_PLACEMENT_3D('',#10032,#6943,#6944);
#5920=AXIS2_PLACEMENT_3D('',#10036,#6946,#6947);
#5921=AXIS2_PLACEMENT_3D('',#10040,#6949,#6950);
#5922=AXIS2_PLACEMENT_3D('',#10044,#6952,#6953);
#5923=AXIS2_PLACEMENT_3D('',#10048,#6955,#6956);
#5924=AXIS2_PLACEMENT_3D('',#10054,#6959,#6960);
#5925=AXIS2_PLACEMENT_3D('',#10057,#6962,#6963);
#5926=AXIS2_PLACEMENT_3D('',#10060,#6964,#6965);
#5927=AXIS2_PLACEMENT_3D('',#10064,#6967,#6968);
#5928=AXIS2_PLACEMENT_3D('',#10068,#6970,#6971);
#5929=AXIS2_PLACEMENT_3D('',#10072,#6973,#6974);
#5930=AXIS2_PLACEMENT_3D('',#10076,#6976,#6977);
#5931=AXIS2_PLACEMENT_3D('',#10080,#6979,#6980);
#5932=AXIS2_PLACEMENT_3D('',#10085,#6983,#6984);
#5933=AXIS2_PLACEMENT_3D('',#10090,#6987,#6988);
#5934=AXIS2_PLACEMENT_3D('',#10092,#6990,#6991);
#5935=AXIS2_PLACEMENT_3D('',#10105,#6993,#6994);
#5936=AXIS2_PLACEMENT_3D('',#10129,#6995,#6996);
#5937=AXIS2_PLACEMENT_3D('',#10131,#6997,#6998);
#5938=AXIS2_PLACEMENT_3D('',#10134,#7000,#7001);
#5939=AXIS2_PLACEMENT_3D('',#10136,#7002,#7003);
#5940=AXIS2_PLACEMENT_3D('',#10160,#7004,#7005);
#5941=AXIS2_PLACEMENT_3D('',#10171,#7006,#7007);
#5942=AXIS2_PLACEMENT_3D('',#10199,#7008,#7009);
#5943=AXIS2_PLACEMENT_3D('',#10224,#7010,#7011);
#5944=AXIS2_PLACEMENT_3D('',#10252,#7012,#7013);
#5945=AXIS2_PLACEMENT_3D('',#10277,#7014,#7015);
#5946=AXIS2_PLACEMENT_3D('',#10300,#7016,#7017);
#5947=AXIS2_PLACEMENT_3D('',#10325,#7018,#7019);
#5948=AXIS2_PLACEMENT_3D('',#10348,#7020,#7021);
#5949=AXIS2_PLACEMENT_3D('',#10373,#7022,#7023);
#5950=AXIS2_PLACEMENT_3D('',#10401,#7024,#7025);
#5951=AXIS2_PLACEMENT_3D('',#10426,#7026,#7027);
#5952=AXIS2_PLACEMENT_3D('',#10450,#7028,#7029);
#5953=AXIS2_PLACEMENT_3D('',#10473,#7030,#7031);
#5954=AXIS2_PLACEMENT_3D('',#10477,#7033,#7034);
#5955=AXIS2_PLACEMENT_3D('',#10479,#7036,#7037);
#5956=AXIS2_PLACEMENT_3D('',#10483,#7039,#7040);
#5957=AXIS2_PLACEMENT_3D('',#10485,#7042,#7043);
#5958=AXIS2_PLACEMENT_3D('',#10487,#7045,#7046);
#5959=AXIS2_PLACEMENT_3D('',#10491,#7049,#7050);
#5960=AXIS2_PLACEMENT_3D('',#10495,#7052,#7053);
#5961=AXIS2_PLACEMENT_3D('',#10498,#7055,#7056);
#5962=AXIS2_PLACEMENT_3D('',#10502,#7058,#7059);
#5963=AXIS2_PLACEMENT_3D('',#10504,#7060,#7061);
#5964=AXIS2_PLACEMENT_3D('',#10508,#7063,#7064);
#5965=AXIS2_PLACEMENT_3D('',#10511,#7066,#7067);
#5966=AXIS2_PLACEMENT_3D('',#10512,#7068,#7069);
#5967=AXIS2_PLACEMENT_3D('',#10514,#7070,#7071);
#5968=AXIS2_PLACEMENT_3D('',#10516,#7072,#7073);
#5969=AXIS2_PLACEMENT_3D('',#10518,#7074,#7075);
#5970=AXIS2_PLACEMENT_3D('',#10519,#7076,#7077);
#5971=AXIS2_PLACEMENT_3D('',#10520,#7078,#7079);
#5972=AXIS2_PLACEMENT_3D('',#10522,#7080,#7081);
#5973=AXIS2_PLACEMENT_3D('',#10524,#7083,#7084);
#5974=AXIS2_PLACEMENT_3D('',#10526,#7085,#7086);
#5975=AXIS2_PLACEMENT_3D('',#10528,#7087,#7088);
#5976=AXIS2_PLACEMENT_3D('',#10529,#7089,#7090);
#5977=AXIS2_PLACEMENT_3D('',#10530,#7091,#7092);
#5978=AXIS2_PLACEMENT_3D('',#10533,#7093,#7094);
#5979=AXIS2_PLACEMENT_3D('',#10536,#7097,#7098);
#5980=AXIS2_PLACEMENT_3D('',#10539,#7099,#7100);
#5981=AXIS2_PLACEMENT_3D('',#10540,#7101,#7102);
#5982=AXIS2_PLACEMENT_3D('',#10541,#7103,#7104);
#5983=AXIS2_PLACEMENT_3D('',#10542,#7105,#7106);
#5984=AXIS2_PLACEMENT_3D('',#10547,#7109,#7110);
#5985=AXIS2_PLACEMENT_3D('',#10550,#7112,#7113);
#5986=AXIS2_PLACEMENT_3D('',#10559,#7118,#7119);
#5987=AXIS2_PLACEMENT_3D('',#10560,#7120,#7121);
#5988=AXIS2_PLACEMENT_3D('',#10562,#7122,#7123);
#5989=AXIS2_PLACEMENT_3D('',#10563,#7124,#7125);
#5990=AXIS2_PLACEMENT_3D('',#10566,#7127,#7128);
#5991=AXIS2_PLACEMENT_3D('',#10567,#7129,#7130);
#5992=AXIS2_PLACEMENT_3D('',#10569,#7131,#7132);
#5993=AXIS2_PLACEMENT_3D('',#10570,#7133,#7134);
#5994=AXIS2_PLACEMENT_3D('',#10573,#7136,#7137);
#5995=AXIS2_PLACEMENT_3D('',#10574,#7138,#7139);
#5996=AXIS2_PLACEMENT_3D('',#10578,#7141,#7142);
#5997=AXIS2_PLACEMENT_3D('',#10581,#7144,#7145);
#5998=AXIS2_PLACEMENT_3D('',#10583,#7146,#7147);
#5999=AXIS2_PLACEMENT_3D('',#10584,#7148,#7149);
#6000=AXIS2_PLACEMENT_3D('',#10587,#7152,#7153);
#6001=AXIS2_PLACEMENT_3D('',#10590,#7154,#7155);
#6002=AXIS2_PLACEMENT_3D('',#10591,#7156,#7157);
#6003=AXIS2_PLACEMENT_3D('',#10592,#7158,#7159);
#6004=AXIS2_PLACEMENT_3D('',#10593,#7160,#7161);
#6005=AXIS2_PLACEMENT_3D('',#10595,#7162,#7163);
#6006=AXIS2_PLACEMENT_3D('',#10602,#7167,#7168);
#6007=AXIS2_PLACEMENT_3D('',#10605,#7170,#7171);
#6008=AXIS2_PLACEMENT_3D('',#10607,#7173,#7174);
#6009=AXIS2_PLACEMENT_3D('',#10610,#7177,#7178);
#6010=AXIS2_PLACEMENT_3D('',#10613,#7181,#7182);
#6011=AXIS2_PLACEMENT_3D('',#10616,#7185,#7186);
#6012=AXIS2_PLACEMENT_3D('',#10619,#7189,#7190);
#6013=AXIS2_PLACEMENT_3D('',#10622,#7193,#7194);
#6014=AXIS2_PLACEMENT_3D('',#10625,#7197,#7198);
#6015=AXIS2_PLACEMENT_3D('',#10628,#7201,#7202);
#6016=AXIS2_PLACEMENT_3D('',#10631,#7205,#7206);
#6017=AXIS2_PLACEMENT_3D('',#10633,#7208,#7209);
#6018=AXIS2_PLACEMENT_3D('',#10635,#7211,#7212);
#6019=AXIS2_PLACEMENT_3D('',#10638,#7215,#7216);
#6020=AXIS2_PLACEMENT_3D('',#10641,#7219,#7220);
#6021=AXIS2_PLACEMENT_3D('',#10672,#7223,#7224);
#6022=AXIS2_PLACEMENT_3D('',#10673,#7225,#7226);
#6023=AXIS2_PLACEMENT_3D('',#10674,#7227,#7228);
#6024=AXIS2_PLACEMENT_3D('',#10677,#7231,#7232);
#6025=AXIS2_PLACEMENT_3D('',#10678,#7233,#7234);
#6026=AXIS2_PLACEMENT_3D('',#10681,#7237,#7238);
#6027=AXIS2_PLACEMENT_3D('',#10682,#7239,#7240);
#6028=AXIS2_PLACEMENT_3D('',#10685,#7243,#7244);
#6029=AXIS2_PLACEMENT_3D('',#10686,#7245,#7246);
#6030=AXIS2_PLACEMENT_3D('',#10688,#7248,#7249);
#6031=AXIS2_PLACEMENT_3D('',#10690,#7251,#7252);
#6032=AXIS2_PLACEMENT_3D('',#10692,#7254,#7255);
#6033=AXIS2_PLACEMENT_3D('',#10694,#7256,#7257);
#6034=AXIS2_PLACEMENT_3D('',#10696,#7259,#7260);
#6035=AXIS2_PLACEMENT_3D('',#10697,#7261,#7262);
#6036=AXIS2_PLACEMENT_3D('',#10699,#7263,#7264);
#6037=AXIS2_PLACEMENT_3D('',#10700,#7265,#7266);
#6038=AXIS2_PLACEMENT_3D('',#10701,#7267,#7268);
#6039=AXIS2_PLACEMENT_3D('',#10703,#7270,#7271);
#6040=AXIS2_PLACEMENT_3D('',#10705,#7273,#7274);
#6041=AXIS2_PLACEMENT_3D('',#10706,#7275,#7276);
#6042=AXIS2_PLACEMENT_3D('',#10707,#7277,#7278);
#6043=AXIS2_PLACEMENT_3D('',#10708,#7279,#7280);
#6044=AXIS2_PLACEMENT_3D('',#10710,#7281,#7282);
#6045=AXIS2_PLACEMENT_3D('',#10711,#7283,#7284);
#6046=AXIS2_PLACEMENT_3D('',#10712,#7285,#7286);
#6047=AXIS2_PLACEMENT_3D('',#10714,#7288,#7289);
#6048=AXIS2_PLACEMENT_3D('',#10716,#7291,#7292);
#6049=AXIS2_PLACEMENT_3D('',#10717,#7293,#7294);
#6050=AXIS2_PLACEMENT_3D('',#10718,#7295,#7296);
#6051=AXIS2_PLACEMENT_3D('',#10719,#7297,#7298);
#6052=AXIS2_PLACEMENT_3D('',#10720,#7299,#7300);
#6053=AXIS2_PLACEMENT_3D('',#10749,#7303,#7304);
#6054=AXIS2_PLACEMENT_3D('',#10750,#7305,#7306);
#6055=AXIS2_PLACEMENT_3D('',#10752,#7308,#7309);
#6056=AXIS2_PLACEMENT_3D('',#10755,#7312,#7313);
#6057=AXIS2_PLACEMENT_3D('',#10758,#7316,#7317);
#6058=AXIS2_PLACEMENT_3D('',#10760,#7319,#7320);
#6059=AXIS2_PLACEMENT_3D('',#10761,#7321,#7322);
#6060=AXIS2_PLACEMENT_3D('',#10762,#7323,#7324);
#6061=AXIS2_PLACEMENT_3D('',#10765,#7326,#7327);
#6062=AXIS2_PLACEMENT_3D('',#10767,#7329,#7330);
#6063=AXIS2_PLACEMENT_3D('',#10796,#7333,#7334);
#6064=AXIS2_PLACEMENT_3D('',#10797,#7335,#7336);
#6065=AXIS2_PLACEMENT_3D('',#10799,#7338,#7339);
#6066=AXIS2_PLACEMENT_3D('',#10802,#7342,#7343);
#6067=AXIS2_PLACEMENT_3D('',#10804,#7345,#7346);
#6068=AXIS2_PLACEMENT_3D('',#10805,#7347,#7348);
#6069=AXIS2_PLACEMENT_3D('',#10807,#7350,#7351);
#6070=AXIS2_PLACEMENT_3D('',#10808,#7352,#7353);
#6071=AXIS2_PLACEMENT_3D('',#10810,#7355,#7356);
#6072=AXIS2_PLACEMENT_3D('',#10812,#7358,#7359);
#6073=AXIS2_PLACEMENT_3D('',#10813,#7360,#7361);
#6074=AXIS2_PLACEMENT_3D('',#10815,#7363,#7364);
#6075=AXIS2_PLACEMENT_3D('',#10817,#7366,#7367);
#6076=AXIS2_PLACEMENT_3D('',#10818,#7368,#7369);
#6077=AXIS2_PLACEMENT_3D('',#10819,#7370,#7371);
#6078=AXIS2_PLACEMENT_3D('',#10821,#7373,#7374);
#6079=AXIS2_PLACEMENT_3D('',#10823,#7376,#7377);
#6080=AXIS2_PLACEMENT_3D('',#10824,#7378,#7379);
#6081=AXIS2_PLACEMENT_3D('',#10851,#7381,#7382);
#6082=AXIS2_PLACEMENT_3D('',#10852,#7383,#7384);
#6083=AXIS2_PLACEMENT_3D('',#10854,#7386,#7387);
#6084=AXIS2_PLACEMENT_3D('',#10855,#7388,#7389);
#6085=AXIS2_PLACEMENT_3D('',#10857,#7391,#7392);
#6086=AXIS2_PLACEMENT_3D('',#10858,#7393,#7394);
#6087=AXIS2_PLACEMENT_3D('',#10861,#7396,#7397);
#6088=AXIS2_PLACEMENT_3D('',#10889,#7398,#7399);
#6089=AXIS2_PLACEMENT_3D('',#10891,#7400,#7401);
#6090=AXIS2_PLACEMENT_3D('',#10919,#7402,#7403);
#6091=AXIS2_PLACEMENT_3D('',#10920,#7404,#7405);
#6092=AXIS2_PLACEMENT_3D('',#10921,#7406,#7407);
#6093=AXIS2_PLACEMENT_3D('',#10922,#7408,#7409);
#6094=AXIS2_PLACEMENT_3D('',#10924,#7410,#7411);
#6095=AXIS2_PLACEMENT_3D('',#10927,#7413,#7414);
#6096=AXIS2_PLACEMENT_3D('',#10928,#7415,#7416);
#6097=AXIS2_PLACEMENT_3D('',#10931,#7418,#7419);
#6098=AXIS2_PLACEMENT_3D('',#10933,#7420,#7421);
#6099=AXIS2_PLACEMENT_3D('',#10935,#7422,#7423);
#6100=AXIS2_PLACEMENT_3D('',#10937,#7424,#7425);
#6101=AXIS2_PLACEMENT_3D('',#10938,#7426,#7427);
#6102=AXIS2_PLACEMENT_3D('',#10942,#7430,#7431);
#6103=AXIS2_PLACEMENT_3D('',#10946,#7434,#7435);
#6104=AXIS2_PLACEMENT_3D('',#10949,#7437,#7438);
#6105=AXIS2_PLACEMENT_3D('',#10950,#7439,#7440);
#6106=AXIS2_PLACEMENT_3D('',#10953,#7442,#7443);
#6107=AXIS2_PLACEMENT_3D('',#10954,#7444,#7445);
#6108=AXIS2_PLACEMENT_3D('',#10955,#7446,#7447);
#6109=AXIS2_PLACEMENT_3D('',#10956,#7448,#7449);
#6110=AXIS2_PLACEMENT_3D('',#10957,#7450,#7451);
#6111=AXIS2_PLACEMENT_3D('',#10958,#7452,#7453);
#6112=AXIS2_PLACEMENT_3D('',#10959,#7454,#7455);
#6113=AXIS2_PLACEMENT_3D('',#10962,#7458,#7459);
#6114=AXIS2_PLACEMENT_3D('',#10964,#7461,#7462);
#6115=AXIS2_PLACEMENT_3D('',#10967,#7465,#7466);
#6116=AXIS2_PLACEMENT_3D('',#10970,#7469,#7470);
#6117=AXIS2_PLACEMENT_3D('',#10972,#7472,#7473);
#6118=AXIS2_PLACEMENT_3D('',#10973,#7474,#7475);
#6119=AXIS2_PLACEMENT_3D('',#10975,#7477,#7478);
#6120=AXIS2_PLACEMENT_3D('',#10978,#7481,#7482);
#6121=AXIS2_PLACEMENT_3D('',#10980,#7484,#7485);
#6122=AXIS2_PLACEMENT_3D('',#10983,#7488,#7489);
#6123=AXIS2_PLACEMENT_3D('',#10985,#7491,#7492);
#6124=AXIS2_PLACEMENT_3D('',#10986,#7493,#7494);
#6125=AXIS2_PLACEMENT_3D('',#10988,#7496,#7497);
#6126=AXIS2_PLACEMENT_3D('',#10989,#7498,#7499);
#6127=AXIS2_PLACEMENT_3D('',#10991,#7501,#7502);
#6128=AXIS2_PLACEMENT_3D('',#10993,#7504,#7505);
#6129=AXIS2_PLACEMENT_3D('',#10994,#7506,#7507);
#6130=AXIS2_PLACEMENT_3D('',#10996,#7509,#7510);
#6131=AXIS2_PLACEMENT_3D('',#10998,#7512,#7513);
#6132=AXIS2_PLACEMENT_3D('',#10999,#7514,#7515);
#6133=AXIS2_PLACEMENT_3D('',#11001,#7517,#7518);
#6134=AXIS2_PLACEMENT_3D('',#11003,#7520,#7521);
#6135=AXIS2_PLACEMENT_3D('',#11004,#7522,#7523);
#6136=AXIS2_PLACEMENT_3D('',#11006,#7525,#7526);
#6137=AXIS2_PLACEMENT_3D('',#11007,#7527,#7528);
#6138=AXIS2_PLACEMENT_3D('',#11009,#7530,#7531);
#6139=AXIS2_PLACEMENT_3D('',#11010,#7532,#7533);
#6140=AXIS2_PLACEMENT_3D('',#11011,#7534,#7535);
#6141=AXIS2_PLACEMENT_3D('',#11012,#7536,#7537);
#6142=AXIS2_PLACEMENT_3D('',#11015,#7539,#7540);
#6143=AXIS2_PLACEMENT_3D('',#11016,#7541,#7542);
#6144=AXIS2_PLACEMENT_3D('',#11017,#7543,#7544);
#6145=AXIS2_PLACEMENT_3D('',#11018,#7545,#7546);
#6146=AXIS2_PLACEMENT_3D('',#11019,#7547,#7548);
#6147=AXIS2_PLACEMENT_3D('',#11024,#7550,#7551);
#6148=AXIS2_PLACEMENT_3D('',#11028,#7553,#7554);
#6149=AXIS2_PLACEMENT_3D('',#11032,#7556,#7557);
#6150=AXIS2_PLACEMENT_3D('',#11035,#7559,#7560);
#6151=AXIS2_PLACEMENT_3D('',#11037,#7561,#7562);
#6152=AXIS2_PLACEMENT_3D('',#11039,#7563,#7564);
#6153=AXIS2_PLACEMENT_3D('',#11041,#7565,#7566);
#6154=AXIS2_PLACEMENT_3D('',#11042,#7567,#7568);
#6155=AXIS2_PLACEMENT_3D('',#11045,#7571,#7572);
#6156=AXIS2_PLACEMENT_3D('',#11047,#7574,#7575);
#6157=AXIS2_PLACEMENT_3D('',#11049,#7577,#7578);
#6158=AXIS2_PLACEMENT_3D('',#11051,#7580,#7581);
#6159=AXIS2_PLACEMENT_3D('',#11053,#7583,#7584);
#6160=AXIS2_PLACEMENT_3D('',#11055,#7586,#7587);
#6161=AXIS2_PLACEMENT_3D('',#11057,#7589,#7590);
#6162=AXIS2_PLACEMENT_3D('',#11058,#7591,#7592);
#6163=AXIS2_PLACEMENT_3D('',#11060,#7594,#7595);
#6164=AXIS2_PLACEMENT_3D('',#11062,#7597,#7598);
#6165=AXIS2_PLACEMENT_3D('',#11064,#7600,#7601);
#6166=AXIS2_PLACEMENT_3D('',#11067,#7604,#7605);
#6167=AXIS2_PLACEMENT_3D('',#11080,#7614,#7615);
#6168=AXIS2_PLACEMENT_3D('',#11086,#7619,#7620);
#6169=AXIS2_PLACEMENT_3D('',#11089,#7623,#7624);
#6170=AXIS2_PLACEMENT_3D('',#11090,#7625,#7626);
#6171=AXIS2_PLACEMENT_3D('',#11091,#7627,#7628);
#6172=AXIS2_PLACEMENT_3D('',#11095,#7631,#7632);
#6173=AXIS2_PLACEMENT_3D('',#11101,#7636,#7637);
#6174=AXIS2_PLACEMENT_3D('',#11103,#7639,#7640);
#6175=AXIS2_PLACEMENT_3D('',#11105,#7642,#7643);
#6176=AXIS2_PLACEMENT_3D('',#11106,#7644,#7645);
#6177=AXIS2_PLACEMENT_3D('',#11110,#7648,#7649);
#6178=AXIS2_PLACEMENT_3D('',#11111,#7650,#7651);
#6179=AXIS2_PLACEMENT_3D('',#11112,#7652,#7653);
#6180=AXIS2_PLACEMENT_3D('',#11115,#7656,#7657);
#6181=AXIS2_PLACEMENT_3D('',#11117,#7659,#7660);
#6182=AXIS2_PLACEMENT_3D('',#11118,#7661,#7662);
#6183=AXIS2_PLACEMENT_3D('',#11119,#7663,#7664);
#6184=AXIS2_PLACEMENT_3D('',#11120,#7665,#7666);
#6185=AXIS2_PLACEMENT_3D('',#11121,#7667,#7668);
#6186=AXIS2_PLACEMENT_3D('',#11123,#7670,#7671);
#6187=AXIS2_PLACEMENT_3D('',#11124,#7672,#7673);
#6188=AXIS2_PLACEMENT_3D('',#11126,#7675,#7676);
#6189=AXIS2_PLACEMENT_3D('',#11127,#7677,#7678);
#6190=AXIS2_PLACEMENT_3D('',#11136,#7683,#7684);
#6191=AXIS2_PLACEMENT_3D('',#11138,#7685,#7686);
#6192=AXIS2_PLACEMENT_3D('',#11141,#7688,#7689);
#6193=AXIS2_PLACEMENT_3D('',#11142,#7690,#7691);
#6194=AXIS2_PLACEMENT_3D('',#11148,#7695,#7696);
#6195=AXIS2_PLACEMENT_3D('',#11150,#7697,#7698);
#6196=AXIS2_PLACEMENT_3D('',#11153,#7700,#7701);
#6197=AXIS2_PLACEMENT_3D('',#11154,#7702,#7703);
#6198=AXIS2_PLACEMENT_3D('',#11156,#7704,#7705);
#6199=AXIS2_PLACEMENT_3D('',#11158,#7706,#7707);
#6200=AXIS2_PLACEMENT_3D('',#11160,#7709,#7710);
#6201=AXIS2_PLACEMENT_3D('',#11166,#7714,#7715);
#6202=AXIS2_PLACEMENT_3D('',#11168,#7716,#7717);
#6203=AXIS2_PLACEMENT_3D('',#11170,#7718,#7719);
#6204=AXIS2_PLACEMENT_3D('',#11172,#7721,#7722);
#6205=AXIS2_PLACEMENT_3D('',#11175,#7725,#7726);
#6206=AXIS2_PLACEMENT_3D('',#11176,#7727,#7728);
#6207=AXIS2_PLACEMENT_3D('',#11179,#7729,#7730);
#6208=AXIS2_PLACEMENT_3D('',#11183,#7732,#7733);
#6209=AXIS2_PLACEMENT_3D('',#11185,#7735,#7736);
#6210=AXIS2_PLACEMENT_3D('',#11191,#7740,#7741);
#6211=AXIS2_PLACEMENT_3D('',#11193,#7742,#7743);
#6212=AXIS2_PLACEMENT_3D('',#11196,#7745,#7746);
#6213=AXIS2_PLACEMENT_3D('',#11197,#7747,#7748);
#6214=AXIS2_PLACEMENT_3D('',#11203,#7752,#7753);
#6215=AXIS2_PLACEMENT_3D('',#11205,#7754,#7755);
#6216=AXIS2_PLACEMENT_3D('',#11208,#7757,#7758);
#6217=AXIS2_PLACEMENT_3D('',#11209,#7759,#7760);
#6218=AXIS2_PLACEMENT_3D('',#11215,#7764,#7765);
#6219=AXIS2_PLACEMENT_3D('',#11217,#7766,#7767);
#6220=AXIS2_PLACEMENT_3D('',#11220,#7769,#7770);
#6221=AXIS2_PLACEMENT_3D('',#11221,#7771,#7772);
#6222=AXIS2_PLACEMENT_3D('',#11224,#7775,#7776);
#6223=AXIS2_PLACEMENT_3D('',#11225,#7777,#7778);
#6224=DIRECTION('axis',(0.,0.,1.));
#6225=DIRECTION('refdir',(1.,0.,0.));
#6226=DIRECTION('center_axis',(-3.79718638005748E-15,0.,1.));
#6227=DIRECTION('ref_axis',(-1.,0.,-3.79718638005748E-15));
#6228=DIRECTION('',(-1.,0.,-3.79718638005748E-15));
#6229=DIRECTION('',(0.,-1.,0.));
#6230=DIRECTION('',(1.,0.,3.79718638005748E-15));
#6231=DIRECTION('',(0.,-1.,0.));
#6232=DIRECTION('center_axis',(-3.79718638005748E-15,0.,1.));
#6233=DIRECTION('ref_axis',(-1.,0.,-3.79718638005748E-15));
#6234=DIRECTION('',(1.,0.,3.79718638005748E-15));
#6235=DIRECTION('',(0.,-1.,0.));
#6236=DIRECTION('',(-1.,0.,-3.79718638005748E-15));
#6237=DIRECTION('',(0.,-1.,0.));
#6238=DIRECTION('center_axis',(0.984807753012207,0.,0.173648177666935));
#6239=DIRECTION('ref_axis',(-0.173648177666935,0.,0.984807753012207));
#6240=DIRECTION('',(0.173648177666935,0.,-0.984807753012207));
#6241=DIRECTION('',(-0.173648177666935,0.,0.984807753012207));
#6242=DIRECTION('',(-0.173648177666935,0.,0.984807753012207));
#6243=DIRECTION('',(0.,-1.,0.));
#6244=DIRECTION('',(-0.173648177666935,0.,0.984807753012207));
#6245=DIRECTION('',(0.173648177666935,0.,-0.984807753012207));
#6246=DIRECTION('',(-0.173648177666935,0.,0.984807753012207));
#6247=DIRECTION('',(-4.28075808200993E-33,1.,2.42773854846838E-32));
#6248=DIRECTION('center_axis',(0.,0.,-1.));
#6249=DIRECTION('ref_axis',(1.,0.,0.));
#6250=DIRECTION('',(1.,0.,0.));
#6251=DIRECTION('',(1.,0.,0.));
#6252=DIRECTION('',(-2.3754383593752E-16,-1.,-4.18853873767699E-17));
#6253=DIRECTION('center_axis',(0.,-1.,0.));
#6254=DIRECTION('ref_axis',(0.,0.,-1.));
#6255=DIRECTION('',(-0.984807753012208,0.,-0.173648177666928));
#6256=DIRECTION('center_axis',(0.,-1.,0.));
#6257=DIRECTION('ref_axis',(1.,0.,0.));
#6258=DIRECTION('',(-0.984807753012208,0.,-0.173648177666932));
#6259=DIRECTION('center_axis',(0.,-1.,0.));
#6260=DIRECTION('ref_axis',(-0.17364817766693,0.,0.984807753012208));
#6261=DIRECTION('',(0.17364817766693,0.,-0.984807753012208));
#6262=DIRECTION('',(-0.984807753012208,0.,-0.173648177666928));
#6263=DIRECTION('',(-0.17364817766693,0.,0.984807753012208));
#6264=DIRECTION('',(-0.984807753012208,0.,-0.173648177666928));
#6265=DIRECTION('center_axis',(0.17364817766693,2.46519032881566E-32,-0.984807753012208));
#6266=DIRECTION('ref_axis',(-1.43730945514805E-16,-1.,-2.53436436569984E-17));
#6267=DIRECTION('',(-0.984807753012208,0.,-0.173648177666932));
#6268=DIRECTION('',(1.43730945514805E-16,1.,2.53436436569984E-17));
#6269=DIRECTION('',(-0.984807753012208,0.,-0.173648177666932));
#6270=DIRECTION('',(-2.3754383593752E-16,-1.,-4.18853873767699E-17));
#6271=DIRECTION('',(-0.984807753012208,0.,-0.17364817766693));
#6272=DIRECTION('',(1.43730945514805E-16,1.,2.53436436569984E-17));
#6273=DIRECTION('',(-0.984807753012208,0.,-0.17364817766693));
#6274=DIRECTION('',(-2.3754383593752E-16,-1.,-4.18853873767699E-17));
#6275=DIRECTION('',(1.43730945514805E-16,1.,2.53436436569984E-17));
#6276=DIRECTION('',(-0.984807753012208,0.,-0.173648177666928));
#6277=DIRECTION('center_axis',(0.,-1.,0.));
#6278=DIRECTION('ref_axis',(-0.17364817766693,0.,0.984807753012208));
#6279=DIRECTION('',(0.17364817766693,0.,-0.984807753012208));
#6280=DIRECTION('',(-0.984807753012208,0.,-0.173648177666932));
#6281=DIRECTION('',(-0.17364817766693,0.,0.984807753012208));
#6282=DIRECTION('center_axis',(0.,-0.939692620747611,0.342020143430891));
#6283=DIRECTION('ref_axis',(0.,-0.342020143430891,-0.939692620747611));
#6284=DIRECTION('',(0.163464460882367,-0.337419706860698,-0.927053025155777));
#6285=DIRECTION('',(1.,0.,0.));
#6286=DIRECTION('center_axis',(0.,0.939692620747611,-0.342020143430891));
#6287=DIRECTION('ref_axis',(1.65695566810927E-15,0.342020143430891,0.939692620747611));
#6288=DIRECTION('',(1.,0.,0.));
#6289=DIRECTION('center_axis',(1.,0.,0.));
#6290=DIRECTION('ref_axis',(0.,-0.939692620747611,0.34202014343089));
#6291=DIRECTION('center_axis',(0.984807753012208,-2.4120833250038E-16,0.17364817766693));
#6292=DIRECTION('ref_axis',(-0.17364817766693,-9.11130201868133E-16,0.984807753012208));
#6293=DIRECTION('',(1.,0.,0.));
#6294=DIRECTION('center_axis',(0.,0.939692620743934,-0.342020143440994));
#6295=DIRECTION('ref_axis',(0.,0.342020143440994,0.939692620743934));
#6296=DIRECTION('',(-0.163464460881744,0.3374197068707,0.927053025152246));
#6297=DIRECTION('center_axis',(0.,-0.939692620743934,0.342020143440994));
#6298=DIRECTION('ref_axis',(1.53421821120628E-15,0.342020143440994,0.939692620743934));
#6299=DIRECTION('',(1.,0.,0.));
#6300=DIRECTION('center_axis',(1.,0.,0.));
#6301=DIRECTION('ref_axis',(0.,0.939692620743931,-0.342020143441001));
#6302=DIRECTION('center_axis',(0.984807753012208,-2.4120833250038E-16,0.17364817766693));
#6303=DIRECTION('ref_axis',(0.17364817766693,7.28904161482348E-17,-0.984807753012208));
#6304=DIRECTION('center_axis',(0.,0.939692620760198,0.342020143396308));
#6305=DIRECTION('ref_axis',(0.,-0.342020143396308,0.939692620760198));
#6306=DIRECTION('',(-0.163464460884498,-0.33741970682646,0.927053025167863));
#6307=DIRECTION('',(1.,0.,0.));
#6308=DIRECTION('center_axis',(0.,-0.939692620760198,-0.342020143396308));
#6309=DIRECTION('ref_axis',(-1.41148075433421E-15,-0.342020143396308,0.939692620760198));
#6310=DIRECTION('',(1.,0.,0.));
#6311=DIRECTION('center_axis',(1.,0.,0.));
#6312=DIRECTION('ref_axis',(0.,0.939692620753969,0.342020143413422));
#6313=DIRECTION('center_axis',(0.984807753012208,-2.4120833250038E-16,0.17364817766693));
#6314=DIRECTION('ref_axis',(-0.17364817766693,-1.02046582612633E-15,0.984807753012208));
#6315=DIRECTION('',(1.,0.,0.));
#6316=DIRECTION('center_axis',(0.,-0.939692620759246,-0.342020143398922));
#6317=DIRECTION('ref_axis',(0.,0.342020143398922,-0.939692620759246));
#6318=DIRECTION('',(0.163464460884337,0.337419706829048,-0.927053025166949));
#6319=DIRECTION('center_axis',(0.,0.939692620759246,0.342020143398922));
#6320=DIRECTION('ref_axis',(-1.65695566812978E-15,-0.342020143398923,0.939692620759246));
#6321=DIRECTION('',(1.,0.,0.));
#6322=DIRECTION('center_axis',(1.,0.,0.));
#6323=DIRECTION('ref_axis',(0.,-0.939692620759246,-0.342020143398923));
#6324=DIRECTION('center_axis',(0.984807753012208,-2.4120833250038E-16,0.17364817766693));
#6325=DIRECTION('ref_axis',(0.17364817766693,2.11382206836067E-15,-0.984807753012208));
#6326=DIRECTION('center_axis',(0.,0.939692620733974,0.342020143468357));
#6327=DIRECTION('ref_axis',(0.,-0.342020143468357,0.939692620733974));
#6328=DIRECTION('center_axis',(0.,-0.939692620733974,-0.342020143468357));
#6329=DIRECTION('ref_axis',(1.30408547951152E-15,0.342020143468357,-0.939692620733974));
#6330=DIRECTION('',(1.,0.,0.));
#6331=DIRECTION('center_axis',(0.,-0.939692620733974,-0.342020143468357));
#6332=DIRECTION('ref_axis',(1.51273915623336E-15,0.342020143468357,-0.939692620733974));
#6333=DIRECTION('',(0.163464460880058,0.337419706897791,-0.927053025142683));
#6334=DIRECTION('',(1.,0.,0.));
#6335=DIRECTION('',(-0.163464460880058,-0.337419706897791,0.927053025142683));
#6336=DIRECTION('center_axis',(1.,0.,0.));
#6337=DIRECTION('ref_axis',(0.,0.939692620733974,0.342020143468356));
#6338=DIRECTION('center_axis',(0.984807753012208,-2.4120833250038E-16,0.17364817766693));
#6339=DIRECTION('ref_axis',(-0.17364817766693,-1.38491790652441E-15,0.984807753012208));
#6340=DIRECTION('center_axis',(-0.984807753012208,2.98499497556288E-16,
-0.17364817766693));
#6341=DIRECTION('ref_axis',(-0.17364817766693,-2.66050018884952E-15,0.984807753012208));
#6342=DIRECTION('',(1.,0.,0.));
#6343=DIRECTION('',(1.,0.,0.));
#6344=DIRECTION('',(1.,0.,0.));
#6345=DIRECTION('center_axis',(0.,-0.939692620743931,-0.342020143441001));
#6346=DIRECTION('ref_axis',(0.,0.342020143441001,-0.939692620743931));
#6347=DIRECTION('center_axis',(0.,0.939692620743931,0.342020143441001));
#6348=DIRECTION('ref_axis',(1.47796354346204E-15,0.342020143441001,-0.939692620743931));
#6349=DIRECTION('',(0.163464460881744,0.337419706870707,-0.927053025152244));
#6350=DIRECTION('',(-0.163464460881744,-0.337419706870707,0.927053025152244));
#6351=DIRECTION('center_axis',(0.,0.939692620743931,0.342020143441001));
#6352=DIRECTION('ref_axis',(1.87788309051648E-15,0.342020143441001,-0.939692620743931));
#6353=DIRECTION('',(1.,0.,0.));
#6354=DIRECTION('',(1.,0.,0.));
#6355=DIRECTION('',(1.,0.,0.));
#6356=DIRECTION('center_axis',(0.,0.939692620712823,-0.342020143526469));
#6357=DIRECTION('ref_axis',(0.,0.342020143526469,0.939692620712823));
#6358=DIRECTION('center_axis',(0.,-0.939692620712823,0.342020143526469));
#6359=DIRECTION('ref_axis',(-1.13020741555121E-15,-0.342020143526469,-0.939692620712823));
#6360=DIRECTION('center_axis',(0.,-0.939692620712823,0.342020143526469));
#6361=DIRECTION('ref_axis',(-5.21634191792865E-16,-0.342020143526469,-0.939692620712823));
#6362=DIRECTION('',(0.163464460876477,-0.337419706955324,-0.927053025122374));
#6363=DIRECTION('',(1.,0.,0.));
#6364=DIRECTION('',(-0.163464460876477,0.337419706955324,0.927053025122375));
#6365=DIRECTION('center_axis',(0.,-0.939692620732199,0.342020143473234));
#6366=DIRECTION('ref_axis',(0.,-0.342020143473234,-0.939692620732199));
#6367=DIRECTION('center_axis',(0.,0.939692620732199,-0.342020143473234));
#6368=DIRECTION('ref_axis',(-1.21714644754178E-15,-0.342020143473234,-0.939692620732199));
#6369=DIRECTION('',(0.163464460879757,-0.33741970690262,-0.927053025140979));
#6370=DIRECTION('',(1.,0.,0.));
#6371=DIRECTION('',(-0.163464460879757,0.33741970690262,0.927053025140979));
#6372=DIRECTION('center_axis',(0.,0.939692620732199,-0.342020143473234));
#6373=DIRECTION('ref_axis',(-1.30408547950905E-15,-0.342020143473234,-0.939692620732199));
#6374=DIRECTION('center_axis',(1.,0.,0.));
#6375=DIRECTION('ref_axis',(0.,0.939692620712824,-0.342020143526467));
#6376=DIRECTION('center_axis',(0.984807753012208,-2.4120833250038E-16,0.17364817766693));
#6377=DIRECTION('ref_axis',(0.17364817766693,1.20269186635989E-15,-0.984807753012208));
#6378=DIRECTION('center_axis',(-0.984807753012208,2.98499497556288E-16,
-0.17364817766693));
#6379=DIRECTION('ref_axis',(0.17364817766693,3.20717831029303E-15,-0.984807753012208));
#6380=DIRECTION('center_axis',(0.,0.939692620743943,-0.342020143440969));
#6381=DIRECTION('ref_axis',(0.,0.342020143440969,0.939692620743943));
#6382=DIRECTION('center_axis',(0.,-0.939692620743943,0.342020143440969));
#6383=DIRECTION('ref_axis',(-1.13020741558864E-15,-0.342020143440969,-0.939692620743943));
#6384=DIRECTION('',(1.,0.,0.));
#6385=DIRECTION('center_axis',(0.,-0.939692620743943,0.342020143440969));
#6386=DIRECTION('ref_axis',(-1.30408547952535E-15,-0.342020143440969,-0.939692620743943));
#6387=DIRECTION('',(0.163464460881745,-0.337419706870676,-0.927053025152255));
#6388=DIRECTION('',(1.,0.,0.));
#6389=DIRECTION('',(-0.163464460881746,0.337419706870676,0.927053025152255));
#6390=DIRECTION('center_axis',(1.,0.,0.));
#6391=DIRECTION('ref_axis',(0.,0.939692620743934,-0.342020143440992));
#6392=DIRECTION('center_axis',(0.984807753012208,-2.4120833250038E-16,0.17364817766693));
#6393=DIRECTION('ref_axis',(0.17364817766693,8.38239785691419E-16,-0.984807753012208));
#6394=DIRECTION('center_axis',(-0.984807753012208,2.98499497556288E-16,
-0.17364817766693));
#6395=DIRECTION('ref_axis',(0.17364817766693,8.38239785691419E-16,-0.984807753012208));
#6396=DIRECTION('',(1.,0.,0.));
#6397=DIRECTION('',(1.,0.,0.));
#6398=DIRECTION('',(1.,0.,0.));
#6399=DIRECTION('center_axis',(0.,-0.939692620710003,0.342020143534216));
#6400=DIRECTION('ref_axis',(0.,-0.342020143534216,-0.939692620710003));
#6401=DIRECTION('center_axis',(0.,0.939692620710003,-0.342020143534216));
#6402=DIRECTION('ref_axis',(-8.69390319652167E-16,-0.342020143534216,-0.939692620710003));
#6403=DIRECTION('',(0.163464460875999,-0.337419706962994,-0.927053025119667));
#6404=DIRECTION('',(-0.163464460875999,0.337419706962994,0.927053025119667));
#6405=DIRECTION('center_axis',(0.,0.939692620710003,-0.342020143534216));
#6406=DIRECTION('ref_axis',(-1.25192206029912E-15,-0.342020143534216,-0.939692620710003));
#6407=DIRECTION('center_axis',(0.,0.939692620714964,0.342020143520586));
#6408=DIRECTION('ref_axis',(0.,-0.342020143520586,0.939692620714964));
#6409=DIRECTION('center_axis',(0.,-0.939692620714964,-0.342020143520586));
#6410=DIRECTION('ref_axis',(1.56490257538216E-15,0.342020143520586,-0.939692620714964));
#6411=DIRECTION('',(1.,0.,0.));
#6412=DIRECTION('center_axis',(0.,-0.939692620714964,-0.342020143520586));
#6413=DIRECTION('ref_axis',(1.51273915620276E-15,0.342020143520586,-0.939692620714964));
#6414=DIRECTION('',(0.163464460876839,0.337419706949501,-0.92705302512443));
#6415=DIRECTION('',(1.,0.,0.));
#6416=DIRECTION('',(-0.16346446087684,-0.337419706949501,0.92705302512443));
#6417=DIRECTION('center_axis',(1.,0.,0.));
#6418=DIRECTION('ref_axis',(0.,0.939692620715269,0.342020143519749));
#6419=DIRECTION('center_axis',(0.984807753012208,-2.4120833250038E-16,0.17364817766693));
#6420=DIRECTION('ref_axis',(-0.17364817766693,-4.00897288837484E-16,0.984807753012208));
#6421=DIRECTION('center_axis',(-0.984807753012208,2.98499497556288E-16,
-0.17364817766693));
#6422=DIRECTION('ref_axis',(-0.17364817766693,-4.00897288837484E-16,0.984807753012208));
#6423=DIRECTION('',(1.,0.,0.));
#6424=DIRECTION('',(1.,0.,0.));
#6425=DIRECTION('',(1.,0.,0.));
#6426=DIRECTION('center_axis',(0.,-0.939692620712027,-0.342020143528657));
#6427=DIRECTION('ref_axis',(0.,0.342020143528657,-0.939692620712027));
#6428=DIRECTION('center_axis',(0.,0.939692620712027,0.342020143528657));
#6429=DIRECTION('ref_axis',(4.34695159827019E-16,0.342020143528657,-0.939692620712027));
#6430=DIRECTION('',(0.163464460876342,0.337419706957491,-0.92705302512161));
#6431=DIRECTION('',(-0.163464460876342,-0.337419706957491,0.92705302512161));
#6432=DIRECTION('center_axis',(0.,0.939692620712027,0.342020143528657));
#6433=DIRECTION('ref_axis',(1.40841231783954E-15,0.342020143528657,-0.939692620712027));
#6434=DIRECTION('center_axis',(1.,0.,0.));
#6435=DIRECTION('ref_axis',(0.,0.939692620749581,-0.342020143425477));
#6436=DIRECTION('center_axis',(0.984807753012208,-2.4120833250038E-16,0.17364817766693));
#6437=DIRECTION('ref_axis',(0.17364817766693,9.11130201852939E-16,-0.984807753012208));
#6438=DIRECTION('',(1.,0.,0.));
#6439=DIRECTION('center_axis',(-0.984807753012208,2.98499497556288E-16,
-0.17364817766693));
#6440=DIRECTION('ref_axis',(0.17364817766693,9.11130201852939E-16,-0.984807753012208));
#6441=DIRECTION('',(1.,0.,0.));
#6442=DIRECTION('center_axis',(0.,0.93969262074265,0.342020143444521));
#6443=DIRECTION('ref_axis',(0.,-0.342020143444521,0.93969262074265));
#6444=DIRECTION('',(-0.163464460881527,-0.337419706874192,0.927053025151014));
#6445=DIRECTION('',(1.,0.,0.));
#6446=DIRECTION('center_axis',(0.,-0.93969262074265,-0.342020143444521));
#6447=DIRECTION('ref_axis',(-1.41148075430785E-15,-0.342020143444521,0.93969262074265));
#6448=DIRECTION('',(1.,0.,0.));
#6449=DIRECTION('center_axis',(1.,0.,0.));
#6450=DIRECTION('ref_axis',(0.,0.939692620732936,0.342020143471208));
#6451=DIRECTION('center_axis',(0.984807753012208,-2.4120833250038E-16,0.17364817766693));
#6452=DIRECTION('ref_axis',(-0.17364817766693,-2.11382206846375E-15,0.984807753012208));
#6453=DIRECTION('',(1.,0.,0.));
#6454=DIRECTION('center_axis',(0.,-0.939692620743931,-0.342020143441001));
#6455=DIRECTION('ref_axis',(0.,0.342020143441001,-0.939692620743931));
#6456=DIRECTION('',(0.163464460881744,0.337419706870708,-0.927053025152244));
#6457=DIRECTION('center_axis',(0.,0.939692620743931,0.342020143441001));
#6458=DIRECTION('ref_axis',(-1.41148075430977E-15,-0.342020143441001,0.939692620743931));
#6459=DIRECTION('',(1.,0.,0.));
#6460=DIRECTION('center_axis',(1.,0.,0.));
#6461=DIRECTION('ref_axis',(0.,0.342020153342272,-0.939692617140163));
#6462=DIRECTION('center_axis',(0.984807753012208,-2.4120833250038E-16,0.17364817766693));
#6463=DIRECTION('ref_axis',(0.17364817766693,1.42136311493414E-15,-0.984807753012208));
#6464=DIRECTION('center_axis',(0.,-0.93969262076346,0.342020143387346));
#6465=DIRECTION('ref_axis',(0.,-0.342020143387346,-0.939692620763459));
#6466=DIRECTION('',(0.16346446088505,-0.337419706817588,-0.927053025170995));
#6467=DIRECTION('',(1.,0.,0.));
#6468=DIRECTION('center_axis',(0.,0.93969262076346,-0.342020143387346));
#6469=DIRECTION('ref_axis',(1.90243058193532E-15,0.342020143387346,0.93969262076346));
#6470=DIRECTION('',(1.,0.,0.));
#6471=DIRECTION('center_axis',(1.,0.,0.));
#6472=DIRECTION('ref_axis',(0.,-0.93969262076346,0.342020143387344));
#6473=DIRECTION('center_axis',(0.984807753012208,-2.4120833250038E-16,0.17364817766693));
#6474=DIRECTION('ref_axis',(-0.17364817766693,-5.46678121124236E-16,0.984807753012208));
#6475=DIRECTION('',(1.,0.,0.));
#6476=DIRECTION('center_axis',(0.,0.939692620759247,-0.34202014339892));
#6477=DIRECTION('ref_axis',(0.,0.34202014339892,0.939692620759247));
#6478=DIRECTION('',(-0.163464460884337,0.337419706829046,0.92705302516695));
#6479=DIRECTION('center_axis',(0.,-0.939692620759247,0.34202014339892));
#6480=DIRECTION('ref_axis',(1.53421821123128E-15,0.34202014339892,0.939692620759247));
#6481=DIRECTION('',(1.,0.,0.));
#6482=DIRECTION('center_axis',(1.,0.,0.));
#6483=DIRECTION('ref_axis',(0.,0.939692620759254,-0.342020143398902));
#6484=DIRECTION('center_axis',(0.984807753012208,-2.4120833250038E-16,0.17364817766693));
#6485=DIRECTION('ref_axis',(0.17364817766693,1.64003436333521E-15,-0.984807753012208));
#6486=DIRECTION('center_axis',(0.,-0.939692620742609,0.342020143444633));
#6487=DIRECTION('ref_axis',(0.,-0.342020143444633,-0.939692620742609));
#6488=DIRECTION('',(0.16346446088152,-0.337419706874304,-0.927053025150974));
#6489=DIRECTION('',(1.,0.,0.));
#6490=DIRECTION('center_axis',(0.,0.939692620742609,-0.342020143444633));
#6491=DIRECTION('ref_axis',(1.28874329741146E-15,0.342020143444633,0.939692620742609));
#6492=DIRECTION('',(1.,0.,0.));
#6493=DIRECTION('center_axis',(1.,0.,0.));
#6494=DIRECTION('ref_axis',(0.,-0.939692620742609,0.342020143444634));
#6495=DIRECTION('center_axis',(0.984807753012208,-2.4120833250038E-16,0.17364817766693));
#6496=DIRECTION('ref_axis',(-0.17364817766693,-2.73339060555876E-15,0.984807753012208));
#6497=DIRECTION('',(1.,0.,0.));
#6498=DIRECTION('center_axis',(0.,0.939692620742607,-0.342020143444639));
#6499=DIRECTION('ref_axis',(0.,0.342020143444639,0.939692620742607));
#6500=DIRECTION('',(-0.163464460881519,0.33741970687431,0.927053025150972));
#6501=DIRECTION('center_axis',(0.,-0.939692620742607,0.342020143444639));
#6502=DIRECTION('ref_axis',(1.65695566810044E-15,0.342020143444639,0.939692620742607));
#6503=DIRECTION('',(1.,0.,0.));
#6504=DIRECTION('center_axis',(1.,0.,0.));
#6505=DIRECTION('ref_axis',(0.,0.939692620742355,-0.34202014344533));
#6506=DIRECTION('center_axis',(0.984807753012208,-2.4120833250038E-16,0.17364817766693));
#6507=DIRECTION('ref_axis',(0.17364817766693,9.47575409927012E-16,-0.984807753012208));
#6508=DIRECTION('center_axis',(0.,0.939692620752101,0.342020143418555));
#6509=DIRECTION('ref_axis',(0.,-0.342020143418555,0.939692620752101));
#6510=DIRECTION('',(-0.163464460883127,-0.337419706848485,0.927053025160088));
#6511=DIRECTION('',(1.,0.,0.));
#6512=DIRECTION('center_axis',(0.,-0.939692620752101,-0.342020143418555));
#6513=DIRECTION('ref_axis',(-1.35011202587326E-15,-0.342020143418555,0.939692620752101));
#6514=DIRECTION('',(1.,0.,0.));
#6515=DIRECTION('center_axis',(1.,0.,0.));
#6516=DIRECTION('ref_axis',(0.,0.939692620743115,0.342020143443243));
#6517=DIRECTION('center_axis',(0.984807753012208,-2.4120833250038E-16,0.17364817766693));
#6518=DIRECTION('ref_axis',(-0.17364817766693,-1.60358915537679E-15,0.984807753012208));
#6519=DIRECTION('',(1.,0.,0.));
#6520=DIRECTION('center_axis',(0.,-0.939692620750005,-0.342020143424314));
#6521=DIRECTION('ref_axis',(0.,0.342020143424313,-0.939692620750005));
#6522=DIRECTION('',(0.163464460882772,0.337419706854186,-0.927053025158076));
#6523=DIRECTION('center_axis',(0.,0.939692620750005,0.342020143424314));
#6524=DIRECTION('ref_axis',(-1.90243058190808E-15,-0.342020143424314,0.939692620750005));
#6525=DIRECTION('',(1.,0.,0.));
#6526=DIRECTION('center_axis',(1.,0.,0.));
#6527=DIRECTION('ref_axis',(0.,-0.939692620750004,-0.342020143424316));
#6528=DIRECTION('center_axis',(0.984807753012208,-2.4120833250038E-16,0.17364817766693));
#6529=DIRECTION('ref_axis',(0.17364817766693,1.42136311495955E-15,-0.984807753012208));
#6530=DIRECTION('center_axis',(0.,0.939692620742486,0.342020143444972));
#6531=DIRECTION('ref_axis',(0.,-0.342020143444972,0.939692620742485));
#6532=DIRECTION('center_axis',(0.,-0.939692620742486,-0.342020143444972));
#6533=DIRECTION('ref_axis',(1.73878063936444E-15,0.342020143444972,-0.939692620742486));
#6534=DIRECTION('',(1.,0.,0.));
#6535=DIRECTION('center_axis',(0.,-0.939692620742486,-0.342020143444972));
#6536=DIRECTION('ref_axis',(1.61706599460893E-15,0.342020143444972,-0.939692620742485));
#6537=DIRECTION('',(0.163464460881499,0.337419706874639,-0.927053025150856));
#6538=DIRECTION('',(1.,0.,0.));
#6539=DIRECTION('',(-0.163464460881499,-0.337419706874639,0.927053025150856));
#6540=DIRECTION('center_axis',(1.,0.,0.));
#6541=DIRECTION('ref_axis',(0.,0.939692620742485,0.342020143444974));
#6542=DIRECTION('center_axis',(0.984807753012208,-2.4120833250038E-16,0.17364817766693));
#6543=DIRECTION('ref_axis',(-0.17364817766693,9.84020618028566E-16,0.984807753012208));
#6544=DIRECTION('center_axis',(-0.984807753012208,2.98499497556288E-16,
-0.17364817766693));
#6545=DIRECTION('ref_axis',(-0.17364817766693,-2.25960290065819E-15,0.984807753012208));
#6546=DIRECTION('',(1.,0.,0.));
#6547=DIRECTION('',(1.,0.,0.));
#6548=DIRECTION('',(1.,0.,0.));
#6549=DIRECTION('center_axis',(0.,-0.939692620742346,-0.342020143445355));
#6550=DIRECTION('ref_axis',(0.,0.342020143445355,-0.939692620742346));
#6551=DIRECTION('center_axis',(0.,0.939692620742346,0.342020143445355));
#6552=DIRECTION('ref_axis',(1.30408547952313E-15,0.342020143445355,-0.939692620742346));
#6553=DIRECTION('',(0.163464460881475,0.337419706875018,-0.927053025150722));
#6554=DIRECTION('',(-0.163464460881475,-0.337419706875018,0.927053025150722));
#6555=DIRECTION('center_axis',(0.,0.939692620742346,0.342020143445355));
#6556=DIRECTION('ref_axis',(1.40841231788499E-15,0.342020143445355,-0.939692620742346));
#6557=DIRECTION('',(1.,0.,0.));
#6558=DIRECTION('',(1.,0.,0.));
#6559=DIRECTION('',(1.,0.,0.));
#6560=DIRECTION('center_axis',(0.,0.939692620737504,-0.342020143458658));
#6561=DIRECTION('ref_axis',(0.,0.342020143458658,0.939692620737504));
#6562=DIRECTION('center_axis',(0.,-0.939692620737504,0.342020143458658));
#6563=DIRECTION('ref_axis',(-6.95512255742088E-16,-0.342020143458658,-0.939692620737504));
#6564=DIRECTION('center_axis',(0.,-0.939692620737504,0.342020143458658));
#6565=DIRECTION('ref_axis',(-5.21634191806566E-16,-0.342020143458658,-0.939692620737504));
#6566=DIRECTION('',(0.163464460880655,-0.337419706888189,-0.927053025146073));
#6567=DIRECTION('',(1.,0.,0.));
#6568=DIRECTION('',(-0.163464460880656,0.337419706888189,0.927053025146073));
#6569=DIRECTION('center_axis',(0.,-0.939692620743386,0.342020143442498));
#6570=DIRECTION('ref_axis',(0.,-0.342020143442498,-0.939692620743386));
#6571=DIRECTION('center_axis',(0.,0.939692620743386,-0.342020143442498));
#6572=DIRECTION('ref_axis',(-6.95512255746441E-16,-0.342020143442498,-0.939692620743386));
#6573=DIRECTION('',(0.163464460881651,-0.33741970687219,-0.92705302515172));
#6574=DIRECTION('',(1.,0.,0.));
#6575=DIRECTION('',(-0.163464460881651,0.33741970687219,0.927053025151721));
#6576=DIRECTION('center_axis',(0.,0.939692620743386,-0.342020143442498));
#6577=DIRECTION('ref_axis',(-4.17307353447865E-16,-0.342020143442498,-0.939692620743386));
#6578=DIRECTION('center_axis',(1.,0.,0.));
#6579=DIRECTION('ref_axis',(0.,0.939692620737494,-0.342020143458687));
#6580=DIRECTION('center_axis',(0.984807753012208,-2.4120833250038E-16,0.17364817766693));
#6581=DIRECTION('ref_axis',(0.17364817766693,-2.18671248447731E-16,-0.984807753012208));
#6582=DIRECTION('center_axis',(-0.984807753012208,2.98499497556288E-16,
-0.17364817766693));
#6583=DIRECTION('ref_axis',(0.17364817766693,1.74936998758184E-15,-0.984807753012208));
#6584=DIRECTION('',(1.,0.,0.));
#6585=DIRECTION('',(1.,0.,0.));
#6586=DIRECTION('',(1.,0.,0.));
#6587=DIRECTION('center_axis',(0.,0.93969262074235,-0.342020143445345));
#6588=DIRECTION('ref_axis',(0.,0.342020143445345,0.93969262074235));
#6589=DIRECTION('center_axis',(0.,-0.93969262074235,0.342020143445345));
#6590=DIRECTION('ref_axis',(-4.34695159841046E-16,-0.342020143445345,-0.93969262074235));
#6591=DIRECTION('center_axis',(0.,-0.93969262074235,0.342020143445345));
#6592=DIRECTION('ref_axis',(-1.25192206034221E-15,-0.342020143445345,-0.93969262074235));
#6593=DIRECTION('',(0.163464460881476,-0.337419706875008,-0.927053025150726));
#6594=DIRECTION('',(1.,0.,0.));
#6595=DIRECTION('',(-0.163464460881476,0.337419706875008,0.927053025150726));
#6596=DIRECTION('center_axis',(0.,-0.939692620742487,0.342020143444968));
#6597=DIRECTION('ref_axis',(0.,-0.342020143444968,-0.939692620742487));
#6598=DIRECTION('center_axis',(0.,0.939692620742487,-0.342020143444968));
#6599=DIRECTION('ref_axis',(-6.95512255745776E-16,-0.342020143444968,-0.939692620742487));
#6600=DIRECTION('',(0.163464460881499,-0.337419706874635,-0.927053025150857));
#6601=DIRECTION('',(1.,0.,0.));
#6602=DIRECTION('',(-0.163464460881499,0.337419706874635,0.927053025150857));
#6603=DIRECTION('center_axis',(0.,0.939692620742487,-0.342020143444968));
#6604=DIRECTION('ref_axis',(-7.30287868533065E-16,-0.342020143444968,-0.939692620742487));
#6605=DIRECTION('center_axis',(1.,0.,0.));
#6606=DIRECTION('ref_axis',(0.,0.342020133544082,0.939692624346115));
#6607=DIRECTION('center_axis',(0.984807753012208,-2.4120833250038E-16,0.17364817766693));
#6608=DIRECTION('ref_axis',(0.17364817766693,-1.82226040375663E-16,-0.984807753012208));
#6609=DIRECTION('center_axis',(-0.984807753012208,2.98499497556288E-16,
-0.17364817766693));
#6610=DIRECTION('ref_axis',(0.17364817766693,1.7858151956815E-15,-0.984807753012208));
#6611=DIRECTION('center_axis',(0.,0.939692620742269,0.342020143445567));
#6612=DIRECTION('ref_axis',(0.,-0.342020143445567,0.939692620742269));
#6613=DIRECTION('center_axis',(0.,-0.939692620742269,-0.342020143445567));
#6614=DIRECTION('ref_axis',(8.69390319682018E-16,0.342020143445567,-0.939692620742269));
#6615=DIRECTION('',(1.,0.,0.));
#6616=DIRECTION('center_axis',(0.,-0.939692620742269,-0.342020143445567));
#6617=DIRECTION('ref_axis',(1.61706599460855E-15,0.342020143445567,-0.939692620742269));
#6618=DIRECTION('',(0.163464460881462,0.337419706875228,-0.927053025150648));
#6619=DIRECTION('',(1.,0.,0.));
#6620=DIRECTION('',(-0.163464460881462,-0.337419706875228,0.927053025150648));
#6621=DIRECTION('center_axis',(1.,0.,0.));
#6622=DIRECTION('ref_axis',(0.,0.93969262074227,0.342020143445565));
#6623=DIRECTION('center_axis',(0.984807753012208,-2.4120833250038E-16,0.17364817766693));
#6624=DIRECTION('ref_axis',(-0.17364817766693,-2.84272622979774E-15,0.984807753012208));
#6625=DIRECTION('center_axis',(-0.984807753012208,2.98499497556288E-16,
-0.17364817766693));
#6626=DIRECTION('ref_axis',(-0.17364817766693,-2.84272622979774E-15,0.984807753012208));
#6627=DIRECTION('',(1.,0.,0.));
#6628=DIRECTION('',(1.,0.,0.));
#6629=DIRECTION('',(1.,0.,0.));
#6630=DIRECTION('center_axis',(0.,-0.939692620737494,-0.342020143458685));
#6631=DIRECTION('ref_axis',(0.,0.342020143458685,-0.939692620737494));
#6632=DIRECTION('center_axis',(0.,0.939692620737494,0.342020143458685));
#6633=DIRECTION('ref_axis',(1.47796354345192E-15,0.342020143458685,-0.939692620737494));
#6634=DIRECTION('',(0.163464460880654,0.337419706888215,-0.927053025146063));
#6635=DIRECTION('',(-0.163464460880654,-0.337419706888215,0.927053025146064));
#6636=DIRECTION('center_axis',(0.,0.939692620737494,0.342020143458685));
#6637=DIRECTION('ref_axis',(1.61706599460034E-15,0.342020143458685,-0.939692620737494));
#6638=DIRECTION('center_axis',(1.,0.,0.));
#6639=DIRECTION('ref_axis',(0.,0.939692620742693,0.342020143444401));
#6640=DIRECTION('center_axis',(0.984807753012208,-2.4120833250038E-16,0.17364817766693));
#6641=DIRECTION('ref_axis',(-0.17364817766693,-1.71292477966111E-15,0.984807753012208));
#6642=DIRECTION('',(1.,0.,0.));
#6643=DIRECTION('center_axis',(-0.984807753012208,2.98499497556288E-16,
-0.17364817766693));
#6644=DIRECTION('ref_axis',(-0.17364817766693,-1.71292477966111E-15,0.984807753012208));
#6645=DIRECTION('',(1.,0.,0.));
#6646=DIRECTION('center_axis',(0.,0.939692620743142,0.342020143443168));
#6647=DIRECTION('ref_axis',(0.,-0.342020143443168,0.939692620743142));
#6648=DIRECTION('',(-0.16346446088161,-0.337419706872853,0.927053025151486));
#6649=DIRECTION('',(1.,0.,0.));
#6650=DIRECTION('center_axis',(0.,-0.939692620743142,-0.342020143443168));
#6651=DIRECTION('ref_axis',(-1.35011202586039E-15,-0.342020143443168,0.939692620743142));
#6652=DIRECTION('',(1.,0.,0.));
#6653=DIRECTION('center_axis',(1.,0.,0.));
#6654=DIRECTION('ref_axis',(0.,-0.342020150439975,0.939692618196513));
#6655=DIRECTION('center_axis',(0.984807753012208,-2.4120833250038E-16,0.17364817766693));
#6656=DIRECTION('ref_axis',(-0.17364817766693,-1.02046582606854E-15,0.984807753012208));
#6657=DIRECTION('',(1.,0.,0.));
#6658=DIRECTION('center_axis',(0.,-0.93969262074261,-0.342020143444629));
#6659=DIRECTION('ref_axis',(0.,0.342020143444629,-0.93969262074261));
#6660=DIRECTION('',(0.16346446088152,0.3374197068743,-0.927053025150976));
#6661=DIRECTION('center_axis',(0.,0.93969262074261,0.342020143444629));
#6662=DIRECTION('ref_axis',(-1.35011202585962E-15,-0.342020143444629,0.93969262074261));
#6663=DIRECTION('',(1.,0.,0.));
#6664=DIRECTION('center_axis',(1.,0.,0.));
#6665=DIRECTION('ref_axis',(0.,-0.93969262074261,-0.342020143444629));
#6666=DIRECTION('center_axis',(0.984807753012208,-2.4120833250038E-16,0.17364817766693));
#6667=DIRECTION('ref_axis',(0.17364817766693,1.34847269873999E-15,-0.984807753012208));
#6668=DIRECTION('center_axis',(0.,-0.939692620754949,0.34202014341073));
#6669=DIRECTION('ref_axis',(0.,-0.34202014341073,-0.939692620754949));
#6670=DIRECTION('',(0.163464460883609,-0.337419706840739,-0.927053025162823));
#6671=DIRECTION('',(1.,0.,0.));
#6672=DIRECTION('center_axis',(0.,0.939692620754949,-0.34202014341073));
#6673=DIRECTION('ref_axis',(1.41148075432632E-15,0.34202014341073,0.939692620754948));
#6674=DIRECTION('',(1.,0.,0.));
#6675=DIRECTION('center_axis',(1.,0.,0.));
#6676=DIRECTION('ref_axis',(0.,-0.939692620754947,0.342020143410734));
#6677=DIRECTION('center_axis',(0.984807753012208,-2.4120833250038E-16,0.17364817766693));
#6678=DIRECTION('ref_axis',(-0.17364817766693,-2.00448644413452E-15,0.984807753012208));
#6679=DIRECTION('',(1.,0.,0.));
#6680=DIRECTION('center_axis',(0.,0.939692620750003,-0.342020143424319));
#6681=DIRECTION('ref_axis',(0.,0.342020143424319,0.939692620750003));
#6682=DIRECTION('',(-0.163464460882772,0.337419706854192,0.927053025158074));
#6683=DIRECTION('center_axis',(0.,-0.939692620750003,0.342020143424319));
#6684=DIRECTION('ref_axis',(2.02516803880537E-15,0.342020143424319,0.939692620750003));
#6685=DIRECTION('',(1.,0.,0.));
#6686=DIRECTION('center_axis',(1.,0.,0.));
#6687=DIRECTION('ref_axis',(0.,0.939692620749997,-0.342020143424335));
#6688=DIRECTION('center_axis',(0.984807753012208,-2.4120833250038E-16,0.17364817766693));
#6689=DIRECTION('ref_axis',(0.17364817766693,2.47827414904004E-15,-0.984807753012208));
#6690=DIRECTION('center_axis',(3.03104333453179E-16,1.,-1.05178425553125E-32));
#6691=DIRECTION('ref_axis',(-0.64278760968654,1.5743755774684E-16,-0.766044443118978));
#6692=DIRECTION('',(1.86754386205763E-16,1.,1.02006907955638E-32));
#6693=DIRECTION('',(1.86754386205763E-16,1.,1.02006907955638E-32));
#6694=DIRECTION('',(1.86754386205763E-16,1.,1.02006907955638E-32));
#6695=DIRECTION('',(1.86754386205763E-16,1.,1.02006907955638E-32));
#6696=DIRECTION('',(1.86754386205763E-16,1.,1.02006907955638E-32));
#6697=DIRECTION('',(1.86754386205763E-16,1.,1.02006907955638E-32));
#6698=DIRECTION('',(1.86754386205763E-16,1.,1.02006907955638E-32));
#6699=DIRECTION('',(1.86754386205763E-16,1.,1.02006907955638E-32));
#6700=DIRECTION('center_axis',(-2.30158312035577E-16,-0.939692620745109,
0.342020143437766));
#6701=DIRECTION('ref_axis',(5.94353674573028E-16,-0.342020143437766,-0.939692620745109));
#6702=DIRECTION('center_axis',(2.30158312037349E-16,0.939692620752342,-0.342020143417892));
#6703=DIRECTION('ref_axis',(2.29209740312753E-16,-0.342020143417892,-0.939692620752342));
#6704=DIRECTION('',(1.86754386205763E-16,1.,1.02006907955638E-32));
#6705=DIRECTION('center_axis',(-2.30158312034992E-16,-0.939692620742719,
0.342020143444332));
#6706=DIRECTION('ref_axis',(5.94353674569695E-16,-0.342020143444332,-0.939692620742719));
#6707=DIRECTION('center_axis',(2.30158312034903E-16,0.939692620742355,-0.342020143445331));
#6708=DIRECTION('ref_axis',(2.05560635790031E-17,-0.342020143445331,-0.939692620742355));
#6709=DIRECTION('',(1.86754386205763E-16,1.,1.02006907955638E-32));
#6710=DIRECTION('center_axis',(-2.30158312035051E-16,-0.939692620742961,
0.342020143443666));
#6711=DIRECTION('ref_axis',(-2.40261032325319E-16,-0.342020143443666,-0.939692620742961));
#6712=DIRECTION('center_axis',(2.30158312035078E-16,0.939692620743069,-0.342020143443368));
#6713=DIRECTION('ref_axis',(-4.48914709049127E-16,-0.342020143443368,-0.939692620743069));
#6714=DIRECTION('',(1.86754386205763E-16,1.,1.02006907955638E-32));
#6715=DIRECTION('center_axis',(-2.44929359829471E-16,-1.,0.));
#6716=DIRECTION('ref_axis',(-0.771167282344648,1.88881508786107E-16,-0.636632564860745));
#6717=DIRECTION('',(-3.03104333453179E-16,-1.,1.05178425553125E-32));
#6718=DIRECTION('center_axis',(-2.44929359829471E-16,-1.,0.));
#6719=DIRECTION('ref_axis',(-0.771167282344648,1.88881508786107E-16,-0.636632564860745));
#6720=DIRECTION('',(-3.03104333453179E-16,-1.,1.02006907955638E-32));
#6721=DIRECTION('center_axis',(2.30158312035078E-16,0.939692620743069,0.342020143443368));
#6722=DIRECTION('ref_axis',(-2.81373159484391E-16,0.342020143443368,-0.939692620743069));
#6723=DIRECTION('center_axis',(-2.30158312035051E-16,-0.939692620742961,
-0.342020143443666));
#6724=DIRECTION('ref_axis',(-7.27194827604378E-17,0.342020143443666,-0.939692620742961));
#6725=DIRECTION('',(-3.03104333453179E-16,-1.,1.02006907955638E-32));
#6726=DIRECTION('center_axis',(2.30158312034903E-16,0.939692620742355,0.342020143445331));
#6727=DIRECTION('ref_axis',(1.880976131447E-16,0.342020143445331,-0.939692620742355));
#6728=DIRECTION('center_axis',(-2.30158312034992E-16,-0.939692620742719,
-0.342020143444332));
#6729=DIRECTION('ref_axis',(7.61895224134903E-16,0.342020143444332,-0.939692620742719));
#6730=DIRECTION('',(-3.03104333453179E-16,-1.,1.02006907955638E-32));
#6731=DIRECTION('center_axis',(2.30158312037349E-16,0.939692620752342,0.342020143417892));
#6732=DIRECTION('ref_axis',(3.9675128986501E-16,0.342020143417892,-0.939692620752342));
#6733=DIRECTION('center_axis',(-2.30158312035577E-16,-0.939692620745109,
-0.342020143437766));
#6734=DIRECTION('ref_axis',(7.61895224135019E-16,0.342020143437766,-0.939692620745109));
#6735=DIRECTION('',(1.86754386205763E-16,1.,1.02006907955638E-32));
#6736=DIRECTION('center_axis',(0.984807753012208,-2.98499497556288E-16,
0.17364817766693));
#6737=DIRECTION('ref_axis',(0.17364817766693,-4.25315369915154E-17,-0.984807753012208));
#6738=DIRECTION('',(0.163464460881943,0.337419706867505,-0.927053025153374));
#6739=DIRECTION('center_axis',(0.984807753012208,-2.98499497556288E-16,
0.17364817766693));
#6740=DIRECTION('ref_axis',(-0.17364817766693,-2.49030127601423E-16,0.984807753012208));
#6741=DIRECTION('',(-0.163464460883168,-0.337419706847829,0.92705302516032));
#6742=DIRECTION('',(0.163464460881538,0.337419706874005,-0.92705302515108));
#6743=DIRECTION('center_axis',(0.984807753012208,-2.98499497556288E-16,
0.17364817766693));
#6744=DIRECTION('ref_axis',(-0.17364817766693,1.79190152454914E-15,0.984807753012208));
#6745=DIRECTION('',(-0.163464460881477,-0.337419706874995,0.927053025150731));
#6746=DIRECTION('',(0.163464460881579,0.337419706873346,-0.927053025151312));
#6747=DIRECTION('center_axis',(0.984807753012208,-2.98499497556288E-16,
0.17364817766693));
#6748=DIRECTION('ref_axis',(-0.17364817766693,1.0629973630668E-15,0.984807753012208));
#6749=DIRECTION('',(-0.163464460881598,-0.337419706873051,0.927053025151417));
#6750=DIRECTION('',(0.17364817766693,-4.25315369915154E-17,-0.984807753012208));
#6751=DIRECTION('',(3.01350143355632E-16,1.,9.94850640837383E-18));
#6752=DIRECTION('',(-0.163464460883127,-0.337419706848487,0.927053025160088));
#6753=DIRECTION('center_axis',(0.984807753012208,-2.98499497556288E-16,
0.17364817766693));
#6754=DIRECTION('ref_axis',(0.17364817766693,1.77972886671435E-15,-0.984807753012208));
#6755=DIRECTION('',(0.163464460882771,0.337419706854199,-0.927053025158071));
#6756=DIRECTION('',(-3.01350143355631E-16,-1.,-9.94850640837383E-18));
#6757=DIRECTION('center_axis',(-0.984807753012208,2.98499497556288E-16,
-0.17364817766693));
#6758=DIRECTION('ref_axis',(4.81970512575067E-16,1.,-2.73339060555879E-15));
#6759=DIRECTION('',(0.17364817766693,0.,-0.984807753012208));
#6760=DIRECTION('center_axis',(-0.984807753012208,2.98499497556288E-16,
-0.17364817766693));
#6761=DIRECTION('ref_axis',(0.173648177666931,-9.51714712141061E-47,-0.984807753012208));
#6762=DIRECTION('',(-3.37483401637502E-16,-1.,1.9497338436915E-16));
#6763=DIRECTION('center_axis',(-0.984807753012208,2.98499497556288E-16,
-0.17364817766693));
#6764=DIRECTION('ref_axis',(-3.08148791101957E-31,-1.,1.38666955995881E-30));
#6765=DIRECTION('',(-0.17364817766693,0.,0.984807753012208));
#6766=DIRECTION('center_axis',(-0.984807753012208,2.98499497556288E-16,
-0.17364817766693));
#6767=DIRECTION('ref_axis',(-0.173648177666931,0.,0.984807753012208));
#6768=DIRECTION('',(-1.8850857630331E-16,-1.,9.94850640837383E-18));
#6769=DIRECTION('',(0.163464460882771,-0.337419706854199,-0.927053025158071));
#6770=DIRECTION('center_axis',(-0.984807753012208,1.83917167444471E-16,
-0.17364817766693));
#6771=DIRECTION('ref_axis',(0.17364817766693,-1.86479194069738E-15,-0.984807753012208));
#6772=DIRECTION('',(-0.163464460883127,0.337419706848487,0.927053025160088));
#6773=DIRECTION('',(-1.8850857630331E-16,-1.,9.94850640837383E-18));
#6774=DIRECTION('',(0.17364817766693,-4.25315369915154E-17,-0.984807753012208));
#6775=DIRECTION('',(-0.163464460881598,0.337419706873051,0.927053025151417));
#6776=DIRECTION('center_axis',(-0.984807753012208,1.83917167444471E-16,
-0.17364817766693));
#6777=DIRECTION('ref_axis',(-0.17364817766693,-9.77934289083768E-16,0.984807753012208));
#6778=DIRECTION('',(0.163464460881579,-0.337419706873346,-0.927053025151312));
#6779=DIRECTION('',(-0.163464460881477,0.337419706874995,0.927053025150731));
#6780=DIRECTION('center_axis',(-0.984807753012208,1.83917167444471E-16,
-0.17364817766693));
#6781=DIRECTION('ref_axis',(-0.17364817766693,-1.70683845056611E-15,0.984807753012208));
#6782=DIRECTION('',(0.163464460881538,-0.337419706874006,-0.92705302515108));
#6783=DIRECTION('',(-0.163464460883168,0.337419706847829,0.92705302516032));
#6784=DIRECTION('center_axis',(-0.984807753012208,1.83917167444471E-16,
-0.17364817766693));
#6785=DIRECTION('ref_axis',(-0.17364817766693,3.34093201584453E-16,0.984807753012208));
#6786=DIRECTION('',(0.163464460881943,-0.337419706867505,-0.927053025153374));
#6787=DIRECTION('',(0.163464460881514,-0.337419706874395,-0.927053025150942));
#6788=DIRECTION('center_axis',(-0.984807753012208,1.83917167444471E-16,
-0.17364817766693));
#6789=DIRECTION('ref_axis',(0.17364817766693,-3.1768194313656E-15,-0.984807753012208));
#6790=DIRECTION('',(-0.163464460881501,0.337419706874607,0.927053025150867));
#6791=DIRECTION('center_axis',(-0.984807753012208,1.83917167444471E-16,
-0.17364817766693));
#6792=DIRECTION('ref_axis',(-0.17364817766693,-4.67701376046126E-16,0.984807753012208));
#6793=DIRECTION('',(-0.163464460881501,0.337419706874607,0.927053025150867));
#6794=DIRECTION('center_axis',(-0.984807753012208,1.83917167444471E-16,
-0.17364817766693));
#6795=DIRECTION('ref_axis',(-0.17364817766693,-4.67701376046126E-16,0.984807753012208));
#6796=DIRECTION('',(0.163464460881514,-0.337419706874395,-0.927053025150942));
#6797=DIRECTION('center_axis',(-0.984807753012208,1.83917167444471E-16,
-0.17364817766693));
#6798=DIRECTION('ref_axis',(0.17364817766693,4.31256167997988E-16,-0.984807753012208));
#6799=DIRECTION('',(-0.163464460881545,0.337419706873895,0.927053025151119));
#6800=DIRECTION('center_axis',(-0.984807753012208,1.83917167444471E-16,
-0.17364817766693));
#6801=DIRECTION('ref_axis',(-0.17364817766693,-1.12371512138024E-15,0.984807753012208));
#6802=DIRECTION('',(0.163464460881534,-0.337419706874073,-0.927053025151056));
#6803=DIRECTION('center_axis',(-0.984807753012208,1.83917167444471E-16,
-0.17364817766693));
#6804=DIRECTION('ref_axis',(0.17364817766693,-5.52764450029157E-16,-0.984807753012208));
#6805=DIRECTION('',(-0.163464460881545,0.337419706873895,0.927053025151119));
#6806=DIRECTION('',(0.163464460882761,-0.337419706854355,-0.927053025158016));
#6807=DIRECTION('center_axis',(-0.984807753012208,1.83917167444471E-16,
-0.17364817766693));
#6808=DIRECTION('ref_axis',(0.17364817766693,-5.52764450029157E-16,-0.984807753012208));
#6809=DIRECTION('',(0.163464460881534,0.337419706874073,-0.927053025151056));
#6810=DIRECTION('',(-0.163464460881545,-0.337419706873895,0.927053025151119));
#6811=DIRECTION('center_axis',(0.984807753012208,-2.98499497556288E-16,
0.17364817766693));
#6812=DIRECTION('ref_axis',(0.17364817766693,4.67701376046126E-16,-0.984807753012208));
#6813=DIRECTION('',(-0.163464460881545,-0.337419706873895,0.927053025151119));
#6814=DIRECTION('center_axis',(0.984807753012208,-2.98499497556288E-16,
0.17364817766693));
#6815=DIRECTION('ref_axis',(0.17364817766693,4.67701376046126E-16,-0.984807753012208));
#6816=DIRECTION('',(0.163464460881534,0.337419706874073,-0.927053025151056));
#6817=DIRECTION('center_axis',(0.984807753012208,-2.98499497556288E-16,
0.17364817766693));
#6818=DIRECTION('ref_axis',(-0.17364817766693,1.20877819536327E-15,0.984807753012208));
#6819=DIRECTION('',(-0.163464460881501,-0.337419706874607,0.927053025150867));
#6820=DIRECTION('center_axis',(0.984807753012208,-2.98499497556288E-16,
0.17364817766693));
#6821=DIRECTION('ref_axis',(0.17364817766693,-5.16319241981019E-16,-0.984807753012208));
#6822=DIRECTION('',(0.163464460881514,0.337419706874395,-0.927053025150942));
#6823=DIRECTION('center_axis',(0.984807753012208,-2.98499497556288E-16,
0.17364817766693));
#6824=DIRECTION('ref_axis',(-0.17364817766693,5.52764450029157E-16,0.984807753012208));
#6825=DIRECTION('',(0.163464460881514,0.337419706874395,-0.927053025150942));
#6826=DIRECTION('center_axis',(0.984807753012208,-2.98499497556288E-16,
0.17364817766693));
#6827=DIRECTION('ref_axis',(-0.17364817766693,5.52764450029157E-16,0.984807753012208));
#6828=DIRECTION('',(-0.163464460881501,-0.337419706874607,0.927053025150867));
#6829=DIRECTION('center_axis',(0.984807753012208,-2.98499497556288E-16,
0.17364817766693));
#6830=DIRECTION('ref_axis',(0.17364817766693,3.09175635738257E-15,-0.984807753012208));
#6831=DIRECTION('center_axis',(0.984807753012208,-2.4120833250038E-16,0.17364817766693));
#6832=DIRECTION('ref_axis',(0.17364817766693,-4.25315369915154E-17,-0.984807753012208));
#6833=DIRECTION('',(2.44929359829471E-16,1.,0.));
#6834=DIRECTION('',(2.44929359829471E-16,1.,0.));
#6835=DIRECTION('',(2.44929359829471E-16,1.,0.));
#6836=DIRECTION('',(2.44929359829471E-16,1.,0.));
#6837=DIRECTION('',(2.44929359829471E-16,1.,0.));
#6838=DIRECTION('',(2.44929359829471E-16,1.,0.));
#6839=DIRECTION('',(2.44929359829471E-16,1.,0.));
#6840=DIRECTION('',(2.44929359829471E-16,1.,0.));
#6841=DIRECTION('',(-0.163464460881943,0.337419706867505,0.927053025153374));
#6842=DIRECTION('center_axis',(0.984807753012208,-2.4120833250038E-16,0.17364817766693));
#6843=DIRECTION('ref_axis',(-0.17364817766693,-1.26949595367671E-15,0.984807753012208));
#6844=DIRECTION('',(0.163464460883168,-0.337419706847829,-0.92705302516032));
#6845=DIRECTION('',(-2.44929359829471E-16,-1.,0.));
#6846=DIRECTION('',(-0.163464460881538,0.337419706874005,0.92705302515108));
#6847=DIRECTION('center_axis',(0.984807753012208,-2.4120833250038E-16,0.17364817766693));
#6848=DIRECTION('ref_axis',(-0.17364817766693,1.93768235684561E-15,0.984807753012208));
#6849=DIRECTION('',(0.163464460881477,-0.337419706874995,-0.927053025150731));
#6850=DIRECTION('',(-2.44929359829471E-16,-1.,0.));
#6851=DIRECTION('',(-0.163464460881579,0.337419706873346,0.927053025151312));
#6852=DIRECTION('center_axis',(0.984807753012208,-2.4120833250038E-16,0.17364817766693));
#6853=DIRECTION('ref_axis',(-0.17364817766693,1.2816686115115E-15,0.984807753012208));
#6854=DIRECTION('',(0.163464460881598,-0.337419706873051,-0.927053025151417));
#6855=DIRECTION('',(-2.44929359829471E-16,-1.,0.));
#6856=DIRECTION('',(0.17364817766693,-4.25315369915154E-17,-0.984807753012208));
#6857=DIRECTION('',(-2.44929359829471E-16,-1.,0.));
#6858=DIRECTION('',(0.17364817766693,-4.25315369915154E-17,-0.984807753012208));
#6859=DIRECTION('',(2.44929359829471E-16,1.,0.));
#6860=DIRECTION('',(0.163464460881598,0.337419706873051,-0.927053025151417));
#6861=DIRECTION('center_axis',(-0.984807753012208,2.4120833250038E-16,-0.17364817766693));
#6862=DIRECTION('ref_axis',(-0.17364817766693,-1.19660553752847E-15,0.984807753012208));
#6863=DIRECTION('',(-0.16346446088158,-0.337419706873346,0.927053025151312));
#6864=DIRECTION('',(2.44929359829471E-16,1.,0.));
#6865=DIRECTION('',(0.163464460881477,0.337419706874995,-0.927053025150731));
#6866=DIRECTION('center_axis',(-0.984807753012208,2.4120833250038E-16,-0.17364817766693));
#6867=DIRECTION('ref_axis',(-0.17364817766693,-1.85261928286258E-15,0.984807753012208));
#6868=DIRECTION('',(-0.163464460881538,-0.337419706874005,0.92705302515108));
#6869=DIRECTION('',(2.44929359829471E-16,1.,0.));
#6870=DIRECTION('',(0.163464460883168,0.337419706847829,-0.92705302516032));
#6871=DIRECTION('center_axis',(-0.984807753012208,2.4120833250038E-16,-0.17364817766693));
#6872=DIRECTION('ref_axis',(-0.17364817766693,1.35455902765974E-15,0.984807753012208));
#6873=DIRECTION('',(-0.163464460881943,-0.337419706867505,0.927053025153374));
#6874=DIRECTION('',(2.44929359829471E-16,1.,0.));
#6875=DIRECTION('center_axis',(0.984807753012208,-2.4120833250038E-16,0.17364817766693));
#6876=DIRECTION('ref_axis',(-0.17364817766693,0.,0.984807753012208));
#6877=DIRECTION('',(0.17364817766693,0.,-0.984807753012208));
#6878=DIRECTION('center_axis',(0.984807753012208,-2.4120833250038E-16,0.17364817766693));
#6879=DIRECTION('ref_axis',(0.,-1.,-3.08148791101957E-31));
#6880=DIRECTION('',(-2.72358861676577E-16,-1.,1.55560435146665E-16));
#6881=DIRECTION('',(0.17364817766693,0.,-0.984807753012208));
#6882=DIRECTION('',(2.81062618111341E-16,1.,-2.04921890777523E-16));
#6883=DIRECTION('',(-0.17364817766693,0.,0.984807753012208));
#6884=DIRECTION('',(2.72358861676577E-16,1.,-1.55560435146665E-16));
#6885=DIRECTION('',(0.17364817766693,0.,-0.984807753012208));
#6886=DIRECTION('',(2.81062618111341E-16,1.,-2.04921890777523E-16));
#6887=DIRECTION('',(-0.17364817766693,0.,0.984807753012208));
#6888=DIRECTION('',(2.72358861676577E-16,1.,-1.55560435146665E-16));
#6889=DIRECTION('center_axis',(0.984807753012208,-2.4120833250038E-16,0.17364817766693));
#6890=DIRECTION('ref_axis',(0.17364817766693,0.,-0.984807753012208));
#6891=DIRECTION('',(-0.17364817766693,0.,0.984807753012208));
#6892=DIRECTION('center_axis',(0.984807753012208,-2.4120833250038E-16,0.17364817766693));
#6893=DIRECTION('ref_axis',(9.63941025150128E-16,1.,-5.46678121111759E-15));
#6894=DIRECTION('',(-0.17364817766693,0.,0.984807753012208));
#6895=DIRECTION('',(-2.3754383593752E-16,-1.,-4.18853873767703E-17));
#6896=DIRECTION('',(-0.17364817766693,0.,0.984807753012208));
#6897=DIRECTION('',(-2.3754383593752E-16,-1.,-4.18853873767694E-17));
#6898=DIRECTION('center_axis',(0.984807753012208,-2.4120833250038E-16,0.17364817766693));
#6899=DIRECTION('ref_axis',(0.17364817766693,3.94810959897892E-16,-0.984807753012208));
#6900=DIRECTION('',(-0.163464460881534,0.337419706874073,0.927053025151056));
#6901=DIRECTION('center_axis',(0.984807753012208,-2.4120833250038E-16,0.17364817766693));
#6902=DIRECTION('ref_axis',(-0.17364817766693,-1.41527678597317E-15,0.984807753012208));
#6903=DIRECTION('',(0.163464460881545,-0.337419706873895,-0.927053025151119));
#6904=DIRECTION('',(-0.163464460881514,0.337419706874395,0.927053025150942));
#6905=DIRECTION('center_axis',(0.984807753012208,-2.4120833250038E-16,0.17364817766693));
#6906=DIRECTION('ref_axis',(-0.17364817766693,4.79874033880922E-16,0.984807753012208));
#6907=DIRECTION('',(0.163464460881501,-0.337419706874607,-0.927053025150867));
#6908=DIRECTION('center_axis',(0.984807753012208,-2.4120833250038E-16,0.17364817766693));
#6909=DIRECTION('ref_axis',(0.17364817766693,4.31256167997988E-16,-0.984807753012208));
#6910=DIRECTION('center_axis',(0.984807753012208,-2.4120833250038E-16,0.17364817766693));
#6911=DIRECTION('ref_axis',(0.17364817766693,-1.13588777921503E-15,-0.984807753012208));
#6912=DIRECTION('',(-0.163464460881514,0.337419706874395,0.927053025150942));
#6913=DIRECTION('center_axis',(0.984807753012208,-2.4120833250038E-16,0.17364817766693));
#6914=DIRECTION('ref_axis',(-0.17364817766693,-1.85261928286258E-15,0.984807753012208));
#6915=DIRECTION('',(0.163464460881501,-0.337419706874607,-0.927053025150867));
#6916=DIRECTION('center_axis',(-0.984807753012208,2.4120833250038E-16,-0.17364817766693));
#6917=DIRECTION('ref_axis',(0.17364817766693,1.050824705232E-15,-0.984807753012208));
#6918=DIRECTION('',(0.163464460881501,0.337419706874607,-0.927053025150867));
#6919=DIRECTION('center_axis',(-0.984807753012208,2.4120833250038E-16,-0.17364817766693));
#6920=DIRECTION('ref_axis',(-0.17364817766693,1.93768235684561E-15,0.984807753012208));
#6921=DIRECTION('',(-0.163464460881514,-0.337419706874395,0.927053025150942));
#6922=DIRECTION('',(-0.163464460881514,-0.337419706874395,0.927053025150942));
#6923=DIRECTION('center_axis',(-0.984807753012208,2.4120833250038E-16,-0.17364817766693));
#6924=DIRECTION('ref_axis',(0.17364817766693,-5.16319241981019E-16,-0.984807753012208));
#6925=DIRECTION('',(0.163464460881501,0.337419706874607,-0.927053025150867));
#6926=DIRECTION('center_axis',(-0.984807753012208,2.4120833250038E-16,-0.17364817766693));
#6927=DIRECTION('ref_axis',(-0.17364817766693,-3.94810959897892E-16,0.984807753012208));
#6928=DIRECTION('center_axis',(-0.984807753012208,2.4120833250038E-16,-0.17364817766693));
#6929=DIRECTION('ref_axis',(0.17364817766693,-4.79874033880922E-16,-0.984807753012208));
#6930=DIRECTION('',(0.163464460881545,0.337419706873895,-0.927053025151119));
#6931=DIRECTION('center_axis',(-0.984807753012208,2.4120833250038E-16,-0.17364817766693));
#6932=DIRECTION('ref_axis',(-0.17364817766693,1.50033985995621E-15,0.984807753012208));
#6933=DIRECTION('',(-0.163464460881534,-0.337419706874073,0.927053025151056));
#6934=DIRECTION('',(0.163464460883127,-0.337419706848487,-0.927053025160088));
#6935=DIRECTION('center_axis',(0.984807753012208,-2.4120833250038E-16,0.17364817766693));
#6936=DIRECTION('ref_axis',(0.17364817766693,-1.50033985995621E-15,-0.984807753012208));
#6937=DIRECTION('',(-0.163464460882771,0.337419706854199,0.927053025158071));
#6938=DIRECTION('center_axis',(0.984807753012208,-2.4120833250038E-16,0.17364817766693));
#6939=DIRECTION('ref_axis',(-0.17364817766693,2.81236735062443E-15,0.984807753012208));
#6940=DIRECTION('center_axis',(0.984807753012208,-2.4120833250038E-16,0.17364817766693));
#6941=DIRECTION('ref_axis',(0.17364817766693,6.13482208342595E-16,-0.984807753012208));
#6942=DIRECTION('',(-0.163464460883928,0.337419706835621,0.927053025164629));
#6943=DIRECTION('center_axis',(0.984807753012208,-2.4120833250038E-16,0.17364817766693));
#6944=DIRECTION('ref_axis',(-0.17364817766693,-1.99840011515905E-15,0.984807753012208));
#6945=DIRECTION('',(0.163464460884045,-0.337419706833736,-0.927053025165295));
#6946=DIRECTION('center_axis',(0.984807753012208,-2.4120833250038E-16,0.17364817766693));
#6947=DIRECTION('ref_axis',(0.17364817766693,-8.0788090658899E-16,-0.984807753012208));
#6948=DIRECTION('',(-0.163464460882771,0.337419706854199,0.927053025158071));
#6949=DIRECTION('center_axis',(0.984807753012208,-2.4120833250038E-16,0.17364817766693));
#6950=DIRECTION('ref_axis',(-0.17364817766693,9.90106946918564E-16,0.984807753012208));
#6951=DIRECTION('',(0.163464460883127,-0.337419706848487,-0.927053025160088));
#6952=DIRECTION('center_axis',(0.984807753012208,-2.4120833250038E-16,0.17364817766693));
#6953=DIRECTION('ref_axis',(0.17364817766693,6.13482208342595E-16,-0.984807753012208));
#6954=DIRECTION('',(-0.163464460883928,0.337419706835621,0.927053025164629));
#6955=DIRECTION('center_axis',(0.984807753012208,-2.4120833250038E-16,0.17364817766693));
#6956=DIRECTION('ref_axis',(-0.17364817766693,-1.99840011515905E-15,0.984807753012208));
#6957=DIRECTION('',(0.163464460884045,-0.337419706833736,-0.927053025165295));
#6958=DIRECTION('',(-0.163464460882771,-0.337419706854199,0.927053025158071));
#6959=DIRECTION('center_axis',(-0.984807753012208,2.4120833250038E-16,-0.17364817766693));
#6960=DIRECTION('ref_axis',(0.17364817766693,1.41527678597317E-15,-0.984807753012208));
#6961=DIRECTION('',(0.163464460883127,0.337419706848487,-0.927053025160088));
#6962=DIRECTION('center_axis',(-0.984807753012208,2.4120833250038E-16,-0.17364817766693));
#6963=DIRECTION('ref_axis',(-0.17364817766693,-2.7273042766414E-15,0.984807753012208));
#6964=DIRECTION('center_axis',(-0.984807753012208,2.4120833250038E-16,-0.17364817766693));
#6965=DIRECTION('ref_axis',(0.17364817766693,-6.98545282325626E-16,-0.984807753012208));
#6966=DIRECTION('',(0.163464460884045,0.337419706833736,-0.927053025165295));
#6967=DIRECTION('center_axis',(-0.984807753012208,2.4120833250038E-16,-0.17364817766693));
#6968=DIRECTION('ref_axis',(-0.17364817766693,2.08346318914208E-15,0.984807753012208));
#6969=DIRECTION('',(-0.163464460883928,-0.337419706835621,0.927053025164629));
#6970=DIRECTION('center_axis',(-0.984807753012208,2.4120833250038E-16,-0.17364817766693));
#6971=DIRECTION('ref_axis',(0.17364817766693,7.22817832605959E-16,-0.984807753012208));
#6972=DIRECTION('',(0.163464460883127,0.337419706848487,-0.927053025160088));
#6973=DIRECTION('center_axis',(-0.984807753012208,2.4120833250038E-16,-0.17364817766693));
#6974=DIRECTION('ref_axis',(-0.17364817766693,-9.05043872935533E-16,0.984807753012208));
#6975=DIRECTION('',(-0.163464460882771,-0.337419706854199,0.927053025158071));
#6976=DIRECTION('center_axis',(-0.984807753012208,2.4120833250038E-16,-0.17364817766693));
#6977=DIRECTION('ref_axis',(0.17364817766693,-6.98545282325626E-16,-0.984807753012208));
#6978=DIRECTION('',(0.163464460884045,0.337419706833736,-0.927053025165295));
#6979=DIRECTION('center_axis',(-0.984807753012208,2.4120833250038E-16,-0.17364817766693));
#6980=DIRECTION('ref_axis',(-0.17364817766693,2.08346318914208E-15,0.984807753012208));
#6981=DIRECTION('',(-0.163464460883928,-0.337419706835621,0.927053025164629));
#6982=DIRECTION('',(-0.163464460881534,-0.337419706874073,0.927053025151056));
#6983=DIRECTION('center_axis',(-0.984807753012208,2.4120833250038E-16,-0.17364817766693));
#6984=DIRECTION('ref_axis',(0.17364817766693,-4.79874033880922E-16,-0.984807753012208));
#6985=DIRECTION('',(0.163464460881545,0.337419706873895,-0.927053025151119));
#6986=DIRECTION('',(0.163464460881545,-0.337419706873895,-0.927053025151119));
#6987=DIRECTION('center_axis',(0.984807753012208,-2.4120833250038E-16,0.17364817766693));
#6988=DIRECTION('ref_axis',(0.17364817766693,3.94810959897892E-16,-0.984807753012208));
#6989=DIRECTION('',(-0.163464460882761,0.337419706854355,0.927053025158016));
#6990=DIRECTION('center_axis',(-3.01350143355631E-16,-1.,-9.94850640837382E-18));
#6991=DIRECTION('ref_axis',(-0.687951066110197,1.68499414216372E-16,0.725757074121806));
#6992=DIRECTION('',(3.01350143355631E-16,1.,9.94850640837382E-18));
#6993=DIRECTION('center_axis',(-2.30158312036775E-16,-0.93969262075,-0.342020143424326));
#6994=DIRECTION('ref_axis',(2.23072867465533E-16,-0.342020143424326,0.93969262075));
#6995=DIRECTION('center_axis',(2.30158312037289E-16,0.9396926207521,0.342020143418556));
#6996=DIRECTION('ref_axis',(-5.13351873917782E-16,-0.342020143418556,0.9396926207521));
#6997=DIRECTION('center_axis',(-2.44929359829471E-16,-1.,0.));
#6998=DIRECTION('ref_axis',(-0.966591190762306,2.36746561570217E-16,0.256322979735934));
#6999=DIRECTION('',(3.01350143355631E-16,1.,9.94850640837382E-18));
#7000=DIRECTION('center_axis',(-2.44929359829471E-16,-1.,0.));
#7001=DIRECTION('ref_axis',(-0.966591190762306,2.36746561570217E-16,0.256322979735934));
#7002=DIRECTION('center_axis',(2.30158312037289E-16,0.9396926207521,-0.342020143418556));
#7003=DIRECTION('ref_axis',(-3.45810324365201E-16,0.342020143418556,0.9396926207521));
#7004=DIRECTION('center_axis',(-2.30158312036775E-16,-0.93969262075,0.342020143424326));
#7005=DIRECTION('ref_axis',(3.90614417020941E-16,0.342020143424326,0.93969262075));
#7006=DIRECTION('center_axis',(2.30158312038618E-16,0.939692620757523,0.342020143403657));
#7007=DIRECTION('ref_axis',(4.68547781269606E-16,-0.342020143403657,0.939692620757523));
#7008=DIRECTION('center_axis',(-2.30158312038448E-16,-0.93969262075683,
-0.342020143405561));
#7009=DIRECTION('ref_axis',(-1.45139503222201E-16,-0.342020143405561,0.93969262075683));
#7010=DIRECTION('center_axis',(2.30158312038618E-16,0.939692620757523,0.342020143403657));
#7011=DIRECTION('ref_axis',(4.68547781269606E-16,-0.342020143403657,0.939692620757523));
#7012=DIRECTION('center_axis',(-2.30158312038448E-16,-0.93969262075683,
-0.342020143405561));
#7013=DIRECTION('ref_axis',(-1.45139503222201E-16,-0.342020143405561,0.93969262075683));
#7014=DIRECTION('center_axis',(2.30158312037289E-16,0.9396926207521,0.342020143418556));
#7015=DIRECTION('ref_axis',(-5.13351873917782E-16,-0.342020143418556,0.9396926207521));
#7016=DIRECTION('center_axis',(-2.30158312036775E-16,-0.93969262075,-0.342020143424326));
#7017=DIRECTION('ref_axis',(2.23072867465533E-16,-0.342020143424326,0.93969262075));
#7018=DIRECTION('center_axis',(-2.30158312036775E-16,-0.93969262075,0.342020143424326));
#7019=DIRECTION('ref_axis',(3.90614417020941E-16,0.342020143424326,0.93969262075));
#7020=DIRECTION('center_axis',(2.30158312037289E-16,0.9396926207521,-0.342020143418556));
#7021=DIRECTION('ref_axis',(-3.45810324365201E-16,0.342020143418556,0.9396926207521));
#7022=DIRECTION('center_axis',(-2.30158312038448E-16,-0.93969262075683,
0.342020143405561));
#7023=DIRECTION('ref_axis',(2.24020463240145E-17,0.342020143405561,0.93969262075683));
#7024=DIRECTION('center_axis',(2.30158312038618E-16,0.939692620757523,-0.342020143403657));
#7025=DIRECTION('ref_axis',(6.36089330814889E-16,0.342020143403657,0.939692620757523));
#7026=DIRECTION('center_axis',(-2.30158312038448E-16,-0.93969262075683,
0.342020143405561));
#7027=DIRECTION('ref_axis',(2.24020463240145E-17,0.342020143405561,0.93969262075683));
#7028=DIRECTION('center_axis',(2.30158312038618E-16,0.939692620757523,-0.342020143403657));
#7029=DIRECTION('ref_axis',(6.36089330814889E-16,0.342020143403657,0.939692620757523));
#7030=DIRECTION('center_axis',(0.984807753012208,0.,0.173648177666931));
#7031=DIRECTION('ref_axis',(4.81970512575067E-16,1.,-2.73339060555879E-15));
#7032=DIRECTION('',(0.984807753012208,0.,0.173648177666931));
#7033=DIRECTION('center_axis',(0.984807753012208,7.58027272097258E-30,0.173648177666931));
#7034=DIRECTION('ref_axis',(4.81970512575059E-16,1.,-2.73339060555879E-15));
#7035=DIRECTION('',(0.984807753012208,0.,0.173648177666931));
#7036=DIRECTION('center_axis',(0.984807753012208,0.,0.173648177666931));
#7037=DIRECTION('ref_axis',(-0.173648177666931,0.,0.984807753012208));
#7038=DIRECTION('',(0.984807753012208,0.,0.173648177666931));
#7039=DIRECTION('center_axis',(0.984807753012208,-2.46519032881563E-31,
0.17364817766693));
#7040=DIRECTION('ref_axis',(-0.17364817766693,0.,0.984807753012208));
#7041=DIRECTION('',(0.984807753012208,0.,0.173648177666931));
#7042=DIRECTION('center_axis',(-0.173648177666931,0.,0.984807753012208));
#7043=DIRECTION('ref_axis',(0.,-1.,0.));
#7044=DIRECTION('',(0.,1.,0.));
#7045=DIRECTION('center_axis',(0.,1.,0.));
#7046=DIRECTION('ref_axis',(-0.173648177666931,0.,0.984807753012208));
#7047=DIRECTION('',(0.173648177666931,0.,-0.984807753012208));
#7048=DIRECTION('',(0.984807753012208,0.,0.173648177666931));
#7049=DIRECTION('center_axis',(0.984807753012208,0.,0.173648177666931));
#7050=DIRECTION('ref_axis',(0.,1.,0.));
#7051=DIRECTION('',(-0.17364817766693,0.,0.984807753012208));
#7052=DIRECTION('center_axis',(0.984807753012208,-1.54424540939732E-15,
0.17364817766693));
#7053=DIRECTION('ref_axis',(-1.520784851728E-15,-1.,-2.68155401212368E-16));
#7054=DIRECTION('',(-5.85920602880419E-16,-1.,1.51167202778324E-16));
#7055=DIRECTION('center_axis',(0.984807753012208,-6.17698163758927E-16,
0.173648177666931));
#7056=DIRECTION('ref_axis',(0.173648177666931,-9.51714712141061E-47,-0.984807753012208));
#7057=DIRECTION('',(0.173648177666931,0.,-0.984807753012208));
#7058=DIRECTION('center_axis',(-0.984807753012208,0.,-0.17364817766693));
#7059=DIRECTION('ref_axis',(-0.17364817766693,0.,0.984807753012208));
#7060=DIRECTION('center_axis',(-0.984807753012208,-9.55261252416068E-30,
-0.17364817766693));
#7061=DIRECTION('ref_axis',(9.63941025150119E-16,1.,-5.46678121111759E-15));
#7062=DIRECTION('',(-0.173648177666931,0.,0.984807753012208));
#7063=DIRECTION('center_axis',(0.984807753012208,0.,0.173648177666931));
#7064=DIRECTION('ref_axis',(0.17364817766693,0.,-0.984807753012208));
#7065=DIRECTION('',(-5.77216846445655E-16,-1.,1.01805747147466E-16));
#7066=DIRECTION('center_axis',(0.984807753012208,0.,0.173648177666931));
#7067=DIRECTION('ref_axis',(0.,-1.,-6.16297582203915E-31));
#7068=DIRECTION('center_axis',(-2.44929359829471E-16,-1.,0.));
#7069=DIRECTION('ref_axis',(0.,0.,-1.));
#7070=DIRECTION('center_axis',(2.44929359829471E-16,1.,0.));
#7071=DIRECTION('ref_axis',(0.823718942061343,-2.01752953158494E-16,0.566998328471382));
#7072=DIRECTION('center_axis',(0.,0.,-1.));
#7073=DIRECTION('ref_axis',(2.44929359829471E-16,1.,0.));
#7074=DIRECTION('center_axis',(-2.44929359829471E-16,-1.,0.));
#7075=DIRECTION('ref_axis',(0.823718942061343,-2.01752953158494E-16,0.566998328471382));
#7076=DIRECTION('center_axis',(0.934094526557994,-2.28787174410062E-16,
-0.357025791021317));
#7077=DIRECTION('ref_axis',(2.44929359829471E-16,1.,0.));
#7078=DIRECTION('center_axis',(-3.03104333453179E-16,-1.,1.05178425553125E-32));
#7079=DIRECTION('ref_axis',(0.823718942061343,-2.01752953158494E-16,0.566998328471382));
#7080=DIRECTION('center_axis',(2.44929359829471E-16,1.,0.));
#7081=DIRECTION('ref_axis',(0.823718942061343,-2.01752953158494E-16,0.566998328471382));
#7082=DIRECTION('',(-5.20741691636155E-16,1.,-1.05178425553125E-32));
#7083=DIRECTION('center_axis',(2.44929359829471E-16,1.,0.));
#7084=DIRECTION('ref_axis',(0.,0.,-1.));
#7085=DIRECTION('center_axis',(0.,0.,1.));
#7086=DIRECTION('ref_axis',(-2.44929359829471E-16,-1.,0.));
#7087=DIRECTION('center_axis',(-0.934094526557994,2.28787174410062E-16,
0.357025791021317));
#7088=DIRECTION('ref_axis',(-2.44929359829471E-16,-1.,0.));
#7089=DIRECTION('center_axis',(-2.44929359829471E-16,-1.,0.));
#7090=DIRECTION('ref_axis',(0.823718942061343,-2.01752953158494E-16,0.566998328471382));
#7091=DIRECTION('center_axis',(0.,0.,-1.));
#7092=DIRECTION('ref_axis',(0.707106781186541,-0.707106781186554,0.));
#7093=DIRECTION('center_axis',(0.,0.,-1.));
#7094=DIRECTION('ref_axis',(0.707106781186541,-0.707106781186554,0.));
#7095=DIRECTION('',(0.,0.,-1.));
#7096=DIRECTION('',(0.,0.,1.));
#7097=DIRECTION('center_axis',(2.44929359829471E-16,1.,0.));
#7098=DIRECTION('ref_axis',(0.,0.,1.));
#7099=DIRECTION('center_axis',(2.44929359829471E-16,1.,0.));
#7100=DIRECTION('ref_axis',(-0.966591190762306,2.36746561570217E-16,0.256322979735934));
#7101=DIRECTION('center_axis',(-0.638821316947472,1.56466096205364E-16,
-0.769355135820576));
#7102=DIRECTION('ref_axis',(2.44929359829471E-16,1.,0.));
#7103=DIRECTION('center_axis',(0.173648177666932,-4.25315369915158E-17,
-0.984807753012208));
#7104=DIRECTION('ref_axis',(2.44929359829471E-16,1.,0.));
#7105=DIRECTION('center_axis',(-2.44929359829471E-16,-1.,0.));
#7106=DIRECTION('ref_axis',(0.,0.,-1.));
#7107=DIRECTION('',(-1.,2.44929359829471E-16,0.));
#7108=DIRECTION('',(0.,0.,1.));
#7109=DIRECTION('center_axis',(-2.44929359829471E-16,-1.,0.));
#7110=DIRECTION('ref_axis',(0.940572999777417,-2.30373942708368E-16,-0.339591566576248));
#7111=DIRECTION('',(-0.17364817766693,4.25315369915154E-17,0.984807753012208));
#7112=DIRECTION('center_axis',(2.44929359829471E-16,1.,0.));
#7113=DIRECTION('ref_axis',(-0.771167282344648,1.88881508786107E-16,-0.636632564860745));
#7114=DIRECTION('',(0.,0.,1.));
#7115=DIRECTION('',(1.,-2.44929359829471E-16,0.));
#7116=DIRECTION('',(0.,0.,-1.));
#7117=DIRECTION('',(-1.,2.44929359829471E-16,0.));
#7118=DIRECTION('center_axis',(2.44929359829471E-16,1.,0.));
#7119=DIRECTION('ref_axis',(0.766044443118979,-1.87626775054055E-16,-0.642787609686539));
#7120=DIRECTION('center_axis',(0.,0.,1.));
#7121=DIRECTION('ref_axis',(-1.,2.44929359829471E-16,0.));
#7122=DIRECTION('center_axis',(0.,0.,1.));
#7123=DIRECTION('ref_axis',(-1.,2.44929359829471E-16,0.));
#7124=DIRECTION('center_axis',(0.,0.,1.));
#7125=DIRECTION('ref_axis',(-1.,2.44929359829471E-16,0.));
#7126=DIRECTION('',(0.,0.,-1.));
#7127=DIRECTION('center_axis',(0.,0.,-1.));
#7128=DIRECTION('ref_axis',(-1.,2.44929359829471E-16,0.));
#7129=DIRECTION('center_axis',(0.,0.,1.));
#7130=DIRECTION('ref_axis',(-1.,2.44929359829471E-16,0.));
#7131=DIRECTION('center_axis',(0.,0.,-1.));
#7132=DIRECTION('ref_axis',(-1.,2.44929359829471E-16,0.));
#7133=DIRECTION('center_axis',(0.,0.,1.));
#7134=DIRECTION('ref_axis',(-1.,2.44929359829471E-16,0.));
#7135=DIRECTION('',(0.,0.,-1.));
#7136=DIRECTION('center_axis',(0.,0.,1.));
#7137=DIRECTION('ref_axis',(-1.,2.44929359829471E-16,0.));
#7138=DIRECTION('center_axis',(0.,0.,1.));
#7139=DIRECTION('ref_axis',(1.,-2.44929359829471E-16,0.));
#7140=DIRECTION('',(-1.,2.44929359829471E-16,0.));
#7141=DIRECTION('center_axis',(0.,0.,1.));
#7142=DIRECTION('ref_axis',(0.707106781186544,-0.707106781186551,0.));
#7143=DIRECTION('',(2.44929359829471E-16,1.,0.));
#7144=DIRECTION('center_axis',(0.,0.,-1.));
#7145=DIRECTION('ref_axis',(0.707106781186545,0.70710678118655,0.));
#7146=DIRECTION('center_axis',(0.,0.,1.));
#7147=DIRECTION('ref_axis',(-1.,2.44929359829471E-16,0.));
#7148=DIRECTION('center_axis',(2.30158312036775E-16,0.93969262075,-0.342020143424326));
#7149=DIRECTION('ref_axis',(8.37707747777039E-17,0.342020143424326,0.93969262075));
#7150=DIRECTION('',(1.,-2.44929359829471E-16,0.));
#7151=DIRECTION('',(-1.,2.44929359829471E-16,0.));
#7152=DIRECTION('center_axis',(-2.44929359829471E-16,-1.,0.));
#7153=DIRECTION('ref_axis',(0.,0.,1.));
#7154=DIRECTION('center_axis',(2.44929359829471E-16,1.,0.));
#7155=DIRECTION('ref_axis',(-0.966591190762306,2.36746561570217E-16,0.256322979735934));
#7156=DIRECTION('center_axis',(-0.173648177666932,4.25315369915158E-17,
0.984807753012208));
#7157=DIRECTION('ref_axis',(-2.44929359829471E-16,-1.,0.));
#7158=DIRECTION('center_axis',(0.638821316947472,-1.56466096205364E-16,
0.769355135820576));
#7159=DIRECTION('ref_axis',(-2.44929359829471E-16,-1.,0.));
#7160=DIRECTION('center_axis',(-2.44929359829471E-16,-1.,0.));
#7161=DIRECTION('ref_axis',(0.,0.,-1.));
#7162=DIRECTION('center_axis',(2.44929359829471E-16,1.,0.));
#7163=DIRECTION('ref_axis',(0.766044443118979,-1.87626775054055E-16,-0.642787609686539));
#7164=DIRECTION('',(-1.,2.44929359829471E-16,0.));
#7165=DIRECTION('',(0.,0.,-1.));
#7166=DIRECTION('',(1.,-2.44929359829471E-16,0.));
#7167=DIRECTION('center_axis',(2.44929359829471E-16,1.,0.));
#7168=DIRECTION('ref_axis',(-0.771167282344648,1.88881508786107E-16,-0.636632564860745));
#7169=DIRECTION('',(-0.17364817766693,4.25315369915154E-17,0.984807753012208));
#7170=DIRECTION('center_axis',(-2.44929359829471E-16,-1.,0.));
#7171=DIRECTION('ref_axis',(0.940572999777417,-2.30373942708368E-16,-0.339591566576248));
#7172=DIRECTION('',(0.,0.,1.));
#7173=DIRECTION('center_axis',(-2.30158312037289E-16,-0.9396926207521,-0.342020143418556));
#7174=DIRECTION('ref_axis',(8.37707747762907E-17,0.342020143418556,-0.9396926207521));
#7175=DIRECTION('',(-1.,2.44929359829471E-16,0.));
#7176=DIRECTION('',(1.,-2.44929359829471E-16,0.));
#7177=DIRECTION('center_axis',(2.30158312038448E-16,0.93969262075683,0.342020143405561));
#7178=DIRECTION('ref_axis',(-8.37707747731079E-17,-0.342020143405561,0.93969262075683));
#7179=DIRECTION('',(1.,-2.44929359829471E-16,0.));
#7180=DIRECTION('',(-1.,2.44929359829471E-16,0.));
#7181=DIRECTION('center_axis',(2.30158312038448E-16,0.93969262075683,0.342020143405561));
#7182=DIRECTION('ref_axis',(-8.37707747731079E-17,-0.342020143405561,0.93969262075683));
#7183=DIRECTION('',(1.,-2.44929359829471E-16,0.));
#7184=DIRECTION('',(-1.,2.44929359829471E-16,0.));
#7185=DIRECTION('center_axis',(2.30158312036775E-16,0.93969262075,0.342020143424326));
#7186=DIRECTION('ref_axis',(-8.37707747777039E-17,-0.342020143424326,0.93969262075));
#7187=DIRECTION('',(-1.,2.44929359829471E-16,0.));
#7188=DIRECTION('',(1.,-2.44929359829471E-16,0.));
#7189=DIRECTION('center_axis',(2.30158312036775E-16,0.93969262075,0.342020143424326));
#7190=DIRECTION('ref_axis',(-8.37707747777039E-17,-0.342020143424326,0.93969262075));
#7191=DIRECTION('',(1.,-2.44929359829471E-16,0.));
#7192=DIRECTION('',(-1.,2.44929359829471E-16,0.));
#7193=DIRECTION('center_axis',(-2.30158312037289E-16,-0.9396926207521,0.342020143418556));
#7194=DIRECTION('ref_axis',(-8.37707747762907E-17,-0.342020143418556,-0.9396926207521));
#7195=DIRECTION('',(1.,-2.44929359829471E-16,0.));
#7196=DIRECTION('',(-1.,2.44929359829471E-16,0.));
#7197=DIRECTION('center_axis',(2.30158312038448E-16,0.93969262075683,-0.342020143405561));
#7198=DIRECTION('ref_axis',(8.37707747731079E-17,0.342020143405561,0.93969262075683));
#7199=DIRECTION('',(1.,-2.44929359829471E-16,0.));
#7200=DIRECTION('',(-1.,2.44929359829471E-16,0.));
#7201=DIRECTION('center_axis',(-1.,2.44929359829471E-16,0.));
#7202=DIRECTION('ref_axis',(1.40485709360112E-16,0.573576436315859,-0.81915204431363));
#7203=DIRECTION('',(1.,-2.44929359829471E-16,0.));
#7204=DIRECTION('',(-1.,2.44929359829471E-16,0.));
#7205=DIRECTION('center_axis',(2.30158312038448E-16,0.93969262075683,-0.342020143405561));
#7206=DIRECTION('ref_axis',(8.37707747731079E-17,0.342020143405561,0.93969262075683));
#7207=DIRECTION('',(-1.,2.44929359829471E-16,0.));
#7208=DIRECTION('center_axis',(-1.,2.44929359829471E-16,0.));
#7209=DIRECTION('ref_axis',(1.40485709360112E-16,0.573576436315859,-0.81915204431363));
#7210=DIRECTION('',(-1.,2.44929359829471E-16,0.));
#7211=DIRECTION('center_axis',(2.30158312036775E-16,0.93969262075,-0.342020143424326));
#7212=DIRECTION('ref_axis',(8.37707747777039E-17,0.342020143424326,0.93969262075));
#7213=DIRECTION('',(1.,-2.44929359829471E-16,0.));
#7214=DIRECTION('',(-1.,2.44929359829471E-16,0.));
#7215=DIRECTION('center_axis',(0.,1.,0.));
#7216=DIRECTION('ref_axis',(0.17364817766693,0.,-0.984807753012208));
#7217=DIRECTION('',(-0.984807753012208,0.,-0.17364817766693));
#7218=DIRECTION('',(-0.984807753012208,0.,-0.17364817766693));
#7219=DIRECTION('center_axis',(-1.,2.44929359829471E-16,0.));
#7220=DIRECTION('ref_axis',(1.40485709356501E-16,0.573576436301114,-0.819152044323954));
#7221=DIRECTION('',(1.,-2.44929359829471E-16,0.));
#7222=DIRECTION('',(-1.,2.44929359829471E-16,0.));
#7223=DIRECTION('center_axis',(-1.,2.44929359829471E-16,0.));
#7224=DIRECTION('ref_axis',(2.00634385818178E-16,0.819152044319502,0.573576436307472));
#7225=DIRECTION('center_axis',(1.,-2.44929359829471E-16,0.));
#7226=DIRECTION('ref_axis',(-2.00634385818178E-16,-0.819152044319502,0.573576436307472));
#7227=DIRECTION('center_axis',(-2.30158312038618E-16,-0.939692620757523,
-0.342020143403657));
#7228=DIRECTION('ref_axis',(8.37707747726415E-17,0.342020143403657,-0.939692620757523));
#7229=DIRECTION('',(1.,-2.44929359829471E-16,0.));
#7230=DIRECTION('',(-1.,2.44929359829471E-16,0.));
#7231=DIRECTION('center_axis',(1.,-2.44929359829471E-16,0.));
#7232=DIRECTION('ref_axis',(1.40485709360272E-16,0.573576436316511,0.819152044313174));
#7233=DIRECTION('center_axis',(-2.30158312038618E-16,-0.939692620757523,
-0.342020143403657));
#7234=DIRECTION('ref_axis',(8.37707747726415E-17,0.342020143403657,-0.939692620757523));
#7235=DIRECTION('',(1.,-2.44929359829471E-16,0.));
#7236=DIRECTION('',(-1.,2.44929359829471E-16,0.));
#7237=DIRECTION('center_axis',(1.,-2.44929359829471E-16,0.));
#7238=DIRECTION('ref_axis',(1.40485709360272E-16,0.573576436316511,0.819152044313174));
#7239=DIRECTION('center_axis',(-2.30158312037289E-16,-0.9396926207521,-0.342020143418556));
#7240=DIRECTION('ref_axis',(8.37707747762907E-17,0.342020143418556,-0.9396926207521));
#7241=DIRECTION('',(1.,-2.44929359829471E-16,0.));
#7242=DIRECTION('',(1.,-2.44929359829471E-16,0.));
#7243=DIRECTION('center_axis',(1.,-2.44929359829471E-16,0.));
#7244=DIRECTION('ref_axis',(1.40485709358679E-16,0.573576436310007,0.819152044317727));
#7245=DIRECTION('center_axis',(-1.,2.44929359829471E-16,0.));
#7246=DIRECTION('ref_axis',(-1.40485709360272E-16,-0.573576436316511,0.819152044313174));
#7247=DIRECTION('',(1.,-2.44929359829471E-16,0.));
#7248=DIRECTION('center_axis',(-1.,2.44929359829471E-16,0.));
#7249=DIRECTION('ref_axis',(-1.40485709360272E-16,-0.573576436316511,0.819152044313174));
#7250=DIRECTION('',(1.,-2.44929359829471E-16,0.));
#7251=DIRECTION('center_axis',(-1.,2.44929359829471E-16,0.));
#7252=DIRECTION('ref_axis',(-1.40485709358679E-16,-0.573576436310007,0.819152044317727));
#7253=DIRECTION('',(1.,-2.44929359829471E-16,0.));
#7254=DIRECTION('center_axis',(0.,0.,-1.));
#7255=DIRECTION('ref_axis',(-1.,2.44929359829471E-16,0.));
#7256=DIRECTION('center_axis',(0.,0.,-1.));
#7257=DIRECTION('ref_axis',(-1.,2.44929359829471E-16,0.));
#7258=DIRECTION('',(0.,0.,-1.));
#7259=DIRECTION('center_axis',(0.,0.,-1.));
#7260=DIRECTION('ref_axis',(-1.,2.44929359829471E-16,0.));
#7261=DIRECTION('center_axis',(2.44929359829471E-16,1.,0.));
#7262=DIRECTION('ref_axis',(0.,0.,-1.));
#7263=DIRECTION('center_axis',(0.,0.,1.));
#7264=DIRECTION('ref_axis',(-2.44929359829471E-16,-1.,0.));
#7265=DIRECTION('center_axis',(2.44929359829471E-16,1.,0.));
#7266=DIRECTION('ref_axis',(0.940572999777418,-2.30373942708368E-16,-0.339591566576248));
#7267=DIRECTION('center_axis',(0.,0.,-1.));
#7268=DIRECTION('ref_axis',(0.707106781186544,-0.707106781186551,0.));
#7269=DIRECTION('',(0.,0.,-1.));
#7270=DIRECTION('center_axis',(-1.,2.44929359829471E-16,0.));
#7271=DIRECTION('ref_axis',(2.30158312034974E-16,0.939692620742648,-0.342020143444525));
#7272=DIRECTION('',(1.,-2.44929359829471E-16,0.));
#7273=DIRECTION('center_axis',(-2.30158312037289E-16,-0.9396926207521,0.342020143418556));
#7274=DIRECTION('ref_axis',(-8.37707747762907E-17,-0.342020143418556,-0.9396926207521));
#7275=DIRECTION('center_axis',(-2.30158312038618E-16,-0.939692620757523,
0.342020143403657));
#7276=DIRECTION('ref_axis',(-8.37707747726415E-17,-0.342020143403657,-0.939692620757523));
#7277=DIRECTION('center_axis',(-2.30158312038618E-16,-0.939692620757523,
0.342020143403657));
#7278=DIRECTION('ref_axis',(-8.37707747726415E-17,-0.342020143403657,-0.939692620757523));
#7279=DIRECTION('center_axis',(-2.44929359829471E-16,-1.,0.));
#7280=DIRECTION('ref_axis',(0.,0.,-1.));
#7281=DIRECTION('center_axis',(0.,0.,-1.));
#7282=DIRECTION('ref_axis',(2.44929359829471E-16,1.,0.));
#7283=DIRECTION('center_axis',(2.44929359829471E-16,1.,0.));
#7284=DIRECTION('ref_axis',(0.940572999777418,-2.30373942708368E-16,-0.339591566576248));
#7285=DIRECTION('center_axis',(0.,0.,1.));
#7286=DIRECTION('ref_axis',(0.707106781186545,0.70710678118655,0.));
#7287=DIRECTION('',(0.,0.,-1.));
#7288=DIRECTION('center_axis',(-3.01350143355631E-16,-1.,-9.94850640837382E-18));
#7289=DIRECTION('ref_axis',(0.940572999777418,-2.30373942708368E-16,-0.339591566576247));
#7290=DIRECTION('',(-2.44929359829471E-16,-1.,-9.94850640837382E-18));
#7291=DIRECTION('center_axis',(-1.,2.44929359829471E-16,0.));
#7292=DIRECTION('ref_axis',(-2.44929359829471E-16,-1.,0.));
#7293=DIRECTION('center_axis',(1.,-2.44929359829471E-16,0.));
#7294=DIRECTION('ref_axis',(-2.30158312034974E-16,-0.939692620742648,-0.342020143444525));
#7295=DIRECTION('center_axis',(1.,-2.44929359829471E-16,0.));
#7296=DIRECTION('ref_axis',(-1.40485709360112E-16,-0.573576436315859,-0.81915204431363));
#7297=DIRECTION('center_axis',(1.,-2.44929359829471E-16,0.));
#7298=DIRECTION('ref_axis',(-1.40485709360112E-16,-0.573576436315859,-0.81915204431363));
#7299=DIRECTION('center_axis',(1.,-2.44929359829471E-16,0.));
#7300=DIRECTION('ref_axis',(-1.40485709356139E-16,-0.573576436299638,-0.819152044324988));
#7301=DIRECTION('',(-1.,2.44929359829471E-16,0.));
#7302=DIRECTION('',(1.,-2.44929359829471E-16,0.));
#7303=DIRECTION('center_axis',(2.30158312035051E-16,0.939692620742961,0.342020143443666));
#7304=DIRECTION('ref_axis',(-8.37707747824408E-17,-0.342020143443666,0.939692620742961));
#7305=DIRECTION('center_axis',(-2.30158312035051E-16,-0.939692620742961,
-0.342020143443666));
#7306=DIRECTION('ref_axis',(3.44587870687238E-16,0.342020143443666,-0.939692620742961));
#7307=DIRECTION('',(-1.,2.44929359829471E-16,0.));
#7308=DIRECTION('center_axis',(-2.30158312034937E-16,-0.939692620742497,
-0.34202014344494));
#7309=DIRECTION('ref_axis',(8.37707747827528E-17,0.34202014344494,-0.939692620742497));
#7310=DIRECTION('',(1.,-2.44929359829471E-16,0.));
#7311=DIRECTION('',(1.,-2.44929359829471E-16,0.));
#7312=DIRECTION('center_axis',(-2.30158312035002E-16,-0.939692620742759,
-0.34202014344422));
#7313=DIRECTION('ref_axis',(8.37707747825765E-17,0.34202014344422,-0.939692620742759));
#7314=DIRECTION('',(1.,-2.44929359829471E-16,0.));
#7315=DIRECTION('',(-1.,2.44929359829471E-16,0.));
#7316=DIRECTION('center_axis',(1.,-2.44929359829471E-16,0.));
#7317=DIRECTION('ref_axis',(1.4048570935613E-16,0.573576436299598,0.819152044325016));
#7318=DIRECTION('',(1.,-2.44929359829471E-16,0.));
#7319=DIRECTION('center_axis',(-2.30158312035078E-16,-0.939692620743069,
-0.342020143443368));
#7320=DIRECTION('ref_axis',(8.37707747823678E-17,0.342020143443368,-0.939692620743069));
#7321=DIRECTION('center_axis',(2.30158312035078E-16,0.939692620743069,0.342020143443368));
#7322=DIRECTION('ref_axis',(2.5764883871892E-16,0.342020143443368,-0.939692620743069));
#7323=DIRECTION('center_axis',(-2.30158312037349E-16,-0.939692620752342,
-0.342020143417892));
#7324=DIRECTION('ref_axis',(8.3770774776128E-17,0.342020143417892,-0.939692620752342));
#7325=DIRECTION('',(1.,-2.44929359829471E-16,0.));
#7326=DIRECTION('center_axis',(2.30158312037349E-16,0.939692620752342,0.342020143417892));
#7327=DIRECTION('ref_axis',(4.31526902652663E-16,0.342020143417892,-0.939692620752342));
#7328=DIRECTION('',(-1.,2.44929359829471E-16,0.));
#7329=DIRECTION('center_axis',(1.,-2.44929359829471E-16,0.));
#7330=DIRECTION('ref_axis',(-1.40485709356044E-16,-0.573576436299247,-0.819152044325262));
#7331=DIRECTION('',(-1.,2.44929359829471E-16,0.));
#7332=DIRECTION('',(1.,-2.44929359829471E-16,0.));
#7333=DIRECTION('center_axis',(2.30158312034992E-16,0.939692620742719,0.342020143444332));
#7334=DIRECTION('ref_axis',(-8.37707747826039E-17,-0.342020143444332,0.939692620742719));
#7335=DIRECTION('center_axis',(-2.30158312034992E-16,-0.939692620742719,
-0.342020143444332));
#7336=DIRECTION('ref_axis',(5.18465934623821E-16,0.342020143444332,-0.939692620742719));
#7337=DIRECTION('',(-1.,2.44929359829471E-16,0.));
#7338=DIRECTION('center_axis',(2.30158312034957E-16,0.939692620742575,0.342020143444725));
#7339=DIRECTION('ref_axis',(-8.37707747827002E-17,-0.342020143444725,0.939692620742575));
#7340=DIRECTION('',(1.,-2.44929359829471E-16,0.));
#7341=DIRECTION('',(-1.,2.44929359829471E-16,0.));
#7342=DIRECTION('center_axis',(-2.30158312035002E-16,-0.939692620742759,
-0.34202014344422));
#7343=DIRECTION('ref_axis',(8.37707747825765E-17,0.34202014344422,-0.939692620742759));
#7344=DIRECTION('',(-1.,2.44929359829471E-16,0.));
#7345=DIRECTION('center_axis',(1.,-2.44929359829471E-16,0.));
#7346=DIRECTION('ref_axis',(-1.40485709357993E-16,-0.573576436307204,-0.81915204431969));
#7347=DIRECTION('center_axis',(1.,-2.44929359829471E-16,0.));
#7348=DIRECTION('ref_axis',(-1.40485709356054E-16,-0.573576436299289,-0.819152044325232));
#7349=DIRECTION('',(1.,-2.44929359829471E-16,0.));
#7350=DIRECTION('center_axis',(2.30158312034986E-16,0.939692620742694,0.3420201434444));
#7351=DIRECTION('ref_axis',(-8.37707747826207E-17,-0.3420201434444,0.939692620742694));
#7352=DIRECTION('center_axis',(1.,-2.44929359829471E-16,0.));
#7353=DIRECTION('ref_axis',(2.00634385819624E-16,0.819152044325405,-0.573576436299043));
#7354=DIRECTION('',(-1.,2.44929359829471E-16,0.));
#7355=DIRECTION('center_axis',(1.,-2.44929359829471E-16,0.));
#7356=DIRECTION('ref_axis',(1.40485709355986E-16,0.57357643629901,0.819152044325428));
#7357=DIRECTION('',(1.,-2.44929359829471E-16,0.));
#7358=DIRECTION('center_axis',(-2.30158312034937E-16,-0.939692620742497,
-0.34202014344494));
#7359=DIRECTION('ref_axis',(8.37707747827528E-17,0.34202014344494,-0.939692620742497));
#7360=DIRECTION('center_axis',(1.,-2.44929359829471E-16,0.));
#7361=DIRECTION('ref_axis',(-2.00634385819614E-16,-0.819152044325364,0.573576436299101));
#7362=DIRECTION('',(-1.,2.44929359829471E-16,0.));
#7363=DIRECTION('center_axis',(1.,-2.44929359829471E-16,0.));
#7364=DIRECTION('ref_axis',(1.40485709355832E-16,0.573576436298384,0.819152044325866));
#7365=DIRECTION('',(1.,-2.44929359829471E-16,0.));
#7366=DIRECTION('center_axis',(-2.30158312034903E-16,-0.939692620742355,
-0.342020143445331));
#7367=DIRECTION('ref_axis',(8.37707747828486E-17,0.342020143445331,-0.939692620742355));
#7368=DIRECTION('center_axis',(2.30158312034903E-16,0.939692620742355,0.342020143445331));
#7369=DIRECTION('ref_axis',(-9.01072891535709E-17,0.342020143445331,-0.939692620742355));
#7370=DIRECTION('center_axis',(1.,-2.44929359829471E-16,0.));
#7371=DIRECTION('ref_axis',(-1.40485709356054E-16,-0.573576436299289,-0.819152044325232));
#7372=DIRECTION('',(1.,-2.44929359829471E-16,0.));
#7373=DIRECTION('center_axis',(2.30158312034986E-16,0.939692620742694,0.3420201434444));
#7374=DIRECTION('ref_axis',(-8.37707747826207E-17,-0.3420201434444,0.939692620742694));
#7375=DIRECTION('',(-1.,2.44929359829471E-16,0.));
#7376=DIRECTION('center_axis',(1.,-2.44929359829471E-16,0.));
#7377=DIRECTION('ref_axis',(-2.00634385819688E-16,-0.819152044325669,0.573576436298666));
#7378=DIRECTION('center_axis',(1.,-2.44929359829471E-16,0.));
#7379=DIRECTION('ref_axis',(-1.40485709356501E-16,-0.573576436301114,-0.819152044323954));
#7380=DIRECTION('',(1.,-2.44929359829471E-16,0.));
#7381=DIRECTION('center_axis',(2.30158312035577E-16,0.939692620745109,0.342020143437766));
#7382=DIRECTION('ref_axis',(-8.37707747809957E-17,-0.342020143437766,0.939692620745108));
#7383=DIRECTION('center_axis',(-2.30158312035577E-16,-0.939692620745109,
-0.342020143437766));
#7384=DIRECTION('ref_axis',(-2.63985353092862E-16,0.342020143437766,-0.939692620745109));
#7385=DIRECTION('',(-1.,2.44929359829471E-16,0.));
#7386=DIRECTION('center_axis',(1.,-2.44929359829471E-16,0.));
#7387=DIRECTION('ref_axis',(-2.00634385819079E-16,-0.819152044323181,0.573576436302219));
#7388=DIRECTION('center_axis',(1.,-2.44929359829471E-16,0.));
#7389=DIRECTION('ref_axis',(8.37707772077649E-17,0.342020153345803,-0.939692617138878));
#7390=DIRECTION('',(1.,-2.44929359829471E-16,0.));
#7391=DIRECTION('center_axis',(2.30158312034957E-16,0.939692620742575,0.342020143444725));
#7392=DIRECTION('ref_axis',(-8.37707747827002E-17,-0.342020143444725,0.939692620742575));
#7393=DIRECTION('center_axis',(2.44929359829471E-16,1.,0.));
#7394=DIRECTION('ref_axis',(0.766044443118979,-1.87626775054055E-16,-0.642787609686539));
#7395=DIRECTION('',(-2.44929359829471E-16,-1.,0.));
#7396=DIRECTION('center_axis',(2.30158312035078E-16,0.939692620743069,-0.342020143443368));
#7397=DIRECTION('ref_axis',(9.01072891541839E-17,-0.342020143443368,-0.939692620743069));
#7398=DIRECTION('center_axis',(-2.30158312035051E-16,-0.939692620742961,
0.342020143443666));
#7399=DIRECTION('ref_axis',(1.77046321122357E-16,-0.342020143443666,-0.939692620742961));
#7400=DIRECTION('center_axis',(2.30158312034903E-16,0.939692620742355,-0.342020143445331));
#7401=DIRECTION('ref_axis',(-2.57648838719268E-16,-0.342020143445331,-0.939692620742355));
#7402=DIRECTION('center_axis',(-2.30158312034992E-16,-0.939692620742719,
0.342020143444332));
#7403=DIRECTION('ref_axis',(3.50924385058613E-16,-0.342020143444332,-0.939692620742719));
#7404=DIRECTION('center_axis',(2.30158312037349E-16,0.939692620752342,-0.342020143417892));
#7405=DIRECTION('ref_axis',(2.63985353100407E-16,-0.342020143417892,-0.939692620752342));
#7406=DIRECTION('center_axis',(-2.30158312035577E-16,-0.939692620745109,
0.342020143437766));
#7407=DIRECTION('ref_axis',(-4.31526902654854E-16,-0.342020143437766,-0.939692620745109));
#7408=DIRECTION('center_axis',(0.,0.,-1.));
#7409=DIRECTION('ref_axis',(-0.707106781186241,0.707106781186854,0.));
#7410=DIRECTION('center_axis',(0.,0.,1.));
#7411=DIRECTION('ref_axis',(-0.707106781186241,0.707106781186854,0.));
#7412=DIRECTION('',(0.,0.,1.));
#7413=DIRECTION('center_axis',(0.,0.,-1.));
#7414=DIRECTION('ref_axis',(-0.707106781186241,0.707106781186854,0.));
#7415=DIRECTION('center_axis',(0.,0.,1.));
#7416=DIRECTION('ref_axis',(1.,-2.44929359829471E-16,0.));
#7417=DIRECTION('',(-8.57250871508842E-13,-1.,0.));
#7418=DIRECTION('center_axis',(0.,0.,1.));
#7419=DIRECTION('ref_axis',(-0.707106781186241,-0.707106781186854,0.));
#7420=DIRECTION('center_axis',(0.,0.,-1.));
#7421=DIRECTION('ref_axis',(1.,-2.44929359829471E-16,0.));
#7422=DIRECTION('center_axis',(0.,0.,1.));
#7423=DIRECTION('ref_axis',(1.,-2.44929359829471E-16,0.));
#7424=DIRECTION('center_axis',(0.,0.,-1.));
#7425=DIRECTION('ref_axis',(1.,-2.44929359829471E-16,0.));
#7426=DIRECTION('center_axis',(-1.,8.57250871508842E-13,0.));
#7427=DIRECTION('ref_axis',(-8.57250871508842E-13,-1.,0.));
#7428=DIRECTION('',(-8.57250871508842E-13,-1.,0.));
#7429=DIRECTION('',(0.,0.,1.));
#7430=DIRECTION('center_axis',(1.,5.20741691636155E-16,0.));
#7431=DIRECTION('ref_axis',(-5.20741691636155E-16,1.,0.));
#7432=DIRECTION('',(0.,0.,-1.));
#7433=DIRECTION('',(1.0106004112951E-15,1.,0.));
#7434=DIRECTION('center_axis',(0.,0.,1.));
#7435=DIRECTION('ref_axis',(1.,-2.44929359829471E-16,0.));
#7436=DIRECTION('',(0.,0.,-1.));
#7437=DIRECTION('center_axis',(0.,0.,-1.));
#7438=DIRECTION('ref_axis',(1.,-2.44929359829471E-16,0.));
#7439=DIRECTION('center_axis',(0.,0.,1.));
#7440=DIRECTION('ref_axis',(1.,-2.44929359829471E-16,0.));
#7441=DIRECTION('',(0.,0.,-1.));
#7442=DIRECTION('center_axis',(0.,0.,1.));
#7443=DIRECTION('ref_axis',(1.,-2.44929359829471E-16,0.));
#7444=DIRECTION('center_axis',(-0.17364817766693,4.25315369915154E-17,0.984807753012208));
#7445=DIRECTION('ref_axis',(0.696364240320015,0.707106781186552,0.122787803968973));
#7446=DIRECTION('center_axis',(0.17364817766693,-4.25315369915152E-17,-0.984807753012208));
#7447=DIRECTION('ref_axis',(2.44929359829471E-16,1.,0.));
#7448=DIRECTION('center_axis',(2.44929359829471E-16,1.,0.));
#7449=DIRECTION('ref_axis',(0.,0.,1.));
#7450=DIRECTION('center_axis',(0.,0.,1.));
#7451=DIRECTION('ref_axis',(0.707106781186542,0.707106781186553,0.));
#7452=DIRECTION('center_axis',(0.,0.,1.));
#7453=DIRECTION('ref_axis',(0.707106781186542,0.707106781186553,0.));
#7454=DIRECTION('center_axis',(-1.,2.44929359829471E-16,0.));
#7455=DIRECTION('ref_axis',(1.40485709356139E-16,0.573576436299638,-0.819152044324988));
#7456=DIRECTION('',(-1.,2.44929359829471E-16,0.));
#7457=DIRECTION('',(1.,-2.44929359829471E-16,0.));
#7458=DIRECTION('center_axis',(2.30158312035051E-16,0.939692620742961,-0.342020143443666));
#7459=DIRECTION('ref_axis',(8.37707747824408E-17,0.342020143443666,0.939692620742961));
#7460=DIRECTION('',(-1.,2.44929359829471E-16,0.));
#7461=DIRECTION('center_axis',(-2.30158312034937E-16,-0.939692620742497,
0.34202014344494));
#7462=DIRECTION('ref_axis',(-8.37707747827528E-17,-0.34202014344494,-0.939692620742497));
#7463=DIRECTION('',(1.,-2.44929359829471E-16,0.));
#7464=DIRECTION('',(1.,-2.44929359829471E-16,0.));
#7465=DIRECTION('center_axis',(-2.30158312035002E-16,-0.939692620742759,
0.34202014344422));
#7466=DIRECTION('ref_axis',(-8.37707747825765E-17,-0.34202014344422,-0.939692620742759));
#7467=DIRECTION('',(1.,-2.44929359829471E-16,0.));
#7468=DIRECTION('',(-1.,2.44929359829471E-16,0.));
#7469=DIRECTION('center_axis',(-1.,2.44929359829471E-16,0.));
#7470=DIRECTION('ref_axis',(-1.4048570935613E-16,-0.573576436299598,0.819152044325016));
#7471=DIRECTION('',(1.,-2.44929359829471E-16,0.));
#7472=DIRECTION('center_axis',(-2.30158312035078E-16,-0.939692620743069,
0.342020143443368));
#7473=DIRECTION('ref_axis',(-8.37707747823678E-17,-0.342020143443368,-0.939692620743069));
#7474=DIRECTION('center_axis',(-2.30158312037349E-16,-0.939692620752342,
0.342020143417892));
#7475=DIRECTION('ref_axis',(-8.3770774776128E-17,-0.342020143417892,-0.939692620752342));
#7476=DIRECTION('',(1.,-2.44929359829471E-16,0.));
#7477=DIRECTION('center_axis',(-1.,2.44929359829471E-16,0.));
#7478=DIRECTION('ref_axis',(1.40485709356044E-16,0.573576436299247,-0.819152044325262));
#7479=DIRECTION('',(-1.,2.44929359829471E-16,0.));
#7480=DIRECTION('',(1.,-2.44929359829471E-16,0.));
#7481=DIRECTION('center_axis',(2.30158312034992E-16,0.939692620742719,-0.342020143444332));
#7482=DIRECTION('ref_axis',(8.37707747826039E-17,0.342020143444332,0.939692620742719));
#7483=DIRECTION('',(-1.,2.44929359829471E-16,0.));
#7484=DIRECTION('center_axis',(2.30158312034957E-16,0.939692620742575,-0.342020143444725));
#7485=DIRECTION('ref_axis',(8.37707747827002E-17,0.342020143444725,0.939692620742575));
#7486=DIRECTION('',(1.,-2.44929359829471E-16,0.));
#7487=DIRECTION('',(-1.,2.44929359829471E-16,0.));
#7488=DIRECTION('center_axis',(-2.30158312035002E-16,-0.939692620742759,
0.34202014344422));
#7489=DIRECTION('ref_axis',(-8.37707747825765E-17,-0.34202014344422,-0.939692620742759));
#7490=DIRECTION('',(-1.,2.44929359829471E-16,0.));
#7491=DIRECTION('center_axis',(-1.,2.44929359829471E-16,0.));
#7492=DIRECTION('ref_axis',(1.40485709357993E-16,0.573576436307204,-0.81915204431969));
#7493=DIRECTION('center_axis',(-1.,2.44929359829471E-16,0.));
#7494=DIRECTION('ref_axis',(1.40485709356054E-16,0.573576436299289,-0.819152044325232));
#7495=DIRECTION('',(1.,-2.44929359829471E-16,0.));
#7496=DIRECTION('center_axis',(2.30158312034986E-16,0.939692620742694,-0.3420201434444));
#7497=DIRECTION('ref_axis',(8.37707747826207E-17,0.3420201434444,0.939692620742694));
#7498=DIRECTION('center_axis',(-1.,2.44929359829471E-16,0.));
#7499=DIRECTION('ref_axis',(-2.00634385819624E-16,-0.819152044325405,-0.573576436299043));
#7500=DIRECTION('',(-1.,2.44929359829471E-16,0.));
#7501=DIRECTION('center_axis',(-1.,2.44929359829471E-16,0.));
#7502=DIRECTION('ref_axis',(-1.40485709355986E-16,-0.57357643629901,0.819152044325428));
#7503=DIRECTION('',(1.,-2.44929359829471E-16,0.));
#7504=DIRECTION('center_axis',(-2.30158312034937E-16,-0.939692620742497,
0.34202014344494));
#7505=DIRECTION('ref_axis',(-8.37707747827528E-17,-0.34202014344494,-0.939692620742497));
#7506=DIRECTION('center_axis',(-1.,2.44929359829471E-16,0.));
#7507=DIRECTION('ref_axis',(2.00634385819614E-16,0.819152044325364,0.573576436299101));
#7508=DIRECTION('',(-1.,2.44929359829471E-16,0.));
#7509=DIRECTION('center_axis',(-1.,2.44929359829471E-16,0.));
#7510=DIRECTION('ref_axis',(-1.40485709355832E-16,-0.573576436298384,0.819152044325866));
#7511=DIRECTION('',(1.,-2.44929359829471E-16,0.));
#7512=DIRECTION('center_axis',(-2.30158312034903E-16,-0.939692620742355,
0.342020143445331));
#7513=DIRECTION('ref_axis',(-8.37707747828486E-17,-0.342020143445331,-0.939692620742355));
#7514=DIRECTION('center_axis',(-1.,2.44929359829471E-16,0.));
#7515=DIRECTION('ref_axis',(1.40485709356054E-16,0.573576436299289,-0.819152044325232));
#7516=DIRECTION('',(1.,-2.44929359829471E-16,0.));
#7517=DIRECTION('center_axis',(2.30158312034986E-16,0.939692620742694,-0.3420201434444));
#7518=DIRECTION('ref_axis',(8.37707747826207E-17,0.3420201434444,0.939692620742694));
#7519=DIRECTION('',(-1.,2.44929359829471E-16,0.));
#7520=DIRECTION('center_axis',(-1.,2.44929359829471E-16,0.));
#7521=DIRECTION('ref_axis',(2.00634385819688E-16,0.819152044325669,0.573576436298666));
#7522=DIRECTION('center_axis',(2.30158312035577E-16,0.939692620745109,-0.342020143437766));
#7523=DIRECTION('ref_axis',(8.37707747809957E-17,0.342020143437766,0.939692620745108));
#7524=DIRECTION('',(-1.,2.44929359829471E-16,0.));
#7525=DIRECTION('center_axis',(-1.,2.44929359829471E-16,0.));
#7526=DIRECTION('ref_axis',(2.00634385819079E-16,0.819152044323181,0.573576436302219));
#7527=DIRECTION('center_axis',(-1.,2.44929359829471E-16,0.));
#7528=DIRECTION('ref_axis',(-8.37707772077649E-17,-0.342020153345803,-0.939692617138878));
#7529=DIRECTION('',(1.,-2.44929359829471E-16,0.));
#7530=DIRECTION('center_axis',(2.30158312034957E-16,0.939692620742575,-0.342020143444725));
#7531=DIRECTION('ref_axis',(8.37707747827002E-17,0.342020143444725,0.939692620742575));
#7532=DIRECTION('center_axis',(0.,0.,1.));
#7533=DIRECTION('ref_axis',(-0.707106781186241,-0.707106781186854,0.));
#7534=DIRECTION('center_axis',(0.,0.,-1.));
#7535=DIRECTION('ref_axis',(-0.707106781186241,-0.707106781186854,0.));
#7536=DIRECTION('center_axis',(0.,0.,-1.));
#7537=DIRECTION('ref_axis',(1.,-2.44929359829471E-16,0.));
#7538=DIRECTION('',(0.,0.,-1.));
#7539=DIRECTION('center_axis',(0.,0.,1.));
#7540=DIRECTION('ref_axis',(1.,-2.44929359829471E-16,0.));
#7541=DIRECTION('center_axis',(0.17364817766693,-4.25315369915154E-17,-0.984807753012208));
#7542=DIRECTION('ref_axis',(0.696364240320014,-0.707106781186552,0.122787803968973));
#7543=DIRECTION('center_axis',(-0.17364817766693,4.25315369915152E-17,0.984807753012208));
#7544=DIRECTION('ref_axis',(-2.44929359829471E-16,-1.,0.));
#7545=DIRECTION('center_axis',(-2.44929359829471E-16,-1.,0.));
#7546=DIRECTION('ref_axis',(0.,0.,1.));
#7547=DIRECTION('center_axis',(0.,0.,1.));
#7548=DIRECTION('ref_axis',(1.,-2.44929359829471E-16,0.));
#7549=DIRECTION('',(-8.57250871508842E-13,-1.,0.));
#7550=DIRECTION('center_axis',(0.,0.,1.));
#7551=DIRECTION('ref_axis',(-0.707106781186241,0.707106781186854,0.));
#7552=DIRECTION('',(-1.,2.44929359829471E-16,0.));
#7553=DIRECTION('center_axis',(0.,0.,1.));
#7554=DIRECTION('ref_axis',(0.707106781186542,0.707106781186554,0.));
#7555=DIRECTION('',(1.0106004112951E-15,1.,0.));
#7556=DIRECTION('center_axis',(0.,0.,1.));
#7557=DIRECTION('ref_axis',(0.707106781186541,-0.707106781186554,0.));
#7558=DIRECTION('',(1.,-2.44929359829471E-16,0.));
#7559=DIRECTION('center_axis',(0.,0.,1.));
#7560=DIRECTION('ref_axis',(-0.707106781186241,-0.707106781186854,0.));
#7561=DIRECTION('center_axis',(0.,0.,1.));
#7562=DIRECTION('ref_axis',(1.,-2.44929359829471E-16,0.));
#7563=DIRECTION('center_axis',(0.,0.,1.));
#7564=DIRECTION('ref_axis',(1.,-2.44929359829471E-16,0.));
#7565=DIRECTION('center_axis',(0.,0.,1.));
#7566=DIRECTION('ref_axis',(1.,-2.44929359829471E-16,0.));
#7567=DIRECTION('center_axis',(0.,0.,1.));
#7568=DIRECTION('ref_axis',(-0.707106781186241,0.707106781186854,0.));
#7569=DIRECTION('',(0.707106781186547,-5.65406476337406E-13,-0.707106781186548));
#7570=DIRECTION('',(-1.73191211247104E-16,-0.707106781186571,-0.707106781186524));
#7571=DIRECTION('center_axis',(1.73191211247101E-16,0.707106781186555,-0.70710678118654));
#7572=DIRECTION('ref_axis',(1.,-2.44929359829471E-16,0.));
#7573=DIRECTION('',(-1.73191211247097E-16,-0.70710678118654,-0.707106781186555));
#7574=DIRECTION('center_axis',(0.,0.,1.));
#7575=DIRECTION('ref_axis',(0.707106781186542,0.707106781186553,0.));
#7576=DIRECTION('',(-0.707106781186544,1.73191211247098E-16,-0.707106781186551));
#7577=DIRECTION('center_axis',(0.707106781186547,-7.14602403896676E-16,
-0.707106781186548));
#7578=DIRECTION('ref_axis',(-1.0106004112951E-15,-1.,0.));
#7579=DIRECTION('',(-0.707106781186548,1.73191211247099E-16,-0.707106781186547));
#7580=DIRECTION('center_axis',(0.,0.,1.));
#7581=DIRECTION('ref_axis',(0.707106781186541,-0.707106781186554,0.));
#7582=DIRECTION('',(1.73191211247097E-16,0.70710678118654,-0.707106781186555));
#7583=DIRECTION('center_axis',(-1.73191211247101E-16,-0.707106781186555,
-0.70710678118654));
#7584=DIRECTION('ref_axis',(-1.,2.44929359829471E-16,0.));
#7585=DIRECTION('',(1.73191211247097E-16,0.70710678118654,-0.707106781186555));
#7586=DIRECTION('center_axis',(0.,0.,1.));
#7587=DIRECTION('ref_axis',(-0.707106781186241,-0.707106781186854,0.));
#7588=DIRECTION('',(0.707106781186548,6.27863792262262E-13,-0.707106781186547));
#7589=DIRECTION('center_axis',(-0.707106781186548,6.0616790442198E-13,-0.707106781186547));
#7590=DIRECTION('ref_axis',(8.57250871508842E-13,1.,0.));
#7591=DIRECTION('center_axis',(0.,0.,-1.));
#7592=DIRECTION('ref_axis',(1.,-2.44929359829471E-16,0.));
#7593=DIRECTION('',(-0.707106781186548,2.59786816870648E-16,-0.707106781186548));
#7594=DIRECTION('center_axis',(0.,0.,-1.));
#7595=DIRECTION('ref_axis',(1.,-2.44929359829471E-16,0.));
#7596=DIRECTION('',(-0.707106781186548,2.59786816870648E-16,-0.707106781186548));
#7597=DIRECTION('center_axis',(0.,0.,-1.));
#7598=DIRECTION('ref_axis',(1.,-2.44929359829471E-16,0.));
#7599=DIRECTION('',(-0.707106781186548,2.59786816870648E-16,-0.707106781186548));
#7600=DIRECTION('center_axis',(0.,-1.,0.));
#7601=DIRECTION('ref_axis',(-0.173648177666931,0.,0.984807753012208));
#7602=DIRECTION('',(-0.984807753012208,0.,-0.17364817766693));
#7603=DIRECTION('',(-0.984807753012208,0.,-0.17364817766693));
#7604=DIRECTION('center_axis',(-0.17364817766693,2.00491742595965E-16,0.984807753012208));
#7605=DIRECTION('ref_axis',(5.77216846445655E-16,1.,-1.01805747147466E-16));
#7606=DIRECTION('',(-0.984807753012208,0.,-0.17364817766693));
#7607=DIRECTION('',(-5.77216846445655E-16,-1.,1.01805747147466E-16));
#7608=DIRECTION('',(-0.984807753012208,0.,-0.17364817766693));
#7609=DIRECTION('',(-0.984807753012208,0.,-0.17364817766693));
#7610=DIRECTION('',(-5.77216846445655E-16,-1.,1.01805747147466E-16));
#7611=DIRECTION('',(-0.984807753012208,0.,-0.17364817766693));
#7612=DIRECTION('',(-0.984807753012208,0.,-0.17364817766693));
#7613=DIRECTION('',(-0.984807753012208,0.,-0.17364817766693));
#7614=DIRECTION('center_axis',(0.984807753012208,-5.5076924308076E-16,0.17364817766693));
#7615=DIRECTION('ref_axis',(5.42401820706598E-16,1.,9.56400753759685E-17));
#7616=DIRECTION('',(0.17364817766693,0.,-0.984807753012208));
#7617=DIRECTION('',(-5.85920602880419E-16,-1.,1.51167202778324E-16));
#7618=DIRECTION('',(0.17364817766693,0.,-0.984807753012208));
#7619=DIRECTION('center_axis',(0.17364817766693,-2.50614678244956E-16,-0.984807753012208));
#7620=DIRECTION('ref_axis',(-5.85920602880419E-16,-1.,1.51167202778324E-16));
#7621=DIRECTION('',(-0.984807753012208,0.,-0.17364817766693));
#7622=DIRECTION('',(-0.984807753012208,0.,-0.17364817766693));
#7623=DIRECTION('center_axis',(0.,-1.,0.));
#7624=DIRECTION('ref_axis',(-0.17364817766693,0.,0.984807753012208));
#7625=DIRECTION('center_axis',(0.,1.,0.));
#7626=DIRECTION('ref_axis',(0.17364817766693,0.,-0.984807753012208));
#7627=DIRECTION('center_axis',(-0.173648177666928,0.,0.984807753012208));
#7628=DIRECTION('ref_axis',(0.,1.,0.));
#7629=DIRECTION('',(-0.984807753012208,0.,-0.173648177666928));
#7630=DIRECTION('',(0.,1.,0.));
#7631=DIRECTION('center_axis',(0.984807753012208,-5.5076924308076E-16,0.17364817766693));
#7632=DIRECTION('ref_axis',(5.42401820706598E-16,1.,9.56400753759685E-17));
#7633=DIRECTION('',(0.17364817766693,0.,-0.984807753012208));
#7634=DIRECTION('',(0.17364817766693,0.,-0.984807753012208));
#7635=DIRECTION('',(-5.85920602880419E-16,-1.,1.51167202778324E-16));
#7636=DIRECTION('center_axis',(0.,1.,0.));
#7637=DIRECTION('ref_axis',(0.17364817766693,0.,-0.984807753012208));
#7638=DIRECTION('',(-0.984807753012208,0.,-0.17364817766693));
#7639=DIRECTION('center_axis',(0.17364817766693,-2.50614678244956E-16,-0.984807753012208));
#7640=DIRECTION('ref_axis',(-5.85920602880419E-16,-1.,1.51167202778324E-16));
#7641=DIRECTION('',(-0.984807753012208,0.,-0.17364817766693));
#7642=DIRECTION('center_axis',(0.,-1.,0.));
#7643=DIRECTION('ref_axis',(-0.17364817766693,0.,0.984807753012208));
#7644=DIRECTION('center_axis',(-0.173648177666932,0.,0.984807753012208));
#7645=DIRECTION('ref_axis',(0.,1.,0.));
#7646=DIRECTION('',(0.,1.,0.));
#7647=DIRECTION('',(-0.984807753012208,0.,-0.173648177666932));
#7648=DIRECTION('center_axis',(-0.984807753012208,0.,-0.17364817766693));
#7649=DIRECTION('ref_axis',(0.17364817766693,0.,-0.984807753012208));
#7650=DIRECTION('center_axis',(-0.984807753012208,0.,-0.17364817766693));
#7651=DIRECTION('ref_axis',(0.,-1.,-6.16297582203915E-31));
#7652=DIRECTION('center_axis',(0.984807753012208,0.,0.173648177666931));
#7653=DIRECTION('ref_axis',(-3.08148791101957E-31,-1.,1.38666955995881E-30));
#7654=DIRECTION('',(0.984807753012208,0.,0.173648177666931));
#7655=DIRECTION('',(0.984807753012208,0.,0.173648177666931));
#7656=DIRECTION('center_axis',(0.173648177666931,-2.50614678244957E-16,
-0.984807753012208));
#7657=DIRECTION('ref_axis',(5.85920602880419E-16,1.,-1.51167202778324E-16));
#7658=DIRECTION('',(0.984807753012208,0.,0.173648177666931));
#7659=DIRECTION('center_axis',(0.984807753012208,0.,0.173648177666931));
#7660=DIRECTION('ref_axis',(0.173648177666931,-9.51714712141061E-47,-0.984807753012208));
#7661=DIRECTION('center_axis',(0.,-1.,0.));
#7662=DIRECTION('ref_axis',(0.17364817766693,0.,-0.984807753012208));
#7663=DIRECTION('center_axis',(-0.984807753012208,0.,-0.17364817766693));
#7664=DIRECTION('ref_axis',(9.63941025150128E-16,1.,-5.46678121111759E-15));
#7665=DIRECTION('center_axis',(-0.984807753012208,0.,-0.17364817766693));
#7666=DIRECTION('ref_axis',(-0.17364817766693,0.,0.984807753012208));
#7667=DIRECTION('center_axis',(0.,1.,0.));
#7668=DIRECTION('ref_axis',(0.17364817766693,0.,-0.984807753012208));
#7669=DIRECTION('',(-0.17364817766693,0.,0.984807753012208));
#7670=DIRECTION('center_axis',(0.984807753012208,-1.45948227027233E-16,
0.17364817766693));
#7671=DIRECTION('ref_axis',(1.43730945514805E-16,1.,2.53436436569984E-17));
#7672=DIRECTION('center_axis',(0.,1.,0.));
#7673=DIRECTION('ref_axis',(0.17364817766693,0.,-0.984807753012208));
#7674=DIRECTION('',(-0.17364817766693,0.,0.984807753012208));
#7675=DIRECTION('center_axis',(0.984807753012208,-1.45948227027233E-16,
0.17364817766693));
#7676=DIRECTION('ref_axis',(1.43730945514805E-16,1.,2.53436436569984E-17));
#7677=DIRECTION('center_axis',(0.,1.,0.));
#7678=DIRECTION('ref_axis',(0.17364817766693,0.,-0.984807753012208));
#7679=DIRECTION('',(0.173648177666931,0.,-0.984807753012208));
#7680=DIRECTION('',(-0.984807753012208,0.,-0.17364817766693));
#7681=DIRECTION('',(-0.17364817766693,0.,0.984807753012208));
#7682=DIRECTION('',(-0.984807753012208,0.,-0.17364817766693));
#7683=DIRECTION('center_axis',(-0.984807753012208,0.,-0.17364817766693));
#7684=DIRECTION('ref_axis',(0.17364817766693,0.,-0.984807753012208));
#7685=DIRECTION('center_axis',(-0.984807753012208,0.,-0.173648177666931));
#7686=DIRECTION('ref_axis',(0.17364817766693,0.,-0.984807753012208));
#7687=DIRECTION('',(-0.984807753012208,0.,-0.17364817766693));
#7688=DIRECTION('center_axis',(0.984807753012208,-2.4120833250038E-16,0.17364817766693));
#7689=DIRECTION('ref_axis',(0.17364817766693,0.,-0.984807753012208));
#7690=DIRECTION('center_axis',(0.17364817766693,-2.00491742595965E-16,-0.984807753012208));
#7691=DIRECTION('ref_axis',(-3.38277966264394E-17,-1.,1.9761989765213E-16));
#7692=DIRECTION('',(-3.48150257390567E-17,-1.,1.97445822523434E-16));
#7693=DIRECTION('',(-0.984807753012208,0.,-0.17364817766693));
#7694=DIRECTION('',(2.72358861676577E-16,1.,-1.55560435146665E-16));
#7695=DIRECTION('center_axis',(-0.984807753012208,0.,-0.17364817766693));
#7696=DIRECTION('ref_axis',(-4.81970512575063E-16,-1.,2.73339060555879E-15));
#7697=DIRECTION('center_axis',(-0.984807753012208,0.,-0.173648177666931));
#7698=DIRECTION('ref_axis',(-4.81970512575063E-16,-1.,2.73339060555879E-15));
#7699=DIRECTION('',(-0.984807753012208,0.,-0.17364817766693));
#7700=DIRECTION('center_axis',(0.984807753012208,-2.4120833250038E-16,0.17364817766693));
#7701=DIRECTION('ref_axis',(-4.81970512575063E-16,-1.,2.73339060555879E-15));
#7702=DIRECTION('center_axis',(-0.984807753012208,0.,-0.17364817766693));
#7703=DIRECTION('ref_axis',(0.,1.,0.));
#7704=DIRECTION('center_axis',(-0.984807753012208,0.,-0.173648177666931));
#7705=DIRECTION('ref_axis',(0.,1.,0.));
#7706=DIRECTION('center_axis',(0.984807753012208,-2.4120833250038E-16,0.17364817766693));
#7707=DIRECTION('ref_axis',(0.,1.,0.));
#7708=DIRECTION('',(-0.984807753012208,0.,-0.17364817766693));
#7709=DIRECTION('center_axis',(-0.17364817766693,-2.00491742595965E-16,
0.984807753012208));
#7710=DIRECTION('ref_axis',(-3.48150257390565E-17,1.,1.97445822523434E-16));
#7711=DIRECTION('',(-3.48150257390567E-17,1.,1.97445822523434E-16));
#7712=DIRECTION('',(-2.02728810198464E-16,-1.,-2.39331209900204E-16));
#7713=DIRECTION('',(-0.984807753012208,0.,-0.17364817766693));
#7714=DIRECTION('center_axis',(-0.984807753012208,0.,-0.17364817766693));
#7715=DIRECTION('ref_axis',(-0.17364817766693,0.,0.984807753012208));
#7716=DIRECTION('center_axis',(-0.984807753012208,0.,-0.173648177666931));
#7717=DIRECTION('ref_axis',(-0.17364817766693,0.,0.984807753012208));
#7718=DIRECTION('center_axis',(0.984807753012208,-2.4120833250038E-16,0.17364817766693));
#7719=DIRECTION('ref_axis',(-0.17364817766693,0.,0.984807753012208));
#7720=DIRECTION('',(-0.984807753012208,0.,-0.17364817766693));
#7721=DIRECTION('center_axis',(0.,-1.,0.));
#7722=DIRECTION('ref_axis',(-0.17364817766693,0.,0.984807753012208));
#7723=DIRECTION('',(-0.173648177666931,0.,0.984807753012208));
#7724=DIRECTION('',(0.17364817766693,0.,-0.984807753012208));
#7725=DIRECTION('center_axis',(-0.984807753012208,2.4120833250038E-16,-0.17364817766693));
#7726=DIRECTION('ref_axis',(-0.17364817766693,0.,0.984807753012208));
#7727=DIRECTION('center_axis',(0.984807753012208,0.,0.173648177666931));
#7728=DIRECTION('ref_axis',(0.173648177666931,-9.51714712141061E-47,-0.984807753012208));
#7729=DIRECTION('center_axis',(-0.984807753012208,2.98499497556288E-16,
-0.17364817766693));
#7730=DIRECTION('ref_axis',(0.173648177666931,-9.51714712141061E-47,-0.984807753012208));
#7731=DIRECTION('',(0.984807753012208,0.,0.173648177666931));
#7732=DIRECTION('center_axis',(-0.984807753012208,0.,-0.173648177666931));
#7733=DIRECTION('ref_axis',(0.173648177666931,-9.51714712141061E-47,-0.984807753012208));
#7734=DIRECTION('',(0.984807753012208,0.,0.173648177666931));
#7735=DIRECTION('center_axis',(0.173648177666931,-2.50614678244957E-16,
-0.984807753012208));
#7736=DIRECTION('ref_axis',(5.85920602880419E-16,1.,-1.51167202778324E-16));
#7737=DIRECTION('',(-3.37483401637502E-16,-1.,1.9497338436915E-16));
#7738=DIRECTION('',(0.984807753012208,0.,0.173648177666931));
#7739=DIRECTION('',(-4.3518782173821E-17,-1.,2.46807278154293E-16));
#7740=DIRECTION('center_axis',(0.984807753012208,0.,0.173648177666931));
#7741=DIRECTION('ref_axis',(0.,-1.,1.15555796663234E-30));
#7742=DIRECTION('center_axis',(-0.984807753012208,2.98499497556288E-16,
-0.17364817766693));
#7743=DIRECTION('ref_axis',(0.,-1.,1.15555796663234E-30));
#7744=DIRECTION('',(0.984807753012208,0.,0.173648177666931));
#7745=DIRECTION('center_axis',(-0.984807753012208,0.,-0.173648177666931));
#7746=DIRECTION('ref_axis',(0.,-1.,1.15555796663234E-30));
#7747=DIRECTION('center_axis',(0.,-1.,0.));
#7748=DIRECTION('ref_axis',(0.17364817766693,0.,-0.984807753012208));
#7749=DIRECTION('',(-0.17364817766693,0.,0.984807753012208));
#7750=DIRECTION('',(0.984807753012208,0.,0.173648177666931));
#7751=DIRECTION('',(-0.173648177666931,0.,0.984807753012208));
#7752=DIRECTION('center_axis',(0.984807753012208,0.,0.173648177666931));
#7753=DIRECTION('ref_axis',(-0.173648177666931,0.,0.984807753012208));
#7754=DIRECTION('center_axis',(-0.984807753012208,2.98499497556288E-16,
-0.17364817766693));
#7755=DIRECTION('ref_axis',(-0.173648177666931,0.,0.984807753012208));
#7756=DIRECTION('',(0.984807753012208,0.,0.173648177666931));
#7757=DIRECTION('center_axis',(-0.984807753012208,0.,-0.173648177666931));
#7758=DIRECTION('ref_axis',(-0.173648177666931,0.,0.984807753012208));
#7759=DIRECTION('center_axis',(-0.173648177666931,0.,0.984807753012208));
#7760=DIRECTION('ref_axis',(0.,-1.,0.));
#7761=DIRECTION('',(2.93964619463681E-16,1.,5.18338937851439E-17));
#7762=DIRECTION('',(0.984807753012208,0.,0.173648177666931));
#7763=DIRECTION('',(0.,1.,0.));
#7764=DIRECTION('center_axis',(0.984807753012208,0.,0.173648177666931));
#7765=DIRECTION('ref_axis',(4.81970512575066E-16,1.,-2.73339060555879E-15));
#7766=DIRECTION('center_axis',(-0.984807753012208,2.98499497556288E-16,
-0.17364817766693));
#7767=DIRECTION('ref_axis',(4.81970512575066E-16,1.,-2.73339060555879E-15));
#7768=DIRECTION('',(0.984807753012208,0.,0.173648177666931));
#7769=DIRECTION('center_axis',(-0.984807753012208,0.,-0.173648177666931));
#7770=DIRECTION('ref_axis',(4.81970512575066E-16,1.,-2.73339060555879E-15));
#7771=DIRECTION('center_axis',(0.,1.,0.));
#7772=DIRECTION('ref_axis',(-0.173648177666931,0.,0.984807753012208));
#7773=DIRECTION('',(0.17364817766693,0.,-0.984807753012208));
#7774=DIRECTION('',(0.173648177666931,0.,-0.984807753012208));
#7775=DIRECTION('center_axis',(0.984807753012208,0.,0.173648177666931));
#7776=DIRECTION('ref_axis',(0.,1.,0.));
#7777=DIRECTION('center_axis',(0.984807753012208,-2.98499497556288E-16,
0.17364817766693));
#7778=DIRECTION('ref_axis',(0.17364817766693,0.,-0.984807753012208));
#7779=CARTESIAN_POINT('',(0.,0.,0.));
#7780=CARTESIAN_POINT('Origin',(22.9055273844141,-215.65,47.116346761323));
#7781=CARTESIAN_POINT('',(22.9055273844141,-226.65,47.116346761323));
#7782=CARTESIAN_POINT('',(21.8901007725285,-226.65,47.116346761323));
#7783=CARTESIAN_POINT('',(23.407307829301,-226.65,47.116346761323));
#7784=CARTESIAN_POINT('',(22.9055273844141,-215.65,47.116346761323));
#7785=CARTESIAN_POINT('',(22.9055273844141,-215.65,47.116346761323));
#7786=CARTESIAN_POINT('',(21.8901007725284,-215.65,47.116346761323));
#7787=CARTESIAN_POINT('',(23.2683892871675,-215.65,47.116346761323));
#7788=CARTESIAN_POINT('',(21.8901007725284,-215.65,47.116346761323));
#7789=CARTESIAN_POINT('Origin',(22.9055273844141,-215.65,47.116346761323));
#7790=CARTESIAN_POINT('',(21.8901007725285,-243.35,47.116346761323));
#7791=CARTESIAN_POINT('',(22.9055273844141,-243.35,47.116346761323));
#7792=CARTESIAN_POINT('',(23.2683892871675,-243.35,47.116346761323));
#7793=CARTESIAN_POINT('',(21.8901007725284,-254.35,47.116346761323));
#7794=CARTESIAN_POINT('',(21.8901007725284,-215.65,47.116346761323));
#7795=CARTESIAN_POINT('',(22.9055273844141,-254.35,47.116346761323));
#7796=CARTESIAN_POINT('',(23.407307829301,-254.35,47.116346761323));
#7797=CARTESIAN_POINT('',(22.9055273844141,-215.65,47.116346761323));
#7798=CARTESIAN_POINT('Origin',(22.9760581766975,-215.65,46.716346761323));
#7799=CARTESIAN_POINT('',(22.945439317824,-243.35,46.8899949389899));
#7800=CARTESIAN_POINT('',(22.8218302051272,-243.35,47.5910170525662));
#7801=CARTESIAN_POINT('',(22.945439317824,-254.35,46.8899949389899));
#7802=CARTESIAN_POINT('',(22.9607487472608,-254.35,46.8031708501564));
#7803=CARTESIAN_POINT('',(22.9760581766975,-254.35,46.716346761323));
#7804=CARTESIAN_POINT('',(22.9760581766975,-254.35,46.716346761323));
#7805=CARTESIAN_POINT('',(22.9760581766975,-215.65,46.716346761323));
#7806=CARTESIAN_POINT('',(22.9760581766975,-215.65,46.716346761323));
#7807=CARTESIAN_POINT('',(22.945439317824,-215.65,46.8899949389899));
#7808=CARTESIAN_POINT('',(22.9760581766975,-215.65,46.716346761323));
#7809=CARTESIAN_POINT('',(22.8218302051272,-215.65,47.5910170525662));
#7810=CARTESIAN_POINT('',(22.945439317824,-226.65,46.8899949389899));
#7811=CARTESIAN_POINT('',(22.9607487472608,-226.65,46.8031708501565));
#7812=CARTESIAN_POINT('',(22.945439317824,-214.25,46.8899949389899));
#7813=CARTESIAN_POINT('Origin',(21.9606315648118,-215.65,46.716346761323));
#7814=CARTESIAN_POINT('',(21.9606315648118,-215.65,46.716346761323));
#7815=CARTESIAN_POINT('',(21.9606315648118,-215.65,46.716346761323));
#7816=CARTESIAN_POINT('',(21.9606315648118,-254.35,46.716346761323));
#7817=CARTESIAN_POINT('',(21.9606315648118,-254.35,46.716346761323));
#7818=CARTESIAN_POINT('',(21.9606315648118,-246.075,46.716346761323));
#7819=CARTESIAN_POINT('Origin',(22.433079474613,-254.35,46.916346761323));
#7820=CARTESIAN_POINT('',(23.9090882741879,-254.35,47.0599122499284));
#7821=CARTESIAN_POINT('Origin',(22.433079474613,-215.65,46.916346761323));
#7822=CARTESIAN_POINT('',(23.9090882741879,-215.65,47.0599122499284));
#7823=CARTESIAN_POINT('Origin',(23.9090882741879,-254.35,47.0599122499284));
#7824=CARTESIAN_POINT('',(21.6827944805447,-254.35,48.2920391661425));
#7825=CARTESIAN_POINT('',(21.2303157824045,-254.35,50.8581733806695));
#7826=CARTESIAN_POINT('',(23.6312511899208,-254.35,48.6356046547479));
#7827=CARTESIAN_POINT('',(23.6312511899208,-254.35,48.6356046547479));
#7828=CARTESIAN_POINT('',(23.9090882741879,-254.35,47.0599122499284));
#7829=CARTESIAN_POINT('',(23.9090882741879,-254.35,47.0599122499284));
#7830=CARTESIAN_POINT('',(23.9090882741879,-254.35,47.0599122499284));
#7831=CARTESIAN_POINT('Origin',(28.0452808368391,-212.85,47.7892345961295));
#7832=CARTESIAN_POINT('',(23.9090882741879,-226.65,47.0599122499284));
#7833=CARTESIAN_POINT('',(23.9090882741879,-226.65,47.0599122499284));
#7834=CARTESIAN_POINT('',(23.9090882741879,-215.65,47.0599122499284));
#7835=CARTESIAN_POINT('',(23.9090882741878,-257.15,47.0599122499284));
#7836=CARTESIAN_POINT('',(23.9090882741879,-215.65,47.0599122499284));
#7837=CARTESIAN_POINT('',(21.9606315648118,-212.85,46.716346761323));
#7838=CARTESIAN_POINT('',(21.9606315648118,-246.075,46.716346761323));
#7839=CARTESIAN_POINT('',(25.0908575778025,-212.85,47.2682900631287));
#7840=CARTESIAN_POINT('',(28.0452808368391,-212.85,47.7892345961295));
#7841=CARTESIAN_POINT('',(25.0908575778025,-257.15,47.2682900631287));
#7842=CARTESIAN_POINT('',(25.0908575778025,-257.15,47.2682900631287));
#7843=CARTESIAN_POINT('',(21.9606315648118,-257.15,46.716346761323));
#7844=CARTESIAN_POINT('',(28.0452808368391,-257.15,47.7892345961295));
#7845=CARTESIAN_POINT('',(21.9606315648118,-246.075,46.716346761323));
#7846=CARTESIAN_POINT('',(23.9090882741879,-243.35,47.0599122499284));
#7847=CARTESIAN_POINT('',(23.9090882741878,-257.15,47.0599122499284));
#7848=CARTESIAN_POINT('',(23.9090882741879,-243.35,47.0599122499284));
#7849=CARTESIAN_POINT('Origin',(23.9090882741879,-226.65,47.0599122499284));
#7850=CARTESIAN_POINT('',(21.6827944805448,-226.65,48.2920391661425));
#7851=CARTESIAN_POINT('',(21.2303157824045,-226.65,50.8581733806695));
#7852=CARTESIAN_POINT('',(23.6312511899208,-226.65,48.6356046547479));
#7853=CARTESIAN_POINT('',(23.6312511899208,-226.65,48.6356046547479));
#7854=CARTESIAN_POINT('',(23.9090882741879,-226.65,47.0599122499284));
#7855=CARTESIAN_POINT('Origin',(0.,-246.176294773521,60.8662877690645));
#7856=CARTESIAN_POINT('',(19.4656151897139,-246.176294773521,60.8662877690645));
#7857=CARTESIAN_POINT('',(20.694065517565,-248.712034635763,53.8993997584193));
#7858=CARTESIAN_POINT('',(19.3556368381558,-245.949279904702,61.4900059948075));
#7859=CARTESIAN_POINT('',(30.6680462326446,-246.176294773521,60.8662877690645));
#7860=CARTESIAN_POINT('',(0.,-246.176294773521,60.8662877690645));
#7861=CARTESIAN_POINT('',(27.9009784485849,-248.712034635763,53.8993997584193));
#7862=CARTESIAN_POINT('Origin',(44.6951681238736,-249.671922422533,51.2621297399293));
#7863=CARTESIAN_POINT('',(0.,-248.712034635763,53.8993997584193));
#7864=CARTESIAN_POINT('Origin',(0.,-246.950110971891,53.258111989497));
#7865=CARTESIAN_POINT('',(20.9202181896836,-245.188187308019,52.6168242205748));
#7866=CARTESIAN_POINT('Origin',(20.8071418536243,-246.950110971891,53.258111989497));
#7867=CARTESIAN_POINT('',(27.7492304730941,-245.188187308019,52.6168242205748));
#7868=CARTESIAN_POINT('Ctrl Pts',(27.7492304730941,-245.188187308019,52.6168242205748));
#7869=CARTESIAN_POINT('Ctrl Pts',(27.7472101789565,-245.197385547548,52.5915522651783));
#7870=CARTESIAN_POINT('Ctrl Pts',(27.7452611691759,-245.207134630233,52.5664596297537));
#7871=CARTESIAN_POINT('Ctrl Pts',(27.7259389629052,-245.31300098304,52.3104556165295));
#7872=CARTESIAN_POINT('Ctrl Pts',(27.7149620522702,-245.457453329932,52.0990917500151));
#7873=CARTESIAN_POINT('Ctrl Pts',(27.7018145368138,-245.790818749989,51.7657811668348));
#7874=CARTESIAN_POINT('Ctrl Pts',(27.6986976728522,-246.001626980942,51.6214994775318));
#7875=CARTESIAN_POINT('Ctrl Pts',(27.6957293551171,-246.463558601245,51.4301652740235));
#7876=CARTESIAN_POINT('Ctrl Pts',(27.6955986206397,-246.714679834695,51.3831119895283));
#7877=CARTESIAN_POINT('Ctrl Pts',(27.6955986206397,-247.185542109087,51.3831119895283));
#7878=CARTESIAN_POINT('Ctrl Pts',(27.6957293551171,-247.436663342537,51.4301652740235));
#7879=CARTESIAN_POINT('Ctrl Pts',(27.6986976728522,-247.89859496284,51.6214994775318));
#7880=CARTESIAN_POINT('Ctrl Pts',(27.7018145368138,-248.109403193793,51.7657811668348));
#7881=CARTESIAN_POINT('Ctrl Pts',(27.7149620522702,-248.44276861385,52.0990917500151));
#7882=CARTESIAN_POINT('Ctrl Pts',(27.7259389629052,-248.587220960742,52.3104556165295));
#7883=CARTESIAN_POINT('Ctrl Pts',(27.7608286051045,-248.778381282635,52.7727158935321));
#7884=CARTESIAN_POINT('Ctrl Pts',(27.7850215082958,-248.82511097186,53.0235821349666));
#7885=CARTESIAN_POINT('Ctrl Pts',(27.8376011894847,-248.82511097186,53.4683116325963));
#7886=CARTESIAN_POINT('Ctrl Pts',(27.8681749986897,-248.78806548561,53.6905067153552));
#7887=CARTESIAN_POINT('Ctrl Pts',(27.9009784485849,-248.712034635763,53.8993997584193));
#7888=CARTESIAN_POINT('',(0.,-245.188187308019,52.6168242205748));
#7889=CARTESIAN_POINT('Origin',(0.,-245.188187308019,52.6168242205748));
#7890=CARTESIAN_POINT('',(19.69176786187,-242.652447445787,59.5837122310078));
#7891=CARTESIAN_POINT('',(20.1735592490025,-243.646950518456,56.8513374963145));
#7892=CARTESIAN_POINT('',(29.8711583814262,-242.652447445787,59.5837122310078));
#7893=CARTESIAN_POINT('Origin',(44.6951681238736,-245.681255775687,51.2621297399293));
#7894=CARTESIAN_POINT('',(0.,-242.652447445787,59.5837122310078));
#7895=CARTESIAN_POINT('Origin',(0.,-244.414371109682,60.2249999999596));
#7896=CARTESIAN_POINT('Origin',(19.5786915258054,-244.414371109682,60.2249999999596));
#7897=CARTESIAN_POINT('Ctrl Pts',(30.6680462326446,-246.176294773521,60.8662877690645));
#7898=CARTESIAN_POINT('Ctrl Pts',(30.6920791987367,-246.163519137928,60.9013885393517));
#7899=CARTESIAN_POINT('Ctrl Pts',(30.7160874530526,-246.149670944068,60.9361701047121));
#7900=CARTESIAN_POINT('Ctrl Pts',(30.9065090074788,-246.031054318898,61.2098878005783));
#7901=CARTESIAN_POINT('Ctrl Pts',(31.0684517616839,-245.874719877704,61.4287828220967));
#7902=CARTESIAN_POINT('Ctrl Pts',(31.3107287957636,-245.532062098709,61.7449111639251));
#7903=CARTESIAN_POINT('Ctrl Pts',(31.4144061435487,-245.335984245852,61.8750672946303));
#7904=CARTESIAN_POINT('Ctrl Pts',(31.5584127522838,-244.895213781935,62.0528081638727));
#7905=CARTESIAN_POINT('Ctrl Pts',(31.5978184596572,-244.650061684485,62.0999999999596));
#7906=CARTESIAN_POINT('Ctrl Pts',(31.5978184596572,-244.414371109682,62.0999999999596));
#7907=CARTESIAN_POINT('Ctrl Pts',(31.5978184596572,-244.178680534878,62.0999999999596));
#7908=CARTESIAN_POINT('Ctrl Pts',(31.5584127522838,-243.933528437429,62.0528081638727));
#7909=CARTESIAN_POINT('Ctrl Pts',(31.4144061435487,-243.492757973511,61.8750672946303));
#7910=CARTESIAN_POINT('Ctrl Pts',(31.3107287957636,-243.296680120654,61.7449111639251));
#7911=CARTESIAN_POINT('Ctrl Pts',(31.0684517616839,-242.954022341659,61.4287828220967));
#7912=CARTESIAN_POINT('Ctrl Pts',(30.9065090074788,-242.797687900465,61.2098878005782));
#7913=CARTESIAN_POINT('Ctrl Pts',(30.5734922807824,-242.590246466826,60.7311994956177));
#7914=CARTESIAN_POINT('Ctrl Pts',(30.4026040372024,-242.539371109682,60.4711766966752));
#7915=CARTESIAN_POINT('Ctrl Pts',(30.1225258442567,-242.539371109682,60.0197793241323));
#7916=CARTESIAN_POINT('Ctrl Pts',(29.9911178174217,-242.574668858148,59.7974071441811));
#7917=CARTESIAN_POINT('Ctrl Pts',(29.8711583814262,-242.652447445787,59.5837122310078));
#7918=CARTESIAN_POINT('Origin',(0.,-215.037965364736,53.8993997583277));
#7919=CARTESIAN_POINT('',(20.6940655175811,-215.037965364736,53.8993997583277));
#7920=CARTESIAN_POINT('',(19.4656151897542,-217.573705226621,60.8662877688361));
#7921=CARTESIAN_POINT('',(19.7810866110898,-216.922516130696,59.0771604324063));
#7922=CARTESIAN_POINT('',(27.9009784485705,-215.037965364736,53.8993997583277));
#7923=CARTESIAN_POINT('',(0.,-215.037965364736,53.8993997583277));
#7924=CARTESIAN_POINT('',(30.6680462324882,-217.573705226621,60.8662877688361));
#7925=CARTESIAN_POINT('Origin',(44.6951681238736,-214.078077578092,51.2621297399293));
#7926=CARTESIAN_POINT('',(0.,-217.573705226621,60.8662877688361));
#7927=CARTESIAN_POINT('Origin',(0.,-219.335628890446,60.224999999968));
#7928=CARTESIAN_POINT('',(19.6917678572409,-221.097552563893,59.5837122572608));
#7929=CARTESIAN_POINT('Origin',(19.5786915258039,-219.335628890446,60.224999999968));
#7930=CARTESIAN_POINT('',(29.8711583961636,-221.097552563893,59.5837122572608));
#7931=CARTESIAN_POINT('Ctrl Pts',(29.8711583961777,-221.097552563803,59.5837122572859));
#7932=CARTESIAN_POINT('Ctrl Pts',(29.991164352441,-221.175361310048,59.7974900404562));
#7933=CARTESIAN_POINT('Ctrl Pts',(30.1227423251482,-221.210628890352,60.0201282227904));
#7934=CARTESIAN_POINT('Ctrl Pts',(30.3951201268532,-221.210628890352,60.4591150026442));
#7935=CARTESIAN_POINT('Ctrl Pts',(30.5576669060938,-221.16454151085,60.7071967682723));
#7936=CARTESIAN_POINT('Ctrl Pts',(30.8760325225014,-220.975677730065,61.1671649790688));
#7937=CARTESIAN_POINT('Ctrl Pts',(31.0316845907388,-220.833051039632,61.3792282800987));
#7938=CARTESIAN_POINT('Ctrl Pts',(31.2805679617545,-220.505687409872,61.7065919098588));
#7939=CARTESIAN_POINT('Ctrl Pts',(31.3944140756295,-220.303653748378,61.8501401326704));
#7940=CARTESIAN_POINT('Ctrl Pts',(31.553553957095,-219.843931136486,62.0470265706138));
#7941=CARTESIAN_POINT('Ctrl Pts',(31.5978184595865,-219.585730453734,62.0999999998742));
#7942=CARTESIAN_POINT('Ctrl Pts',(31.5978184595865,-219.335628890446,62.0999999998742));
#7943=CARTESIAN_POINT('Ctrl Pts',(31.5978184595865,-219.099938315655,62.0999999998742));
#7944=CARTESIAN_POINT('Ctrl Pts',(31.5584127522157,-218.854786218217,62.0528081637897));
#7945=CARTESIAN_POINT('Ctrl Pts',(31.4144061434894,-218.414015754321,61.8750672945561));
#7946=CARTESIAN_POINT('Ctrl Pts',(31.3107287957105,-218.217937901474,61.7449111638572));
#7947=CARTESIAN_POINT('Ctrl Pts',(31.068451761645,-217.875280122496,61.4287828220443));
#7948=CARTESIAN_POINT('Ctrl Pts',(30.9065090074491,-217.71894568131,61.2098878005366));
#7949=CARTESIAN_POINT('Ctrl Pts',(30.716087452987,-217.600329056117,60.9361701046176));
#7950=CARTESIAN_POINT('Ctrl Pts',(30.6920791986257,-217.586480862233,60.9013885391907));
#7951=CARTESIAN_POINT('Ctrl Pts',(30.6680462324882,-217.573705226621,60.8662877688361));
#7952=CARTESIAN_POINT('',(0.,-221.097552563893,59.5837122572608));
#7953=CARTESIAN_POINT('Origin',(0.,-221.097552563893,59.5837122572608));
#7954=CARTESIAN_POINT('',(20.9202181896758,-218.56181269248,52.6168242206192));
#7955=CARTESIAN_POINT('',(19.4033836584817,-221.692828817049,61.2192203207483));
#7956=CARTESIAN_POINT('',(27.7492304730976,-218.56181269248,52.6168242206192));
#7957=CARTESIAN_POINT('Origin',(44.6951681238736,-218.06874422486,51.2621297399293));
#7958=CARTESIAN_POINT('',(0.,-218.56181269248,52.6168242206192));
#7959=CARTESIAN_POINT('Origin',(0.,-216.799889028608,53.2581119894735));
#7960=CARTESIAN_POINT('Origin',(20.8071418536285,-216.799889028608,53.2581119894735));
#7961=CARTESIAN_POINT('Ctrl Pts',(27.9009784485705,-215.037965364736,53.8993997583277));
#7962=CARTESIAN_POINT('Ctrl Pts',(27.8681749986797,-214.961934514905,53.6905067152838));
#7963=CARTESIAN_POINT('Ctrl Pts',(27.8376011894789,-214.924889028663,53.46831163255));
#7964=CARTESIAN_POINT('Ctrl Pts',(27.7850215082937,-214.924889028663,53.0235821349459));
#7965=CARTESIAN_POINT('Ctrl Pts',(27.760828605103,-214.971618717887,52.7727158935146));
#7966=CARTESIAN_POINT('Ctrl Pts',(27.7259389629045,-215.162779039778,52.3104556165179));
#7967=CARTESIAN_POINT('Ctrl Pts',(27.7149620522698,-215.307231386668,52.0990917500061));
#7968=CARTESIAN_POINT('Ctrl Pts',(27.7018145368137,-215.640596806721,51.76578116683));
#7969=CARTESIAN_POINT('Ctrl Pts',(27.6986976728521,-215.851405037672,51.6214994775289));
#7970=CARTESIAN_POINT('Ctrl Pts',(27.6957293551171,-216.313336657968,51.4301652740229));
#7971=CARTESIAN_POINT('Ctrl Pts',(27.6955986206397,-216.564457891416,51.3831119895283));
#7972=CARTESIAN_POINT('Ctrl Pts',(27.6955986206397,-217.035320165801,51.3831119895283));
#7973=CARTESIAN_POINT('Ctrl Pts',(27.6957293551171,-217.286441399249,51.4301652740229));
#7974=CARTESIAN_POINT('Ctrl Pts',(27.6986976728521,-217.748373019545,51.6214994775289));
#7975=CARTESIAN_POINT('Ctrl Pts',(27.7018145368137,-217.959181250496,51.76578116683));
#7976=CARTESIAN_POINT('Ctrl Pts',(27.7149620522698,-218.292546670548,52.0990917500061));
#7977=CARTESIAN_POINT('Ctrl Pts',(27.7259389629045,-218.436999017438,52.3104556165179));
#7978=CARTESIAN_POINT('Ctrl Pts',(27.7452611691762,-218.542865370252,52.5664596297585));
#7979=CARTESIAN_POINT('Ctrl Pts',(27.7472101789584,-218.552614452945,52.5915522652027));
#7980=CARTESIAN_POINT('Ctrl Pts',(27.7492304730976,-218.56181269248,52.6168242206192));
#7981=CARTESIAN_POINT('Origin',(0.,-204.405893219947,7.51628776899858));
#7982=CARTESIAN_POINT('',(28.810450866212,-204.405893219947,7.51628776899858));
#7983=CARTESIAN_POINT('',(28.7660423089607,-204.625970284096,8.12094453300078));
#7984=CARTESIAN_POINT('Origin',(25.8116190499241,-204.43636198029,7.6));
#7985=CARTESIAN_POINT('',(35.3110833003117,-204.405893219947,7.51628776899858));
#7986=CARTESIAN_POINT('',(0.,-204.405893219947,7.51628776899858));
#7987=CARTESIAN_POINT('',(34.9321675631097,-204.84828860949,8.73175911166535));
#7988=CARTESIAN_POINT('Origin',(39.8562063281708,-205.164302449166,9.6));
#7989=CARTESIAN_POINT('',(33.7186625670283,-207.353178650256,15.6138879339569));
#7990=CARTESIAN_POINT('',(34.0610311261157,-206.646469080377,13.6722193491959));
#7991=CARTESIAN_POINT('',(27.4448342224507,-207.353178650256,15.6138879339569));
#7992=CARTESIAN_POINT('',(0.,-207.353178650256,15.6138879339569));
#7993=CARTESIAN_POINT('',(23.9334779720023,-214.601242177218,35.5277787993258));
#7994=CARTESIAN_POINT('Origin',(0.,-209.115102314504,14.9726001648185));
#7995=CARTESIAN_POINT('',(27.6709868946455,-210.877025978752,14.3313123956801));
#7996=CARTESIAN_POINT('Origin',(27.5579105585481,-209.115102314504,14.9726001648185));
#7997=CARTESIAN_POINT('',(33.9448152392232,-210.877025978752,14.3313123956801));
#7998=CARTESIAN_POINT('Origin',(33.8317389031257,-209.115102314504,14.9726001648185));
#7999=CARTESIAN_POINT('',(0.,-210.877025978752,14.3313123956801));
#8000=CARTESIAN_POINT('Ctrl Pts',(0.,-206.167816883823,4.99999999999542));
#8001=CARTESIAN_POINT('Ctrl Pts',(44.0000000000004,-206.167816883823,4.99999999999542));
#8002=CARTESIAN_POINT('Ctrl Pts',(0.,-206.037546240271,4.99999999999542));
#8003=CARTESIAN_POINT('Ctrl Pts',(44.0000000000004,-206.037546240271,4.99999999999542));
#8004=CARTESIAN_POINT('Ctrl Pts',(0.,-205.911900301028,5.0134973934375));
#8005=CARTESIAN_POINT('Ctrl Pts',(44.0000000000004,-205.911900301028,5.0134973934375));
#8006=CARTESIAN_POINT('Ctrl Pts',(0.,-205.671349260388,5.0627554709097));
#8007=CARTESIAN_POINT('Ctrl Pts',(44.0000000000004,-205.671349260388,5.0627554709097));
#8008=CARTESIAN_POINT('Ctrl Pts',(0.,-205.55635793073,5.09857459405566));
#8009=CARTESIAN_POINT('Ctrl Pts',(44.0000000000004,-205.55635793073,5.09857459405566));
#8010=CARTESIAN_POINT('Ctrl Pts',(0.,-205.229297532255,5.23470013229814));
#8011=CARTESIAN_POINT('Ctrl Pts',(44.0000000000004,-205.229297532255,5.23470013229814));
#8012=CARTESIAN_POINT('Ctrl Pts',(0.,-205.034926925963,5.36528695517547));
#8013=CARTESIAN_POINT('Ctrl Pts',(44.0000000000004,-205.034926925963,5.36528695517547));
#8014=CARTESIAN_POINT('Ctrl Pts',(0.,-204.712162889191,5.6714010783861));
#8015=CARTESIAN_POINT('Ctrl Pts',(44.0000000000004,-204.712162889191,5.6714010783861));
#8016=CARTESIAN_POINT('Ctrl Pts',(0.,-204.561698934102,5.87402689469776));
#8017=CARTESIAN_POINT('Ctrl Pts',(44.0000000000004,-204.561698934102,5.87402689469776));
#8018=CARTESIAN_POINT('Ctrl Pts',(0.,-204.351716625706,6.34270126444509));
#8019=CARTESIAN_POINT('Ctrl Pts',(44.0000000000004,-204.351716625706,6.34270126444509));
#8020=CARTESIAN_POINT('Ctrl Pts',(0.,-204.292816883823,6.60932720781009));
#8021=CARTESIAN_POINT('Ctrl Pts',(44.0000000000004,-204.292816883823,6.60932720781009));
#8022=CARTESIAN_POINT('Ctrl Pts',(0.,-204.292816883823,7.08195579047138));
#8023=CARTESIAN_POINT('Ctrl Pts',(44.0000000000004,-204.292816883823,7.08195579047138));
#8024=CARTESIAN_POINT('Ctrl Pts',(0.,-204.329146401751,7.30542761909046));
#8025=CARTESIAN_POINT('Ctrl Pts',(44.0000000000004,-204.329146401751,7.30542761909046));
#8026=CARTESIAN_POINT('Ctrl Pts',(0.,-204.405893219947,7.51628776899858));
#8027=CARTESIAN_POINT('Ctrl Pts',(44.0000000000004,-204.405893219947,7.51628776899858));
#8028=CARTESIAN_POINT('',(27.3082820046257,-206.167816884815,4.99999999999542));
#8029=CARTESIAN_POINT('Ctrl Pts',(27.3082820046257,-206.167816883823,4.99999999999542));
#8030=CARTESIAN_POINT('Ctrl Pts',(27.3082820046257,-206.117554213117,4.99999999999542));
#8031=CARTESIAN_POINT('Ctrl Pts',(27.3117768794064,-206.067707156479,5.00200287382914));
#8032=CARTESIAN_POINT('Ctrl Pts',(27.3254119325755,-205.968774544364,5.00992415948952));
#8033=CARTESIAN_POINT('Ctrl Pts',(27.3354174061628,-205.920337714059,5.01576726691802));
#8034=CARTESIAN_POINT('Ctrl Pts',(27.3739746289373,-205.776181455826,5.03876042603901));
#8035=CARTESIAN_POINT('Ctrl Pts',(27.4107203589386,-205.683833925725,5.06120286893362));
#8036=CARTESIAN_POINT('Ctrl Pts',(27.5399799938373,-205.419708468399,5.14573044997536));
#8037=CARTESIAN_POINT('Ctrl Pts',(27.6557807879532,-205.252920576387,5.22836035363883));
#8038=CARTESIAN_POINT('Ctrl Pts',(27.8231019165543,-205.043072882129,5.37340871843209));
#8039=CARTESIAN_POINT('Ctrl Pts',(27.8703728820405,-204.987079702829,5.41690972430763));
#8040=CARTESIAN_POINT('Ctrl Pts',(28.1105388454199,-204.715733149928,5.65358470278309));
#8041=CARTESIAN_POINT('Ctrl Pts',(28.284490316399,-204.558222301142,5.88113233947291));
#8042=CARTESIAN_POINT('Ctrl Pts',(28.5299939046951,-204.366535895917,6.31020152671606));
#8043=CARTESIAN_POINT('Ctrl Pts',(28.6276186099477,-204.308852643631,6.53651923903494));
#8044=CARTESIAN_POINT('Ctrl Pts',(28.725279045236,-204.289874919138,6.8773498371742));
#8045=CARTESIAN_POINT('Ctrl Pts',(28.7543304265235,-204.291675126592,6.99903805805362));
#8046=CARTESIAN_POINT('Ctrl Pts',(28.7959675688133,-204.330485142095,7.26811603546515));
#8047=CARTESIAN_POINT('Ctrl Pts',(28.8070519287452,-204.361576027808,7.39452728435966));
#8048=CARTESIAN_POINT('Ctrl Pts',(28.810450866212,-204.405893219947,7.51628776899859));
#8049=CARTESIAN_POINT('',(37.896614533955,-206.167816884815,4.99999999999542));
#8050=CARTESIAN_POINT('',(0.,-206.167816884815,4.99999999999542));
#8051=CARTESIAN_POINT('Ctrl Pts',(35.3110833003117,-204.405893219947,7.51628776899858));
#8052=CARTESIAN_POINT('Ctrl Pts',(35.4079350284085,-204.329001222155,7.30502874142686));
#8053=CARTESIAN_POINT('Ctrl Pts',(35.5280174563236,-204.29328713071,7.08467193826048));
#8054=CARTESIAN_POINT('Ctrl Pts',(35.8133859814865,-204.292290935174,6.64473690928867));
#8055=CARTESIAN_POINT('Ctrl Pts',(36.00188346369,-204.337582516926,6.39929936217828));
#8056=CARTESIAN_POINT('Ctrl Pts',(36.3496744256848,-204.486903961797,6.03063195121803));
#8057=CARTESIAN_POINT('Ctrl Pts',(36.4852680204003,-204.558651558039,5.90291966234567));
#8058=CARTESIAN_POINT('Ctrl Pts',(36.9329590694894,-204.829188842939,5.52296806583368));
#8059=CARTESIAN_POINT('Ctrl Pts',(37.2217828337658,-205.059029710735,5.34335361997946));
#8060=CARTESIAN_POINT('Ctrl Pts',(37.5787737839041,-205.423895184909,5.14574158000244));
#8061=CARTESIAN_POINT('Ctrl Pts',(37.686327951929,-205.564243248978,5.09464318350032));
#8062=CARTESIAN_POINT('Ctrl Pts',(37.8008817413382,-205.767331557741,5.04174887649115));
#8063=CARTESIAN_POINT('Ctrl Pts',(37.8357989067356,-205.844357645422,5.02630860905733));
#8064=CARTESIAN_POINT('Ctrl Pts',(37.8836995960286,-206.004096078861,5.00545072214288));
#8065=CARTESIAN_POINT('Ctrl Pts',(37.896614533955,-206.084745579586,4.99999999999542));
#8066=CARTESIAN_POINT('Ctrl Pts',(37.896614533955,-206.167816883823,4.99999999999542));
#8067=CARTESIAN_POINT('Ctrl Pts',(0.,-207.92974054871,6.23371223104369));
#8068=CARTESIAN_POINT('Ctrl Pts',(44.0000000000004,-207.92974054871,6.23371223104369));
#8069=CARTESIAN_POINT('Ctrl Pts',(0.,-207.914225902964,6.19108609220253));
#8070=CARTESIAN_POINT('Ctrl Pts',(44.0000000000004,-207.914225902964,6.19108609220253));
#8071=CARTESIAN_POINT('Ctrl Pts',(0.,-207.897248431078,6.14925923489934));
#8072=CARTESIAN_POINT('Ctrl Pts',(44.0000000000004,-207.897248431078,6.14925923489934));
#8073=CARTESIAN_POINT('Ctrl Pts',(0.,-207.773934834536,5.87402689469776));
#8074=CARTESIAN_POINT('Ctrl Pts',(44.0000000000004,-207.773934834536,5.87402689469776));
#8075=CARTESIAN_POINT('Ctrl Pts',(0.,-207.623470879447,5.6714010783861));
#8076=CARTESIAN_POINT('Ctrl Pts',(44.0000000000004,-207.623470879447,5.6714010783861));
#8077=CARTESIAN_POINT('Ctrl Pts',(0.,-207.300706842675,5.36528695517547));
#8078=CARTESIAN_POINT('Ctrl Pts',(44.0000000000004,-207.300706842675,5.36528695517547));
#8079=CARTESIAN_POINT('Ctrl Pts',(0.,-207.106336236383,5.23470013229814));
#8080=CARTESIAN_POINT('Ctrl Pts',(44.0000000000004,-207.106336236383,5.23470013229814));
#8081=CARTESIAN_POINT('Ctrl Pts',(0.,-206.779275837908,5.09857459405566));
#8082=CARTESIAN_POINT('Ctrl Pts',(44.0000000000004,-206.779275837908,5.09857459405566));
#8083=CARTESIAN_POINT('Ctrl Pts',(0.,-206.66428450825,5.0627554709097));
#8084=CARTESIAN_POINT('Ctrl Pts',(44.0000000000004,-206.66428450825,5.0627554709097));
#8085=CARTESIAN_POINT('Ctrl Pts',(0.,-206.42373346761,5.0134973934375));
#8086=CARTESIAN_POINT('Ctrl Pts',(44.0000000000004,-206.42373346761,5.0134973934375));
#8087=CARTESIAN_POINT('Ctrl Pts',(0.,-206.298087528367,4.99999999999542));
#8088=CARTESIAN_POINT('Ctrl Pts',(44.0000000000004,-206.298087528367,4.99999999999542));
#8089=CARTESIAN_POINT('Ctrl Pts',(0.,-206.167816884815,4.99999999999542));
#8090=CARTESIAN_POINT('Ctrl Pts',(44.0000000000004,-206.167816884815,4.99999999999542));
#8091=CARTESIAN_POINT('',(28.4824349800099,-207.92974054871,6.23371223104369));
#8092=CARTESIAN_POINT('Ctrl Pts',(28.4824349800099,-207.92974054871,6.23371223104369));
#8093=CARTESIAN_POINT('Ctrl Pts',(28.3667226270723,-207.847412585611,6.00751801152761));
#8094=CARTESIAN_POINT('Ctrl Pts',(28.2312645169189,-207.72789682909,5.81321358919852));
#8095=CARTESIAN_POINT('Ctrl Pts',(28.0690430751229,-207.564497188219,5.62387955116739));
#8096=CARTESIAN_POINT('Ctrl Pts',(28.0481397430522,-207.543045943433,5.60026419677447));
#8097=CARTESIAN_POINT('Ctrl Pts',(27.8481259833982,-207.33352358957,5.38118283836336));
#8098=CARTESIAN_POINT('Ctrl Pts',(27.6805785600841,-207.124035007446,5.24870158630307));
#8099=CARTESIAN_POINT('Ctrl Pts',(27.4918550702956,-206.821122267284,5.11321824870896));
#8100=CARTESIAN_POINT('Ctrl Pts',(27.4273923491813,-206.698379481096,5.07171517841618));
#8101=CARTESIAN_POINT('Ctrl Pts',(27.3232244327622,-206.405972701176,5.00776835800645));
#8102=CARTESIAN_POINT('Ctrl Pts',(27.3082820046257,-206.272383761895,4.99999999999542));
#8103=CARTESIAN_POINT('Ctrl Pts',(27.3082820046257,-206.167816884815,4.99999999999542));
#8104=CARTESIAN_POINT('',(36.1591660718881,-207.92974054871,6.23371223104369));
#8105=CARTESIAN_POINT('',(0.,-207.92974054871,6.23371223104369));
#8106=CARTESIAN_POINT('Ctrl Pts',(37.896614533955,-206.167816884815,4.99999999999542));
#8107=CARTESIAN_POINT('Ctrl Pts',(37.896614533955,-206.264449005928,4.99999999999542));
#8108=CARTESIAN_POINT('Ctrl Pts',(37.8791206230133,-206.357487822854,5.00736596652939));
#8109=CARTESIAN_POINT('Ctrl Pts',(37.8075441060909,-206.56519416135,5.03875740875791));
#8110=CARTESIAN_POINT('Ctrl Pts',(37.7454071187825,-206.674542210422,5.06673084495622));
#8111=CARTESIAN_POINT('Ctrl Pts',(37.5529516797296,-206.947733048685,5.15999778057039));
#8112=CARTESIAN_POINT('Ctrl Pts',(37.3935047776767,-207.108938282609,5.24433568881193));
#8113=CARTESIAN_POINT('Ctrl Pts',(37.0574184266959,-207.402168987243,5.45173191074892));
#8114=CARTESIAN_POINT('Ctrl Pts',(36.8777443982711,-207.533344511331,5.5774518414468));
#8115=CARTESIAN_POINT('Ctrl Pts',(36.5165048060317,-207.762401616466,5.8713616199863));
#8116=CARTESIAN_POINT('Ctrl Pts',(36.332749216462,-207.860353828374,6.04307378378429));
#8117=CARTESIAN_POINT('Ctrl Pts',(36.1591660718881,-207.92974054871,6.23371223104369));
#8118=CARTESIAN_POINT('Origin',(0.,-210.877025978752,14.33131239568));
#8119=CARTESIAN_POINT('',(28.7660423089607,-208.61663693203,8.12094453300078));
#8120=CARTESIAN_POINT('Origin',(25.8116190499241,-208.427028628241,7.6));
#8121=CARTESIAN_POINT('',(23.4587512051897,-219.571829264676,38.2200880812357));
#8122=CARTESIAN_POINT('',(34.9321675631097,-208.838955257405,8.73175911166535));
#8123=CARTESIAN_POINT('',(33.5863043593826,-211.617056168392,16.364528630655));
#8124=CARTESIAN_POINT('Origin',(39.8562063281708,-209.154969097052,9.6));
#8125=CARTESIAN_POINT('Ctrl Pts',(0.,-246.844106778786,7.5162877691011));
#8126=CARTESIAN_POINT('Ctrl Pts',(44.0000000000004,-246.844106778786,7.5162877691011));
#8127=CARTESIAN_POINT('Ctrl Pts',(0.,-246.920853597006,7.30542761916414));
#8128=CARTESIAN_POINT('Ctrl Pts',(44.0000000000004,-246.920853597006,7.30542761916414));
#8129=CARTESIAN_POINT('Ctrl Pts',(0.,-246.957183114945,7.0819557905081));
#8130=CARTESIAN_POINT('Ctrl Pts',(44.0000000000004,-246.957183114945,7.0819557905081));
#8131=CARTESIAN_POINT('Ctrl Pts',(0.,-246.957183114945,6.60932720781499));
#8132=CARTESIAN_POINT('Ctrl Pts',(44.0000000000004,-246.957183114945,6.60932720781499));
#8133=CARTESIAN_POINT('Ctrl Pts',(0.,-246.898283373063,6.34270126445011));
#8134=CARTESIAN_POINT('Ctrl Pts',(44.0000000000004,-246.898283373063,6.34270126445011));
#8135=CARTESIAN_POINT('Ctrl Pts',(0.,-246.688301064667,5.87402689470289));
#8136=CARTESIAN_POINT('Ctrl Pts',(44.0000000000004,-246.688301064667,5.87402689470289));
#8137=CARTESIAN_POINT('Ctrl Pts',(0.,-246.537837109578,5.67140107839118));
#8138=CARTESIAN_POINT('Ctrl Pts',(44.0000000000004,-246.537837109578,5.67140107839118));
#8139=CARTESIAN_POINT('Ctrl Pts',(0.,-246.215073072807,5.36528695518039));
#8140=CARTESIAN_POINT('Ctrl Pts',(44.0000000000004,-246.215073072807,5.36528695518039));
#8141=CARTESIAN_POINT('Ctrl Pts',(0.,-246.020702466514,5.23470013230294));
#8142=CARTESIAN_POINT('Ctrl Pts',(44.0000000000004,-246.020702466514,5.23470013230294));
#8143=CARTESIAN_POINT('Ctrl Pts',(0.,-245.693642068039,5.09857459406035));
#8144=CARTESIAN_POINT('Ctrl Pts',(44.0000000000004,-245.693642068039,5.09857459406035));
#8145=CARTESIAN_POINT('Ctrl Pts',(0.,-245.578650738381,5.06275547091436));
#8146=CARTESIAN_POINT('Ctrl Pts',(44.0000000000004,-245.578650738381,5.06275547091436));
#8147=CARTESIAN_POINT('Ctrl Pts',(0.,-245.338099697741,5.01349739344215));
#8148=CARTESIAN_POINT('Ctrl Pts',(44.0000000000004,-245.338099697741,5.01349739344215));
#8149=CARTESIAN_POINT('Ctrl Pts',(0.,-245.212453758774,5.00000000001934));
#8150=CARTESIAN_POINT('Ctrl Pts',(44.0000000000004,-245.212453758774,5.00000000001934));
#8151=CARTESIAN_POINT('Ctrl Pts',(0.,-245.082183115222,5.0000000000001));
#8152=CARTESIAN_POINT('Ctrl Pts',(44.0000000000004,-245.082183115222,5.0000000000001));
#8153=CARTESIAN_POINT('',(28.8104508662148,-246.844106778786,7.51628776910111));
#8154=CARTESIAN_POINT('',(27.3082820046338,-245.082183115222,5.0000000000001));
#8155=CARTESIAN_POINT('Ctrl Pts',(28.8104508662148,-246.844106778786,7.51628776910111));
#8156=CARTESIAN_POINT('Ctrl Pts',(28.8051754957388,-246.912889923403,7.3273076325496));
#8157=CARTESIAN_POINT('Ctrl Pts',(28.7808483684953,-246.950234077976,7.12663100174168));
#8158=CARTESIAN_POINT('Ctrl Pts',(28.6774123822353,-246.96425999381,6.67468790971891));
#8159=CARTESIAN_POINT('Ctrl Pts',(28.5944135047999,-246.917530875244,6.4697243083262));
#8160=CARTESIAN_POINT('Ctrl Pts',(28.4182224794137,-246.804417728629,6.09017765131691));
#8161=CARTESIAN_POINT('Ctrl Pts',(28.2870488890294,-246.691215146276,5.89382298225551));
#8162=CARTESIAN_POINT('Ctrl Pts',(27.9685633840612,-246.384830701363,5.49102181786392));
#8163=CARTESIAN_POINT('Ctrl Pts',(27.7743921273215,-246.161146819073,5.32398601453572));
#8164=CARTESIAN_POINT('Ctrl Pts',(27.5324661633067,-245.810064221126,5.13953290279843));
#8165=CARTESIAN_POINT('Ctrl Pts',(27.4564367818762,-245.672637809512,5.09033392899199));
#8166=CARTESIAN_POINT('Ctrl Pts',(27.3747625463376,-245.470674628246,5.03918750059278));
#8167=CARTESIAN_POINT('Ctrl Pts',(27.350587502285,-245.39567899576,5.02474245222911));
#8168=CARTESIAN_POINT('Ctrl Pts',(27.3171598112544,-245.240681245301,5.00505797269369));
#8169=CARTESIAN_POINT('Ctrl Pts',(27.3082820046543,-245.162210249759,5.00000000001192));
#8170=CARTESIAN_POINT('Ctrl Pts',(27.3082820046338,-245.082183115222,5.0000000000001));
#8171=CARTESIAN_POINT('',(35.3110833002647,-246.844106778786,7.51628776910111));
#8172=CARTESIAN_POINT('',(0.,-246.844106778786,7.51628776910111));
#8173=CARTESIAN_POINT('',(37.896614533944,-245.082183115222,5.0000000000001));
#8174=CARTESIAN_POINT('Ctrl Pts',(37.896614533944,-245.082183115222,5.0000000000001));
#8175=CARTESIAN_POINT('Ctrl Pts',(37.8966145339105,-245.178807824263,5.00000000001437));
#8176=CARTESIAN_POINT('Ctrl Pts',(37.8791233185256,-245.271839933656,5.00736484103114));
#8177=CARTESIAN_POINT('Ctrl Pts',(37.8075693399983,-245.479495347715,5.03874626869126));
#8178=CARTESIAN_POINT('Ctrl Pts',(37.7454668938147,-245.588804236949,5.06670369902161));
#8179=CARTESIAN_POINT('Ctrl Pts',(37.553159097236,-245.861838867499,5.15989406010976));
#8180=CARTESIAN_POINT('Ctrl Pts',(37.3938664504395,-246.022943683895,5.24413780036135));
#8181=CARTESIAN_POINT('Ctrl Pts',(37.0817513026091,-246.295346443053,5.43669319617649));
#8182=CARTESIAN_POINT('Ctrl Pts',(36.9281254223614,-246.410535246954,5.54231275016163));
#8183=CARTESIAN_POINT('Ctrl Pts',(36.5256322141205,-246.676778892372,5.85747161126999));
#8184=CARTESIAN_POINT('Ctrl Pts',(36.2197835460117,-246.845743163491,6.13608015794323));
#8185=CARTESIAN_POINT('Ctrl Pts',(35.7627838356417,-246.96229597694,6.71638080101809));
#8186=CARTESIAN_POINT('Ctrl Pts',(35.651798413127,-246.960434529228,6.89081293161456));
#8187=CARTESIAN_POINT('Ctrl Pts',(35.4819249375608,-246.941050334463,7.17005050521054));
#8188=CARTESIAN_POINT('Ctrl Pts',(35.3892113322187,-246.906133761474,7.34587003487979));
#8189=CARTESIAN_POINT('Ctrl Pts',(35.3110833002647,-246.844106778786,7.51628776910109));
#8190=CARTESIAN_POINT('',(0.,-245.082183115222,5.0000000000001));
#8191=CARTESIAN_POINT('Ctrl Pts',(0.,-245.082183115222,5.0000000000001));
#8192=CARTESIAN_POINT('Ctrl Pts',(44.0000000000004,-245.082183115222,5.0000000000001));
#8193=CARTESIAN_POINT('Ctrl Pts',(0.,-244.951912471671,5.0000000000001));
#8194=CARTESIAN_POINT('Ctrl Pts',(44.0000000000004,-244.951912471671,5.0000000000001));
#8195=CARTESIAN_POINT('Ctrl Pts',(0.,-244.826266532427,5.01349739344215));
#8196=CARTESIAN_POINT('Ctrl Pts',(44.0000000000004,-244.826266532427,5.01349739344215));
#8197=CARTESIAN_POINT('Ctrl Pts',(0.,-244.585715491787,5.06275547091436));
#8198=CARTESIAN_POINT('Ctrl Pts',(44.0000000000004,-244.585715491787,5.06275547091436));
#8199=CARTESIAN_POINT('Ctrl Pts',(0.,-244.470724162129,5.09857459406035));
#8200=CARTESIAN_POINT('Ctrl Pts',(44.0000000000004,-244.470724162129,5.09857459406035));
#8201=CARTESIAN_POINT('Ctrl Pts',(0.,-244.143663763654,5.23470013230296));
#8202=CARTESIAN_POINT('Ctrl Pts',(44.0000000000004,-244.143663763654,5.23470013230296));
#8203=CARTESIAN_POINT('Ctrl Pts',(0.,-243.949293157361,5.36528695518039));
#8204=CARTESIAN_POINT('Ctrl Pts',(44.0000000000004,-243.949293157361,5.36528695518039));
#8205=CARTESIAN_POINT('Ctrl Pts',(0.,-243.62652912059,5.67140107839118));
#8206=CARTESIAN_POINT('Ctrl Pts',(44.0000000000004,-243.62652912059,5.67140107839118));
#8207=CARTESIAN_POINT('Ctrl Pts',(0.,-243.476065165501,5.87402689470288));
#8208=CARTESIAN_POINT('Ctrl Pts',(44.0000000000004,-243.476065165501,5.87402689470288));
#8209=CARTESIAN_POINT('Ctrl Pts',(0.,-243.352751568982,6.14925923485302));
#8210=CARTESIAN_POINT('Ctrl Pts',(44.0000000000004,-243.352751568982,6.14925923485302));
#8211=CARTESIAN_POINT('Ctrl Pts',(0.,-243.335774097116,6.19108609210248));
#8212=CARTESIAN_POINT('Ctrl Pts',(44.0000000000004,-243.335774097116,6.19108609210248));
#8213=CARTESIAN_POINT('Ctrl Pts',(0.,-243.320259451386,6.23371223088805));
#8214=CARTESIAN_POINT('Ctrl Pts',(44.0000000000004,-243.320259451386,6.23371223088805));
#8215=CARTESIAN_POINT('',(28.4824349799303,-243.320259451386,6.23371223088805));
#8216=CARTESIAN_POINT('Ctrl Pts',(27.3082820046338,-245.082183115222,5.0000000000001));
#8217=CARTESIAN_POINT('Ctrl Pts',(27.3082820046338,-245.049108687066,5.0000000000001));
#8218=CARTESIAN_POINT('Ctrl Pts',(27.3097942291642,-245.016155906954,5.00086877118191));
#8219=CARTESIAN_POINT('Ctrl Pts',(27.3157719082282,-244.950633709339,5.00432359467674));
#8220=CARTESIAN_POINT('Ctrl Pts',(27.3201939844308,-244.918280231438,5.00688480256775));
#8221=CARTESIAN_POINT('Ctrl Pts',(27.3375582283762,-244.821707454977,5.01703855087276));
#8222=CARTESIAN_POINT('Ctrl Pts',(27.3545019695231,-244.758854671934,5.02704247692983));
#8223=CARTESIAN_POINT('Ctrl Pts',(27.4278597309057,-244.544802681977,5.07184877161858));
#8224=CARTESIAN_POINT('Ctrl Pts',(27.5055041258948,-244.402065613457,5.12176609470468));
#8225=CARTESIAN_POINT('Ctrl Pts',(27.6603198519682,-244.16451390013,5.23567697409355));
#8226=CARTESIAN_POINT('Ctrl Pts',(27.7380539829756,-244.06191119268,5.29789496500105));
#8227=CARTESIAN_POINT('Ctrl Pts',(27.9324356336319,-243.825504230646,5.47236895074685));
#8228=CARTESIAN_POINT('Ctrl Pts',(28.0507128571643,-243.700630498389,5.59520687204083));
#8229=CARTESIAN_POINT('Ctrl Pts',(28.2785578278104,-243.481194978498,5.88279329856869));
#8230=CARTESIAN_POINT('Ctrl Pts',(28.3879435325813,-243.38748899252,6.04900058482468));
#8231=CARTESIAN_POINT('Ctrl Pts',(28.4824349799303,-243.320259451386,6.23371223088805));
#8232=CARTESIAN_POINT('',(36.1591660720298,-243.320259451386,6.23371223088805));
#8233=CARTESIAN_POINT('Ctrl Pts',(36.1591660720298,-243.320259451386,6.23371223088805));
#8234=CARTESIAN_POINT('Ctrl Pts',(36.4688462624895,-243.444048502598,5.89360460813393));
#8235=CARTESIAN_POINT('Ctrl Pts',(36.7656630244345,-243.638765249454,5.66257575572112));
#8236=CARTESIAN_POINT('Ctrl Pts',(37.1917705399453,-243.952369955383,5.35920666875512));
#8237=CARTESIAN_POINT('Ctrl Pts',(37.4162482623292,-244.153664882096,5.23185616911529));
#8238=CARTESIAN_POINT('Ctrl Pts',(37.6583706876369,-244.446439849784,5.10810249908878));
#8239=CARTESIAN_POINT('Ctrl Pts',(37.7443964458245,-244.565317248254,5.06734399457325));
#8240=CARTESIAN_POINT('Ctrl Pts',(37.834558394431,-244.760310738395,5.02683348651973));
#8241=CARTESIAN_POINT('Ctrl Pts',(37.8573826708051,-244.822755709691,5.01687935315888));
#8242=CARTESIAN_POINT('Ctrl Pts',(37.8884613292848,-244.951407490275,5.00345109073288));
#8243=CARTESIAN_POINT('Ctrl Pts',(37.896614533944,-245.016146440099,5.0000000000001));
#8244=CARTESIAN_POINT('Ctrl Pts',(37.896614533944,-245.082183115222,5.0000000000001));
#8245=CARTESIAN_POINT('',(0.,-243.320259451386,6.23371223088805));
#8246=CARTESIAN_POINT('Origin',(0.,-243.320259451386,6.23371223088805));
#8247=CARTESIAN_POINT('',(28.7660423089607,-242.633363067814,8.12094453300078));
#8248=CARTESIAN_POINT('Origin',(25.811619049924,-242.822971371656,7.6));
#8249=CARTESIAN_POINT('',(34.9321675631097,-242.411044742377,8.73175911166535));
#8250=CARTESIAN_POINT('Origin',(39.8562063281708,-242.09503090264,9.6));
#8251=CARTESIAN_POINT('',(34.130702113084,-240.756677573926,13.2770955474477));
#8252=CARTESIAN_POINT('',(34.7982295796443,-242.134572933834,9.49135916224869));
#8253=CARTESIAN_POINT('',(27.8568737685063,-240.756677573926,13.2770955474477));
#8254=CARTESIAN_POINT('',(0.,-240.756677573926,13.2770955474477));
#8255=CARTESIAN_POINT('',(24.6706764256998,-234.17979983581,31.346918611421));
#8256=CARTESIAN_POINT('Origin',(0.,-244.280524901797,14.5596710855139));
#8257=CARTESIAN_POINT('',(28.7660423089607,-246.624029714637,8.12094453300078));
#8258=CARTESIAN_POINT('Origin',(25.811619049924,-246.813638018445,7.6));
#8259=CARTESIAN_POINT('',(27.6307210963046,-244.280524901851,14.5596710857636));
#8260=CARTESIAN_POINT('',(23.8461901279377,-236.46858019374,36.0228127624427));
#8261=CARTESIAN_POINT('',(33.9045494408822,-244.280524901851,14.5596710857636));
#8262=CARTESIAN_POINT('',(0.,-244.280524901851,14.5596710857636));
#8263=CARTESIAN_POINT('',(34.9321675631097,-246.401711389238,8.73175911166535));
#8264=CARTESIAN_POINT('',(33.9737432820369,-244.42335329068,14.1672533123932));
#8265=CARTESIAN_POINT('Origin',(39.8562063281708,-246.085697549557,9.6));
#8266=CARTESIAN_POINT('Origin',(0.,-242.518601237889,13.9183833166056));
#8267=CARTESIAN_POINT('Origin',(27.7437974324055,-242.518601237889,13.9183833166056));
#8268=CARTESIAN_POINT('Origin',(34.0176257769831,-242.518601237889,13.9183833166056));
#8269=CARTESIAN_POINT('Origin',(0.,-262.07025945129,6.23371223104366));
#8270=CARTESIAN_POINT('',(28.4824349800099,-262.07025945129,6.23371223104366));
#8271=CARTESIAN_POINT('',(28.7660423089607,-261.38336306797,8.12094453300078));
#8272=CARTESIAN_POINT('Origin',(25.811619049924,-261.572971371758,7.6));
#8273=CARTESIAN_POINT('',(36.1591660718881,-262.07025945129,6.23371223104366));
#8274=CARTESIAN_POINT('',(0.,-262.07025945129,6.23371223104366));
#8275=CARTESIAN_POINT('',(34.9321675631097,-261.161044742595,8.73175911166535));
#8276=CARTESIAN_POINT('Origin',(39.8562063281708,-260.845030902948,9.6));
#8277=CARTESIAN_POINT('',(33.9448152391646,-259.122974021127,14.331312396012));
#8278=CARTESIAN_POINT('',(34.2811408564616,-259.817209884931,12.4239150371641));
#8279=CARTESIAN_POINT('',(27.670986894587,-259.122974021127,14.331312396012));
#8280=CARTESIAN_POINT('',(0.,-259.122974021127,14.331312396012));
#8281=CARTESIAN_POINT('',(24.1535877022686,-251.862436788647,34.2794744877453));
#8282=CARTESIAN_POINT('Origin',(0.,-260.88489768505,14.972600164974));
#8283=CARTESIAN_POINT('',(27.4448342224543,-262.646821348973,15.613887933936));
#8284=CARTESIAN_POINT('Origin',(27.5579105585207,-260.88489768505,14.972600164974));
#8285=CARTESIAN_POINT('',(33.718662567032,-262.646821348973,15.613887933936));
#8286=CARTESIAN_POINT('Origin',(33.8317389030983,-260.88489768505,14.972600164974));
#8287=CARTESIAN_POINT('',(0.,-262.646821348973,15.613887933936));
#8288=CARTESIAN_POINT('Ctrl Pts',(0.,-263.832183115185,4.99999999999542));
#8289=CARTESIAN_POINT('Ctrl Pts',(44.0000000000004,-263.832183115185,4.99999999999542));
#8290=CARTESIAN_POINT('Ctrl Pts',(0.,-263.701912471633,4.99999999999542));
#8291=CARTESIAN_POINT('Ctrl Pts',(44.0000000000004,-263.701912471633,4.99999999999542));
#8292=CARTESIAN_POINT('Ctrl Pts',(0.,-263.57626653239,5.0134973934375));
#8293=CARTESIAN_POINT('Ctrl Pts',(44.0000000000004,-263.57626653239,5.0134973934375));
#8294=CARTESIAN_POINT('Ctrl Pts',(0.,-263.33571549175,5.0627554709097));
#8295=CARTESIAN_POINT('Ctrl Pts',(44.0000000000004,-263.33571549175,5.0627554709097));
#8296=CARTESIAN_POINT('Ctrl Pts',(0.,-263.220724162092,5.09857459405566));
#8297=CARTESIAN_POINT('Ctrl Pts',(44.0000000000004,-263.220724162092,5.09857459405566));
#8298=CARTESIAN_POINT('Ctrl Pts',(0.,-262.893663763617,5.23470013229814));
#8299=CARTESIAN_POINT('Ctrl Pts',(44.0000000000004,-262.893663763617,5.23470013229814));
#8300=CARTESIAN_POINT('Ctrl Pts',(0.,-262.699293157325,5.36528695517547));
#8301=CARTESIAN_POINT('Ctrl Pts',(44.0000000000004,-262.699293157325,5.36528695517547));
#8302=CARTESIAN_POINT('Ctrl Pts',(0.,-262.376529120553,5.6714010783861));
#8303=CARTESIAN_POINT('Ctrl Pts',(44.0000000000004,-262.376529120553,5.6714010783861));
#8304=CARTESIAN_POINT('Ctrl Pts',(0.,-262.226065165464,5.87402689469776));
#8305=CARTESIAN_POINT('Ctrl Pts',(44.0000000000004,-262.226065165464,5.87402689469776));
#8306=CARTESIAN_POINT('Ctrl Pts',(0.,-262.102751568922,6.14925923489934));
#8307=CARTESIAN_POINT('Ctrl Pts',(44.0000000000004,-262.102751568922,6.14925923489934));
#8308=CARTESIAN_POINT('Ctrl Pts',(0.,-262.085774097036,6.19108609220251));
#8309=CARTESIAN_POINT('Ctrl Pts',(44.0000000000004,-262.085774097036,6.19108609220251));
#8310=CARTESIAN_POINT('Ctrl Pts',(0.,-262.07025945129,6.23371223104366));
#8311=CARTESIAN_POINT('Ctrl Pts',(44.0000000000004,-262.07025945129,6.23371223104366));
#8312=CARTESIAN_POINT('',(27.3082820046257,-263.832183116177,4.99999999999542));
#8313=CARTESIAN_POINT('Ctrl Pts',(27.3082820046257,-263.832183115185,4.99999999999542));
#8314=CARTESIAN_POINT('Ctrl Pts',(27.3082820046257,-263.799108687026,4.99999999999542));
#8315=CARTESIAN_POINT('Ctrl Pts',(27.3097942291563,-263.766155906912,5.00086877117733));
#8316=CARTESIAN_POINT('Ctrl Pts',(27.3157719082211,-263.700633709293,5.00432359467263));
#8317=CARTESIAN_POINT('Ctrl Pts',(27.3201939844243,-263.66828023139,5.00688480256397));
#8318=CARTESIAN_POINT('Ctrl Pts',(27.3375582283721,-263.571707454923,5.01703855087034));
#8319=CARTESIAN_POINT('Ctrl Pts',(27.3545019695215,-263.508854671875,5.02704247692888));
#8320=CARTESIAN_POINT('Ctrl Pts',(27.4278597309107,-263.294802681913,5.07184877162167));
#8321=CARTESIAN_POINT('Ctrl Pts',(27.505504125904,-263.152065613391,5.12176609471066));
#8322=CARTESIAN_POINT('Ctrl Pts',(27.6603198519868,-262.914513900059,5.23567697410787));
#8323=CARTESIAN_POINT('Ctrl Pts',(27.7380539829984,-262.811911192606,5.29789496501984));
#8324=CARTESIAN_POINT('Ctrl Pts',(27.9324356336732,-262.575504230557,5.47236895078644));
#8325=CARTESIAN_POINT('Ctrl Pts',(28.0507128572175,-262.450630498292,5.59520687209833));
#8326=CARTESIAN_POINT('Ctrl Pts',(28.2785578278848,-262.23119497839,5.88279329867259));
#8327=CARTESIAN_POINT('Ctrl Pts',(28.3879435326612,-262.137488992415,6.04900058495434));
#8328=CARTESIAN_POINT('Ctrl Pts',(28.4824349800099,-262.07025945129,6.23371223104366));
#8329=CARTESIAN_POINT('',(37.896614533955,-263.832183116177,4.99999999999542));
#8330=CARTESIAN_POINT('',(0.,-263.832183116177,4.99999999999542));
#8331=CARTESIAN_POINT('Ctrl Pts',(36.1591660718881,-262.07025945129,6.23371223104366));
#8332=CARTESIAN_POINT('Ctrl Pts',(36.4688462622509,-262.194048502439,5.89360460836722));
#8333=CARTESIAN_POINT('Ctrl Pts',(36.7656630241517,-262.388765249224,5.66257575593793));
#8334=CARTESIAN_POINT('Ctrl Pts',(37.1917705398519,-262.702369955248,5.35920666880253));
#8335=CARTESIAN_POINT('Ctrl Pts',(37.4162482622557,-262.903664881988,5.23185616915687));
#8336=CARTESIAN_POINT('Ctrl Pts',(37.6583706875264,-263.196439849588,5.10810249914335));
#8337=CARTESIAN_POINT('Ctrl Pts',(37.7443964457635,-263.315317248085,5.06734399460101));
#8338=CARTESIAN_POINT('Ctrl Pts',(37.8345583944207,-263.510310738304,5.02683348652423));
#8339=CARTESIAN_POINT('Ctrl Pts',(37.8573826708024,-263.57275570961,5.01687935316004));
#8340=CARTESIAN_POINT('Ctrl Pts',(37.8884613292928,-263.701407490215,5.00345109072943));
#8341=CARTESIAN_POINT('Ctrl Pts',(37.896614533955,-263.76614644005,4.99999999999542));
#8342=CARTESIAN_POINT('Ctrl Pts',(37.896614533955,-263.832183115185,4.99999999999542));
#8343=CARTESIAN_POINT('Ctrl Pts',(0.,-265.594106780053,7.51628776899859));
#8344=CARTESIAN_POINT('Ctrl Pts',(44.0000000000004,-265.594106780053,7.51628776899859));
#8345=CARTESIAN_POINT('Ctrl Pts',(0.,-265.670853598248,7.30542761909047));
#8346=CARTESIAN_POINT('Ctrl Pts',(44.0000000000004,-265.670853598248,7.30542761909047));
#8347=CARTESIAN_POINT('Ctrl Pts',(0.,-265.707183116177,7.08195579047138));
#8348=CARTESIAN_POINT('Ctrl Pts',(44.0000000000004,-265.707183116177,7.08195579047138));
#8349=CARTESIAN_POINT('Ctrl Pts',(0.,-265.707183116177,6.60932720781009));
#8350=CARTESIAN_POINT('Ctrl Pts',(44.0000000000004,-265.707183116177,6.60932720781009));
#8351=CARTESIAN_POINT('Ctrl Pts',(0.,-265.648283374294,6.34270126444509));
#8352=CARTESIAN_POINT('Ctrl Pts',(44.0000000000004,-265.648283374294,6.34270126444509));
#8353=CARTESIAN_POINT('Ctrl Pts',(0.,-265.438301065898,5.87402689469776));
#8354=CARTESIAN_POINT('Ctrl Pts',(44.0000000000004,-265.438301065898,5.87402689469776));
#8355=CARTESIAN_POINT('Ctrl Pts',(0.,-265.287837110808,5.6714010783861));
#8356=CARTESIAN_POINT('Ctrl Pts',(44.0000000000004,-265.287837110808,5.6714010783861));
#8357=CARTESIAN_POINT('Ctrl Pts',(0.,-264.965073074037,5.36528695517547));
#8358=CARTESIAN_POINT('Ctrl Pts',(44.0000000000004,-264.965073074037,5.36528695517547));
#8359=CARTESIAN_POINT('Ctrl Pts',(0.,-264.770702467745,5.23470013229814));
#8360=CARTESIAN_POINT('Ctrl Pts',(44.0000000000004,-264.770702467745,5.23470013229814));
#8361=CARTESIAN_POINT('Ctrl Pts',(0.,-264.44364206927,5.09857459405566));
#8362=CARTESIAN_POINT('Ctrl Pts',(44.0000000000004,-264.44364206927,5.09857459405566));
#8363=CARTESIAN_POINT('Ctrl Pts',(0.,-264.328650739612,5.0627554709097));
#8364=CARTESIAN_POINT('Ctrl Pts',(44.0000000000004,-264.328650739612,5.0627554709097));
#8365=CARTESIAN_POINT('Ctrl Pts',(0.,-264.088099698972,5.0134973934375));
#8366=CARTESIAN_POINT('Ctrl Pts',(44.0000000000004,-264.088099698972,5.0134973934375));
#8367=CARTESIAN_POINT('Ctrl Pts',(0.,-263.962453759729,4.99999999999542));
#8368=CARTESIAN_POINT('Ctrl Pts',(44.0000000000004,-263.962453759729,4.99999999999542));
#8369=CARTESIAN_POINT('Ctrl Pts',(0.,-263.832183116177,4.99999999999542));
#8370=CARTESIAN_POINT('Ctrl Pts',(44.0000000000004,-263.832183116177,4.99999999999542));
#8371=CARTESIAN_POINT('',(28.810450866212,-265.594106780053,7.51628776899859));
#8372=CARTESIAN_POINT('Ctrl Pts',(28.810450866212,-265.594106780053,7.5162877689986));
#8373=CARTESIAN_POINT('Ctrl Pts',(28.8051754957294,-265.662889924658,7.32730763244458));
#8374=CARTESIAN_POINT('Ctrl Pts',(28.7808483684784,-265.700234079221,7.1266310016366));
#8375=CARTESIAN_POINT('Ctrl Pts',(28.6774123822127,-265.714259995029,6.67468790966137));
#8376=CARTESIAN_POINT('Ctrl Pts',(28.5944135047842,-265.66753087647,6.46972430827967));
#8377=CARTESIAN_POINT('Ctrl Pts',(28.4182224793556,-265.554417729817,6.09017765121548));
#8378=CARTESIAN_POINT('Ctrl Pts',(28.287048888961,-265.441215147449,5.89382298215692));
#8379=CARTESIAN_POINT('Ctrl Pts',(27.9685633839658,-265.134830702498,5.49102181776277));
#8380=CARTESIAN_POINT('Ctrl Pts',(27.7743921272153,-264.91114682018,5.32398601444569));
#8381=CARTESIAN_POINT('Ctrl Pts',(27.5324661632355,-264.560064222248,5.1395329027503));
#8382=CARTESIAN_POINT('Ctrl Pts',(27.4564367818249,-264.422637810653,5.09033392895879));
#8383=CARTESIAN_POINT('Ctrl Pts',(27.3747625462949,-264.22067462938,5.03918750056659));
#8384=CARTESIAN_POINT('Ctrl Pts',(27.3505875022562,-264.145678996906,5.02474245221189));
#8385=CARTESIAN_POINT('Ctrl Pts',(27.3171598112368,-263.990681246376,5.00505797268351));
#8386=CARTESIAN_POINT('Ctrl Pts',(27.3082820046257,-263.91221025074,4.99999999999542));
#8387=CARTESIAN_POINT('Ctrl Pts',(27.3082820046257,-263.832183116177,4.99999999999542));
#8388=CARTESIAN_POINT('',(35.3110833003117,-265.594106780053,7.51628776899859));
#8389=CARTESIAN_POINT('',(0.,-265.594106780053,7.51628776899859));
#8390=CARTESIAN_POINT('Ctrl Pts',(37.896614533955,-263.832183116177,4.99999999999542));
#8391=CARTESIAN_POINT('Ctrl Pts',(37.896614533955,-263.928807824974,4.99999999999542));
#8392=CARTESIAN_POINT('Ctrl Pts',(37.8791233186418,-264.021839934267,5.00736484098246));
#8393=CARTESIAN_POINT('Ctrl Pts',(37.80756934044,-264.229495348038,5.03874626849457));
#8394=CARTESIAN_POINT('Ctrl Pts',(37.7454668944182,-264.338804237167,5.06670369874545));
#8395=CARTESIAN_POINT('Ctrl Pts',(37.5531590985685,-264.611838867151,5.15989405943544));
#8396=CARTESIAN_POINT('Ctrl Pts',(37.393866452299,-264.772943683312,5.24413779932527));
#8397=CARTESIAN_POINT('Ctrl Pts',(37.0817513049928,-265.045346442391,5.43669319460413));
#8398=CARTESIAN_POINT('Ctrl Pts',(36.9281254249912,-265.160535246289,5.54231274827685));
#8399=CARTESIAN_POINT('Ctrl Pts',(36.5256322188323,-265.426778890748,5.85747160730053));
#8400=CARTESIAN_POINT('Ctrl Pts',(36.219783549405,-265.595743163596,6.13608015394184));
#8401=CARTESIAN_POINT('Ctrl Pts',(35.7627838364173,-265.712295978123,6.71638079985907));
#8402=CARTESIAN_POINT('Ctrl Pts',(35.6517984136645,-265.710434530464,6.89081293078277));
#8403=CARTESIAN_POINT('Ctrl Pts',(35.4819249379047,-265.691050335818,7.17005050456638));
#8404=CARTESIAN_POINT('Ctrl Pts',(35.3892113323905,-265.656133762825,7.3458700345152));
#8405=CARTESIAN_POINT('Ctrl Pts',(35.3110833003117,-265.594106780053,7.51628776899859));
#8406=CARTESIAN_POINT('Origin',(0.,-262.646821349031,15.6138879339573));
#8407=CARTESIAN_POINT('',(28.7660423089607,-265.374029715904,8.12094453300078));
#8408=CARTESIAN_POINT('Origin',(25.811619049924,-265.563638019751,7.6));
#8409=CARTESIAN_POINT('',(23.2386414749543,-253.964491766905,39.4683923926409));
#8410=CARTESIAN_POINT('',(34.9321675631097,-265.151711390461,8.73175911166535));
#8411=CARTESIAN_POINT('',(33.3661946288763,-261.919264865086,17.6128329435962));
#8412=CARTESIAN_POINT('Origin',(39.8562063281708,-264.835697550716,9.6));
#8413=CARTESIAN_POINT('Origin',(0.,-223.155893221214,7.5162877691011));
#8414=CARTESIAN_POINT('',(28.8104508662148,-223.155893221214,7.5162877691011));
#8415=CARTESIAN_POINT('',(28.7660423089607,-223.375970285363,8.12094453300078));
#8416=CARTESIAN_POINT('Origin',(25.8116190499241,-223.186361981525,7.6));
#8417=CARTESIAN_POINT('',(35.3110833002647,-223.155893221214,7.5162877691011));
#8418=CARTESIAN_POINT('',(0.,-223.155893221214,7.5162877691011));
#8419=CARTESIAN_POINT('',(34.9321675631097,-223.598288610796,8.73175911166535));
#8420=CARTESIAN_POINT('Origin',(39.8562063281708,-223.914302450527,9.6));
#8421=CARTESIAN_POINT('',(33.9045494408568,-225.719475098713,14.5596710859074));
#8422=CARTESIAN_POINT('',(34.5781198493412,-224.329106032425,10.7396634740374));
#8423=CARTESIAN_POINT('',(27.6307210962792,-225.719475098713,14.5596710859074));
#8424=CARTESIAN_POINT('',(0.,-225.719475098713,14.5596710859074));
#8425=CARTESIAN_POINT('',(24.4505666953796,-232.283879130328,32.5952229233066));
#8426=CARTESIAN_POINT('Origin',(0.,-227.481398762456,13.9183833168434));
#8427=CARTESIAN_POINT('',(27.8568737684479,-229.2433224262,13.2770955477794));
#8428=CARTESIAN_POINT('Origin',(27.7437974323635,-227.481398762456,13.9183833168434));
#8429=CARTESIAN_POINT('',(34.1307021130255,-229.2433224262,13.2770955477794));
#8430=CARTESIAN_POINT('Origin',(34.0176257769412,-227.481398762456,13.9183833168434));
#8431=CARTESIAN_POINT('',(0.,-229.2433224262,13.2770955477794));
#8432=CARTESIAN_POINT('Ctrl Pts',(0.,-224.917816884777,5.0000000000001));
#8433=CARTESIAN_POINT('Ctrl Pts',(44.0000000000004,-224.917816884777,5.0000000000001));
#8434=CARTESIAN_POINT('Ctrl Pts',(0.,-224.787546241226,5.00000000001934));
#8435=CARTESIAN_POINT('Ctrl Pts',(44.0000000000004,-224.787546241226,5.00000000001934));
#8436=CARTESIAN_POINT('Ctrl Pts',(0.,-224.661900302259,5.01349739344215));
#8437=CARTESIAN_POINT('Ctrl Pts',(44.0000000000004,-224.661900302259,5.01349739344215));
#8438=CARTESIAN_POINT('Ctrl Pts',(0.,-224.421349261619,5.06275547091436));
#8439=CARTESIAN_POINT('Ctrl Pts',(44.0000000000004,-224.421349261619,5.06275547091436));
#8440=CARTESIAN_POINT('Ctrl Pts',(0.,-224.306357931961,5.09857459406035));
#8441=CARTESIAN_POINT('Ctrl Pts',(44.0000000000004,-224.306357931961,5.09857459406035));
#8442=CARTESIAN_POINT('Ctrl Pts',(0.,-223.979297533486,5.23470013230294));
#8443=CARTESIAN_POINT('Ctrl Pts',(44.0000000000004,-223.979297533486,5.23470013230294));
#8444=CARTESIAN_POINT('Ctrl Pts',(0.,-223.784926927193,5.36528695518039));
#8445=CARTESIAN_POINT('Ctrl Pts',(44.0000000000004,-223.784926927193,5.36528695518039));
#8446=CARTESIAN_POINT('Ctrl Pts',(0.,-223.462162890422,5.67140107839118));
#8447=CARTESIAN_POINT('Ctrl Pts',(44.0000000000004,-223.462162890422,5.67140107839118));
#8448=CARTESIAN_POINT('Ctrl Pts',(0.,-223.311698935333,5.87402689470289));
#8449=CARTESIAN_POINT('Ctrl Pts',(44.0000000000004,-223.311698935333,5.87402689470289));
#8450=CARTESIAN_POINT('Ctrl Pts',(0.,-223.101716626937,6.34270126445011));
#8451=CARTESIAN_POINT('Ctrl Pts',(44.0000000000004,-223.101716626937,6.34270126445011));
#8452=CARTESIAN_POINT('Ctrl Pts',(0.,-223.042816885055,6.60932720781499));
#8453=CARTESIAN_POINT('Ctrl Pts',(44.0000000000004,-223.042816885055,6.60932720781499));
#8454=CARTESIAN_POINT('Ctrl Pts',(0.,-223.042816885054,7.0819557905081));
#8455=CARTESIAN_POINT('Ctrl Pts',(44.0000000000004,-223.042816885054,7.0819557905081));
#8456=CARTESIAN_POINT('Ctrl Pts',(0.,-223.079146402994,7.30542761916417));
#8457=CARTESIAN_POINT('Ctrl Pts',(44.0000000000004,-223.079146402994,7.30542761916417));
#8458=CARTESIAN_POINT('Ctrl Pts',(0.,-223.155893221214,7.51628776910113));
#8459=CARTESIAN_POINT('Ctrl Pts',(44.0000000000004,-223.155893221214,7.51628776910113));
#8460=CARTESIAN_POINT('',(27.3082820046338,-224.917816884777,5.0000000000001));
#8461=CARTESIAN_POINT('Ctrl Pts',(27.3082820046338,-224.917816884777,5.0000000000001));
#8462=CARTESIAN_POINT('Ctrl Pts',(27.3082820046467,-224.867554214096,5.00000000000752));
#8463=CARTESIAN_POINT('Ctrl Pts',(27.311776879427,-224.817707157497,5.00200287384103));
#8464=CARTESIAN_POINT('Ctrl Pts',(27.3254119325987,-224.718774545448,5.00992415950307));
#8465=CARTESIAN_POINT('Ctrl Pts',(27.3354174061821,-224.670337715201,5.01576726692943));
#8466=CARTESIAN_POINT('Ctrl Pts',(27.3739746289511,-224.526181457064,5.03876042604744));
#8467=CARTESIAN_POINT('Ctrl Pts',(27.4107203589263,-224.433833926994,5.06120286892515));
#8468=CARTESIAN_POINT('Ctrl Pts',(27.5399799938597,-224.169708469603,5.14573044999083));
#8469=CARTESIAN_POINT('Ctrl Pts',(27.6557807879809,-224.002920577588,5.22836035366012));
#8470=CARTESIAN_POINT('Ctrl Pts',(27.8231019165822,-223.793072883332,5.3734087184573));
#8471=CARTESIAN_POINT('Ctrl Pts',(27.8703728820679,-223.737079704034,5.41690972433353));
#8472=CARTESIAN_POINT('Ctrl Pts',(28.1105388454297,-223.465733151156,5.65358470279755));
#8473=CARTESIAN_POINT('Ctrl Pts',(28.284490316407,-223.308222302367,5.88113233948116));
#8474=CARTESIAN_POINT('Ctrl Pts',(28.5299939047086,-223.11653589714,6.31020152674466));
#8475=CARTESIAN_POINT('Ctrl Pts',(28.6276186099582,-223.058852644858,6.53651923906307));
#8476=CARTESIAN_POINT('Ctrl Pts',(28.7252790452459,-223.039874920368,6.87734983721235));
#8477=CARTESIAN_POINT('Ctrl Pts',(28.7543304265346,-223.041675127825,6.99903805810436));
#8478=CARTESIAN_POINT('Ctrl Pts',(28.7959675688227,-223.080485143342,7.2681160355447));
#8479=CARTESIAN_POINT('Ctrl Pts',(28.8070519287519,-223.111576029063,7.3945272844517));
#8480=CARTESIAN_POINT('Ctrl Pts',(28.8104508662149,-223.155893221214,7.51628776910114));
#8481=CARTESIAN_POINT('',(37.896614533944,-224.917816884777,5.0000000000001));
#8482=CARTESIAN_POINT('',(0.,-224.917816884777,5.0000000000001));
#8483=CARTESIAN_POINT('Ctrl Pts',(35.3110833002647,-223.155893221214,7.51628776910112));
#8484=CARTESIAN_POINT('Ctrl Pts',(35.4079350283526,-223.079001223411,7.30502874153624));
#8485=CARTESIAN_POINT('Ctrl Pts',(35.5280174562575,-223.043287131954,7.08467193837466));
#8486=CARTESIAN_POINT('Ctrl Pts',(35.8133859814611,-223.04229093639,6.64473690931381));
#8487=CARTESIAN_POINT('Ctrl Pts',(36.0018834636668,-223.08758251816,6.39929936221722));
#8488=CARTESIAN_POINT('Ctrl Pts',(36.3496744255751,-223.236903962976,6.03063195132566));
#8489=CARTESIAN_POINT('Ctrl Pts',(36.4852680202865,-223.30865155921,5.90291966244949));
#8490=CARTESIAN_POINT('Ctrl Pts',(36.9329590693735,-223.579188844091,5.52296806591546));
#8491=CARTESIAN_POINT('Ctrl Pts',(37.2217828336738,-223.80902971189,5.34335362003409));
#8492=CARTESIAN_POINT('Ctrl Pts',(37.5787737838597,-224.173895186098,5.14574158002449));
#8493=CARTESIAN_POINT('Ctrl Pts',(37.6863279518951,-224.314243250173,5.0946431835165));
#8494=CARTESIAN_POINT('Ctrl Pts',(37.8008817413068,-224.51733155893,5.04174887650537));
#8495=CARTESIAN_POINT('Ctrl Pts',(37.8357989067096,-224.594357646612,5.02630860906883));
#8496=CARTESIAN_POINT('Ctrl Pts',(37.8836995960075,-224.754096079957,5.0054507221519));
#8497=CARTESIAN_POINT('Ctrl Pts',(37.8966145339152,-224.834745580573,5.00000000001237));
#8498=CARTESIAN_POINT('Ctrl Pts',(37.896614533944,-224.917816884777,5.0000000000001));
#8499=CARTESIAN_POINT('Ctrl Pts',(0.,-226.679740548614,6.23371223088805));
#8500=CARTESIAN_POINT('Ctrl Pts',(44.0000000000004,-226.679740548614,6.23371223088805));
#8501=CARTESIAN_POINT('Ctrl Pts',(0.,-226.664225902884,6.19108609210249));
#8502=CARTESIAN_POINT('Ctrl Pts',(44.0000000000004,-226.664225902884,6.19108609210249));
#8503=CARTESIAN_POINT('Ctrl Pts',(0.,-226.647248431018,6.14925923485302));
#8504=CARTESIAN_POINT('Ctrl Pts',(44.0000000000004,-226.647248431018,6.14925923485302));
#8505=CARTESIAN_POINT('Ctrl Pts',(0.,-226.523934834499,5.87402689470288));
#8506=CARTESIAN_POINT('Ctrl Pts',(44.0000000000004,-226.523934834499,5.87402689470288));
#8507=CARTESIAN_POINT('Ctrl Pts',(0.,-226.37347087941,5.67140107839118));
#8508=CARTESIAN_POINT('Ctrl Pts',(44.0000000000004,-226.37347087941,5.67140107839118));
#8509=CARTESIAN_POINT('Ctrl Pts',(0.,-226.050706842639,5.36528695518039));
#8510=CARTESIAN_POINT('Ctrl Pts',(44.0000000000004,-226.050706842639,5.36528695518039));
#8511=CARTESIAN_POINT('Ctrl Pts',(0.,-225.856336236346,5.23470013230296));
#8512=CARTESIAN_POINT('Ctrl Pts',(44.0000000000004,-225.856336236346,5.23470013230296));
#8513=CARTESIAN_POINT('Ctrl Pts',(0.,-225.529275837871,5.09857459406035));
#8514=CARTESIAN_POINT('Ctrl Pts',(44.0000000000004,-225.529275837871,5.09857459406035));
#8515=CARTESIAN_POINT('Ctrl Pts',(0.,-225.414284508213,5.06275547091436));
#8516=CARTESIAN_POINT('Ctrl Pts',(44.0000000000004,-225.414284508213,5.06275547091436));
#8517=CARTESIAN_POINT('Ctrl Pts',(0.,-225.173733467573,5.01349739344215));
#8518=CARTESIAN_POINT('Ctrl Pts',(44.0000000000004,-225.173733467573,5.01349739344215));
#8519=CARTESIAN_POINT('Ctrl Pts',(0.,-225.048087528329,5.0000000000001));
#8520=CARTESIAN_POINT('Ctrl Pts',(44.0000000000004,-225.048087528329,5.0000000000001));
#8521=CARTESIAN_POINT('Ctrl Pts',(0.,-224.917816884777,5.0000000000001));
#8522=CARTESIAN_POINT('Ctrl Pts',(44.0000000000004,-224.917816884777,5.0000000000001));
#8523=CARTESIAN_POINT('',(28.4824349799303,-226.679740548614,6.23371223088804));
#8524=CARTESIAN_POINT('Ctrl Pts',(28.4824349799303,-226.679740548614,6.23371223088805));
#8525=CARTESIAN_POINT('Ctrl Pts',(28.3667226269474,-226.597412585472,6.00751801131597));
#8526=CARTESIAN_POINT('Ctrl Pts',(28.2312645167651,-226.477896828906,5.8132135889972));
#8527=CARTESIAN_POINT('Ctrl Pts',(28.0690430749988,-226.314497188051,5.62387955102574));
#8528=CARTESIAN_POINT('Ctrl Pts',(28.0481397429315,-226.293045943267,5.60026419663955));
#8529=CARTESIAN_POINT('Ctrl Pts',(27.8481259833185,-226.083523589429,5.38118283829915));
#8530=CARTESIAN_POINT('Ctrl Pts',(27.6805785600276,-225.874035007327,5.24870158625877));
#8531=CARTESIAN_POINT('Ctrl Pts',(27.4918550702614,-225.571122267171,5.11321824868657));
#8532=CARTESIAN_POINT('Ctrl Pts',(27.4273923491599,-225.448379480994,5.07171517840282));
#8533=CARTESIAN_POINT('Ctrl Pts',(27.3232244327685,-225.155972701115,5.00776835801061));
#8534=CARTESIAN_POINT('Ctrl Pts',(27.3082820046338,-225.022383761852,5.0000000000001));
#8535=CARTESIAN_POINT('Ctrl Pts',(27.3082820046338,-224.917816884777,5.0000000000001));
#8536=CARTESIAN_POINT('',(36.1591660720298,-226.679740548614,6.23371223088804));
#8537=CARTESIAN_POINT('',(0.,-226.679740548614,6.23371223088804));
#8538=CARTESIAN_POINT('Ctrl Pts',(37.896614533944,-224.917816884777,5.0000000000001));
#8539=CARTESIAN_POINT('Ctrl Pts',(37.896614533944,-225.014449005891,5.0000000000001));
#8540=CARTESIAN_POINT('Ctrl Pts',(37.8791206230023,-225.107487822818,5.00736596653416));
#8541=CARTESIAN_POINT('Ctrl Pts',(37.8075441060795,-225.315194161315,5.03875740876299));
#8542=CARTESIAN_POINT('Ctrl Pts',(37.7454071187712,-225.424542210387,5.06673084496147));
#8543=CARTESIAN_POINT('Ctrl Pts',(37.55295167972,-225.697733048648,5.15999778057543));
#8544=CARTESIAN_POINT('Ctrl Pts',(37.3935047776686,-225.858938282572,5.2443356888163));
#8545=CARTESIAN_POINT('Ctrl Pts',(37.0574184267103,-226.152168987187,5.45173191074071));
#8546=CARTESIAN_POINT('Ctrl Pts',(36.8777443983151,-226.283344511257,5.57745184141621));
#8547=CARTESIAN_POINT('Ctrl Pts',(36.5165048061306,-226.512401616368,5.87136161990042));
#8548=CARTESIAN_POINT('Ctrl Pts',(36.3327492165848,-226.610353828272,6.04307378366558));
#8549=CARTESIAN_POINT('Ctrl Pts',(36.1591660720298,-226.679740548614,6.23371223088805));
#8550=CARTESIAN_POINT('Origin',(0.,-229.243322426193,13.2770955477605));
#8551=CARTESIAN_POINT('',(28.7660423089607,-227.366636932178,8.12094453300078));
#8552=CARTESIAN_POINT('Origin',(25.8116190499241,-227.177028628334,7.6));
#8553=CARTESIAN_POINT('',(24.0662998583287,-237.067740841654,34.7745084501551));
#8554=CARTESIAN_POINT('',(34.9321675631097,-227.588955257617,8.73175911166535));
#8555=CARTESIAN_POINT('',(34.1938530122669,-229.112967743586,12.9189490010189));
#8556=CARTESIAN_POINT('Origin',(39.8562063281708,-227.904969097356,9.6));
#8557=CARTESIAN_POINT('Origin',(0.,-264.225,40.1392122079526));
#8558=CARTESIAN_POINT('',(23.2334341783804,-262.463076336094,39.4979244390298));
#8559=CARTESIAN_POINT('',(23.0072815062615,-265.986923663905,40.7804999768753));
#8560=CARTESIAN_POINT('Origin',(23.120357842321,-264.225,40.1392122079526));
#8561=CARTESIAN_POINT('',(29.507262522958,-262.463076336094,39.4979244390298));
#8562=CARTESIAN_POINT('',(0.,-262.463076336094,39.4979244390298));
#8563=CARTESIAN_POINT('',(29.2811098508392,-265.986923663905,40.7804999768753));
#8564=CARTESIAN_POINT('Origin',(29.3941861868986,-264.225,40.1392122079526));
#8565=CARTESIAN_POINT('',(0.,-265.986923663905,40.7804999768753));
#8566=CARTESIAN_POINT('Origin',(0.,-221.287965377804,53.8993997955328));
#8567=CARTESIAN_POINT('',(20.6940655110208,-221.287965377804,53.8993997955328));
#8568=CARTESIAN_POINT('',(19.4656151897397,-223.823705226582,60.8662877689181));
#8569=CARTESIAN_POINT('',(19.9534495155639,-222.816728454168,58.0996418258858));
#8570=CARTESIAN_POINT('',(27.900978454413,-221.287965377804,53.8993997955328));
#8571=CARTESIAN_POINT('',(0.,-221.287965377804,53.8993997955328));
#8572=CARTESIAN_POINT('',(30.6680462325443,-223.823705226582,60.8662877689181));
#8573=CARTESIAN_POINT('Origin',(44.6951681238736,-220.328077577465,51.2621297399293));
#8574=CARTESIAN_POINT('',(0.,-223.823705226582,60.8662877689181));
#8575=CARTESIAN_POINT('Origin',(0.,-225.585628890318,60.2249999999596));
#8576=CARTESIAN_POINT('',(19.6917678618969,-227.347552554158,59.5837122308548));
#8577=CARTESIAN_POINT('Origin',(19.5786915258054,-225.585628890318,60.2249999999596));
#8578=CARTESIAN_POINT('',(29.8711583813403,-227.347552554158,59.5837122308548));
#8579=CARTESIAN_POINT('Ctrl Pts',(29.8711583813623,-227.347552554016,59.5837122308939));
#8580=CARTESIAN_POINT('Ctrl Pts',(29.9911178171352,-227.425331141535,59.7974071436746));
#8581=CARTESIAN_POINT('Ctrl Pts',(30.1225258442706,-227.460628890172,60.0197793241546));
#8582=CARTESIAN_POINT('Ctrl Pts',(30.40260403719,-227.460628890172,60.4711766966552));
#8583=CARTESIAN_POINT('Ctrl Pts',(30.5734922807557,-227.409753533032,60.7311994955771));
#8584=CARTESIAN_POINT('Ctrl Pts',(30.906509007423,-227.20231209941,61.2098878005002));
#8585=CARTESIAN_POINT('Ctrl Pts',(31.0684517616134,-227.045977658228,61.4287828220018));
#8586=CARTESIAN_POINT('Ctrl Pts',(31.3107287956705,-226.70331987926,61.7449111638061));
#8587=CARTESIAN_POINT('Ctrl Pts',(31.4144061434457,-226.507242026418,61.8750672945014));
#8588=CARTESIAN_POINT('Ctrl Pts',(31.5584127521668,-226.066471562534,62.0528081637302));
#8589=CARTESIAN_POINT('Ctrl Pts',(31.5978184595362,-225.821319465103,62.0999999998133));
#8590=CARTESIAN_POINT('Ctrl Pts',(31.5978184595362,-225.585628890318,62.0999999998133));
#8591=CARTESIAN_POINT('Ctrl Pts',(31.5978184595362,-225.349938315534,62.0999999998133));
#8592=CARTESIAN_POINT('Ctrl Pts',(31.5584127521668,-225.104786218103,62.0528081637302));
#8593=CARTESIAN_POINT('Ctrl Pts',(31.4144061434457,-224.664015754219,61.8750672945014));
#8594=CARTESIAN_POINT('Ctrl Pts',(31.3107287956705,-224.467937901377,61.7449111638061));
#8595=CARTESIAN_POINT('Ctrl Pts',(31.0684517616134,-224.125280122409,61.4287828220018));
#8596=CARTESIAN_POINT('Ctrl Pts',(30.906509007423,-223.968945681227,61.2098878005002));
#8597=CARTESIAN_POINT('Ctrl Pts',(30.7160874529918,-223.850329056053,60.9361701046244));
#8598=CARTESIAN_POINT('Ctrl Pts',(30.6920791986562,-223.836480862183,60.9013885392349));
#8599=CARTESIAN_POINT('Ctrl Pts',(30.6680462325443,-223.823705226582,60.8662877689181));
#8600=CARTESIAN_POINT('',(0.,-227.347552554158,59.5837122308548));
#8601=CARTESIAN_POINT('Origin',(0.,-227.347552554158,59.5837122308548));
#8602=CARTESIAN_POINT('',(20.92021818969,-224.811812691972,52.6168242205386));
#8603=CARTESIAN_POINT('',(19.5757465684327,-227.587041129352,60.2417016831672));
#8604=CARTESIAN_POINT('',(27.7492304730912,-224.811812691972,52.6168242205386));
#8605=CARTESIAN_POINT('Origin',(44.6951681238736,-224.318744224313,51.2621297399293));
#8606=CARTESIAN_POINT('',(0.,-224.811812691972,52.6168242205386));
#8607=CARTESIAN_POINT('Origin',(0.,-223.049889028131,53.2581119894709));
#8608=CARTESIAN_POINT('Origin',(20.8071418536289,-223.049889028131,53.2581119894709));
#8609=CARTESIAN_POINT('Ctrl Pts',(27.900978454413,-221.287965377804,53.8993997955328));
#8610=CARTESIAN_POINT('Ctrl Pts',(27.8681750023385,-221.211934519015,53.6905067416029));
#8611=CARTESIAN_POINT('Ctrl Pts',(27.837601190954,-221.174889028189,53.468311645027));
#8612=CARTESIAN_POINT('Ctrl Pts',(27.7850215082935,-221.174889028189,53.0235821349437));
#8613=CARTESIAN_POINT('Ctrl Pts',(27.7608286051029,-221.221618717413,52.7727158935127));
#8614=CARTESIAN_POINT('Ctrl Pts',(27.7259389629044,-221.412779039303,52.3104556165166));
#8615=CARTESIAN_POINT('Ctrl Pts',(27.7149620522698,-221.557231386193,52.0990917500052));
#8616=CARTESIAN_POINT('Ctrl Pts',(27.7018145368137,-221.890596806245,51.7657811668294));
#8617=CARTESIAN_POINT('Ctrl Pts',(27.6986976728521,-222.101405037196,51.6214994775286));
#8618=CARTESIAN_POINT('Ctrl Pts',(27.6957293551171,-222.563336657491,51.4301652740229));
#8619=CARTESIAN_POINT('Ctrl Pts',(27.6955986206397,-222.814457890939,51.3831119895283));
#8620=CARTESIAN_POINT('Ctrl Pts',(27.6955986206397,-223.285320165323,51.3831119895283));
#8621=CARTESIAN_POINT('Ctrl Pts',(27.6957293551171,-223.536441398771,51.4301652740229));
#8622=CARTESIAN_POINT('Ctrl Pts',(27.6986976728521,-223.998373019066,51.6214994775285));
#8623=CARTESIAN_POINT('Ctrl Pts',(27.7018145368137,-224.209181250017,51.7657811668295));
#8624=CARTESIAN_POINT('Ctrl Pts',(27.7149620522698,-224.542546670069,52.0990917500052));
#8625=CARTESIAN_POINT('Ctrl Pts',(27.7259389629044,-224.686999016959,52.3104556165165));
#8626=CARTESIAN_POINT('Ctrl Pts',(27.7452611691741,-224.792865369762,52.5664596297309));
#8627=CARTESIAN_POINT('Ctrl Pts',(27.7472101789542,-224.802614452445,52.5915522651488));
#8628=CARTESIAN_POINT('Ctrl Pts',(27.7492304730912,-224.811812691972,52.6168242205386));
#8629=CARTESIAN_POINT('Origin',(0.,-252.426294773445,60.8662877689299));
#8630=CARTESIAN_POINT('',(19.4656151897376,-252.426294773445,60.8662877689299));
#8631=CARTESIAN_POINT('',(20.6940655175821,-254.962034635296,53.8993997583222));
#8632=CARTESIAN_POINT('',(19.1832739305024,-251.84349222176,62.4675246193583));
#8633=CARTESIAN_POINT('',(30.6680462325524,-252.426294773445,60.8662877689299));
#8634=CARTESIAN_POINT('',(0.,-252.426294773445,60.8662877689299));
#8635=CARTESIAN_POINT('',(27.9009784485697,-254.962034635296,53.8993997583222));
#8636=CARTESIAN_POINT('Origin',(44.6951681238736,-255.921922421904,51.2621297399293));
#8637=CARTESIAN_POINT('',(0.,-254.962034635296,53.8993997583222));
#8638=CARTESIAN_POINT('Origin',(0.,-253.200110971405,53.2581119894855));
#8639=CARTESIAN_POINT('',(20.9202181896705,-251.438187307514,52.6168242206489));
#8640=CARTESIAN_POINT('Origin',(20.8071418536263,-253.200110971405,53.2581119894855));
#8641=CARTESIAN_POINT('',(27.7492304731,-251.438187307514,52.6168242206489));
#8642=CARTESIAN_POINT('Ctrl Pts',(27.7492304731,-251.438187307514,52.6168242206489));
#8643=CARTESIAN_POINT('Ctrl Pts',(27.7472121038455,-251.447376783201,52.5915763437077));
#8644=CARTESIAN_POINT('Ctrl Pts',(27.7452648837598,-251.457116049202,52.5665074536942));
#8645=CARTESIAN_POINT('Ctrl Pts',(27.725944844107,-251.56295230919,52.3105464570878));
#8646=CARTESIAN_POINT('Ctrl Pts',(27.7149672475248,-251.707376289101,52.0991962424009));
#8647=CARTESIAN_POINT('Ctrl Pts',(27.7018165099067,-252.040714224141,51.7658583073609));
#8648=CARTESIAN_POINT('Ctrl Pts',(27.6986985963472,-252.251536027745,51.621548287351));
#8649=CARTESIAN_POINT('Ctrl Pts',(27.6957293477599,-252.713506999774,51.4301755140389));
#8650=CARTESIAN_POINT('Ctrl Pts',(27.6955986206397,-252.964654010728,51.3831119895283));
#8651=CARTESIAN_POINT('Ctrl Pts',(27.6955986206397,-253.435542108599,51.3831119895283));
#8652=CARTESIAN_POINT('Ctrl Pts',(27.6957293551171,-253.686663342049,51.4301652740232));
#8653=CARTESIAN_POINT('Ctrl Pts',(27.6986976728522,-254.148594962348,51.6214994775304));
#8654=CARTESIAN_POINT('Ctrl Pts',(27.7018145368138,-254.3594031933,51.7657811668324));
#8655=CARTESIAN_POINT('Ctrl Pts',(27.71496205227,-254.692768613355,52.0990917500108));
#8656=CARTESIAN_POINT('Ctrl Pts',(27.7259389629048,-254.837220960246,52.3104556165239));
#8657=CARTESIAN_POINT('Ctrl Pts',(27.7608286051038,-255.028381282138,52.7727158935236));
#8658=CARTESIAN_POINT('Ctrl Pts',(27.7850215082948,-255.075110971362,53.0235821349565));
#8659=CARTESIAN_POINT('Ctrl Pts',(27.8376011894798,-255.075110971362,53.4683116325561));
#8660=CARTESIAN_POINT('Ctrl Pts',(27.8681749986796,-255.038065485123,53.6905067152832));
#8661=CARTESIAN_POINT('Ctrl Pts',(27.9009784485697,-254.962034635296,53.8993997583221));
#8662=CARTESIAN_POINT('',(0.,-251.438187307514,52.6168242206489));
#8663=CARTESIAN_POINT('Origin',(0.,-251.438187307514,52.6168242206489));
#8664=CARTESIAN_POINT('',(19.6917678618546,-248.90244744563,59.583712231095));
#8665=CARTESIAN_POINT('',(20.0011963413105,-249.541162835249,57.8288561210844));
#8666=CARTESIAN_POINT('',(29.8711583814752,-248.90244744563,59.583712231095));
#8667=CARTESIAN_POINT('Origin',(44.6951681238736,-251.93125577514,51.2621297399293));
#8668=CARTESIAN_POINT('',(0.,-248.90244744563,59.583712231095));
#8669=CARTESIAN_POINT('Origin',(0.,-250.664371109554,60.224999999968));
#8670=CARTESIAN_POINT('Origin',(19.5786915258039,-250.664371109554,60.224999999968));
#8671=CARTESIAN_POINT('Ctrl Pts',(30.6680462325524,-252.426294773445,60.8662877689299));
#8672=CARTESIAN_POINT('Ctrl Pts',(30.6920791986773,-252.413519137838,60.9013885392656));
#8673=CARTESIAN_POINT('Ctrl Pts',(30.716087453026,-252.399670943961,60.9361701046738));
#8674=CARTESIAN_POINT('Ctrl Pts',(30.9065090074849,-252.281054318771,61.2098878005867));
#8675=CARTESIAN_POINT('Ctrl Pts',(31.0684517616903,-252.124719877576,61.4287828221053));
#8676=CARTESIAN_POINT('Ctrl Pts',(31.3107287957702,-251.782062098582,61.7449111639336));
#8677=CARTESIAN_POINT('Ctrl Pts',(31.4144061435554,-251.585984245725,61.8750672946388));
#8678=CARTESIAN_POINT('Ctrl Pts',(31.5584127522908,-251.145213781807,62.0528081638812));
#8679=CARTESIAN_POINT('Ctrl Pts',(31.5978184596642,-250.900061684357,62.0999999999681));
#8680=CARTESIAN_POINT('Ctrl Pts',(31.5978184596642,-250.664371109554,62.0999999999681));
#8681=CARTESIAN_POINT('Ctrl Pts',(31.5978184596642,-250.428680534751,62.0999999999681));
#8682=CARTESIAN_POINT('Ctrl Pts',(31.5584127522908,-250.183528437301,62.0528081638812));
#8683=CARTESIAN_POINT('Ctrl Pts',(31.4144061435554,-249.742757973383,61.8750672946388));
#8684=CARTESIAN_POINT('Ctrl Pts',(31.3107287957702,-249.546680120526,61.7449111639336));
#8685=CARTESIAN_POINT('Ctrl Pts',(31.0684517616903,-249.204022341531,61.4287828221053));
#8686=CARTESIAN_POINT('Ctrl Pts',(30.906509007485,-249.047687900337,61.2098878005868));
#8687=CARTESIAN_POINT('Ctrl Pts',(30.5734922807881,-248.840246466698,60.7311994956261));
#8688=CARTESIAN_POINT('Ctrl Pts',(30.4026040372078,-248.789371109554,60.4711766966836));
#8689=CARTESIAN_POINT('Ctrl Pts',(30.1225258442774,-248.789371109554,60.0197793241659));
#8690=CARTESIAN_POINT('Ctrl Pts',(29.9911178174588,-248.824668858011,59.7974071442442));
#8691=CARTESIAN_POINT('Ctrl Pts',(29.8711583814752,-248.90244744563,59.583712231095));
#8692=CARTESIAN_POINT('Origin',(0.,-239.926294773408,60.8662877688948));
#8693=CARTESIAN_POINT('',(19.4656151897438,-239.926294773408,60.8662877688948));
#8694=CARTESIAN_POINT('',(20.694065517553,-242.462034635662,53.899399758487));
#8695=CARTESIAN_POINT('',(19.5279997458967,-240.055067587616,60.5124873697602));
#8696=CARTESIAN_POINT('',(30.6680462325284,-239.926294773408,60.8662877688948));
#8697=CARTESIAN_POINT('',(0.,-239.926294773408,60.8662877688948));
#8698=CARTESIAN_POINT('',(27.9009784485956,-242.462034635662,53.899399758487));
#8699=CARTESIAN_POINT('Origin',(44.6951681238736,-243.421922422518,51.2621297399293));
#8700=CARTESIAN_POINT('',(0.,-242.462034635662,53.899399758487));
#8701=CARTESIAN_POINT('Origin',(0.,-240.700110971769,53.2581119895283));
#8702=CARTESIAN_POINT('',(20.9202181962315,-238.938187321391,52.6168241834399));
#8703=CARTESIAN_POINT('Origin',(20.8071418536188,-240.700110971769,53.2581119895283));
#8704=CARTESIAN_POINT('',(27.7492304701254,-238.938187321391,52.6168241834399));
#8705=CARTESIAN_POINT('Ctrl Pts',(27.7492304701254,-238.938187321391,52.6168241834399));
#8706=CARTESIAN_POINT('Ctrl Pts',(27.7472101770478,-238.947385556952,52.5915522406042));
#8707=CARTESIAN_POINT('Ctrl Pts',(27.7452611682574,-238.957134635123,52.5664596175839));
#8708=CARTESIAN_POINT('Ctrl Pts',(27.7259389629061,-239.063000982891,52.310455616545));
#8709=CARTESIAN_POINT('Ctrl Pts',(27.7149620522708,-239.207453329786,52.0990917500271));
#8710=CARTESIAN_POINT('Ctrl Pts',(27.701814536814,-239.540818749848,51.7657811668412));
#8711=CARTESIAN_POINT('Ctrl Pts',(27.6986976728523,-239.751626980805,51.6214994775358));
#8712=CARTESIAN_POINT('Ctrl Pts',(27.6957293551171,-240.213558601115,51.4301652740243));
#8713=CARTESIAN_POINT('Ctrl Pts',(27.6955986206397,-240.46467983457,51.3831119895283));
#8714=CARTESIAN_POINT('Ctrl Pts',(27.6955986206397,-240.935542108969,51.3831119895283));
#8715=CARTESIAN_POINT('Ctrl Pts',(27.6957293551171,-241.186663342424,51.4301652740243));
#8716=CARTESIAN_POINT('Ctrl Pts',(27.6986976728523,-241.648594962734,51.6214994775359));
#8717=CARTESIAN_POINT('Ctrl Pts',(27.701814536814,-241.859403193691,51.7657811668412));
#8718=CARTESIAN_POINT('Ctrl Pts',(27.7149620522708,-242.192768613753,52.0990917500271));
#8719=CARTESIAN_POINT('Ctrl Pts',(27.7259389629061,-242.337220960647,52.310455616545));
#8720=CARTESIAN_POINT('Ctrl Pts',(27.7608286051066,-242.528381282544,52.7727158935554));
#8721=CARTESIAN_POINT('Ctrl Pts',(27.7850215082986,-242.575110971769,53.023582134994));
#8722=CARTESIAN_POINT('Ctrl Pts',(27.8376011894902,-242.575110971769,53.4683116326398));
#8723=CARTESIAN_POINT('Ctrl Pts',(27.8681749986978,-242.538065485516,53.690506715412));
#8724=CARTESIAN_POINT('Ctrl Pts',(27.9009784485956,-242.462034635662,53.899399758487));
#8725=CARTESIAN_POINT('',(0.,-238.938187321391,52.6168241834399));
#8726=CARTESIAN_POINT('Origin',(0.,-238.938187321391,52.6168241834399));
#8727=CARTESIAN_POINT('',(19.6917678618729,-236.402447445619,59.5837122309912));
#8728=CARTESIAN_POINT('',(20.345922159926,-237.752738207961,55.8738188532178));
#8729=CARTESIAN_POINT('',(29.8711583814169,-236.402447445619,59.5837122309912));
#8730=CARTESIAN_POINT('Origin',(44.6951681238736,-239.431255775549,51.2621297399293));
#8731=CARTESIAN_POINT('',(0.,-236.402447445619,59.5837122309912));
#8732=CARTESIAN_POINT('Origin',(0.,-238.164371109511,60.2249999999513));
#8733=CARTESIAN_POINT('Origin',(19.5786915258069,-238.164371109511,60.2249999999513));
#8734=CARTESIAN_POINT('Ctrl Pts',(30.6680462325284,-239.926294773408,60.8662877688948));
#8735=CARTESIAN_POINT('Ctrl Pts',(30.6920791986574,-239.9135191378,60.9013885392367));
#8736=CARTESIAN_POINT('Ctrl Pts',(30.7160874530102,-239.89967094392,60.9361701046511));
#8737=CARTESIAN_POINT('Ctrl Pts',(30.9065090074728,-239.781054318727,61.2098878005699));
#8738=CARTESIAN_POINT('Ctrl Pts',(31.0684517616777,-239.624719877533,61.4287828220883));
#8739=CARTESIAN_POINT('Ctrl Pts',(31.310728795757,-239.282062098539,61.7449111639167));
#8740=CARTESIAN_POINT('Ctrl Pts',(31.414406143542,-239.085984245682,61.8750672946219));
#8741=CARTESIAN_POINT('Ctrl Pts',(31.558412752277,-238.645213781764,62.0528081638644));
#8742=CARTESIAN_POINT('Ctrl Pts',(31.5978184596503,-238.400061684314,62.0999999999513));
#8743=CARTESIAN_POINT('Ctrl Pts',(31.5978184596503,-238.164371109511,62.0999999999513));
#8744=CARTESIAN_POINT('Ctrl Pts',(31.5978184596503,-237.928680534707,62.0999999999513));
#8745=CARTESIAN_POINT('Ctrl Pts',(31.558412752277,-237.683528437257,62.0528081638644));
#8746=CARTESIAN_POINT('Ctrl Pts',(31.414406143542,-237.24275797334,61.875067294622));
#8747=CARTESIAN_POINT('Ctrl Pts',(31.310728795757,-237.046680120482,61.7449111639167));
#8748=CARTESIAN_POINT('Ctrl Pts',(31.0684517616777,-236.704022341488,61.4287828220883));
#8749=CARTESIAN_POINT('Ctrl Pts',(30.9065090074728,-236.547687900294,61.2098878005699));
#8750=CARTESIAN_POINT('Ctrl Pts',(30.5734922807768,-236.340246466655,60.7311994956093));
#8751=CARTESIAN_POINT('Ctrl Pts',(30.402604037197,-236.28937110951,60.4711766966668));
#8752=CARTESIAN_POINT('Ctrl Pts',(30.1225258442501,-236.28937110951,60.0197793241213));
#8753=CARTESIAN_POINT('Ctrl Pts',(29.9911178174135,-236.324668857978,59.7974071441671));
#8754=CARTESIAN_POINT('Ctrl Pts',(29.8711583814169,-236.402447445619,59.5837122309912));
#8755=CARTESIAN_POINT('Origin',(0.,-208.787965364513,53.8993997583273));
#8756=CARTESIAN_POINT('',(20.6940655175813,-208.787965364514,53.8993997583268));
#8757=CARTESIAN_POINT('',(19.4656151897453,-211.323705226603,60.8662877688862));
#8758=CARTESIAN_POINT('',(19.6087237033355,-211.028303813707,60.0546790575295));
#8759=CARTESIAN_POINT('',(27.9009784485704,-208.787965364514,53.8993997583268));
#8760=CARTESIAN_POINT('',(0.,-208.787965364514,53.8993997583268));
#8761=CARTESIAN_POINT('',(30.6680462325225,-211.323705226603,60.8662877688862));
#8762=CARTESIAN_POINT('Origin',(44.6951681238736,-207.828077577798,51.2621297399293));
#8763=CARTESIAN_POINT('',(0.,-211.323705226603,60.8662877688862));
#8764=CARTESIAN_POINT('Origin',(0.,-213.085628890369,60.2249999999764));
#8765=CARTESIAN_POINT('',(19.6917678618834,-214.84755255423,59.5837122309313));
#8766=CARTESIAN_POINT('Origin',(19.5786915258025,-213.085628890369,60.2249999999764));
#8767=CARTESIAN_POINT('',(29.8711583813833,-214.84755255423,59.5837122309313));
#8768=CARTESIAN_POINT('Ctrl Pts',(29.8711583814036,-214.847552554099,59.5837122309675));
#8769=CARTESIAN_POINT('Ctrl Pts',(29.9911178171682,-214.925331141603,59.7974071437309));
#8770=CARTESIAN_POINT('Ctrl Pts',(30.1225258442919,-214.960628890234,60.0197793241895));
#8771=CARTESIAN_POINT('Ctrl Pts',(30.4026040372017,-214.960628890234,60.4711766966735));
#8772=CARTESIAN_POINT('Ctrl Pts',(30.573492280769,-214.909753533093,60.731199495597));
#8773=CARTESIAN_POINT('Ctrl Pts',(30.9065090074394,-214.70231209947,61.2098878005229));
#8774=CARTESIAN_POINT('Ctrl Pts',(31.0684517616313,-214.545977658287,61.4287828220259));
#8775=CARTESIAN_POINT('Ctrl Pts',(31.3107287956908,-214.203319879317,61.744911163832));
#8776=CARTESIAN_POINT('Ctrl Pts',(31.414406143467,-214.007242026474,61.875067294528));
#8777=CARTESIAN_POINT('Ctrl Pts',(31.5584127521894,-213.566471562587,62.0528081637577));
#8778=CARTESIAN_POINT('Ctrl Pts',(31.5978184595592,-213.321319465155,62.0999999998411));
#8779=CARTESIAN_POINT('Ctrl Pts',(31.5978184595592,-213.085628890369,62.0999999998411));
#8780=CARTESIAN_POINT('Ctrl Pts',(31.5978184595592,-212.849938315583,62.0999999998411));
#8781=CARTESIAN_POINT('Ctrl Pts',(31.5584127521894,-212.604786218151,62.0528081637577));
#8782=CARTESIAN_POINT('Ctrl Pts',(31.414406143467,-212.164015754264,61.875067294528));
#8783=CARTESIAN_POINT('Ctrl Pts',(31.3107287956908,-211.967937901421,61.7449111638319));
#8784=CARTESIAN_POINT('Ctrl Pts',(31.0684517616313,-211.625280122451,61.4287828220259));
#8785=CARTESIAN_POINT('Ctrl Pts',(30.9065090074394,-211.468945681268,61.2098878005229));
#8786=CARTESIAN_POINT('Ctrl Pts',(30.7160874529945,-211.350329056086,60.9361701046283));
#8787=CARTESIAN_POINT('Ctrl Pts',(30.6920791986466,-211.336480862209,60.901388539221));
#8788=CARTESIAN_POINT('Ctrl Pts',(30.6680462325225,-211.323705226603,60.8662877688862));
#8789=CARTESIAN_POINT('',(0.,-214.84755255423,59.5837122309313));
#8790=CARTESIAN_POINT('Origin',(0.,-214.84755255423,59.5837122309313));
#8791=CARTESIAN_POINT('',(20.9202181896884,-212.311812692156,52.6168242205479));
#8792=CARTESIAN_POINT('',(19.2310207529866,-215.798616495458,62.1967389330592));
#8793=CARTESIAN_POINT('',(27.7492304730919,-212.311812692156,52.6168242205479));
#8794=CARTESIAN_POINT('Origin',(44.6951681238736,-211.818744224525,51.2621297399293));
#8795=CARTESIAN_POINT('',(0.,-212.311812692156,52.6168242205479));
#8796=CARTESIAN_POINT('Origin',(0.,-210.549889028335,53.2581119894373));
#8797=CARTESIAN_POINT('Origin',(20.8071418536348,-210.549889028335,53.2581119894373));
#8798=CARTESIAN_POINT('Ctrl Pts',(27.9009784485704,-208.787965364515,53.8993997583268));
#8799=CARTESIAN_POINT('Ctrl Pts',(27.868174998678,-208.711934514673,53.690506715273));
#8800=CARTESIAN_POINT('Ctrl Pts',(27.8376011894756,-208.674889028426,53.4683116325258));
#8801=CARTESIAN_POINT('Ctrl Pts',(27.7850215082905,-208.674889028426,53.0235821349143));
#8802=CARTESIAN_POINT('Ctrl Pts',(27.7608286051007,-208.72161871765,52.7727158934878));
#8803=CARTESIAN_POINT('Ctrl Pts',(27.7259389629034,-208.912779039537,52.3104556165));
#8804=CARTESIAN_POINT('Ctrl Pts',(27.7149620522692,-209.057231386424,52.0990917499923));
#8805=CARTESIAN_POINT('Ctrl Pts',(27.7018145368135,-209.39059680647,51.7657811668226));
#8806=CARTESIAN_POINT('Ctrl Pts',(27.6986976728521,-209.601405037417,51.6214994775243));
#8807=CARTESIAN_POINT('Ctrl Pts',(27.6957293551171,-210.063336657704,51.430165274022));
#8808=CARTESIAN_POINT('Ctrl Pts',(27.6955986206397,-210.314457891147,51.3831119895283));
#8809=CARTESIAN_POINT('Ctrl Pts',(27.6955986206397,-210.785345989006,51.3831119895283));
#8810=CARTESIAN_POINT('Ctrl Pts',(27.6957293477599,-211.036492999954,51.4301755140377));
#8811=CARTESIAN_POINT('Ctrl Pts',(27.6986985963471,-211.498463971971,51.6215482873449));
#8812=CARTESIAN_POINT('Ctrl Pts',(27.7018165099064,-211.70928577557,51.7658583073511));
#8813=CARTESIAN_POINT('Ctrl Pts',(27.7149672475239,-212.042623710601,52.0991962423825));
#8814=CARTESIAN_POINT('Ctrl Pts',(27.7259448441056,-212.187047690508,52.3105464570639));
#8815=CARTESIAN_POINT('Ctrl Pts',(27.7452648837557,-212.292883950485,52.566507453641));
#8816=CARTESIAN_POINT('Ctrl Pts',(27.7472121038395,-212.302623216477,52.5915763436308));
#8817=CARTESIAN_POINT('Ctrl Pts',(27.7492304730919,-212.311812692156,52.6168242205479));
#8818=CARTESIAN_POINT('Origin',(0.,-210.655893220933,7.51628776895852));
#8819=CARTESIAN_POINT('',(28.8104508662109,-210.655893220933,7.51628776895851));
#8820=CARTESIAN_POINT('',(28.7660423089607,-210.875970285079,8.12094453300078));
#8821=CARTESIAN_POINT('Origin',(25.8116190499241,-210.686361981288,7.6));
#8822=CARTESIAN_POINT('',(35.3110833003301,-210.655893220933,7.51628776895851));
#8823=CARTESIAN_POINT('',(0.,-210.655893220933,7.51628776895851));
#8824=CARTESIAN_POINT('',(34.9321675631097,-211.098288610457,8.73175911166535));
#8825=CARTESIAN_POINT('Origin',(39.8562063281708,-211.414302450108,9.6));
#8826=CARTESIAN_POINT('',(33.9045494408875,-213.219475097779,14.5596710857333));
#8827=CARTESIAN_POINT('',(34.2333940339274,-212.540681397959,12.6947007237466));
#8828=CARTESIAN_POINT('',(27.6307210963099,-213.219475097779,14.5596710857333));
#8829=CARTESIAN_POINT('',(0.,-213.219475097779,14.5596710857333));
#8830=CARTESIAN_POINT('',(24.1058408797461,-220.495454494324,34.5502601742618));
#8831=CARTESIAN_POINT('Origin',(0.,-214.981398761622,13.9183833167918));
#8832=CARTESIAN_POINT('',(27.8568737684353,-216.743322425465,13.2770955478505));
#8833=CARTESIAN_POINT('Origin',(27.7437974323726,-214.981398761622,13.9183833167918));
#8834=CARTESIAN_POINT('',(34.130702113013,-216.743322425465,13.2770955478505));
#8835=CARTESIAN_POINT('Origin',(34.0176257769503,-214.981398761622,13.9183833167918));
#8836=CARTESIAN_POINT('',(0.,-216.743322425465,13.2770955478505));
#8837=CARTESIAN_POINT('Ctrl Pts',(0.,-212.417816884714,4.9999999999992));
#8838=CARTESIAN_POINT('Ctrl Pts',(44.0000000000004,-212.417816884714,4.9999999999992));
#8839=CARTESIAN_POINT('Ctrl Pts',(0.,-212.287546241162,5.00000000000697));
#8840=CARTESIAN_POINT('Ctrl Pts',(44.0000000000004,-212.287546241162,5.00000000000697));
#8841=CARTESIAN_POINT('Ctrl Pts',(0.,-212.16190030203,5.01349739344126));
#8842=CARTESIAN_POINT('Ctrl Pts',(44.0000000000004,-212.16190030203,5.01349739344126));
#8843=CARTESIAN_POINT('Ctrl Pts',(0.,-211.92134926139,5.06275547091346));
#8844=CARTESIAN_POINT('Ctrl Pts',(44.0000000000004,-211.92134926139,5.06275547091346));
#8845=CARTESIAN_POINT('Ctrl Pts',(0.,-211.806357931732,5.09857459405946));
#8846=CARTESIAN_POINT('Ctrl Pts',(44.0000000000004,-211.806357931732,5.09857459405946));
#8847=CARTESIAN_POINT('Ctrl Pts',(0.,-211.479297533257,5.23470013230203));
#8848=CARTESIAN_POINT('Ctrl Pts',(44.0000000000004,-211.479297533257,5.23470013230203));
#8849=CARTESIAN_POINT('Ctrl Pts',(0.,-211.284926926964,5.36528695517945));
#8850=CARTESIAN_POINT('Ctrl Pts',(44.0000000000004,-211.284926926964,5.36528695517945));
#8851=CARTESIAN_POINT('Ctrl Pts',(0.,-210.962162890193,5.67140107839021));
#8852=CARTESIAN_POINT('Ctrl Pts',(44.0000000000004,-210.962162890193,5.67140107839021));
#8853=CARTESIAN_POINT('Ctrl Pts',(0.,-210.811698935104,5.87402689470188));
#8854=CARTESIAN_POINT('Ctrl Pts',(44.0000000000004,-210.811698935104,5.87402689470188));
#8855=CARTESIAN_POINT('Ctrl Pts',(0.,-210.601716626708,6.34270126444915));
#8856=CARTESIAN_POINT('Ctrl Pts',(44.0000000000004,-210.601716626708,6.34270126444915));
#8857=CARTESIAN_POINT('Ctrl Pts',(0.,-210.542816884825,6.60932720781405));
#8858=CARTESIAN_POINT('Ctrl Pts',(44.0000000000004,-210.542816884825,6.60932720781405));
#8859=CARTESIAN_POINT('Ctrl Pts',(0.,-210.542816884825,7.08195579046084));
#8860=CARTESIAN_POINT('Ctrl Pts',(44.0000000000004,-210.542816884825,7.08195579046084));
#8861=CARTESIAN_POINT('Ctrl Pts',(0.,-210.579146402748,7.30542761906336));
#8862=CARTESIAN_POINT('Ctrl Pts',(44.0000000000004,-210.579146402748,7.30542761906336));
#8863=CARTESIAN_POINT('Ctrl Pts',(0.,-210.655893220933,7.51628776895851));
#8864=CARTESIAN_POINT('Ctrl Pts',(44.0000000000004,-210.655893220933,7.51628776895851));
#8865=CARTESIAN_POINT('',(27.3082820046323,-212.417816884711,4.9999999999992));
#8866=CARTESIAN_POINT('Ctrl Pts',(27.3082820046323,-212.417816884714,4.9999999999992));
#8867=CARTESIAN_POINT('Ctrl Pts',(27.3082820046375,-212.367554214018,5.0000000000022));
#8868=CARTESIAN_POINT('Ctrl Pts',(27.3117768794178,-212.317707157397,5.00200287383576));
#8869=CARTESIAN_POINT('Ctrl Pts',(27.3254119325873,-212.218774545311,5.00992415949641));
#8870=CARTESIAN_POINT('Ctrl Pts',(27.3354174061724,-212.170337715032,5.01576726692367));
#8871=CARTESIAN_POINT('Ctrl Pts',(27.3739746289422,-212.026181456843,5.03876042604205));
#8872=CARTESIAN_POINT('Ctrl Pts',(27.410720358931,-211.933833926756,5.06120286892856));
#8873=CARTESIAN_POINT('Ctrl Pts',(27.5399799938396,-211.669708469405,5.1457304499769));
#8874=CARTESIAN_POINT('Ctrl Pts',(27.6557807879549,-211.502920577394,5.22836035364048));
#8875=CARTESIAN_POINT('Ctrl Pts',(27.8231019165523,-211.293072883138,5.37340871843031));
#8876=CARTESIAN_POINT('Ctrl Pts',(27.8703728820387,-211.237079703838,5.41690972430595));
#8877=CARTESIAN_POINT('Ctrl Pts',(28.1105388454224,-210.96573315093,5.65358470278523));
#8878=CARTESIAN_POINT('Ctrl Pts',(28.2844903164008,-210.808222302145,5.88113233947655));
#8879=CARTESIAN_POINT('Ctrl Pts',(28.5299939046939,-210.61653589692,6.31020152671341));
#8880=CARTESIAN_POINT('Ctrl Pts',(28.6276186099468,-210.558852644634,6.53651923903254));
#8881=CARTESIAN_POINT('Ctrl Pts',(28.7252790452339,-210.53987492014,6.87734983716647));
#8882=CARTESIAN_POINT('Ctrl Pts',(28.7543304265202,-210.541675127594,6.99903805803926));
#8883=CARTESIAN_POINT('Ctrl Pts',(28.7959675688098,-210.580485143091,7.26811603543674));
#8884=CARTESIAN_POINT('Ctrl Pts',(28.8070519287426,-210.611576028799,7.39452728432489));
#8885=CARTESIAN_POINT('Ctrl Pts',(28.8104508662109,-210.655893220933,7.51628776895851));
#8886=CARTESIAN_POINT('',(37.8966145339461,-212.417816884711,4.9999999999992));
#8887=CARTESIAN_POINT('',(0.,-212.417816884711,4.9999999999992));
#8888=CARTESIAN_POINT('Ctrl Pts',(35.3110833003301,-210.655893220933,7.51628776895852));
#8889=CARTESIAN_POINT('Ctrl Pts',(35.4079350284304,-210.579001223146,7.30502874138392));
#8890=CARTESIAN_POINT('Ctrl Pts',(35.5280174563496,-210.543287131706,7.08467193821543));
#8891=CARTESIAN_POINT('Ctrl Pts',(35.8133859814863,-210.542290936182,6.64473690929456));
#8892=CARTESIAN_POINT('Ctrl Pts',(36.0018834636859,-210.587582517922,6.39929936217714));
#8893=CARTESIAN_POINT('Ctrl Pts',(36.3496744257253,-210.736903962821,6.03063195117841));
#8894=CARTESIAN_POINT('Ctrl Pts',(36.4852680204411,-210.808651559065,5.90291966230849));
#8895=CARTESIAN_POINT('Ctrl Pts',(36.9329590695295,-211.079188843974,5.52296806580559));
#8896=CARTESIAN_POINT('Ctrl Pts',(37.2217828337946,-211.309029711768,5.34335361996261));
#8897=CARTESIAN_POINT('Ctrl Pts',(37.5787737839125,-211.67389518593,5.14574157999841));
#8898=CARTESIAN_POINT('Ctrl Pts',(37.686327951932,-211.814243249996,5.09464318349898));
#8899=CARTESIAN_POINT('Ctrl Pts',(37.8008817413314,-212.017331558747,5.0417488764943));
#8900=CARTESIAN_POINT('Ctrl Pts',(37.8357989067272,-212.094357646425,5.02630860906105));
#8901=CARTESIAN_POINT('Ctrl Pts',(37.8836995960171,-212.254096079818,5.00545072214781));
#8902=CARTESIAN_POINT('Ctrl Pts',(37.8966145339345,-212.334745580494,5.00000000000416));
#8903=CARTESIAN_POINT('Ctrl Pts',(37.8966145339461,-212.417816884714,4.9999999999992));
#8904=CARTESIAN_POINT('Ctrl Pts',(0.,-214.179740548603,6.23371223103927));
#8905=CARTESIAN_POINT('Ctrl Pts',(44.0000000000004,-214.179740548603,6.23371223103927));
#8906=CARTESIAN_POINT('Ctrl Pts',(0.,-214.164225902858,6.19108609220106));
#8907=CARTESIAN_POINT('Ctrl Pts',(44.0000000000004,-214.164225902858,6.19108609220106));
#8908=CARTESIAN_POINT('Ctrl Pts',(0.,-214.147248430973,6.14925923490072));
#8909=CARTESIAN_POINT('Ctrl Pts',(44.0000000000004,-214.147248430973,6.14925923490072));
#8910=CARTESIAN_POINT('Ctrl Pts',(0.,-214.023934834432,5.87402689470188));
#8911=CARTESIAN_POINT('Ctrl Pts',(44.0000000000004,-214.023934834432,5.87402689470188));
#8912=CARTESIAN_POINT('Ctrl Pts',(0.,-213.873470879343,5.67140107839021));
#8913=CARTESIAN_POINT('Ctrl Pts',(44.0000000000004,-213.873470879343,5.67140107839021));
#8914=CARTESIAN_POINT('Ctrl Pts',(0.,-213.550706842572,5.36528695517945));
#8915=CARTESIAN_POINT('Ctrl Pts',(44.0000000000004,-213.550706842572,5.36528695517945));
#8916=CARTESIAN_POINT('Ctrl Pts',(0.,-213.356336236279,5.23470013230201));
#8917=CARTESIAN_POINT('Ctrl Pts',(44.0000000000004,-213.356336236279,5.23470013230201));
#8918=CARTESIAN_POINT('Ctrl Pts',(0.,-213.029275837804,5.09857459405944));
#8919=CARTESIAN_POINT('Ctrl Pts',(44.0000000000004,-213.029275837804,5.09857459405944));
#8920=CARTESIAN_POINT('Ctrl Pts',(0.,-212.914284508146,5.06275547091346));
#8921=CARTESIAN_POINT('Ctrl Pts',(44.0000000000004,-212.914284508146,5.06275547091346));
#8922=CARTESIAN_POINT('Ctrl Pts',(0.,-212.673733467506,5.01349739344126));
#8923=CARTESIAN_POINT('Ctrl Pts',(44.0000000000004,-212.673733467506,5.01349739344126));
#8924=CARTESIAN_POINT('Ctrl Pts',(0.,-212.548087528263,4.9999999999992));
#8925=CARTESIAN_POINT('Ctrl Pts',(44.0000000000004,-212.548087528263,4.9999999999992));
#8926=CARTESIAN_POINT('Ctrl Pts',(0.,-212.417816884711,4.9999999999992));
#8927=CARTESIAN_POINT('Ctrl Pts',(44.0000000000004,-212.417816884711,4.9999999999992));
#8928=CARTESIAN_POINT('',(28.4824349800077,-214.179740548603,6.23371223103927));
#8929=CARTESIAN_POINT('Ctrl Pts',(28.4824349800077,-214.179740548603,6.23371223103927));
#8930=CARTESIAN_POINT('Ctrl Pts',(28.3667226270795,-214.09741258551,6.00751801154263));
#8931=CARTESIAN_POINT('Ctrl Pts',(28.2312645169306,-213.977896828995,5.81321358921247));
#8932=CARTESIAN_POINT('Ctrl Pts',(28.0690430751252,-213.814497188114,5.62387955116994));
#8933=CARTESIAN_POINT('Ctrl Pts',(28.0481397430552,-213.793045943329,5.60026419677781));
#8934=CARTESIAN_POINT('Ctrl Pts',(27.8481259834007,-213.583523589464,5.38118283836574));
#8935=CARTESIAN_POINT('Ctrl Pts',(27.6805785600876,-213.374035007341,5.24870158630588));
#8936=CARTESIAN_POINT('Ctrl Pts',(27.4918550703006,-213.071122267179,5.11321824871236));
#8937=CARTESIAN_POINT('Ctrl Pts',(27.4273923491867,-212.948379480991,5.07171517841966));
#8938=CARTESIAN_POINT('Ctrl Pts',(27.3232244327703,-212.655972701076,5.00776835801124));
#8939=CARTESIAN_POINT('Ctrl Pts',(27.3082820046323,-212.522383761797,4.9999999999992));
#8940=CARTESIAN_POINT('Ctrl Pts',(27.3082820046323,-212.417816884711,4.9999999999992));
#8941=CARTESIAN_POINT('',(36.1591660718921,-214.179740548603,6.23371223103927));
#8942=CARTESIAN_POINT('',(0.,-214.179740548603,6.23371223103927));
#8943=CARTESIAN_POINT('Ctrl Pts',(37.8966145339461,-212.417816884711,4.9999999999992));
#8944=CARTESIAN_POINT('Ctrl Pts',(37.8966145339461,-212.514449005824,4.9999999999992));
#8945=CARTESIAN_POINT('Ctrl Pts',(37.8791206230044,-212.607487822751,5.00736596653324));
#8946=CARTESIAN_POINT('Ctrl Pts',(37.8075441060818,-212.815194161248,5.03875740876199));
#8947=CARTESIAN_POINT('Ctrl Pts',(37.7454071187736,-212.924542210319,5.06673084496033));
#8948=CARTESIAN_POINT('Ctrl Pts',(37.5529516797218,-213.197733048582,5.15999778057448));
#8949=CARTESIAN_POINT('Ctrl Pts',(37.39350477767,-213.358938282505,5.24433568881562));
#8950=CARTESIAN_POINT('Ctrl Pts',(37.0574184266896,-213.65216898714,5.45173191075326));
#8951=CARTESIAN_POINT('Ctrl Pts',(36.8777443982672,-213.783344511226,5.57745184144982));
#8952=CARTESIAN_POINT('Ctrl Pts',(36.5165048060315,-214.01240161636,5.87136161998668));
#8953=CARTESIAN_POINT('Ctrl Pts',(36.3327492164637,-214.110353828267,6.04307378378293));
#8954=CARTESIAN_POINT('Ctrl Pts',(36.1591660718921,-214.179740548603,6.23371223103927));
#8955=CARTESIAN_POINT('Origin',(0.,-216.743322425465,13.2770955478505));
#8956=CARTESIAN_POINT('',(28.7660423089607,-214.866636931935,8.12094453300078));
#8957=CARTESIAN_POINT('Origin',(25.8116190499241,-214.677028628143,7.6));
#8958=CARTESIAN_POINT('',(23.7215740426363,-225.279316205368,36.7295457014444));
#8959=CARTESIAN_POINT('',(34.9321675631097,-215.088955257312,8.73175911166535));
#8960=CARTESIAN_POINT('',(33.8491271968165,-217.324543108995,14.8739862509355));
#8961=CARTESIAN_POINT('Origin',(39.8562063281708,-215.404969096964,9.6));
#8962=CARTESIAN_POINT('Ctrl Pts',(0.,-253.094106779064,7.51628776896284));
#8963=CARTESIAN_POINT('Ctrl Pts',(44.0000000000004,-253.094106779064,7.51628776896284));
#8964=CARTESIAN_POINT('Ctrl Pts',(0.,-253.17085359725,7.30542761906738));
#8965=CARTESIAN_POINT('Ctrl Pts',(44.0000000000004,-253.17085359725,7.30542761906738));
#8966=CARTESIAN_POINT('Ctrl Pts',(0.,-253.207183115173,7.08195579046442));
#8967=CARTESIAN_POINT('Ctrl Pts',(44.0000000000004,-253.207183115173,7.08195579046442));
#8968=CARTESIAN_POINT('Ctrl Pts',(0.,-253.207183115173,6.60932720781738));
#8969=CARTESIAN_POINT('Ctrl Pts',(44.0000000000004,-253.207183115173,6.60932720781738));
#8970=CARTESIAN_POINT('Ctrl Pts',(0.,-253.14828337329,6.34270126445257));
#8971=CARTESIAN_POINT('Ctrl Pts',(44.0000000000004,-253.14828337329,6.34270126445257));
#8972=CARTESIAN_POINT('Ctrl Pts',(0.,-252.938301064894,5.87402689470538));
#8973=CARTESIAN_POINT('Ctrl Pts',(44.0000000000004,-252.938301064894,5.87402689470538));
#8974=CARTESIAN_POINT('Ctrl Pts',(0.,-252.787837109805,5.67140107839366));
#8975=CARTESIAN_POINT('Ctrl Pts',(44.0000000000004,-252.787837109805,5.67140107839366));
#8976=CARTESIAN_POINT('Ctrl Pts',(0.,-252.465073073034,5.3652869551828));
#8977=CARTESIAN_POINT('Ctrl Pts',(44.0000000000004,-252.465073073034,5.3652869551828));
#8978=CARTESIAN_POINT('Ctrl Pts',(0.,-252.270702466741,5.23470013230528));
#8979=CARTESIAN_POINT('Ctrl Pts',(44.0000000000004,-252.270702466741,5.23470013230528));
#8980=CARTESIAN_POINT('Ctrl Pts',(0.,-251.943642068266,5.09857459406264));
#8981=CARTESIAN_POINT('Ctrl Pts',(44.0000000000004,-251.943642068266,5.09857459406264));
#8982=CARTESIAN_POINT('Ctrl Pts',(0.,-251.828650738608,5.06275547091664));
#8983=CARTESIAN_POINT('Ctrl Pts',(44.0000000000004,-251.828650738608,5.06275547091664));
#8984=CARTESIAN_POINT('Ctrl Pts',(0.,-251.588099697968,5.01349739344443));
#8985=CARTESIAN_POINT('Ctrl Pts',(44.0000000000004,-251.588099697968,5.01349739344443));
#8986=CARTESIAN_POINT('Ctrl Pts',(0.,-251.462453758724,5.00000000000238));
#8987=CARTESIAN_POINT('Ctrl Pts',(44.0000000000004,-251.462453758724,5.00000000000238));
#8988=CARTESIAN_POINT('Ctrl Pts',(0.,-251.332183115173,5.00000000000238));
#8989=CARTESIAN_POINT('Ctrl Pts',(44.0000000000004,-251.332183115173,5.00000000000238));
#8990=CARTESIAN_POINT('',(28.810450866211,-253.094106779064,7.51628776896284));
#8991=CARTESIAN_POINT('',(27.3082820046378,-251.332183115173,5.00000000000238));
#8992=CARTESIAN_POINT('Ctrl Pts',(28.810450866211,-253.094106779064,7.51628776896285));
#8993=CARTESIAN_POINT('Ctrl Pts',(28.8051754957261,-253.162889923665,7.32730763240768));
#8994=CARTESIAN_POINT('Ctrl Pts',(28.7808483684725,-253.200234078223,7.12663100159955));
#8995=CARTESIAN_POINT('Ctrl Pts',(28.6774123822055,-253.21425999402,6.67468790964437));
#8996=CARTESIAN_POINT('Ctrl Pts',(28.5944135047805,-253.167530875464,6.46972430826721));
#8997=CARTESIAN_POINT('Ctrl Pts',(28.4182224793351,-253.054417728794,6.09017765117962));
#8998=CARTESIAN_POINT('Ctrl Pts',(28.287048888937,-252.941215146419,5.8938229821225));
#8999=CARTESIAN_POINT('Ctrl Pts',(27.9685633839328,-252.634830701453,5.49102181772759));
#9000=CARTESIAN_POINT('Ctrl Pts',(27.7743921271791,-252.411146819122,5.32398601441532));
#9001=CARTESIAN_POINT('Ctrl Pts',(27.532466163216,-252.060064221194,5.13953290273733));
#9002=CARTESIAN_POINT('Ctrl Pts',(27.4564367818153,-251.922637809607,5.09033392895273));
#9003=CARTESIAN_POINT('Ctrl Pts',(27.3747625462969,-251.720674628349,5.03918750056787));
#9004=CARTESIAN_POINT('Ctrl Pts',(27.3505875022617,-251.64567899588,5.02474245221524));
#9005=CARTESIAN_POINT('Ctrl Pts',(27.3171598112474,-251.49068124536,5.00505797268972));
#9006=CARTESIAN_POINT('Ctrl Pts',(27.3082820046378,-251.41221024973,5.00000000000238));
#9007=CARTESIAN_POINT('Ctrl Pts',(27.3082820046378,-251.332183115173,5.00000000000238));
#9008=CARTESIAN_POINT('',(35.3110833003281,-253.094106779064,7.51628776896284));
#9009=CARTESIAN_POINT('',(0.,-253.094106779064,7.51628776896284));
#9010=CARTESIAN_POINT('',(37.8966145339387,-251.332183115173,5.00000000000238));
#9011=CARTESIAN_POINT('Ctrl Pts',(37.8966145339387,-251.332183115173,5.00000000000238));
#9012=CARTESIAN_POINT('Ctrl Pts',(37.8966145339387,-251.42880782397,5.00000000000238));
#9013=CARTESIAN_POINT('Ctrl Pts',(37.8791233186253,-251.521839933265,5.00736484098956));
#9014=CARTESIAN_POINT('Ctrl Pts',(37.8075693404231,-251.729495347037,5.03874626850218));
#9015=CARTESIAN_POINT('Ctrl Pts',(37.745466894401,-251.838804236167,5.06670369875343));
#9016=CARTESIAN_POINT('Ctrl Pts',(37.5531590985484,-252.111838866155,5.15989405944576));
#9017=CARTESIAN_POINT('Ctrl Pts',(37.3938664522771,-252.272943682317,5.24413779933777));
#9018=CARTESIAN_POINT('Ctrl Pts',(37.0817513049731,-252.545346441394,5.43669319461723));
#9019=CARTESIAN_POINT('Ctrl Pts',(36.9281254249713,-252.660535245292,5.54231274829132));
#9020=CARTESIAN_POINT('Ctrl Pts',(36.5256322188501,-252.926778889726,5.85747160728839));
#9021=CARTESIAN_POINT('Ctrl Pts',(36.219783549424,-253.095743162583,6.13608015391921));
#9022=CARTESIAN_POINT('Ctrl Pts',(35.7627838364248,-253.212295977117,6.71638079984872));
#9023=CARTESIAN_POINT('Ctrl Pts',(35.6517984136733,-253.21043452946,6.8908129307696));
#9024=CARTESIAN_POINT('Ctrl Pts',(35.4819249379201,-253.191050334819,7.1700505045391));
#9025=CARTESIAN_POINT('Ctrl Pts',(35.3892113324068,-253.156133761831,7.34587003448313));
#9026=CARTESIAN_POINT('Ctrl Pts',(35.3110833003281,-253.094106779064,7.51628776896285));
#9027=CARTESIAN_POINT('',(0.,-251.332183115173,5.00000000000238));
#9028=CARTESIAN_POINT('Ctrl Pts',(0.,-251.332183115172,5.00000000000238));
#9029=CARTESIAN_POINT('Ctrl Pts',(44.0000000000004,-251.332183115172,5.00000000000238));
#9030=CARTESIAN_POINT('Ctrl Pts',(0.,-251.201912471621,5.00000000001287));
#9031=CARTESIAN_POINT('Ctrl Pts',(44.0000000000004,-251.201912471621,5.00000000001287));
#9032=CARTESIAN_POINT('Ctrl Pts',(0.,-251.076266532528,5.01349739344443));
#9033=CARTESIAN_POINT('Ctrl Pts',(44.0000000000004,-251.076266532528,5.01349739344443));
#9034=CARTESIAN_POINT('Ctrl Pts',(0.,-250.835715491888,5.06275547091663));
#9035=CARTESIAN_POINT('Ctrl Pts',(44.0000000000004,-250.835715491888,5.06275547091663));
#9036=CARTESIAN_POINT('Ctrl Pts',(0.,-250.72072416223,5.09857459406263));
#9037=CARTESIAN_POINT('Ctrl Pts',(44.0000000000004,-250.72072416223,5.09857459406263));
#9038=CARTESIAN_POINT('Ctrl Pts',(0.,-250.393663763755,5.23470013230527));
#9039=CARTESIAN_POINT('Ctrl Pts',(44.0000000000004,-250.393663763755,5.23470013230527));
#9040=CARTESIAN_POINT('Ctrl Pts',(0.,-250.199293157462,5.3652869551828));
#9041=CARTESIAN_POINT('Ctrl Pts',(44.0000000000004,-250.199293157462,5.3652869551828));
#9042=CARTESIAN_POINT('Ctrl Pts',(0.,-249.876529120691,5.67140107839366));
#9043=CARTESIAN_POINT('Ctrl Pts',(44.0000000000004,-249.876529120691,5.67140107839366));
#9044=CARTESIAN_POINT('Ctrl Pts',(0.,-249.726065165601,5.87402689470537));
#9045=CARTESIAN_POINT('Ctrl Pts',(44.0000000000004,-249.726065165601,5.87402689470537));
#9046=CARTESIAN_POINT('Ctrl Pts',(0.,-249.602751569064,6.14925923489609));
#9047=CARTESIAN_POINT('Ctrl Pts',(44.0000000000004,-249.602751569064,6.14925923489609));
#9048=CARTESIAN_POINT('Ctrl Pts',(0.,-249.585774097183,6.19108609218797));
#9049=CARTESIAN_POINT('Ctrl Pts',(44.0000000000004,-249.585774097183,6.19108609218797));
#9050=CARTESIAN_POINT('Ctrl Pts',(0.,-249.57025945144,6.23371223101744));
#9051=CARTESIAN_POINT('Ctrl Pts',(44.0000000000004,-249.57025945144,6.23371223101744));
#9052=CARTESIAN_POINT('',(28.4824349799965,-249.57025945144,6.23371223101745));
#9053=CARTESIAN_POINT('Ctrl Pts',(27.3082820046378,-251.332183115172,5.00000000000238));
#9054=CARTESIAN_POINT('Ctrl Pts',(27.3082820046424,-251.299108687021,5.00000000000504));
#9055=CARTESIAN_POINT('Ctrl Pts',(27.3097942291746,-251.266155906917,5.00086877118787));
#9056=CARTESIAN_POINT('Ctrl Pts',(27.3157719082412,-251.200633709323,5.00432359468432));
#9057=CARTESIAN_POINT('Ctrl Pts',(27.3201939844435,-251.16828023144,5.0068848025751));
#9058=CARTESIAN_POINT('Ctrl Pts',(27.3375582283921,-251.071707455003,5.01703855088216));
#9059=CARTESIAN_POINT('Ctrl Pts',(27.3545019695585,-251.00885467194,5.02704247695136));
#9060=CARTESIAN_POINT('Ctrl Pts',(27.42785973092,-250.794802682054,5.07184877162764));
#9061=CARTESIAN_POINT('Ctrl Pts',(27.5055041259123,-250.652065613532,5.12176609471639));
#9062=CARTESIAN_POINT('Ctrl Pts',(27.6603198519931,-250.4145139002,5.23567697411286));
#9063=CARTESIAN_POINT('Ctrl Pts',(27.7380539830036,-250.311911192748,5.29789496502427));
#9064=CARTESIAN_POINT('Ctrl Pts',(27.9324356336732,-250.075504230703,5.47236895078681));
#9065=CARTESIAN_POINT('Ctrl Pts',(28.0507128572138,-249.95063049844,5.59520687209471));
#9066=CARTESIAN_POINT('Ctrl Pts',(28.2785578278752,-249.731194978542,5.88279329865935));
#9067=CARTESIAN_POINT('Ctrl Pts',(28.3879435326492,-249.637488992566,6.04900058493528));
#9068=CARTESIAN_POINT('Ctrl Pts',(28.4824349799965,-249.57025945144,6.23371223101744));
#9069=CARTESIAN_POINT('',(36.1591660719119,-249.57025945144,6.23371223101745));
#9070=CARTESIAN_POINT('Ctrl Pts',(36.1591660719119,-249.57025945144,6.23371223101744));
#9071=CARTESIAN_POINT('Ctrl Pts',(36.4688462622641,-249.69404850259,5.89360460835754));
#9072=CARTESIAN_POINT('Ctrl Pts',(36.7656630241621,-249.888765249374,5.66257575592897));
#9073=CARTESIAN_POINT('Ctrl Pts',(37.1917705398554,-250.2023699554,5.35920666880195));
#9074=CARTESIAN_POINT('Ctrl Pts',(37.4162482622552,-250.403664882136,5.23185616915709));
#9075=CARTESIAN_POINT('Ctrl Pts',(37.6583706875316,-250.696439849752,5.10810249914068));
#9076=CARTESIAN_POINT('Ctrl Pts',(37.7443964457599,-250.815317248244,5.06734399460279));
#9077=CARTESIAN_POINT('Ctrl Pts',(37.8345583943718,-251.010310738371,5.02683348654612));
#9078=CARTESIAN_POINT('Ctrl Pts',(37.8573826707765,-251.072755709694,5.0168793531713));
#9079=CARTESIAN_POINT('Ctrl Pts',(37.8884613292693,-251.201407490264,5.00345109073946));
#9080=CARTESIAN_POINT('Ctrl Pts',(37.8966145339262,-251.266146440058,5.0000000000077));
#9081=CARTESIAN_POINT('Ctrl Pts',(37.8966145339387,-251.332183115172,5.00000000000238));
#9082=CARTESIAN_POINT('',(0.,-249.57025945144,6.23371223101745));
#9083=CARTESIAN_POINT('Origin',(0.,-249.57025945144,6.23371223101745));
#9084=CARTESIAN_POINT('',(28.7660423089607,-248.88336306807,8.12094453300078));
#9085=CARTESIAN_POINT('Origin',(25.811619049924,-249.07297137187,7.6));
#9086=CARTESIAN_POINT('',(34.9321675631097,-248.661044742683,8.73175911166535));
#9087=CARTESIAN_POINT('Origin',(39.8562063281708,-248.345030903017,9.6));
#9088=CARTESIAN_POINT('',(34.130702113025,-247.006677574459,13.2770955477821));
#9089=CARTESIAN_POINT('',(34.625866671912,-248.028785251104,10.4688777872475));
#9090=CARTESIAN_POINT('',(27.8568737684474,-247.006677574459,13.2770955477821));
#9091=CARTESIAN_POINT('',(0.,-247.006677574459,13.2770955477821));
#9092=CARTESIAN_POINT('',(24.4983135177704,-240.074012154461,32.3244372375372));
#9093=CARTESIAN_POINT('Origin',(0.,-250.530524902231,14.5596710857545));
#9094=CARTESIAN_POINT('',(28.7660423089607,-252.874029714919,8.12094453300078));
#9095=CARTESIAN_POINT('Origin',(25.811619049924,-253.063638018709,7.6));
#9096=CARTESIAN_POINT('',(27.6307210963075,-250.53052490221,14.5596710857468));
#9097=CARTESIAN_POINT('',(23.6738272201076,-242.362792511776,37.0003313879962));
#9098=CARTESIAN_POINT('',(33.9045494408851,-250.53052490221,14.5596710857468));
#9099=CARTESIAN_POINT('',(0.,-250.53052490221,14.5596710857468));
#9100=CARTESIAN_POINT('',(34.9321675631097,-252.651711389544,8.73175911166535));
#9101=CARTESIAN_POINT('',(33.8013803742961,-250.317565608091,15.1447719374402));
#9102=CARTESIAN_POINT('Origin',(39.8562063281708,-252.335697549895,9.6));
#9103=CARTESIAN_POINT('Origin',(0.,-248.768601238338,13.9183833167656));
#9104=CARTESIAN_POINT('Origin',(27.7437974323772,-248.768601238338,13.9183833167656));
#9105=CARTESIAN_POINT('Origin',(34.0176257769549,-248.768601238338,13.9183833167656));
#9106=CARTESIAN_POINT('Ctrl Pts',(0.,-259.344106779067,7.51628776895853));
#9107=CARTESIAN_POINT('Ctrl Pts',(44.0000000000004,-259.344106779067,7.51628776895853));
#9108=CARTESIAN_POINT('Ctrl Pts',(0.,-259.420853597252,7.30542761906337));
#9109=CARTESIAN_POINT('Ctrl Pts',(44.0000000000004,-259.420853597252,7.30542761906337));
#9110=CARTESIAN_POINT('Ctrl Pts',(0.,-259.457183115174,7.08195579046084));
#9111=CARTESIAN_POINT('Ctrl Pts',(44.0000000000004,-259.457183115174,7.08195579046084));
#9112=CARTESIAN_POINT('Ctrl Pts',(0.,-259.457183115175,6.60932720781405));
#9113=CARTESIAN_POINT('Ctrl Pts',(44.0000000000004,-259.457183115175,6.60932720781405));
#9114=CARTESIAN_POINT('Ctrl Pts',(0.,-259.398283373292,6.34270126444915));
#9115=CARTESIAN_POINT('Ctrl Pts',(44.0000000000004,-259.398283373292,6.34270126444915));
#9116=CARTESIAN_POINT('Ctrl Pts',(0.,-259.188301064896,5.87402689470188));
#9117=CARTESIAN_POINT('Ctrl Pts',(44.0000000000004,-259.188301064896,5.87402689470188));
#9118=CARTESIAN_POINT('Ctrl Pts',(0.,-259.037837109807,5.67140107839021));
#9119=CARTESIAN_POINT('Ctrl Pts',(44.0000000000004,-259.037837109807,5.67140107839021));
#9120=CARTESIAN_POINT('Ctrl Pts',(0.,-258.715073073036,5.36528695517945));
#9121=CARTESIAN_POINT('Ctrl Pts',(44.0000000000004,-258.715073073036,5.36528695517945));
#9122=CARTESIAN_POINT('Ctrl Pts',(0.,-258.520702466743,5.23470013230203));
#9123=CARTESIAN_POINT('Ctrl Pts',(44.0000000000004,-258.520702466743,5.23470013230203));
#9124=CARTESIAN_POINT('Ctrl Pts',(0.,-258.193642068268,5.09857459405946));
#9125=CARTESIAN_POINT('Ctrl Pts',(44.0000000000004,-258.193642068268,5.09857459405946));
#9126=CARTESIAN_POINT('Ctrl Pts',(0.,-258.07865073861,5.06275547091346));
#9127=CARTESIAN_POINT('Ctrl Pts',(44.0000000000004,-258.07865073861,5.06275547091346));
#9128=CARTESIAN_POINT('Ctrl Pts',(0.,-257.83809969797,5.01349739344126));
#9129=CARTESIAN_POINT('Ctrl Pts',(44.0000000000004,-257.83809969797,5.01349739344126));
#9130=CARTESIAN_POINT('Ctrl Pts',(0.,-257.712453758838,5.00000000000696));
#9131=CARTESIAN_POINT('Ctrl Pts',(44.0000000000004,-257.712453758838,5.00000000000696));
#9132=CARTESIAN_POINT('Ctrl Pts',(0.,-257.582183115286,4.9999999999992));
#9133=CARTESIAN_POINT('Ctrl Pts',(44.0000000000004,-257.582183115286,4.9999999999992));
#9134=CARTESIAN_POINT('',(28.8104508662109,-259.344106779067,7.51628776895851));
#9135=CARTESIAN_POINT('',(27.3082820046322,-257.582183115286,4.9999999999992));
#9136=CARTESIAN_POINT('Ctrl Pts',(28.8104508662109,-259.344106779067,7.51628776895853));
#9137=CARTESIAN_POINT('Ctrl Pts',(28.8051754957257,-259.412889923667,7.32730763240357));
#9138=CARTESIAN_POINT('Ctrl Pts',(28.7808483684719,-259.450234078225,7.12663100159563));
#9139=CARTESIAN_POINT('Ctrl Pts',(28.6774123822061,-259.464259994022,6.67468790964835));
#9140=CARTESIAN_POINT('Ctrl Pts',(28.5944135047835,-259.417530875469,6.4697243082733));
#9141=CARTESIAN_POINT('Ctrl Pts',(28.418222479334,-259.304417728796,6.09017765117783));
#9142=CARTESIAN_POINT('Ctrl Pts',(28.287048888936,-259.191215146422,5.89382298212087));
#9143=CARTESIAN_POINT('Ctrl Pts',(27.9685633839351,-258.88483070146,5.49102181773099));
#9144=CARTESIAN_POINT('Ctrl Pts',(27.7743921271819,-258.661146819133,5.32398601441735));
#9145=CARTESIAN_POINT('Ctrl Pts',(27.5324661632111,-258.310064221196,5.13953290273367));
#9146=CARTESIAN_POINT('Ctrl Pts',(27.4564367818104,-258.172637809609,5.0903339289496));
#9147=CARTESIAN_POINT('Ctrl Pts',(27.3747625462982,-257.970674628367,5.03918750056874));
#9148=CARTESIAN_POINT('Ctrl Pts',(27.3505875022599,-257.895678995897,5.02474245221417));
#9149=CARTESIAN_POINT('Ctrl Pts',(27.3171598112447,-257.740681245416,5.00505797268814));
#9150=CARTESIAN_POINT('Ctrl Pts',(27.3082820046405,-257.662210249828,5.00000000000397));
#9151=CARTESIAN_POINT('Ctrl Pts',(27.3082820046322,-257.582183115286,4.9999999999992));
#9152=CARTESIAN_POINT('',(35.3110833003301,-259.344106779067,7.51628776895851));
#9153=CARTESIAN_POINT('',(0.,-259.344106779067,7.51628776895851));
#9154=CARTESIAN_POINT('',(37.8966145339461,-257.582183115286,4.9999999999992));
#9155=CARTESIAN_POINT('Ctrl Pts',(37.8966145339461,-257.582183115286,4.9999999999992));
#9156=CARTESIAN_POINT('Ctrl Pts',(37.8966145339326,-257.678807824182,5.00000000000496));
#9157=CARTESIAN_POINT('Ctrl Pts',(37.8791233185905,-257.771839933515,5.00736484100402));
#9158=CARTESIAN_POINT('Ctrl Pts',(37.8075693402573,-257.979495347403,5.03874626857593));
#9159=CARTESIAN_POINT('Ctrl Pts',(37.7454668941703,-258.088804236575,5.06670369885891));
#9160=CARTESIAN_POINT('Ctrl Pts',(37.5531590980289,-258.361838866783,5.15989405970861));
#9161=CARTESIAN_POINT('Ctrl Pts',(37.3938664515488,-258.522943683039,5.24413779974314));
#9162=CARTESIAN_POINT('Ctrl Pts',(37.0817513040278,-258.795346442153,5.43669319524069));
#9163=CARTESIAN_POINT('Ctrl Pts',(36.9281254239266,-258.910535246052,5.54231274903997));
#9164=CARTESIAN_POINT('Ctrl Pts',(36.5256322169641,-259.176778890875,5.85747160887662));
#9165=CARTESIAN_POINT('Ctrl Pts',(36.2197835480743,-259.345743163031,6.13608015551493));
#9166=CARTESIAN_POINT('Ctrl Pts',(35.7627838361339,-259.462295977136,6.71638080028501));
#9167=CARTESIAN_POINT('Ctrl Pts',(35.6517984134779,-259.46043452946,6.8908129310722));
#9168=CARTESIAN_POINT('Ctrl Pts',(35.4819249378045,-259.441050334777,7.17005050475753));
#9169=CARTESIAN_POINT('Ctrl Pts',(35.3892113323597,-259.406133761794,7.34587003458622));
#9170=CARTESIAN_POINT('Ctrl Pts',(35.31108330033,-259.344106779067,7.51628776895853));
#9171=CARTESIAN_POINT('',(0.,-257.582183115286,4.9999999999992));
#9172=CARTESIAN_POINT('Ctrl Pts',(0.,-257.582183115289,4.9999999999992));
#9173=CARTESIAN_POINT('Ctrl Pts',(44.0000000000004,-257.582183115289,4.9999999999992));
#9174=CARTESIAN_POINT('Ctrl Pts',(0.,-257.451912471737,4.9999999999992));
#9175=CARTESIAN_POINT('Ctrl Pts',(44.0000000000004,-257.451912471737,4.9999999999992));
#9176=CARTESIAN_POINT('Ctrl Pts',(0.,-257.326266532494,5.01349739344126));
#9177=CARTESIAN_POINT('Ctrl Pts',(44.0000000000004,-257.326266532494,5.01349739344126));
#9178=CARTESIAN_POINT('Ctrl Pts',(0.,-257.085715491854,5.06275547091346));
#9179=CARTESIAN_POINT('Ctrl Pts',(44.0000000000004,-257.085715491854,5.06275547091346));
#9180=CARTESIAN_POINT('Ctrl Pts',(0.,-256.970724162196,5.09857459405944));
#9181=CARTESIAN_POINT('Ctrl Pts',(44.0000000000004,-256.970724162196,5.09857459405944));
#9182=CARTESIAN_POINT('Ctrl Pts',(0.,-256.643663763721,5.23470013230201));
#9183=CARTESIAN_POINT('Ctrl Pts',(44.0000000000004,-256.643663763721,5.23470013230201));
#9184=CARTESIAN_POINT('Ctrl Pts',(0.,-256.449293157428,5.36528695517945));
#9185=CARTESIAN_POINT('Ctrl Pts',(44.0000000000004,-256.449293157428,5.36528695517945));
#9186=CARTESIAN_POINT('Ctrl Pts',(0.,-256.126529120657,5.67140107839021));
#9187=CARTESIAN_POINT('Ctrl Pts',(44.0000000000004,-256.126529120657,5.67140107839021));
#9188=CARTESIAN_POINT('Ctrl Pts',(0.,-255.976065165568,5.87402689470188));
#9189=CARTESIAN_POINT('Ctrl Pts',(44.0000000000004,-255.976065165568,5.87402689470188));
#9190=CARTESIAN_POINT('Ctrl Pts',(0.,-255.852751569027,6.14925923490072));
#9191=CARTESIAN_POINT('Ctrl Pts',(44.0000000000004,-255.852751569027,6.14925923490072));
#9192=CARTESIAN_POINT('Ctrl Pts',(0.,-255.835774097142,6.19108609220106));
#9193=CARTESIAN_POINT('Ctrl Pts',(44.0000000000004,-255.835774097142,6.19108609220106));
#9194=CARTESIAN_POINT('Ctrl Pts',(0.,-255.820259451397,6.23371223103927));
#9195=CARTESIAN_POINT('Ctrl Pts',(44.0000000000004,-255.820259451397,6.23371223103927));
#9196=CARTESIAN_POINT('',(28.4824349800077,-255.820259451397,6.23371223103928));
#9197=CARTESIAN_POINT('Ctrl Pts',(27.3082820046322,-257.582183115289,4.9999999999992));
#9198=CARTESIAN_POINT('Ctrl Pts',(27.3082820046322,-257.54910868713,4.9999999999992));
#9199=CARTESIAN_POINT('Ctrl Pts',(27.3097942291628,-257.516155907016,5.00086877118111));
#9200=CARTESIAN_POINT('Ctrl Pts',(27.3157719082276,-257.450633709397,5.00432359467642));
#9201=CARTESIAN_POINT('Ctrl Pts',(27.3201939844308,-257.418280231494,5.00688480256775));
#9202=CARTESIAN_POINT('Ctrl Pts',(27.3375582283785,-257.321707455027,5.01703855087411));
#9203=CARTESIAN_POINT('Ctrl Pts',(27.3545019695277,-257.258854671979,5.02704247693258));
#9204=CARTESIAN_POINT('Ctrl Pts',(27.4278597309169,-257.044802682016,5.07184877162562));
#9205=CARTESIAN_POINT('Ctrl Pts',(27.5055041259105,-256.902065613494,5.12176609471509));
#9206=CARTESIAN_POINT('Ctrl Pts',(27.6603198519923,-256.664513900162,5.23567697411213));
#9207=CARTESIAN_POINT('Ctrl Pts',(27.7380539830033,-256.561911192709,5.29789496502399));
#9208=CARTESIAN_POINT('Ctrl Pts',(27.9324356336764,-256.325504230661,5.47236895078974));
#9209=CARTESIAN_POINT('Ctrl Pts',(28.0507128572194,-256.200630498398,5.59520687210056));
#9210=CARTESIAN_POINT('Ctrl Pts',(28.2785578278845,-255.981194978497,5.88279329867227));
#9211=CARTESIAN_POINT('Ctrl Pts',(28.3879435326599,-255.887488992522,6.04900058495235));
#9212=CARTESIAN_POINT('Ctrl Pts',(28.4824349800076,-255.820259451397,6.23371223103927));
#9213=CARTESIAN_POINT('',(36.1591660718921,-255.820259451397,6.23371223103928));
#9214=CARTESIAN_POINT('Ctrl Pts',(36.1591660718921,-255.820259451397,6.23371223103927));
#9215=CARTESIAN_POINT('Ctrl Pts',(36.4688462622414,-255.944048502542,5.89360460837837));
#9216=CARTESIAN_POINT('Ctrl Pts',(36.7656630241373,-256.138765249321,5.66257575594839));
#9217=CARTESIAN_POINT('Ctrl Pts',(37.191770539847,-256.452369955353,5.35920666880572));
#9218=CARTESIAN_POINT('Ctrl Pts',(37.41624826225,-256.653664882092,5.23185616916008));
#9219=CARTESIAN_POINT('Ctrl Pts',(37.6583706875245,-256.946439849699,5.10810249914416));
#9220=CARTESIAN_POINT('Ctrl Pts',(37.7443964457584,-257.065317248195,5.0673439946034));
#9221=CARTESIAN_POINT('Ctrl Pts',(37.8345583944122,-257.260310738408,5.02683348652801));
#9222=CARTESIAN_POINT('Ctrl Pts',(37.8573826707939,-257.322755709714,5.01687935316375));
#9223=CARTESIAN_POINT('Ctrl Pts',(37.888461329284,-257.45140749032,5.00345109073319));
#9224=CARTESIAN_POINT('Ctrl Pts',(37.8966145339461,-257.516146440154,4.9999999999992));
#9225=CARTESIAN_POINT('Ctrl Pts',(37.8966145339461,-257.582183115289,4.9999999999992));
#9226=CARTESIAN_POINT('',(0.,-255.820259451397,6.23371223103928));
#9227=CARTESIAN_POINT('Origin',(0.,-255.820259451397,6.23371223103928));
#9228=CARTESIAN_POINT('',(28.7660423089607,-255.133363068065,8.12094453300078));
#9229=CARTESIAN_POINT('Origin',(25.811619049924,-255.322971371856,7.6));
#9230=CARTESIAN_POINT('',(34.9321675631097,-254.911044742687,8.73175911166535));
#9231=CARTESIAN_POINT('Origin',(39.8562063281708,-254.595030903036,9.6));
#9232=CARTESIAN_POINT('',(34.1307021130131,-253.256677574535,13.2770955478497));
#9233=CARTESIAN_POINT('',(34.4535037641866,-253.92299756807,11.446396412207));
#9234=CARTESIAN_POINT('',(27.8568737684354,-253.256677574535,13.2770955478497));
#9235=CARTESIAN_POINT('',(0.,-253.256677574535,13.2770955478497));
#9236=CARTESIAN_POINT('',(24.3259506100063,-245.968224471697,33.3019558627161));
#9237=CARTESIAN_POINT('Origin',(0.,-256.780524915735,14.5596710486042));
#9238=CARTESIAN_POINT('',(28.7660423089607,-259.124029714921,8.12094453300078));
#9239=CARTESIAN_POINT('Origin',(25.811619049924,-259.313638018712,7.6));
#9240=CARTESIAN_POINT('',(27.6307211028568,-256.780524915735,14.5596710486042));
#9241=CARTESIAN_POINT('',(23.5014643155652,-248.257004835195,37.977849994904));
#9242=CARTESIAN_POINT('',(33.9045494474344,-256.780524915735,14.5596710486042));
#9243=CARTESIAN_POINT('',(0.,-256.780524915735,14.5596710486042));
#9244=CARTESIAN_POINT('',(34.9321675631097,-258.901711389543,8.73175911166535));
#9245=CARTESIAN_POINT('',(33.6290174697465,-256.21177793156,16.1222905443887));
#9246=CARTESIAN_POINT('Origin',(39.8562063281708,-258.585697549892,9.6));
#9247=CARTESIAN_POINT('Origin',(0.,-255.018601238378,13.9183833167919));
#9248=CARTESIAN_POINT('Origin',(27.7437974323726,-255.018601238378,13.9183833167919));
#9249=CARTESIAN_POINT('Origin',(34.0176257769502,-255.018601238378,13.9183833167919));
#9250=CARTESIAN_POINT('Origin',(0.,-216.905893220936,7.51628776896285));
#9251=CARTESIAN_POINT('',(28.810450866211,-216.905893220936,7.51628776896279));
#9252=CARTESIAN_POINT('',(28.7660423089607,-217.125970285081,8.12094453300078));
#9253=CARTESIAN_POINT('Origin',(25.8116190499241,-216.936361981289,7.6));
#9254=CARTESIAN_POINT('',(35.3110833003281,-216.905893220936,7.51628776896279));
#9255=CARTESIAN_POINT('',(0.,-216.905893220936,7.51628776896279));
#9256=CARTESIAN_POINT('',(34.9321675631097,-217.348288610459,8.73175911166535));
#9257=CARTESIAN_POINT('Origin',(39.8562063281708,-217.664302450111,9.6));
#9258=CARTESIAN_POINT('',(33.9045494408921,-219.469475097776,14.5596710857073));
#9259=CARTESIAN_POINT('',(34.405756941661,-218.434893714879,11.7171820987408));
#9260=CARTESIAN_POINT('',(27.6307210963145,-219.469475097776,14.5596710857073));
#9261=CARTESIAN_POINT('',(0.,-219.469475097776,14.5596710857073));
#9262=CARTESIAN_POINT('',(24.2782037874814,-226.389666811257,33.5727415492462));
#9263=CARTESIAN_POINT('Origin',(0.,-221.231398761657,13.9183833167506));
#9264=CARTESIAN_POINT('',(27.8568737684453,-222.993322425538,13.2770955477939));
#9265=CARTESIAN_POINT('Origin',(27.7437974323799,-221.231398761657,13.9183833167506));
#9266=CARTESIAN_POINT('',(34.1307021130229,-222.993322425538,13.2770955477939));
#9267=CARTESIAN_POINT('Origin',(34.0176257769575,-221.231398761657,13.9183833167506));
#9268=CARTESIAN_POINT('',(0.,-222.993322425538,13.2770955477939));
#9269=CARTESIAN_POINT('Ctrl Pts',(0.,-218.667816884827,5.00000000000238));
#9270=CARTESIAN_POINT('Ctrl Pts',(44.0000000000004,-218.667816884827,5.00000000000238));
#9271=CARTESIAN_POINT('Ctrl Pts',(0.,-218.537546241276,5.00000000000238));
#9272=CARTESIAN_POINT('Ctrl Pts',(44.0000000000004,-218.537546241276,5.00000000000238));
#9273=CARTESIAN_POINT('Ctrl Pts',(0.,-218.411900302032,5.01349739344443));
#9274=CARTESIAN_POINT('Ctrl Pts',(44.0000000000004,-218.411900302032,5.01349739344443));
#9275=CARTESIAN_POINT('Ctrl Pts',(0.,-218.171349261392,5.06275547091664));
#9276=CARTESIAN_POINT('Ctrl Pts',(44.0000000000004,-218.171349261392,5.06275547091664));
#9277=CARTESIAN_POINT('Ctrl Pts',(0.,-218.056357931734,5.09857459406264));
#9278=CARTESIAN_POINT('Ctrl Pts',(44.0000000000004,-218.056357931734,5.09857459406264));
#9279=CARTESIAN_POINT('Ctrl Pts',(0.,-217.729297533259,5.23470013230528));
#9280=CARTESIAN_POINT('Ctrl Pts',(44.0000000000004,-217.729297533259,5.23470013230528));
#9281=CARTESIAN_POINT('Ctrl Pts',(0.,-217.534926926966,5.3652869551828));
#9282=CARTESIAN_POINT('Ctrl Pts',(44.0000000000004,-217.534926926966,5.3652869551828));
#9283=CARTESIAN_POINT('Ctrl Pts',(0.,-217.212162890195,5.67140107839366));
#9284=CARTESIAN_POINT('Ctrl Pts',(44.0000000000004,-217.212162890195,5.67140107839366));
#9285=CARTESIAN_POINT('Ctrl Pts',(0.,-217.061698935106,5.87402689470538));
#9286=CARTESIAN_POINT('Ctrl Pts',(44.0000000000004,-217.061698935106,5.87402689470538));
#9287=CARTESIAN_POINT('Ctrl Pts',(0.,-216.85171662671,6.34270126445257));
#9288=CARTESIAN_POINT('Ctrl Pts',(44.0000000000004,-216.85171662671,6.34270126445257));
#9289=CARTESIAN_POINT('Ctrl Pts',(0.,-216.792816884827,6.60932720781738));
#9290=CARTESIAN_POINT('Ctrl Pts',(44.0000000000004,-216.792816884827,6.60932720781738));
#9291=CARTESIAN_POINT('Ctrl Pts',(0.,-216.792816884827,7.08195579046442));
#9292=CARTESIAN_POINT('Ctrl Pts',(44.0000000000004,-216.792816884827,7.08195579046442));
#9293=CARTESIAN_POINT('Ctrl Pts',(0.,-216.82914640275,7.30542761906736));
#9294=CARTESIAN_POINT('Ctrl Pts',(44.0000000000004,-216.82914640275,7.30542761906736));
#9295=CARTESIAN_POINT('Ctrl Pts',(0.,-216.905893220936,7.51628776896279));
#9296=CARTESIAN_POINT('Ctrl Pts',(44.0000000000004,-216.905893220936,7.51628776896279));
#9297=CARTESIAN_POINT('',(27.3082820046378,-218.667816884828,5.00000000000238));
#9298=CARTESIAN_POINT('Ctrl Pts',(27.3082820046378,-218.667816884827,5.00000000000238));
#9299=CARTESIAN_POINT('Ctrl Pts',(27.3082820046378,-218.617554214122,5.00000000000238));
#9300=CARTESIAN_POINT('Ctrl Pts',(27.3117768794184,-218.567707157483,5.00200287383607));
#9301=CARTESIAN_POINT('Ctrl Pts',(27.3254119325873,-218.468774545368,5.00992415949642));
#9302=CARTESIAN_POINT('Ctrl Pts',(27.3354174061745,-218.420337715064,5.0157672669249));
#9303=CARTESIAN_POINT('Ctrl Pts',(27.3739746289483,-218.276181456832,5.03876042604572));
#9304=CARTESIAN_POINT('Ctrl Pts',(27.4107203589489,-218.183833926731,5.06120286894009));
#9305=CARTESIAN_POINT('Ctrl Pts',(27.5399799938477,-217.919708469402,5.1457304499826));
#9306=CARTESIAN_POINT('Ctrl Pts',(27.6557807879635,-217.752920577389,5.22836035364702));
#9307=CARTESIAN_POINT('Ctrl Pts',(27.8231019165626,-217.543072883132,5.37340871843962));
#9308=CARTESIAN_POINT('Ctrl Pts',(27.8703728820484,-217.487079703832,5.4169097243151));
#9309=CARTESIAN_POINT('Ctrl Pts',(28.1105388454306,-217.215733150927,5.65358470279499));
#9310=CARTESIAN_POINT('Ctrl Pts',(28.2844903164075,-217.058222302143,5.88113233948648));
#9311=CARTESIAN_POINT('Ctrl Pts',(28.529993904698,-216.866535896921,6.31020152672213));
#9312=CARTESIAN_POINT('Ctrl Pts',(28.6276186099499,-216.808852644636,6.53651923904089));
#9313=CARTESIAN_POINT('Ctrl Pts',(28.7252790452357,-216.789874920142,6.87734983717381));
#9314=CARTESIAN_POINT('Ctrl Pts',(28.7543304265216,-216.791675127596,6.99903805804591));
#9315=CARTESIAN_POINT('Ctrl Pts',(28.7959675688104,-216.830485143093,7.26811603544216));
#9316=CARTESIAN_POINT('Ctrl Pts',(28.8070519287429,-216.861576028802,7.39452728432973));
#9317=CARTESIAN_POINT('Ctrl Pts',(28.810450866211,-216.905893220936,7.51628776896279));
#9318=CARTESIAN_POINT('',(37.8966145339387,-218.667816884828,5.00000000000238));
#9319=CARTESIAN_POINT('',(0.,-218.667816884828,5.00000000000238));
#9320=CARTESIAN_POINT('Ctrl Pts',(35.3110833003281,-216.905893220936,7.51628776896279));
#9321=CARTESIAN_POINT('Ctrl Pts',(35.4079350284283,-216.829001223148,7.30502874138814));
#9322=CARTESIAN_POINT('Ctrl Pts',(35.5280174563472,-216.793287131708,7.08467193821967));
#9323=CARTESIAN_POINT('Ctrl Pts',(35.8133859814918,-216.792290936184,6.64473690928561));
#9324=CARTESIAN_POINT('Ctrl Pts',(36.0018834636937,-216.837582517929,6.39929936216923));
#9325=CARTESIAN_POINT('Ctrl Pts',(36.3496744257228,-216.986903962823,6.0306319511809));
#9326=CARTESIAN_POINT('Ctrl Pts',(36.4852680204381,-217.058651559067,5.90291966231122));
#9327=CARTESIAN_POINT('Ctrl Pts',(36.9329590695278,-217.329188843978,5.52296806580668));
#9328=CARTESIAN_POINT('Ctrl Pts',(37.2217828337917,-217.559029711773,5.34335361996452));
#9329=CARTESIAN_POINT('Ctrl Pts',(37.5787737839116,-217.923895185938,5.14574157999866));
#9330=CARTESIAN_POINT('Ctrl Pts',(37.6863279519286,-218.064243250003,5.09464318350065));
#9331=CARTESIAN_POINT('Ctrl Pts',(37.8008817413285,-218.267331558756,5.04174887649554));
#9332=CARTESIAN_POINT('Ctrl Pts',(37.8357989067233,-218.344357646436,5.02630860906276));
#9333=CARTESIAN_POINT('Ctrl Pts',(37.8836995960131,-218.50409607987,5.00545072214955));
#9334=CARTESIAN_POINT('Ctrl Pts',(37.8966145339387,-218.584745580592,5.00000000000238));
#9335=CARTESIAN_POINT('Ctrl Pts',(37.8966145339387,-218.667816884827,5.00000000000238));
#9336=CARTESIAN_POINT('Ctrl Pts',(0.,-220.429740548559,6.23371223101744));
#9337=CARTESIAN_POINT('Ctrl Pts',(44.0000000000004,-220.429740548559,6.23371223101744));
#9338=CARTESIAN_POINT('Ctrl Pts',(0.,-220.414225902817,6.19108609218797));
#9339=CARTESIAN_POINT('Ctrl Pts',(44.0000000000004,-220.414225902817,6.19108609218797));
#9340=CARTESIAN_POINT('Ctrl Pts',(0.,-220.397248430936,6.14925923489609));
#9341=CARTESIAN_POINT('Ctrl Pts',(44.0000000000004,-220.397248430936,6.14925923489609));
#9342=CARTESIAN_POINT('Ctrl Pts',(0.,-220.273934834398,5.87402689470537));
#9343=CARTESIAN_POINT('Ctrl Pts',(44.0000000000004,-220.273934834398,5.87402689470537));
#9344=CARTESIAN_POINT('Ctrl Pts',(0.,-220.123470879309,5.67140107839366));
#9345=CARTESIAN_POINT('Ctrl Pts',(44.0000000000004,-220.123470879309,5.67140107839366));
#9346=CARTESIAN_POINT('Ctrl Pts',(0.,-219.800706842538,5.3652869551828));
#9347=CARTESIAN_POINT('Ctrl Pts',(44.0000000000004,-219.800706842538,5.3652869551828));
#9348=CARTESIAN_POINT('Ctrl Pts',(0.,-219.606336236245,5.23470013230527));
#9349=CARTESIAN_POINT('Ctrl Pts',(44.0000000000004,-219.606336236245,5.23470013230527));
#9350=CARTESIAN_POINT('Ctrl Pts',(0.,-219.27927583777,5.09857459406263));
#9351=CARTESIAN_POINT('Ctrl Pts',(44.0000000000004,-219.27927583777,5.09857459406263));
#9352=CARTESIAN_POINT('Ctrl Pts',(0.,-219.164284508112,5.06275547091663));
#9353=CARTESIAN_POINT('Ctrl Pts',(44.0000000000004,-219.164284508112,5.06275547091663));
#9354=CARTESIAN_POINT('Ctrl Pts',(0.,-218.923733467472,5.01349739344443));
#9355=CARTESIAN_POINT('Ctrl Pts',(44.0000000000004,-218.923733467472,5.01349739344443));
#9356=CARTESIAN_POINT('Ctrl Pts',(0.,-218.79808752838,5.00000000001288));
#9357=CARTESIAN_POINT('Ctrl Pts',(44.0000000000004,-218.79808752838,5.00000000001288));
#9358=CARTESIAN_POINT('Ctrl Pts',(0.,-218.667816884828,5.00000000000238));
#9359=CARTESIAN_POINT('Ctrl Pts',(44.0000000000004,-218.667816884828,5.00000000000238));
#9360=CARTESIAN_POINT('',(28.4824349799965,-220.429740548559,6.23371223101744));
#9361=CARTESIAN_POINT('Ctrl Pts',(28.4824349799965,-220.429740548559,6.23371223101744));
#9362=CARTESIAN_POINT('Ctrl Pts',(28.3667226270651,-220.347412585463,6.00751801151899));
#9363=CARTESIAN_POINT('Ctrl Pts',(28.2312645169135,-220.227896828943,5.81321358918958));
#9364=CARTESIAN_POINT('Ctrl Pts',(28.0690430751087,-220.06449718806,5.62387955115113));
#9365=CARTESIAN_POINT('Ctrl Pts',(28.0481397430392,-220.043045943275,5.60026419675992));
#9366=CARTESIAN_POINT('Ctrl Pts',(27.8481259833909,-219.833523589414,5.381182838358));
#9367=CARTESIAN_POINT('Ctrl Pts',(27.6805785600817,-219.624035007293,5.24870158630136));
#9368=CARTESIAN_POINT('Ctrl Pts',(27.4918550702989,-219.321122267133,5.11321824871133));
#9369=CARTESIAN_POINT('Ctrl Pts',(27.4273923491873,-219.198379480947,5.0717151784201));
#9370=CARTESIAN_POINT('Ctrl Pts',(27.3232244327839,-218.905972701062,5.0077683580195));
#9371=CARTESIAN_POINT('Ctrl Pts',(27.3082820046524,-218.772383761486,5.00000000001081));
#9372=CARTESIAN_POINT('Ctrl Pts',(27.3082820046378,-218.667816884828,5.00000000000238));
#9373=CARTESIAN_POINT('',(36.159166071912,-220.429740548559,6.23371223101744));
#9374=CARTESIAN_POINT('',(0.,-220.429740548559,6.23371223101744));
#9375=CARTESIAN_POINT('Ctrl Pts',(37.8966145339387,-218.667816884828,5.00000000000238));
#9376=CARTESIAN_POINT('Ctrl Pts',(37.8966145339204,-218.764449006074,5.00000000001017));
#9377=CARTESIAN_POINT('Ctrl Pts',(37.8791206229395,-218.857487823055,5.00736596656043));
#9378=CARTESIAN_POINT('Ctrl Pts',(37.8075441058391,-219.06519416171,5.03875740887005));
#9379=CARTESIAN_POINT('Ctrl Pts',(37.7454071184422,-219.174542210839,5.06673084511201));
#9380=CARTESIAN_POINT('Ctrl Pts',(37.5529516789882,-219.447733049416,5.15999778094567));
#9381=CARTESIAN_POINT('Ctrl Pts',(37.3935047766455,-219.608938283469,5.24433568938691));
#9382=CARTESIAN_POINT('Ctrl Pts',(37.0574184256772,-219.902168987869,5.4517319114427));
#9383=CARTESIAN_POINT('Ctrl Pts',(36.8777443974448,-220.03334451175,5.57745184207371));
#9384=CARTESIAN_POINT('Ctrl Pts',(36.5165048056384,-220.262401616532,5.87136162035352));
#9385=CARTESIAN_POINT('Ctrl Pts',(36.3327492162921,-220.360353828298,6.04307378397364));
#9386=CARTESIAN_POINT('Ctrl Pts',(36.159166071912,-220.429740548559,6.23371223101744));
#9387=CARTESIAN_POINT('Origin',(0.,-222.993322425524,13.2770955477991));
#9388=CARTESIAN_POINT('',(28.7660423089607,-221.11663693193,8.12094453300078));
#9389=CARTESIAN_POINT('Origin',(25.8116190499241,-220.92702862813,7.6));
#9390=CARTESIAN_POINT('',(23.8939369504028,-231.173528522655,35.7520270762519));
#9391=CARTESIAN_POINT('',(34.9321675631097,-221.338955257317,8.73175911166535));
#9392=CARTESIAN_POINT('',(34.0214901045443,-223.218755426011,13.8964676259627));
#9393=CARTESIAN_POINT('Origin',(39.8562063281708,-221.654969096983,9.6));
#9394=CARTESIAN_POINT('Origin',(0.,-205.775000000194,40.1392122079264));
#9395=CARTESIAN_POINT('',(23.0072815062716,-204.013076336485,40.7804999768181));
#9396=CARTESIAN_POINT('',(23.2334341718326,-207.536923677418,39.4979244761644));
#9397=CARTESIAN_POINT('Origin',(23.1203578423256,-205.775000000194,40.1392122079264));
#9398=CARTESIAN_POINT('',(29.2811098508493,-204.013076336485,40.7804999768181));
#9399=CARTESIAN_POINT('',(0.,-204.013076336485,40.7804999768181));
#9400=CARTESIAN_POINT('',(29.5072625164102,-207.536923677418,39.4979244761644));
#9401=CARTESIAN_POINT('Origin',(29.3941861869032,-205.775000000194,40.1392122079264));
#9402=CARTESIAN_POINT('',(0.,-207.536923677418,39.4979244761644));
#9403=CARTESIAN_POINT('Origin',(0.,-227.537965364339,53.8993997584914));
#9404=CARTESIAN_POINT('',(20.6940655175523,-227.537965364339,53.8993997584914));
#9405=CARTESIAN_POINT('',(19.4656151897416,-230.073705226583,60.8662877689072));
#9406=CARTESIAN_POINT('',(20.1258124264775,-228.710940764532,57.1221231828452));
#9407=CARTESIAN_POINT('',(27.9009784485962,-227.537965364339,53.8993997584914));
#9408=CARTESIAN_POINT('',(0.,-227.537965364339,53.8993997584914));
#9409=CARTESIAN_POINT('',(30.6680462325368,-230.073705226583,60.8662877689072));
#9410=CARTESIAN_POINT('Origin',(44.6951681238736,-226.578077577486,51.2621297399293));
#9411=CARTESIAN_POINT('',(0.,-230.073705226583,60.8662877689072));
#9412=CARTESIAN_POINT('Origin',(0.,-231.835628890489,60.2249999999513));
#9413=CARTESIAN_POINT('',(19.6917678664994,-233.597552544831,59.583712204753));
#9414=CARTESIAN_POINT('Origin',(19.5786915258069,-231.835628890489,60.2249999999513));
#9415=CARTESIAN_POINT('',(29.8711583666879,-233.597552544831,59.583712204753));
#9416=CARTESIAN_POINT('Ctrl Pts',(29.871158366686,-233.597552544843,59.5837122047497));
#9417=CARTESIAN_POINT('Ctrl Pts',(29.9911643309833,-233.675361304156,59.7974900040065));
#9418=CARTESIAN_POINT('Ctrl Pts',(30.1227423147287,-233.710628890502,60.020128205997));
#9419=CARTESIAN_POINT('Ctrl Pts',(30.402604037198,-233.710628890502,60.4711766966685));
#9420=CARTESIAN_POINT('Ctrl Pts',(30.5734922807791,-233.659753533357,60.7311994956128));
#9421=CARTESIAN_POINT('Ctrl Pts',(30.9065090074775,-233.452312099717,61.2098878005764));
#9422=CARTESIAN_POINT('Ctrl Pts',(31.0684517616836,-233.295977658522,61.4287828220964));
#9423=CARTESIAN_POINT('Ctrl Pts',(31.3107287957649,-232.953319879525,61.7449111639268));
#9424=CARTESIAN_POINT('Ctrl Pts',(31.4144061435507,-232.757242026666,61.8750672946328));
#9425=CARTESIAN_POINT('Ctrl Pts',(31.5584127522869,-232.316471562746,62.0528081638764));
#9426=CARTESIAN_POINT('Ctrl Pts',(31.5978184596605,-232.071319465294,62.0999999999637));
#9427=CARTESIAN_POINT('Ctrl Pts',(31.5978184596605,-231.835628890489,62.0999999999637));
#9428=CARTESIAN_POINT('Ctrl Pts',(31.5978184596605,-231.599938315685,62.0999999999637));
#9429=CARTESIAN_POINT('Ctrl Pts',(31.5584127522869,-231.354786218233,62.0528081638764));
#9430=CARTESIAN_POINT('Ctrl Pts',(31.4144061435507,-230.914015754312,61.8750672946328));
#9431=CARTESIAN_POINT('Ctrl Pts',(31.3107287957648,-230.717937901454,61.7449111639268));
#9432=CARTESIAN_POINT('Ctrl Pts',(31.0684517616836,-230.375280122457,61.4287828220963));
#9433=CARTESIAN_POINT('Ctrl Pts',(30.9065090074775,-230.218945681262,61.2098878005764));
#9434=CARTESIAN_POINT('Ctrl Pts',(30.7160874530153,-230.10032905607,60.9361701046585));
#9435=CARTESIAN_POINT('Ctrl Pts',(30.6920791986642,-230.086480862191,60.9013885392466));
#9436=CARTESIAN_POINT('Ctrl Pts',(30.6680462325368,-230.073705226583,60.8662877689072));
#9437=CARTESIAN_POINT('',(0.,-233.597552544831,59.583712204753));
#9438=CARTESIAN_POINT('Origin',(0.,-233.597552544831,59.583712204753));
#9439=CARTESIAN_POINT('',(20.9202181896841,-231.06181269213,52.6168242205718));
#9440=CARTESIAN_POINT('',(19.7481094784094,-233.481253441816,59.2641830454399));
#9441=CARTESIAN_POINT('',(27.7492304730938,-231.06181269213,52.6168242205718));
#9442=CARTESIAN_POINT('Origin',(44.6951681238736,-230.568744224451,51.2621297399293));
#9443=CARTESIAN_POINT('',(0.,-231.06181269213,52.6168242205718));
#9444=CARTESIAN_POINT('Origin',(0.,-229.299889028234,53.2581119895316));
#9445=CARTESIAN_POINT('Origin',(20.8071418536182,-229.299889028234,53.2581119895316));
#9446=CARTESIAN_POINT('Ctrl Pts',(27.9009784485963,-227.537965364339,53.8993997584914));
#9447=CARTESIAN_POINT('Ctrl Pts',(27.8681733842112,-227.461930772474,53.6904964343287));
#9448=CARTESIAN_POINT('Ctrl Pts',(27.8375958142272,-227.424889028231,53.4682661675856));
#9449=CARTESIAN_POINT('Ctrl Pts',(27.7850215082989,-227.424889028231,53.0235821349968));
#9450=CARTESIAN_POINT('Ctrl Pts',(27.7608286051068,-227.471618717457,52.7727158935578));
#9451=CARTESIAN_POINT('Ctrl Pts',(27.7259389629062,-227.662779039354,52.3104556165467));
#9452=CARTESIAN_POINT('Ctrl Pts',(27.7149620522708,-227.807231386248,52.0990917500284));
#9453=CARTESIAN_POINT('Ctrl Pts',(27.701814536814,-228.140596806311,51.7657811668418));
#9454=CARTESIAN_POINT('Ctrl Pts',(27.6986976728523,-228.351405037268,51.6214994775363));
#9455=CARTESIAN_POINT('Ctrl Pts',(27.6957293551171,-228.813336657579,51.4301652740244));
#9456=CARTESIAN_POINT('Ctrl Pts',(27.6955986206397,-229.064457891034,51.3831119895283));
#9457=CARTESIAN_POINT('Ctrl Pts',(27.6955986206397,-229.535320165434,51.3831119895283));
#9458=CARTESIAN_POINT('Ctrl Pts',(27.6957293551171,-229.78644139889,51.4301652740244));
#9459=CARTESIAN_POINT('Ctrl Pts',(27.6986976728523,-230.2483730192,51.6214994775363));
#9460=CARTESIAN_POINT('Ctrl Pts',(27.701814536814,-230.459181250158,51.7657811668418));
#9461=CARTESIAN_POINT('Ctrl Pts',(27.7149620522708,-230.792546670221,52.0990917500284));
#9462=CARTESIAN_POINT('Ctrl Pts',(27.7259389629062,-230.936999017115,52.3104556165467));
#9463=CARTESIAN_POINT('Ctrl Pts',(27.7452611691769,-231.042865369921,52.5664596297671));
#9464=CARTESIAN_POINT('Ctrl Pts',(27.747210178957,-231.052614452603,52.5915522651835));
#9465=CARTESIAN_POINT('Ctrl Pts',(27.7492304730938,-231.06181269213,52.6168242205718));
#9466=CARTESIAN_POINT('Origin',(0.,-258.676294773492,60.8662877690214));
#9467=CARTESIAN_POINT('',(19.4656151897215,-258.676294773492,60.8662877690214));
#9468=CARTESIAN_POINT('',(20.6940655175771,-261.212034635555,53.8993997583506));
#9469=CARTESIAN_POINT('',(19.0109110227407,-257.737704538694,63.4450432445239));
#9470=CARTESIAN_POINT('',(30.668046232615,-258.676294773492,60.8662877690214));
#9471=CARTESIAN_POINT('',(0.,-258.676294773492,60.8662877690214));
#9472=CARTESIAN_POINT('',(27.9009784485741,-261.212034635555,53.8993997583506));
#9473=CARTESIAN_POINT('Origin',(44.6951681238736,-262.171922422255,51.2621297399293));
#9474=CARTESIAN_POINT('',(0.,-261.212034635555,53.8993997583506));
#9475=CARTESIAN_POINT('Origin',(0.,-259.45011097169,53.258111989474));
#9476=CARTESIAN_POINT('',(20.9202181896796,-257.688187307826,52.6168242205975));
#9477=CARTESIAN_POINT('Origin',(20.8071418536283,-259.45011097169,53.258111989474));
#9478=CARTESIAN_POINT('',(27.7492304730959,-257.688187307826,52.6168242205975));
#9479=CARTESIAN_POINT('Ctrl Pts',(27.7492304730959,-257.688187307826,52.6168242205975));
#9480=CARTESIAN_POINT('Ctrl Pts',(27.7472121038427,-257.697376783508,52.5915763436713));
#9481=CARTESIAN_POINT('Ctrl Pts',(27.7452648837581,-257.707116049504,52.5665074536725));
#9482=CARTESIAN_POINT('Ctrl Pts',(27.7259448441067,-257.812952309486,52.3105464570821));
#9483=CARTESIAN_POINT('Ctrl Pts',(27.7149672475246,-257.957376289395,52.0991962423965));
#9484=CARTESIAN_POINT('Ctrl Pts',(27.7018165099066,-258.290714224433,51.7658583073586));
#9485=CARTESIAN_POINT('Ctrl Pts',(27.6986985963471,-258.501536028036,51.6215482873495));
#9486=CARTESIAN_POINT('Ctrl Pts',(27.6957293477599,-258.963507000062,51.4301755140386));
#9487=CARTESIAN_POINT('Ctrl Pts',(27.6955986206397,-259.214654011015,51.3831119895283));
#9488=CARTESIAN_POINT('Ctrl Pts',(27.6955986206397,-259.685542108883,51.3831119895283));
#9489=CARTESIAN_POINT('Ctrl Pts',(27.6957293551171,-259.936663342331,51.430165274023));
#9490=CARTESIAN_POINT('Ctrl Pts',(27.6986976728521,-260.398594962627,51.621499477529));
#9491=CARTESIAN_POINT('Ctrl Pts',(27.7018145368137,-260.609403193578,51.7657811668301));
#9492=CARTESIAN_POINT('Ctrl Pts',(27.7149620522698,-260.942768613631,52.0990917500064));
#9493=CARTESIAN_POINT('Ctrl Pts',(27.7259389629045,-261.087220960521,52.3104556165182));
#9494=CARTESIAN_POINT('Ctrl Pts',(27.760828605103,-261.278381282412,52.7727158935151));
#9495=CARTESIAN_POINT('Ctrl Pts',(27.7850215082938,-261.325110971636,53.0235821349464));
#9496=CARTESIAN_POINT('Ctrl Pts',(27.8376011894799,-261.325110971636,53.468311632558));
#9497=CARTESIAN_POINT('Ctrl Pts',(27.8681749986819,-261.288065485392,53.6905067153001));
#9498=CARTESIAN_POINT('Ctrl Pts',(27.9009784485741,-261.212034635555,53.8993997583506));
#9499=CARTESIAN_POINT('',(0.,-257.688187307826,52.6168242205975));
#9500=CARTESIAN_POINT('Origin',(0.,-257.688187307826,52.6168242205975));
#9501=CARTESIAN_POINT('',(19.6917678618615,-255.152447445725,59.5837122310558));
#9502=CARTESIAN_POINT('',(19.8288334335609,-255.435375152291,58.8063747461815));
#9503=CARTESIAN_POINT('',(29.8711583814531,-255.152447445725,59.5837122310558));
#9504=CARTESIAN_POINT('Origin',(44.6951681238736,-258.181255775475,51.2621297399293));
#9505=CARTESIAN_POINT('',(0.,-255.152447445725,59.5837122310558));
#9506=CARTESIAN_POINT('Origin',(0.,-256.914371109631,60.2249999999764));
#9507=CARTESIAN_POINT('Origin',(19.5786915258025,-256.914371109631,60.2249999999764));
#9508=CARTESIAN_POINT('Ctrl Pts',(30.668046232615,-258.676294773492,60.8662877690214));
#9509=CARTESIAN_POINT('Ctrl Pts',(30.692079198721,-258.663519137893,60.9013885393289));
#9510=CARTESIAN_POINT('Ctrl Pts',(30.7160874530506,-258.649670944026,60.9361701047093));
#9511=CARTESIAN_POINT('Ctrl Pts',(30.906509007491,-258.531054318848,61.2098878005951));
#9512=CARTESIAN_POINT('Ctrl Pts',(31.0684517616965,-258.374719877653,61.4287828221136));
#9513=CARTESIAN_POINT('Ctrl Pts',(31.3107287957767,-258.032062098659,61.7449111639419));
#9514=CARTESIAN_POINT('Ctrl Pts',(31.414406143562,-257.835984245802,61.8750672946471));
#9515=CARTESIAN_POINT('Ctrl Pts',(31.5584127522975,-257.395213781884,62.0528081638894));
#9516=CARTESIAN_POINT('Ctrl Pts',(31.597818459671,-257.150061684434,62.0999999999763));
#9517=CARTESIAN_POINT('Ctrl Pts',(31.597818459671,-256.914371109631,62.0999999999763));
#9518=CARTESIAN_POINT('Ctrl Pts',(31.597818459671,-256.678680534828,62.0999999999763));
#9519=CARTESIAN_POINT('Ctrl Pts',(31.5584127522975,-256.433528437378,62.0528081638894));
#9520=CARTESIAN_POINT('Ctrl Pts',(31.414406143562,-255.99275797346,61.8750672946471));
#9521=CARTESIAN_POINT('Ctrl Pts',(31.3107287957767,-255.796680120603,61.7449111639419));
#9522=CARTESIAN_POINT('Ctrl Pts',(31.0684517616965,-255.454022341609,61.4287828221136));
#9523=CARTESIAN_POINT('Ctrl Pts',(30.906509007491,-255.297687900414,61.2098878005951));
#9524=CARTESIAN_POINT('Ctrl Pts',(30.5734922807937,-255.090246466776,60.7311994956345));
#9525=CARTESIAN_POINT('Ctrl Pts',(30.4026040372132,-255.039371109631,60.471176696692));
#9526=CARTESIAN_POINT('Ctrl Pts',(30.122525844273,-255.039371109631,60.019779324159));
#9527=CARTESIAN_POINT('Ctrl Pts',(29.9911178174442,-255.074668858094,59.7974071442195));
#9528=CARTESIAN_POINT('Ctrl Pts',(29.8711583814531,-255.152447445725,59.5837122310558));
#9529=CARTESIAN_POINT('Origin',(39.8562063281708,-171.733915460355,9.6));
#9530=CARTESIAN_POINT('',(34.9321675631096,-298.266084539645,8.73175911166535));
#9531=CARTESIAN_POINT('',(34.9321675631096,-298.266084539645,8.73175911166535));
#9532=CARTESIAN_POINT('',(34.9321675631096,-298.266084539645,8.73175911166535));
#9533=CARTESIAN_POINT('',(34.9321675631096,-298.266084539645,8.73175911166535));
#9534=CARTESIAN_POINT('',(34.9321675631096,-298.266084539645,8.73175911166535));
#9535=CARTESIAN_POINT('',(34.9321675631096,-298.266084539645,8.73175911166535));
#9536=CARTESIAN_POINT('',(34.9321675631096,-298.266084539645,8.73175911166535));
#9537=CARTESIAN_POINT('',(34.9321675631096,-267.41104474029,8.73175911166535));
#9538=CARTESIAN_POINT('',(34.9321675631096,-298.266084539645,8.73175911166535));
#9539=CARTESIAN_POINT('',(36.1591660719198,-268.320259448988,6.23371223100877));
#9540=CARTESIAN_POINT('Origin',(39.8562063281707,-267.095030900646,9.6));
#9541=CARTESIAN_POINT('',(35.3110833003737,-271.844106777257,7.51628776886312));
#9542=CARTESIAN_POINT('Ctrl Pts',(36.1591660719192,-268.320259448987,6.23371223100939));
#9543=CARTESIAN_POINT('Ctrl Pts',(36.211802376589,-268.341299859106,6.17590417933375));
#9544=CARTESIAN_POINT('Ctrl Pts',(36.2655648911331,-268.365022279363,6.11959139740989));
#9545=CARTESIAN_POINT('Ctrl Pts',(36.5638511448986,-268.50793975374,5.82120844327633));
#9546=CARTESIAN_POINT('Ctrl Pts',(36.824364356707,-268.673320980968,5.61385266208946));
#9547=CARTESIAN_POINT('Ctrl Pts',(37.2472097385533,-269.004336178266,5.32874872260885));
#9548=CARTESIAN_POINT('Ctrl Pts',(37.4471670631119,-269.183465445741,5.21488683666042));
#9549=CARTESIAN_POINT('Ctrl Pts',(37.6894064414596,-269.488824524997,5.09298908074733));
#9550=CARTESIAN_POINT('Ctrl Pts',(37.760079179299,-269.596392023859,5.06023494054832));
#9551=CARTESIAN_POINT('Ctrl Pts',(37.8635822954768,-269.826196722914,5.01386160964213));
#9552=CARTESIAN_POINT('Ctrl Pts',(37.8966145340508,-269.94829395767,4.99999999995457));
#9553=CARTESIAN_POINT('Ctrl Pts',(37.8966145340508,-270.082183112885,4.99999999995457));
#9554=CARTESIAN_POINT('Ctrl Pts',(37.8966145340508,-270.2160722681,4.99999999995457));
#9555=CARTESIAN_POINT('Ctrl Pts',(37.8635822954768,-270.338169502855,5.01386160964212));
#9556=CARTESIAN_POINT('Ctrl Pts',(37.811830737388,-270.453071852383,5.03704827509521));
#9557=CARTESIAN_POINT('Ctrl Pts',(37.7231166435995,-270.65004085495,5.0767955568623));
#9558=CARTESIAN_POINT('Ctrl Pts',(37.5769297602619,-270.828126655014,5.1467223706519));
#9559=CARTESIAN_POINT('Ctrl Pts',(37.2119400460643,-271.201627164075,5.34886434725887));
#9560=CARTESIAN_POINT('Ctrl Pts',(36.9551448101146,-271.397182592783,5.51630810031519));
#9561=CARTESIAN_POINT('Ctrl Pts',(36.4402557706491,-271.727538018639,5.93139490460421));
#9562=CARTESIAN_POINT('Ctrl Pts',(36.1645065829807,-271.861662314489,6.20488069228904));
#9563=CARTESIAN_POINT('Ctrl Pts',(35.7397131333102,-271.967611324607,6.74674812363362));
#9564=CARTESIAN_POINT('Ctrl Pts',(35.5762000243814,-271.9716650311,6.99860470420599));
#9565=CARTESIAN_POINT('Ctrl Pts',(35.3929438272685,-271.899714495754,7.34412765563191));
#9566=CARTESIAN_POINT('Ctrl Pts',(35.3502990625459,-271.87524074163,7.43074790350869));
#9567=CARTESIAN_POINT('Ctrl Pts',(35.311083300431,-271.844106776841,7.51628776873803));
#9568=CARTESIAN_POINT('',(34.9321675631096,-271.401711387738,8.73175911166535));
#9569=CARTESIAN_POINT('Origin',(39.8562063281707,-271.085697548115,9.6));
#9570=CARTESIAN_POINT('',(34.9321675631096,-273.661044741589,8.73175911166535));
#9571=CARTESIAN_POINT('',(34.9321675631096,-298.266084539645,8.73175911166535));
#9572=CARTESIAN_POINT('',(36.159166071877,-274.57025945029,6.2337122310557));
#9573=CARTESIAN_POINT('Origin',(39.8562063281707,-273.345030901939,9.6));
#9574=CARTESIAN_POINT('',(35.311083300323,-278.094106778369,7.51628776897381));
#9575=CARTESIAN_POINT('Ctrl Pts',(36.1591660718764,-274.57025945029,6.23371223105634));
#9576=CARTESIAN_POINT('Ctrl Pts',(36.2118023765391,-274.591299860407,6.1759041793871));
#9577=CARTESIAN_POINT('Ctrl Pts',(36.2655648910756,-274.615022280661,6.1195913974693));
#9578=CARTESIAN_POINT('Ctrl Pts',(36.5638511448238,-274.757939755034,5.82120844334215));
#9579=CARTESIAN_POINT('Ctrl Pts',(36.8243643566218,-274.92332098226,5.61385266215483));
#9580=CARTESIAN_POINT('Ctrl Pts',(37.2472097384503,-275.254336179558,5.328748722672));
#9581=CARTESIAN_POINT('Ctrl Pts',(37.4471670630005,-275.433465447034,5.21488683672189));
#9582=CARTESIAN_POINT('Ctrl Pts',(37.6894064413355,-275.738824526293,5.09298908080707));
#9583=CARTESIAN_POINT('Ctrl Pts',(37.7600791791708,-275.846392025157,5.06023494060758));
#9584=CARTESIAN_POINT('Ctrl Pts',(37.8635822953412,-276.076196724214,5.01386160970109));
#9585=CARTESIAN_POINT('Ctrl Pts',(37.8966145339117,-276.19829395897,5.00000000001383));
#9586=CARTESIAN_POINT('Ctrl Pts',(37.8966145339117,-276.332183114183,5.00000000001383));
#9587=CARTESIAN_POINT('Ctrl Pts',(37.8966145339117,-276.466072269395,5.00000000001383));
#9588=CARTESIAN_POINT('Ctrl Pts',(37.8635822953412,-276.588169504152,5.01386160970109));
#9589=CARTESIAN_POINT('Ctrl Pts',(37.8118307372559,-276.70307185368,5.03704827515434));
#9590=CARTESIAN_POINT('Ctrl Pts',(37.7231166434765,-276.900040856243,5.07679555692048));
#9591=CARTESIAN_POINT('Ctrl Pts',(37.5769297601543,-277.078126656303,5.14672237070736));
#9592=CARTESIAN_POINT('Ctrl Pts',(37.2119400459917,-277.451627165353,5.34886434730555));
#9593=CARTESIAN_POINT('Ctrl Pts',(36.9551448100685,-277.647182594053,5.51630810034987));
#9594=CARTESIAN_POINT('Ctrl Pts',(36.4402557706301,-277.977538019914,5.93139490462237));
#9595=CARTESIAN_POINT('Ctrl Pts',(36.1645065829643,-278.111662315772,6.20488069230707));
#9596=CARTESIAN_POINT('Ctrl Pts',(35.7397131332976,-278.217611325903,6.74674812365194));
#9597=CARTESIAN_POINT('Ctrl Pts',(35.5762000243698,-278.221665032401,6.998604704225));
#9598=CARTESIAN_POINT('Ctrl Pts',(35.3929438272339,-278.149714497052,7.34412765569813));
#9599=CARTESIAN_POINT('Ctrl Pts',(35.3502990624911,-278.125240742914,7.43074790362049));
#9600=CARTESIAN_POINT('Ctrl Pts',(35.3110833003595,-278.094106778104,7.51628776889398));
#9601=CARTESIAN_POINT('',(34.9321675631096,-277.651711388851,8.73175911166535));
#9602=CARTESIAN_POINT('Origin',(39.8562063281707,-277.335697549199,9.6));
#9603=CARTESIAN_POINT('',(34.9321675631096,-279.911044740715,8.73175911166535));
#9604=CARTESIAN_POINT('',(34.9321675631096,-298.266084539645,8.73175911166535));
#9605=CARTESIAN_POINT('',(36.1591660718707,-280.820259449412,6.23371223106268));
#9606=CARTESIAN_POINT('Origin',(39.8562063281707,-279.595030901065,9.6));
#9607=CARTESIAN_POINT('',(35.311083300322,-284.344106778128,7.51628776897587));
#9608=CARTESIAN_POINT('Ctrl Pts',(36.1591660718701,-280.820259449411,6.2337122310633));
#9609=CARTESIAN_POINT('Ctrl Pts',(36.2118023765328,-280.841299859528,6.17590417939384));
#9610=CARTESIAN_POINT('Ctrl Pts',(36.2655648910693,-280.865022279783,6.11959139747584));
#9611=CARTESIAN_POINT('Ctrl Pts',(36.5638511448165,-281.007939754155,5.82120844334854));
#9612=CARTESIAN_POINT('Ctrl Pts',(36.8243643566135,-281.173320981382,5.61385266216116));
#9613=CARTESIAN_POINT('Ctrl Pts',(37.2472097384404,-281.504336178679,5.32874872267811));
#9614=CARTESIAN_POINT('Ctrl Pts',(37.4471670629897,-281.683465446155,5.21488683672785));
#9615=CARTESIAN_POINT('Ctrl Pts',(37.6894064413235,-281.988824525415,5.09298908081285));
#9616=CARTESIAN_POINT('Ctrl Pts',(37.7600791791583,-282.096392024279,5.06023494061332));
#9617=CARTESIAN_POINT('Ctrl Pts',(37.863582295328,-282.326196723336,5.0138616097068));
#9618=CARTESIAN_POINT('Ctrl Pts',(37.8966145338983,-282.448293958092,5.00000000001957));
#9619=CARTESIAN_POINT('Ctrl Pts',(37.8966145338983,-282.582183113305,5.00000000001957));
#9620=CARTESIAN_POINT('Ctrl Pts',(37.8966145338983,-282.716072268517,5.00000000001957));
#9621=CARTESIAN_POINT('Ctrl Pts',(37.863582295328,-282.838169503274,5.0138616097068));
#9622=CARTESIAN_POINT('Ctrl Pts',(37.8118307372431,-282.953071852802,5.03704827516007));
#9623=CARTESIAN_POINT('Ctrl Pts',(37.7231166434684,-283.150040855356,5.07679555692441));
#9624=CARTESIAN_POINT('Ctrl Pts',(37.5769297601565,-283.328126655409,5.14672237070656));
#9625=CARTESIAN_POINT('Ctrl Pts',(37.2119400460136,-283.701627164448,5.34886434729271));
#9626=CARTESIAN_POINT('Ctrl Pts',(36.9551448101022,-283.897182593144,5.51630810032707));
#9627=CARTESIAN_POINT('Ctrl Pts',(36.4402557706701,-284.227538019012,5.93139490458501));
#9628=CARTESIAN_POINT('Ctrl Pts',(36.1645065829989,-284.361662314878,6.20488069226897));
#9629=CARTESIAN_POINT('Ctrl Pts',(35.7397131333246,-284.467611325021,6.74674812361284));
#9630=CARTESIAN_POINT('Ctrl Pts',(35.5762000243939,-284.471665031526,6.99860470418514));
#9631=CARTESIAN_POINT('Ctrl Pts',(35.3929438272773,-284.399714496195,7.3441276556144));
#9632=CARTESIAN_POINT('Ctrl Pts',(35.3502990625536,-284.375240742075,7.43074790349271));
#9633=CARTESIAN_POINT('Ctrl Pts',(35.3110833004375,-284.34410677729,7.5162877687239));
#9634=CARTESIAN_POINT('',(34.9321675631096,-283.901711388613,8.73175911166535));
#9635=CARTESIAN_POINT('Origin',(39.8562063281707,-283.585697548963,9.6));
#9636=CARTESIAN_POINT('',(34.9321675631096,-291.,8.73175911166535));
#9637=CARTESIAN_POINT('',(34.9321675631096,-298.266084539645,8.73175911166535));
#9638=CARTESIAN_POINT('',(38.0710773730641,-291.,4.92952736721003));
#9639=CARTESIAN_POINT('Origin',(39.8562063281707,-291.,9.6));
#9640=CARTESIAN_POINT('',(38.0710773730642,-179.,4.92952736721003));
#9641=CARTESIAN_POINT('',(38.0710773730642,-171.733915460355,4.92952736721003));
#9642=CARTESIAN_POINT('',(34.9321675631097,-179.,8.73175911166535));
#9643=CARTESIAN_POINT('Origin',(39.8562063281708,-179.,9.6));
#9644=CARTESIAN_POINT('',(34.9321675631096,-186.098288611387,8.73175911166535));
#9645=CARTESIAN_POINT('',(34.9321675631097,-171.733915460355,8.73175911166535));
#9646=CARTESIAN_POINT('',(35.311083300322,-185.655893221872,7.51628776897587));
#9647=CARTESIAN_POINT('Origin',(39.8562063281707,-186.414302451037,9.6));
#9648=CARTESIAN_POINT('',(36.1591660718707,-189.179740550588,6.23371223106268));
#9649=CARTESIAN_POINT('Ctrl Pts',(36.1591660718701,-189.179740550589,6.23371223106337));
#9650=CARTESIAN_POINT('Ctrl Pts',(36.2118023765329,-189.158700140472,6.1759041793939));
#9651=CARTESIAN_POINT('Ctrl Pts',(36.2655648910694,-189.134977720217,6.11959139747584));
#9652=CARTESIAN_POINT('Ctrl Pts',(36.5638511448166,-188.992060245845,5.82120844334854));
#9653=CARTESIAN_POINT('Ctrl Pts',(36.8243643566136,-188.826679018618,5.61385266216116));
#9654=CARTESIAN_POINT('Ctrl Pts',(37.2472097384404,-188.49566382132,5.32874872267811));
#9655=CARTESIAN_POINT('Ctrl Pts',(37.4471670629897,-188.316534553845,5.21488683672785));
#9656=CARTESIAN_POINT('Ctrl Pts',(37.6894064413235,-188.011175474585,5.09298908081285));
#9657=CARTESIAN_POINT('Ctrl Pts',(37.7600791791583,-187.903607975721,5.06023494061332));
#9658=CARTESIAN_POINT('Ctrl Pts',(37.863582295328,-187.673803276664,5.0138616097068));
#9659=CARTESIAN_POINT('Ctrl Pts',(37.8966145338983,-187.551706041908,5.00000000001957));
#9660=CARTESIAN_POINT('Ctrl Pts',(37.8966145338983,-187.417816886695,5.00000000001957));
#9661=CARTESIAN_POINT('Ctrl Pts',(37.8966145338983,-187.283927731483,5.00000000001957));
#9662=CARTESIAN_POINT('Ctrl Pts',(37.863582295328,-187.161830496726,5.0138616097068));
#9663=CARTESIAN_POINT('Ctrl Pts',(37.8118307372432,-187.046928147198,5.03704827516007));
#9664=CARTESIAN_POINT('Ctrl Pts',(37.7231166434685,-186.849959144644,5.07679555692445));
#9665=CARTESIAN_POINT('Ctrl Pts',(37.5769297601565,-186.671873344591,5.14672237070664));
#9666=CARTESIAN_POINT('Ctrl Pts',(37.2119400460134,-186.298372835552,5.3488643472929));
#9667=CARTESIAN_POINT('Ctrl Pts',(36.955144810102,-186.102817406856,5.51630810032735));
#9668=CARTESIAN_POINT('Ctrl Pts',(36.4402557706698,-185.772461980988,5.93139490458541));
#9669=CARTESIAN_POINT('Ctrl Pts',(36.1645065829987,-185.638337685122,6.20488069226937));
#9670=CARTESIAN_POINT('Ctrl Pts',(35.7397131333245,-185.532388674979,6.74674812361321));
#9671=CARTESIAN_POINT('Ctrl Pts',(35.5762000243938,-185.528334968474,6.9986047041855));
#9672=CARTESIAN_POINT('Ctrl Pts',(35.3929438272774,-185.600285503805,7.34412765561463));
#9673=CARTESIAN_POINT('Ctrl Pts',(35.3502990625537,-185.624759257925,7.43074790349285));
#9674=CARTESIAN_POINT('Ctrl Pts',(35.3110833004376,-185.65589322271,7.51628776872395));
#9675=CARTESIAN_POINT('',(34.9321675631096,-190.088955259284,8.73175911166535));
#9676=CARTESIAN_POINT('Origin',(39.8562063281707,-190.404969098935,9.6));
#9677=CARTESIAN_POINT('',(34.9321675631096,-192.348288611149,8.73175911166535));
#9678=CARTESIAN_POINT('',(34.9321675631097,-171.733915460355,8.73175911166535));
#9679=CARTESIAN_POINT('',(35.311083300323,-191.905893221631,7.51628776897381));
#9680=CARTESIAN_POINT('Origin',(39.8562063281707,-192.664302450801,9.6));
#9681=CARTESIAN_POINT('',(36.1591660718771,-195.42974054971,6.2337122310557));
#9682=CARTESIAN_POINT('Ctrl Pts',(36.1591660718765,-195.42974054971,6.23371223105637));
#9683=CARTESIAN_POINT('Ctrl Pts',(36.2118023765392,-195.408700139593,6.17590417938713));
#9684=CARTESIAN_POINT('Ctrl Pts',(36.2655648910757,-195.384977719339,6.1195913974693));
#9685=CARTESIAN_POINT('Ctrl Pts',(36.5638511448238,-195.242060244966,5.82120844334215));
#9686=CARTESIAN_POINT('Ctrl Pts',(36.8243643566218,-195.07667901774,5.61385266215483));
#9687=CARTESIAN_POINT('Ctrl Pts',(37.2472097384504,-194.745663820442,5.328748722672));
#9688=CARTESIAN_POINT('Ctrl Pts',(37.4471670630005,-194.566534552966,5.21488683672189));
#9689=CARTESIAN_POINT('Ctrl Pts',(37.6894064413355,-194.261175473706,5.09298908080707));
#9690=CARTESIAN_POINT('Ctrl Pts',(37.7600791791708,-194.153607974843,5.06023494060758));
#9691=CARTESIAN_POINT('Ctrl Pts',(37.8635822953412,-193.923803275786,5.01386160970109));
#9692=CARTESIAN_POINT('Ctrl Pts',(37.8966145339117,-193.80170604103,5.00000000001383));
#9693=CARTESIAN_POINT('Ctrl Pts',(37.8966145339117,-193.667816885817,5.00000000001383));
#9694=CARTESIAN_POINT('Ctrl Pts',(37.8966145339117,-193.533927730605,5.00000000001383));
#9695=CARTESIAN_POINT('Ctrl Pts',(37.8635822953412,-193.411830495848,5.01386160970109));
#9696=CARTESIAN_POINT('Ctrl Pts',(37.8118307372559,-193.29692814632,5.03704827515434));
#9697=CARTESIAN_POINT('Ctrl Pts',(37.7231166434766,-193.099959143757,5.07679555692051));
#9698=CARTESIAN_POINT('Ctrl Pts',(37.5769297601543,-192.921873343696,5.14672237070742));
#9699=CARTESIAN_POINT('Ctrl Pts',(37.2119400459916,-192.548372834647,5.34886434730568));
#9700=CARTESIAN_POINT('Ctrl Pts',(36.9551448100684,-192.352817405946,5.51630810035007));
#9701=CARTESIAN_POINT('Ctrl Pts',(36.4402557706299,-192.022461980086,5.93139490462264));
#9702=CARTESIAN_POINT('Ctrl Pts',(36.1645065829641,-191.888337684228,6.20488069230734));
#9703=CARTESIAN_POINT('Ctrl Pts',(35.7397131332975,-191.782388674097,6.7467481236522));
#9704=CARTESIAN_POINT('Ctrl Pts',(35.5762000243698,-191.778334967599,6.99860470422525));
#9705=CARTESIAN_POINT('Ctrl Pts',(35.392943827234,-191.850285502948,7.34412765569831));
#9706=CARTESIAN_POINT('Ctrl Pts',(35.3502990624912,-191.874759257086,7.4307479036206));
#9707=CARTESIAN_POINT('Ctrl Pts',(35.3110833003596,-191.905893221896,7.51628776889403));
#9708=CARTESIAN_POINT('',(34.9321675631096,-196.338955258411,8.73175911166535));
#9709=CARTESIAN_POINT('Origin',(39.8562063281707,-196.654969098061,9.6));
#9710=CARTESIAN_POINT('',(34.9321675631096,-198.598288612262,8.73175911166535));
#9711=CARTESIAN_POINT('',(34.9321675631097,-171.733915460355,8.73175911166535));
#9712=CARTESIAN_POINT('',(35.3110833003737,-198.155893222743,7.51628776886312));
#9713=CARTESIAN_POINT('Origin',(39.8562063281707,-198.914302451885,9.6));
#9714=CARTESIAN_POINT('',(36.1591660719198,-201.679740551012,6.23371223100877));
#9715=CARTESIAN_POINT('Ctrl Pts',(36.1591660719192,-201.679740551013,6.23371223100945));
#9716=CARTESIAN_POINT('Ctrl Pts',(36.2118023765891,-201.658700140894,6.17590417933381));
#9717=CARTESIAN_POINT('Ctrl Pts',(36.2655648911331,-201.634977720637,6.11959139740989));
#9718=CARTESIAN_POINT('Ctrl Pts',(36.5638511448986,-201.49206024626,5.82120844327633));
#9719=CARTESIAN_POINT('Ctrl Pts',(36.824364356707,-201.326679019032,5.61385266208946));
#9720=CARTESIAN_POINT('Ctrl Pts',(37.2472097385533,-200.995663821734,5.32874872260885));
#9721=CARTESIAN_POINT('Ctrl Pts',(37.4471670631119,-200.816534554259,5.21488683666042));
#9722=CARTESIAN_POINT('Ctrl Pts',(37.6894064414596,-200.511175475003,5.09298908074733));
#9723=CARTESIAN_POINT('Ctrl Pts',(37.760079179299,-200.403607976141,5.06023494054832));
#9724=CARTESIAN_POINT('Ctrl Pts',(37.8635822954768,-200.173803277086,5.01386160964213));
#9725=CARTESIAN_POINT('Ctrl Pts',(37.8966145340508,-200.05170604233,4.99999999995457));
#9726=CARTESIAN_POINT('Ctrl Pts',(37.8966145340508,-199.917816887115,4.99999999995457));
#9727=CARTESIAN_POINT('Ctrl Pts',(37.8966145340508,-199.7839277319,4.99999999995457));
#9728=CARTESIAN_POINT('Ctrl Pts',(37.8635822954768,-199.661830497145,5.01386160964212));
#9729=CARTESIAN_POINT('Ctrl Pts',(37.811830737388,-199.546928147617,5.03704827509521));
#9730=CARTESIAN_POINT('Ctrl Pts',(37.7231166435995,-199.34995914505,5.07679555686235));
#9731=CARTESIAN_POINT('Ctrl Pts',(37.5769297602619,-199.171873344985,5.14672237065199));
#9732=CARTESIAN_POINT('Ctrl Pts',(37.211940046064,-198.798372835924,5.34886434725911));
#9733=CARTESIAN_POINT('Ctrl Pts',(36.9551448101142,-198.602817407216,5.51630810031553));
#9734=CARTESIAN_POINT('Ctrl Pts',(36.4402557706487,-198.272461981361,5.9313949046047));
#9735=CARTESIAN_POINT('Ctrl Pts',(36.1645065829804,-198.138337685511,6.20488069228952));
#9736=CARTESIAN_POINT('Ctrl Pts',(35.73971313331,-198.032388675393,6.74674812363408));
#9737=CARTESIAN_POINT('Ctrl Pts',(35.5762000243813,-198.0283349689,6.99860470420644));
#9738=CARTESIAN_POINT('Ctrl Pts',(35.3929438272685,-198.100285504246,7.34412765563221));
#9739=CARTESIAN_POINT('Ctrl Pts',(35.350299062546,-198.12475925837,7.43074790350884));
#9740=CARTESIAN_POINT('Ctrl Pts',(35.3110833004311,-198.155893223159,7.51628776873807));
#9741=CARTESIAN_POINT('',(34.9321675631096,-202.58895525971,8.73175911166535));
#9742=CARTESIAN_POINT('Origin',(39.8562063281707,-202.904969099354,9.6));
#9743=CARTESIAN_POINT('',(34.9321675631096,-298.266084539645,8.73175911166535));
#9744=CARTESIAN_POINT('Origin',(35.6607081722843,-235.,4.6));
#9745=CARTESIAN_POINT('',(32.6836541714321,-207.230286625648,21.4837122310534));
#9746=CARTESIAN_POINT('',(34.2146399656472,-204.07005977808,12.8010603302283));
#9747=CARTESIAN_POINT('',(32.4575014993117,-203.706439297014,22.7662877689078));
#9748=CARTESIAN_POINT('Origin',(32.5705778353686,-205.468362960925,22.1249999999992));
#9749=CARTESIAN_POINT('',(32.4742386798717,-203.671890780917,22.6713665010863));
#9750=CARTESIAN_POINT('',(33.7416160556915,-198.796465217976,15.4837122310046));
#9751=CARTESIAN_POINT('',(34.0422770578575,-198.175847460011,13.7785789555526));
#9752=CARTESIAN_POINT('',(33.5154633835598,-195.272617889909,16.7662877689228));
#9753=CARTESIAN_POINT('Origin',(33.6285397196259,-197.034541553801,16.1249999999627));
#9754=CARTESIAN_POINT('',(32.8167220101501,-196.714944302182,20.7290470165563));
#9755=CARTESIAN_POINT('',(32.6836541714361,-194.730286625305,21.4837122310304));
#9756=CARTESIAN_POINT('',(33.8699141501488,-192.281635143912,14.7560975804171));
#9757=CARTESIAN_POINT('',(32.4575014993054,-191.206439296583,22.7662877689436));
#9758=CARTESIAN_POINT('Origin',(32.5705778353707,-192.968362960477,22.1249999999873));
#9759=CARTESIAN_POINT('',(32.1295128643175,-191.883466146814,24.6264037515915));
#9760=CARTESIAN_POINT('',(27.9534363226661,-179.,48.3101107195915));
#9761=CARTESIAN_POINT('',(32.8851564333753,-179.,20.3409361162832));
#9762=CARTESIAN_POINT('',(27.9534363226661,-194.253630523077,48.3101107195915));
#9763=CARTESIAN_POINT('',(27.9534363226661,-67.8710890154473,48.3101107195915));
#9764=CARTESIAN_POINT('',(28.4284299901316,-193.273159152326,45.6162877688604));
#9765=CARTESIAN_POINT('',(28.6878763447066,-192.737615753898,44.1448943749933));
#9766=CARTESIAN_POINT('',(28.6545826622478,-196.797006479893,44.33371223103));
#9767=CARTESIAN_POINT('Origin',(28.5415063261888,-195.035082815987,44.9749999999506));
#9768=CARTESIAN_POINT('',(27.9534363226661,-198.244297169783,48.3101107195915));
#9769=CARTESIAN_POINT('',(30.4282776304753,-193.135784750129,34.2745882041737));
#9770=CARTESIAN_POINT('',(27.953436322666,-210.460913161479,48.3101107195915));
#9771=CARTESIAN_POINT('',(27.9534363226661,-67.8710890154473,48.3101107195915));
#9772=CARTESIAN_POINT('',(28.3231179211063,-209.65,46.21354219131));
#9773=CARTESIAN_POINT('Origin',(28.3231179211062,-212.85,46.21354219131));
#9774=CARTESIAN_POINT('',(32.5948630917128,-209.65,21.9872714672097));
#9775=CARTESIAN_POINT('',(34.1277856319985,-209.65,13.2936357336048));
#9776=CARTESIAN_POINT('',(33.1505372602469,-212.85,18.8358866575706));
#9777=CARTESIAN_POINT('Origin',(32.5948630917128,-212.85,21.9872714672097));
#9778=CARTESIAN_POINT('',(33.1505372602469,-257.15,18.8358866575706));
#9779=CARTESIAN_POINT('',(33.1505372602469,-246.075,18.8358866575706));
#9780=CARTESIAN_POINT('',(32.5948630917128,-260.35,21.9872714672097));
#9781=CARTESIAN_POINT('Origin',(32.5948630917128,-257.15,21.9872714672097));
#9782=CARTESIAN_POINT('',(28.3231179211063,-260.35,46.21354219131));
#9783=CARTESIAN_POINT('',(31.9919130466953,-260.35,25.406771095655));
#9784=CARTESIAN_POINT('',(27.953436322666,-259.539086838521,48.3101107195915));
#9785=CARTESIAN_POINT('Origin',(28.3231179211062,-257.15,46.21354219131));
#9786=CARTESIAN_POINT('',(27.953436322666,-271.755702830217,48.3101107195915));
#9787=CARTESIAN_POINT('',(27.953436322666,-402.128910984553,48.3101107195915));
#9788=CARTESIAN_POINT('',(28.6545826622478,-273.202993520107,44.33371223103));
#9789=CARTESIAN_POINT('',(30.4282776304753,-276.86421524987,34.2745882041737));
#9790=CARTESIAN_POINT('',(28.4284299901316,-276.726840847673,45.6162877688604));
#9791=CARTESIAN_POINT('Origin',(28.5415063261888,-274.964917184013,44.9749999999506));
#9792=CARTESIAN_POINT('',(27.953436322666,-275.746369476923,48.3101107195915));
#9793=CARTESIAN_POINT('',(28.6878763447066,-277.262384246102,44.1448943749933));
#9794=CARTESIAN_POINT('',(27.953436322666,-291.,48.3101107195915));
#9795=CARTESIAN_POINT('',(27.953436322666,-402.128910984553,48.3101107195915));
#9796=CARTESIAN_POINT('',(32.8851564333753,-291.,20.3409361162832));
#9797=CARTESIAN_POINT('',(32.4575014993054,-278.793560703417,22.7662877689436));
#9798=CARTESIAN_POINT('',(32.1295128643175,-278.116533853186,24.6264037515915));
#9799=CARTESIAN_POINT('',(32.6836541714361,-275.269713374695,21.4837122310304));
#9800=CARTESIAN_POINT('Origin',(32.5705778353707,-277.031637039523,22.1249999999873));
#9801=CARTESIAN_POINT('',(33.8699141501488,-277.718364856088,14.7560975804171));
#9802=CARTESIAN_POINT('',(33.5154633835598,-274.727382110091,16.7662877689228));
#9803=CARTESIAN_POINT('',(32.8167220101501,-273.285055697818,20.7290470165563));
#9804=CARTESIAN_POINT('',(33.7416160556915,-271.203534782023,15.4837122310046));
#9805=CARTESIAN_POINT('Origin',(33.6285397196258,-272.965458446199,16.1249999999627));
#9806=CARTESIAN_POINT('',(34.0422770578575,-271.824152539989,13.7785789555526));
#9807=CARTESIAN_POINT('',(32.4575014993117,-266.293560702986,22.7662877689078));
#9808=CARTESIAN_POINT('',(32.4742386798717,-266.328109219082,22.6713665010863));
#9809=CARTESIAN_POINT('',(32.6836541714321,-262.769713374352,21.4837122310534));
#9810=CARTESIAN_POINT('Origin',(32.5705778353686,-264.531637039075,22.1249999999992));
#9811=CARTESIAN_POINT('',(34.2146399656472,-265.92994022192,12.8010603302283));
#9812=CARTESIAN_POINT('',(28.7868278977847,-267.22597119529,43.5837122309984));
#9813=CARTESIAN_POINT('',(31.4934470516519,-272.812914293463,28.2337122310422));
#9814=CARTESIAN_POINT('',(31.9821446103851,-273.821672932061,25.4621706509072));
#9815=CARTESIAN_POINT('',(31.2672943795203,-276.336761621031,29.5162877689603));
#9816=CARTESIAN_POINT('Origin',(31.3803707155861,-274.574837957355,28.8750000000011));
#9817=CARTESIAN_POINT('',(28.560675225653,-270.749818522854,44.8662877689165));
#9818=CARTESIAN_POINT('',(30.233162553949,-274.202129692034,35.3811407904107));
#9819=CARTESIAN_POINT('Origin',(28.673751561719,-268.987894858962,44.2249999999572));
#9820=CARTESIAN_POINT('',(30.3226867997498,-286.886923650384,34.8734235627856));
#9821=CARTESIAN_POINT('',(28.560675225653,-283.249818522854,44.8662877689165));
#9822=CARTESIAN_POINT('',(29.88843673848,-285.990554325863,37.3361780404333));
#9823=CARTESIAN_POINT('',(28.7868278977847,-279.72597119529,43.5837122309984));
#9824=CARTESIAN_POINT('Origin',(28.673751561719,-281.487894858962,44.2249999999572));
#9825=CARTESIAN_POINT('',(30.5488394784158,-283.363076336307,33.5908479878092));
#9826=CARTESIAN_POINT('',(31.0718732461709,-284.442711014388,30.6245760896934));
#9827=CARTESIAN_POINT('Origin',(30.4357631423563,-285.125000000103,34.2321357567325));
#9828=CARTESIAN_POINT('',(32.3252562637721,-284.770583027699,23.5162877689545));
#9829=CARTESIAN_POINT('',(29.618637109903,-279.183639929532,38.8662877689214));
#9830=CARTESIAN_POINT('',(30.5756458843202,-281.159076170524,33.4388213053544));
#9831=CARTESIAN_POINT('',(29.8447897820343,-275.659792602112,37.5837122310052));
#9832=CARTESIAN_POINT('Origin',(29.7317134459686,-277.42171626564,38.2249999999635));
#9833=CARTESIAN_POINT('',(32.5514089359034,-281.246735700283,22.2337122310384));
#9834=CARTESIAN_POINT('',(32.3246279407514,-280.778619410686,23.5198511658786));
#9835=CARTESIAN_POINT('Origin',(32.4383325998377,-283.008659364175,22.8749999999966));
#9836=CARTESIAN_POINT('',(32.3252562637721,-272.2705830277,23.5162877689545));
#9837=CARTESIAN_POINT('',(30.9203716997887,-269.370651536692,31.4837840553354));
#9838=CARTESIAN_POINT('',(32.5514089359034,-268.746735700283,22.2337122310384));
#9839=CARTESIAN_POINT('',(31.2463434469561,-266.052848525123,29.6351064119156));
#9840=CARTESIAN_POINT('Origin',(32.4383325998377,-270.508659364175,22.8749999999966));
#9841=CARTESIAN_POINT('',(32.5514089359034,-201.253264299717,22.2337122310384));
#9842=CARTESIAN_POINT('',(32.66935375622,-201.009805223145,21.5648139158587));
#9843=CARTESIAN_POINT('',(32.3252562637721,-197.7294169723,23.5162877689545));
#9844=CARTESIAN_POINT('',(30.9203716997887,-200.629348463308,31.4837840553354));
#9845=CARTESIAN_POINT('Origin',(32.4383325998377,-199.491340635825,22.8749999999966));
#9846=CARTESIAN_POINT('',(32.3252562637721,-185.2294169723,23.5162877689545));
#9847=CARTESIAN_POINT('',(29.618637109903,-190.816360070468,38.8662877689214));
#9848=CARTESIAN_POINT('',(30.5756458843202,-188.840923829476,33.4388213053544));
#9849=CARTESIAN_POINT('',(32.5514089359034,-188.753264299717,22.2337122310384));
#9850=CARTESIAN_POINT('Origin',(32.4383325998377,-186.991340635825,22.8749999999966));
#9851=CARTESIAN_POINT('',(29.8447897820343,-194.340207397888,37.5837122310052));
#9852=CARTESIAN_POINT('',(32.3246279407514,-189.221380589314,23.5198511658786));
#9853=CARTESIAN_POINT('Origin',(29.7317134459686,-192.57828373436,38.2249999999635));
#9854=CARTESIAN_POINT('',(30.3226867997498,-183.113076349615,34.8734235627856));
#9855=CARTESIAN_POINT('',(28.5606752256531,-186.750181477145,44.8662877689165));
#9856=CARTESIAN_POINT('',(29.88843673848,-184.009445674137,37.3361780404333));
#9857=CARTESIAN_POINT('',(30.5488394784159,-186.636923663693,33.5908479878092));
#9858=CARTESIAN_POINT('Origin',(30.4357631423564,-184.874999999897,34.2321357567325));
#9859=CARTESIAN_POINT('',(28.7868278977847,-190.274028804709,43.5837122309984));
#9860=CARTESIAN_POINT('',(31.071873246171,-185.557288985612,30.6245760896934));
#9861=CARTESIAN_POINT('Origin',(28.673751561719,-188.512105141038,44.2249999999572));
#9862=CARTESIAN_POINT('',(28.7868278977847,-202.774028804709,43.5837122309984));
#9863=CARTESIAN_POINT('',(31.4934470516519,-197.187085706537,28.2337122310422));
#9864=CARTESIAN_POINT('',(31.9821446103851,-196.178327067939,25.4621706509072));
#9865=CARTESIAN_POINT('',(28.5606752256531,-199.250181477145,44.8662877689165));
#9866=CARTESIAN_POINT('Origin',(28.673751561719,-201.012105141038,44.2249999999572));
#9867=CARTESIAN_POINT('',(31.2672943795203,-193.663238378969,29.5162877689603));
#9868=CARTESIAN_POINT('',(30.233162553949,-195.797870307966,35.3811407904107));
#9869=CARTESIAN_POINT('Origin',(31.3803707155861,-195.425162042644,28.8750000000011));
#9870=CARTESIAN_POINT('Origin',(20.4999999999972,-235.,55.000000000016));
#9871=CARTESIAN_POINT('',(28.7660423089607,-195.25,8.12094453300078));
#9872=CARTESIAN_POINT('',(28.7660423089607,-195.25,8.12094453300078));
#9873=CARTESIAN_POINT('',(28.7660423089607,-195.25,8.12094453300078));
#9874=CARTESIAN_POINT('',(28.7660423089607,-195.25,8.12094453300078));
#9875=CARTESIAN_POINT('',(28.7660423089607,-195.25,8.12094453300078));
#9876=CARTESIAN_POINT('',(28.7660423089607,-195.25,8.12094453300078));
#9877=CARTESIAN_POINT('',(28.7660423089607,-195.25,8.12094453300078));
#9878=CARTESIAN_POINT('',(28.7660423089607,-267.633363065662,8.12094453300078));
#9879=CARTESIAN_POINT('',(28.7660423089607,-195.25,8.12094453300078));
#9880=CARTESIAN_POINT('',(26.4098258268545,-262.769713374352,21.4837122310534));
#9881=CARTESIAN_POINT('',(24.087086811445,-257.975167125701,34.6566197808622));
#9882=CARTESIAN_POINT('',(26.1836731547341,-266.293560702986,22.7662877689078));
#9883=CARTESIAN_POINT('Origin',(26.296749490791,-264.531637038249,22.1249999999992));
#9884=CARTESIAN_POINT('',(28.7660423089607,-271.624029713096,8.12094453300078));
#9885=CARTESIAN_POINT('',(22.3466855256117,-258.373336123268,44.5269259520477));
#9886=CARTESIAN_POINT('',(28.7660423089607,-273.883363066966,8.12094453300078));
#9887=CARTESIAN_POINT('',(28.7660423089607,-274.75,8.12094453300078));
#9888=CARTESIAN_POINT('',(27.4677877111139,-271.203534782023,15.4837122310046));
#9889=CARTESIAN_POINT('',(23.9147239036743,-263.869379443636,35.6341384060783));
#9890=CARTESIAN_POINT('',(27.2416350389822,-274.727382110091,16.7662877689228));
#9891=CARTESIAN_POINT('Origin',(27.3547113750482,-272.965458445916,16.1249999999627));
#9892=CARTESIAN_POINT('',(28.7660423089607,-277.874029714228,8.12094453300078));
#9893=CARTESIAN_POINT('',(22.6891688559698,-265.330282601446,42.5846064670656));
#9894=CARTESIAN_POINT('',(28.7660423089607,-280.133363066092,8.12094453300078));
#9895=CARTESIAN_POINT('',(28.7660423089607,-274.75,8.12094453300078));
#9896=CARTESIAN_POINT('',(26.4098258268585,-275.269713374695,21.4837122310304));
#9897=CARTESIAN_POINT('',(23.7423609959637,-269.76359175975,36.6116570309539));
#9898=CARTESIAN_POINT('',(26.1836731547277,-278.793560703417,22.7662877689436));
#9899=CARTESIAN_POINT('Origin',(26.2967494907931,-277.031637038588,22.1249999999873));
#9900=CARTESIAN_POINT('',(28.7660423089607,-284.124029713989,8.12094453300078));
#9901=CARTESIAN_POINT('',(22.0019597101315,-270.161760756853,46.4819632021331));
#9902=CARTESIAN_POINT('',(28.7660423089607,-292.,8.12094453300079));
#9903=CARTESIAN_POINT('',(28.7660423089607,-274.75,8.12094453300078));
#9904=CARTESIAN_POINT('',(18.1019530623649,-292.,68.6));
#9905=CARTESIAN_POINT('',(22.2624777112181,-292.,45.0044921988879));
#9906=CARTESIAN_POINT('',(18.101953062365,-178.,68.6));
#9907=CARTESIAN_POINT('',(18.101953062365,-174.987602023476,68.6));
#9908=CARTESIAN_POINT('',(28.7660423089608,-178.,8.12094453300079));
#9909=CARTESIAN_POINT('',(22.2624777112181,-178.,45.0044921988879));
#9910=CARTESIAN_POINT('',(28.7660423089607,-185.875970286011,8.12094453300078));
#9911=CARTESIAN_POINT('',(28.7660423089607,-195.25,8.12094453300078));
#9912=CARTESIAN_POINT('',(26.1836731547277,-191.206439296583,22.7662877689436));
#9913=CARTESIAN_POINT('',(22.0019597101315,-199.838239243147,46.4819632021331));
#9914=CARTESIAN_POINT('',(26.4098258268585,-194.730286625305,21.4837122310304));
#9915=CARTESIAN_POINT('Origin',(26.2967494907931,-192.968362961412,22.1249999999873));
#9916=CARTESIAN_POINT('',(28.7660423089607,-189.866636933908,8.12094453300078));
#9917=CARTESIAN_POINT('',(23.7423609959637,-200.23640824025,36.6116570309539));
#9918=CARTESIAN_POINT('',(28.7660423089607,-192.125970285772,8.12094453300078));
#9919=CARTESIAN_POINT('',(28.7660423089607,-195.25,8.12094453300078));
#9920=CARTESIAN_POINT('',(27.2416350389823,-195.272617889909,16.7662877689228));
#9921=CARTESIAN_POINT('',(22.6891688559698,-204.669717398554,42.5846064670656));
#9922=CARTESIAN_POINT('',(27.4677877111139,-198.796465217976,15.4837122310046));
#9923=CARTESIAN_POINT('Origin',(27.3547113750482,-197.034541554084,16.1249999999627));
#9924=CARTESIAN_POINT('',(28.7660423089607,-196.116636933033,8.12094453300078));
#9925=CARTESIAN_POINT('',(23.9147239036743,-206.130620556364,35.6341384060783));
#9926=CARTESIAN_POINT('',(28.7660423089607,-198.375970286904,8.12094453300078));
#9927=CARTESIAN_POINT('',(28.7660423089607,-195.25,8.12094453300078));
#9928=CARTESIAN_POINT('',(26.1836731547341,-203.706439297014,22.7662877689078));
#9929=CARTESIAN_POINT('',(22.3466855256117,-211.626663876732,44.5269259520477));
#9930=CARTESIAN_POINT('',(26.4098258268545,-207.230286625648,21.4837122310534));
#9931=CARTESIAN_POINT('Origin',(26.296749490791,-205.468362961751,22.1249999999992));
#9932=CARTESIAN_POINT('',(28.7660423089607,-202.366636934338,8.12094453300078));
#9933=CARTESIAN_POINT('',(24.087086811445,-212.024832874299,34.6566197808622));
#9934=CARTESIAN_POINT('',(28.7660423089607,-195.25,8.12094453300078));
#9935=CARTESIAN_POINT('',(22.2384686490789,-258.75,45.1406543565035));
#9936=CARTESIAN_POINT('Origin',(22.2384686490789,-257.15,45.1406543565035));
#9937=CARTESIAN_POINT('',(26.5102138196854,-258.75,20.9143836324031));
#9938=CARTESIAN_POINT('',(23.5051069098413,-258.75,37.9571918162096));
#9939=CARTESIAN_POINT('',(26.7880509039525,-257.15,19.3386912275836));
#9940=CARTESIAN_POINT('Origin',(26.5102138196854,-257.15,20.9143836324031));
#9941=CARTESIAN_POINT('',(26.7880509039525,-254.35,19.3386912275836));
#9942=CARTESIAN_POINT('',(26.7880509039525,-246.075,19.3386912275836));
#9943=CARTESIAN_POINT('',(27.0658879882196,-254.35,17.7629988227641));
#9944=CARTESIAN_POINT('',(23.7829439941084,-254.35,36.38149941139));
#9945=CARTESIAN_POINT('',(27.0658879882196,-243.35,17.7629988227641));
#9946=CARTESIAN_POINT('',(27.0658879882196,-239.175,17.7629988227641));
#9947=CARTESIAN_POINT('',(26.7880509039525,-243.35,19.3386912275836));
#9948=CARTESIAN_POINT('',(23.6440254519749,-243.35,37.1693456137998));
#9949=CARTESIAN_POINT('',(26.7880509039525,-226.65,19.3386912275836));
#9950=CARTESIAN_POINT('',(26.7880509039525,-223.925,19.3386912275836));
#9951=CARTESIAN_POINT('',(27.0658879882196,-226.65,17.7629988227641));
#9952=CARTESIAN_POINT('',(23.7829439941084,-226.65,36.38149941139));
#9953=CARTESIAN_POINT('',(27.0658879882196,-215.65,17.7629988227641));
#9954=CARTESIAN_POINT('',(27.0658879882196,-225.325,17.7629988227641));
#9955=CARTESIAN_POINT('',(26.7880509039525,-215.65,19.3386912275836));
#9956=CARTESIAN_POINT('',(23.6440254519749,-215.65,37.1693456137998));
#9957=CARTESIAN_POINT('',(26.7880509039525,-212.85,19.3386912275836));
#9958=CARTESIAN_POINT('',(26.7880509039525,-223.925,19.3386912275836));
#9959=CARTESIAN_POINT('',(26.5102138196854,-211.25,20.9143836324031));
#9960=CARTESIAN_POINT('Origin',(26.5102138196854,-212.85,20.9143836324031));
#9961=CARTESIAN_POINT('',(22.2384686490789,-211.25,45.1406543565035));
#9962=CARTESIAN_POINT('',(21.3692343245381,-211.25,50.0703271782598));
#9963=CARTESIAN_POINT('Origin',(22.2384686490789,-212.85,45.1406543565035));
#9964=CARTESIAN_POINT('',(21.6827944805448,-215.65,48.2920391661425));
#9965=CARTESIAN_POINT('',(21.091397240271,-215.65,51.6460195830793));
#9966=CARTESIAN_POINT('',(21.6827944805448,-230.825,48.2920391661425));
#9967=CARTESIAN_POINT('',(21.6827944805448,-243.35,48.2920391661425));
#9968=CARTESIAN_POINT('',(21.091397240271,-243.35,51.6460195830793));
#9969=CARTESIAN_POINT('',(21.6827944805448,-244.675,48.2920391661425));
#9970=CARTESIAN_POINT('',(26.0514279191945,-284.770583027699,23.5162877689545));
#9971=CARTESIAN_POINT('',(26.2775805913257,-281.246735700283,22.2337122310384));
#9972=CARTESIAN_POINT('Origin',(26.1645042552601,-283.008659363807,22.8749999999966));
#9973=CARTESIAN_POINT('',(23.5709614374566,-275.659792602112,37.5837122310052));
#9974=CARTESIAN_POINT('',(22.1970747865684,-272.823846314332,45.3754106164033));
#9975=CARTESIAN_POINT('',(23.3448087653254,-279.183639929532,38.8662877689214));
#9976=CARTESIAN_POINT('Origin',(23.457885101391,-277.421716266005,38.2249999999635));
#9977=CARTESIAN_POINT('',(20.4480927301367,-273.204303074174,55.294380755882));
#9978=CARTESIAN_POINT('',(24.2750111338382,-283.363076336307,33.5908479878092));
#9979=CARTESIAN_POINT('',(22.5129995532071,-279.72597119529,43.5837122309984));
#9980=CARTESIAN_POINT('',(20.9443200919889,-276.487937918028,52.4801355402127));
#9981=CARTESIAN_POINT('',(22.2868468810754,-283.249818522854,44.8662877689165));
#9982=CARTESIAN_POINT('Origin',(22.3999232171413,-281.487894859183,44.2249999999572));
#9983=CARTESIAN_POINT('',(24.0488584551722,-286.886923650384,34.8734235627856));
#9984=CARTESIAN_POINT('',(19.7608835842986,-278.035781229498,59.1917374909491));
#9985=CARTESIAN_POINT('Origin',(24.1619347977787,-285.125000000103,34.2321357567325));
#9986=CARTESIAN_POINT('',(24.9934660349427,-276.336761621031,29.5162877689603));
#9987=CARTESIAN_POINT('',(25.2196187070743,-272.812914293463,28.2337122310422));
#9988=CARTESIAN_POINT('Origin',(25.1065423710085,-274.574837957139,28.8750000000011));
#9989=CARTESIAN_POINT('',(22.5129995532071,-267.22597119529,43.5837122309984));
#9990=CARTESIAN_POINT('',(21.8545914562031,-265.866899835701,47.3177301014264));
#9991=CARTESIAN_POINT('',(22.2868468810754,-270.749818522854,44.8662877689165));
#9992=CARTESIAN_POINT('Origin',(22.3999232171413,-268.987894859183,44.2249999999572));
#9993=CARTESIAN_POINT('',(20.1056093997676,-266.247356595669,57.2367002409264));
#9994=CARTESIAN_POINT('',(24.9934660349427,-193.663238378969,29.5162877689603));
#9995=CARTESIAN_POINT('',(25.2196187070743,-197.187085706537,28.2337122310422));
#9996=CARTESIAN_POINT('Origin',(25.1065423710085,-195.425162042861,28.8750000000011));
#9997=CARTESIAN_POINT('',(22.2868468810755,-199.250181477145,44.8662877689165));
#9998=CARTESIAN_POINT('',(20.1056093997676,-203.752643404331,57.2367002409264));
#9999=CARTESIAN_POINT('',(22.5129995532071,-202.774028804709,43.5837122309984));
#10000=CARTESIAN_POINT('Origin',(22.3999232171413,-201.012105140817,44.2249999999572));
#10001=CARTESIAN_POINT('',(21.8545914562031,-204.133100164299,47.3177301014264));
#10002=CARTESIAN_POINT('',(24.2750111338382,-186.636923663693,33.5908479878092));
#10003=CARTESIAN_POINT('',(22.5129995532071,-190.274028804709,43.5837122309984));
#10004=CARTESIAN_POINT('',(20.9443200919889,-193.512062081972,52.4801355402127));
#10005=CARTESIAN_POINT('',(24.0488584551722,-183.113076349615,34.8734235627856));
#10006=CARTESIAN_POINT('Origin',(24.1619347977787,-184.874999999897,34.2321357567325));
#10007=CARTESIAN_POINT('',(22.2868468810755,-186.750181477145,44.8662877689165));
#10008=CARTESIAN_POINT('',(19.7608835842986,-191.964218770501,59.1917374909491));
#10009=CARTESIAN_POINT('Origin',(22.3999232171413,-188.512105140817,44.2249999999572));
#10010=CARTESIAN_POINT('',(26.0514279191945,-185.2294169723,23.5162877689545));
#10011=CARTESIAN_POINT('',(26.2775805913257,-188.753264299717,22.2337122310384));
#10012=CARTESIAN_POINT('Origin',(26.1645042552601,-186.991340636193,22.8749999999966));
#10013=CARTESIAN_POINT('',(23.3448087653254,-190.816360070468,38.8662877689214));
#10014=CARTESIAN_POINT('',(20.4480927301367,-196.795696925826,55.294380755882));
#10015=CARTESIAN_POINT('',(23.5709614374567,-194.340207397888,37.5837122310052));
#10016=CARTESIAN_POINT('Origin',(23.457885101391,-192.578283733995,38.2249999999635));
#10017=CARTESIAN_POINT('',(22.1970747865684,-197.176153685668,45.3754106164033));
#10018=CARTESIAN_POINT('',(19.4656151897453,-271.176294773397,60.8662877688862));
#10019=CARTESIAN_POINT('',(22.154601645554,-276.726840847673,45.6162877688604));
#10020=CARTESIAN_POINT('',(18.5603231904485,-269.307611150274,66.0004538259438));
#10021=CARTESIAN_POINT('',(22.3807543176702,-273.202993520107,44.33371223103));
#10022=CARTESIAN_POINT('Origin',(22.2676779816111,-274.964917183763,44.9749999999506));
#10023=CARTESIAN_POINT('',(19.6917678618615,-267.652447445725,59.5837122310558));
#10024=CARTESIAN_POINT('',(20.300724476234,-268.909442153925,56.1301476550292));
#10025=CARTESIAN_POINT('Origin',(19.5786915258025,-269.414371109631,60.2249999999764));
#10026=CARTESIAN_POINT('',(21.0966397612952,-268.293019441203,51.6162877689057));
#10027=CARTESIAN_POINT('',(21.3227924334002,-264.769172113494,50.3337122311384));
#10028=CARTESIAN_POINT('Origin',(21.2097160973475,-266.531095777282,50.9750000000239));
#10029=CARTESIAN_POINT('',(19.6917678618539,-261.402447445655,59.5837122310993));
#10030=CARTESIAN_POINT('',(19.9582411458817,-261.952495675649,58.0724671399785));
#10031=CARTESIAN_POINT('',(19.4656151897488,-264.926294773385,60.8662877688666));
#10032=CARTESIAN_POINT('Origin',(19.578691525801,-263.164371109574,60.2249999999848));
#10033=CARTESIAN_POINT('',(18.7326860982049,-263.413398833429,65.0229352008083));
#10034=CARTESIAN_POINT('',(21.0210184819116,-286.886923677413,52.0451573558501));
#10035=CARTESIAN_POINT('',(21.2471711474839,-283.363076336302,50.7625818551316));
#10036=CARTESIAN_POINT('Origin',(21.1340948114243,-285.1250000001,51.4038696240557));
#10037=CARTESIAN_POINT('',(19.6917678618615,-280.152447445725,59.5837122310557));
#10038=CARTESIAN_POINT('',(19.2984900870625,-279.340652204311,61.8141013253332));
#10039=CARTESIAN_POINT('',(19.4656151897453,-283.676294773397,60.8662877688862));
#10040=CARTESIAN_POINT('Origin',(19.5786915258025,-281.914371109631,60.2249999999764));
#10041=CARTESIAN_POINT('',(18.2155973750027,-281.096035784213,67.9554910758345));
#10042=CARTESIAN_POINT('',(21.0966397612952,-280.793019441203,51.6162877689057));
#10043=CARTESIAN_POINT('',(21.3227924334002,-277.269172113494,50.3337122311384));
#10044=CARTESIAN_POINT('Origin',(21.2097160973474,-279.031095777282,50.9750000000239));
#10045=CARTESIAN_POINT('',(19.6917678618539,-273.902447445655,59.5837122310993));
#10046=CARTESIAN_POINT('',(19.6135153304473,-273.740920309643,60.0275043898043));
#10047=CARTESIAN_POINT('',(19.4656151897488,-277.426294773385,60.8662877688666));
#10048=CARTESIAN_POINT('Origin',(19.578691525801,-275.664371109574,60.2249999999848));
#10049=CARTESIAN_POINT('',(18.3879602827722,-275.20182346743,66.9779724506246));
#10050=CARTESIAN_POINT('',(22.3807543176702,-196.797006479893,44.33371223103));
#10051=CARTESIAN_POINT('',(19.6917678618615,-202.347552554275,59.5837122310558));
#10052=CARTESIAN_POINT('',(20.300724476234,-201.090557846075,56.1301476550292));
#10053=CARTESIAN_POINT('',(22.154601645554,-193.273159152327,45.6162877688604));
#10054=CARTESIAN_POINT('Origin',(22.2676779816111,-195.035082816237,44.9749999999506));
#10055=CARTESIAN_POINT('',(19.4656151897453,-198.823705226603,60.8662877688862));
#10056=CARTESIAN_POINT('',(18.5603231904485,-200.692388849726,66.0004538259438));
#10057=CARTESIAN_POINT('Origin',(19.5786915258025,-200.585628890369,60.2249999999764));
#10058=CARTESIAN_POINT('',(21.0966397612952,-189.206980558797,51.6162877689057));
#10059=CARTESIAN_POINT('',(21.3227924334003,-192.730827886506,50.3337122311384));
#10060=CARTESIAN_POINT('Origin',(21.2097160973475,-190.968904222717,50.9750000000239));
#10061=CARTESIAN_POINT('',(19.4656151897488,-192.573705226615,60.8662877688666));
#10062=CARTESIAN_POINT('',(18.3879602827722,-194.79817653257,66.9779724506246));
#10063=CARTESIAN_POINT('',(19.6917678618539,-196.097552554345,59.5837122310993));
#10064=CARTESIAN_POINT('Origin',(19.578691525801,-194.335628890426,60.2249999999848));
#10065=CARTESIAN_POINT('',(19.6135153304473,-196.259079690357,60.0275043898043));
#10066=CARTESIAN_POINT('',(21.0210184819116,-183.113076322587,52.0451573558501));
#10067=CARTESIAN_POINT('',(21.247171147484,-186.636923663698,50.7625818551316));
#10068=CARTESIAN_POINT('Origin',(21.1340948114243,-184.8749999999,51.4038696240557));
#10069=CARTESIAN_POINT('',(19.4656151897453,-186.323705226603,60.8662877688862));
#10070=CARTESIAN_POINT('',(18.2155973750027,-188.903964215787,67.9554910758345));
#10071=CARTESIAN_POINT('',(19.6917678618615,-189.847552554275,59.5837122310557));
#10072=CARTESIAN_POINT('Origin',(19.5786915258025,-188.085628890369,60.2249999999764));
#10073=CARTESIAN_POINT('',(19.2984900870625,-190.659347795689,61.8141013253332));
#10074=CARTESIAN_POINT('',(21.0966397612952,-201.706980558797,51.6162877689057));
#10075=CARTESIAN_POINT('',(21.3227924334002,-205.230827886506,50.3337122311384));
#10076=CARTESIAN_POINT('Origin',(21.2097160973475,-203.468904222717,50.9750000000239));
#10077=CARTESIAN_POINT('',(19.4656151897488,-205.073705226615,60.8662877688666));
#10078=CARTESIAN_POINT('',(18.7326860982049,-206.586601166571,65.0229352008083));
#10079=CARTESIAN_POINT('',(19.6917678618539,-208.597552554345,59.5837122310993));
#10080=CARTESIAN_POINT('Origin',(19.578691525801,-206.835628890426,60.2249999999848));
#10081=CARTESIAN_POINT('',(19.9582411458817,-208.047504324351,58.0724671399785));
#10082=CARTESIAN_POINT('',(26.2775805913257,-201.253264299717,22.2337122310384));
#10083=CARTESIAN_POINT('',(22.541800602037,-208.964578319499,43.4203733663833));
#10084=CARTESIAN_POINT('',(26.0514279191945,-197.7294169723,23.5162877689545));
#10085=CARTESIAN_POINT('Origin',(26.1645042552601,-199.491340636193,22.8749999999966));
#10086=CARTESIAN_POINT('',(20.7928185456051,-208.584121559658,53.339343505863));
#10087=CARTESIAN_POINT('',(26.0514279191945,-272.2705830277,23.5162877689545));
#10088=CARTESIAN_POINT('',(20.7928185456051,-261.415878440342,53.339343505863));
#10089=CARTESIAN_POINT('',(26.2775805913257,-268.746735700283,22.2337122310384));
#10090=CARTESIAN_POINT('Origin',(26.1645042552601,-270.508659363807,22.8749999999966));
#10091=CARTESIAN_POINT('',(21.1187902927152,-258.098075429174,51.4906658627684));
#10092=CARTESIAN_POINT('Origin',(44.6951681238737,-67.8710890154473,51.2621297399293));
#10093=CARTESIAN_POINT('',(27.8007062547641,-257.15,49.3707920775314));
#10094=CARTESIAN_POINT('',(27.8007062547641,-212.85,49.3707920775314));
#10095=CARTESIAN_POINT('',(27.8007062547642,-67.8710890154473,49.3707920775314));
#10096=CARTESIAN_POINT('Ctrl Pts',(27.8007062547641,-212.85,49.3707920775314));
#10097=CARTESIAN_POINT('Ctrl Pts',(27.8007062547641,-212.447712395916,49.3707920775314));
#10098=CARTESIAN_POINT('Ctrl Pts',(27.8090889817085,-212.018727815454,49.2905427474745));
#10099=CARTESIAN_POINT('Ctrl Pts',(27.8502088724328,-211.2297492763,48.9655732379499));
#10100=CARTESIAN_POINT('Ctrl Pts',(27.8837519870244,-210.869736437885,48.7210013932739));
#10101=CARTESIAN_POINT('Ctrl Pts',(27.9380517766202,-210.54313117671,48.3984166499916));
#10102=CARTESIAN_POINT('Ctrl Pts',(27.9455209624178,-210.501531871143,48.3550009582635));
#10103=CARTESIAN_POINT('Ctrl Pts',(27.9534363226661,-210.460913161479,48.3101107195915));
#10104=CARTESIAN_POINT('',(29.8711583814531,-202.347552554275,59.5837122310558));
#10105=CARTESIAN_POINT('Origin',(44.6951681238736,-199.318744224525,51.2621297399293));
#10106=CARTESIAN_POINT('',(30.6680462325225,-198.823705226603,60.8662877688862));
#10107=CARTESIAN_POINT('Ctrl Pts',(30.6680462325225,-198.823705226603,60.8662877688862));
#10108=CARTESIAN_POINT('Ctrl Pts',(30.6920791986593,-198.836480862215,60.9013885392396));
#10109=CARTESIAN_POINT('Ctrl Pts',(30.7160874530199,-198.850329056098,60.9361701046653));
#10110=CARTESIAN_POINT('Ctrl Pts',(30.906509007491,-198.968945681296,61.2098878005952));
#10111=CARTESIAN_POINT('Ctrl Pts',(31.0684517616965,-199.12528012249,61.4287828221137));
#10112=CARTESIAN_POINT('Ctrl Pts',(31.3107287957767,-199.467937901485,61.744911163942));
#10113=CARTESIAN_POINT('Ctrl Pts',(31.4144061435621,-199.664015754342,61.8750672946471));
#10114=CARTESIAN_POINT('Ctrl Pts',(31.5584127522975,-200.10478621826,62.0528081638895));
#10115=CARTESIAN_POINT('Ctrl Pts',(31.597818459671,-200.34993831571,62.0999999999764));
#10116=CARTESIAN_POINT('Ctrl Pts',(31.597818459671,-200.585628890513,62.0999999999764));
#10117=CARTESIAN_POINT('Ctrl Pts',(31.597818459671,-200.821319465316,62.0999999999764));
#10118=CARTESIAN_POINT('Ctrl Pts',(31.5584127522975,-201.066471562766,62.0528081638895));
#10119=CARTESIAN_POINT('Ctrl Pts',(31.4864094479298,-201.286856794725,61.9639377292683));
#10120=CARTESIAN_POINT('Ctrl Pts',(31.4285767679955,-201.463868917115,61.8925574621585));
#10121=CARTESIAN_POINT('Ctrl Pts',(31.3519090958733,-201.62362613158,61.7967273689757));
#10122=CARTESIAN_POINT('Ctrl Pts',(31.1522474127635,-201.942464946989,61.5394275691879));
#10123=CARTESIAN_POINT('Ctrl Pts',(31.0221580240925,-202.088858319647,61.3666929660002));
#10124=CARTESIAN_POINT('Ctrl Pts',(30.7161500166361,-202.340673769026,60.9406205958765));
#10125=CARTESIAN_POINT('Ctrl Pts',(30.5351517830685,-202.426500092411,60.6748472289253));
#10126=CARTESIAN_POINT('Ctrl Pts',(30.1882312988293,-202.477864933518,60.1307089777357));
#10127=CARTESIAN_POINT('Ctrl Pts',(30.0213058577145,-202.444904284563,59.8511839112661));
#10128=CARTESIAN_POINT('Ctrl Pts',(29.8711583814328,-202.347552554406,59.5837122310196));
#10129=CARTESIAN_POINT('Origin',(44.6951681238736,-195.328077577798,51.2621297399293));
#10130=CARTESIAN_POINT('',(31.6161308149238,-179.,62.1220921280363));
#10131=CARTESIAN_POINT('Origin',(44.6951681238737,-179.,51.2621297399293));
#10132=CARTESIAN_POINT('',(31.6161308149237,-291.,62.1220921280363));
#10133=CARTESIAN_POINT('',(31.6161308149238,-67.8710890154473,62.1220921280363));
#10134=CARTESIAN_POINT('Origin',(44.6951681238736,-291.,51.2621297399293));
#10135=CARTESIAN_POINT('',(30.6680462325224,-271.176294773397,60.8662877688862));
#10136=CARTESIAN_POINT('Origin',(44.6951681238736,-274.671922422202,51.2621297399293));
#10137=CARTESIAN_POINT('',(29.8711583814531,-267.652447445725,59.5837122310558));
#10138=CARTESIAN_POINT('Ctrl Pts',(30.6680462325448,-271.176294773529,60.8662877689189));
#10139=CARTESIAN_POINT('Ctrl Pts',(30.7541392534238,-271.130528759575,60.9920288587902));
#10140=CARTESIAN_POINT('Ctrl Pts',(30.839622390222,-271.071186400837,61.1132105826748));
#10141=CARTESIAN_POINT('Ctrl Pts',(31.0507332346127,-270.88655821842,61.4049755650947));
#10142=CARTESIAN_POINT('Ctrl Pts',(31.1739274848296,-270.741730813442,61.5677555034538));
#10143=CARTESIAN_POINT('Ctrl Pts',(31.3609994223095,-270.433222866307,61.808090932948));
#10144=CARTESIAN_POINT('Ctrl Pts',(31.4320357731374,-270.282023941549,61.8968267561157));
#10145=CARTESIAN_POINT('Ctrl Pts',(31.4864094479297,-270.115599013843,61.9639377292682));
#10146=CARTESIAN_POINT('Ctrl Pts',(31.5584128011595,-269.895213820058,62.0528082189666));
#10147=CARTESIAN_POINT('Ctrl Pts',(31.597818459671,-269.650061684434,62.0999999999764));
#10148=CARTESIAN_POINT('Ctrl Pts',(31.597818459671,-269.414371109631,62.0999999999764));
#10149=CARTESIAN_POINT('Ctrl Pts',(31.597818459671,-269.178680534828,62.0999999999764));
#10150=CARTESIAN_POINT('Ctrl Pts',(31.5584127522975,-268.933528437378,62.0528081638894));
#10151=CARTESIAN_POINT('Ctrl Pts',(31.4144061435621,-268.49275797346,61.8750672946471));
#10152=CARTESIAN_POINT('Ctrl Pts',(31.3107287957767,-268.296680120603,61.744911163942));
#10153=CARTESIAN_POINT('Ctrl Pts',(31.0684517616965,-267.954022341609,61.4287828221137));
#10154=CARTESIAN_POINT('Ctrl Pts',(30.906509007491,-267.797687900414,61.2098878005952));
#10155=CARTESIAN_POINT('Ctrl Pts',(30.5734922807937,-267.590246466776,60.7311994956345));
#10156=CARTESIAN_POINT('Ctrl Pts',(30.4026040372131,-267.539371109631,60.471176696692));
#10157=CARTESIAN_POINT('Ctrl Pts',(30.1227423199343,-267.539371109631,60.0201282143875));
#10158=CARTESIAN_POINT('Ctrl Pts',(29.9911643418987,-267.574638692844,59.7974900225624));
#10159=CARTESIAN_POINT('Ctrl Pts',(29.8711583814531,-267.652447445725,59.5837122310558));
#10160=CARTESIAN_POINT('Origin',(44.6951681238736,-270.681255775475,51.2621297399293));
#10161=CARTESIAN_POINT('Ctrl Pts',(27.8007062547641,-257.15,49.3707920775314));
#10162=CARTESIAN_POINT('Ctrl Pts',(27.8007062547641,-257.552287604084,49.3707920775314));
#10163=CARTESIAN_POINT('Ctrl Pts',(27.8090889817085,-257.981272184546,49.2905427474745));
#10164=CARTESIAN_POINT('Ctrl Pts',(27.8502088724328,-258.7702507237,48.9655732379499));
#10165=CARTESIAN_POINT('Ctrl Pts',(27.8837519870244,-259.130263562115,48.7210013932739));
#10166=CARTESIAN_POINT('Ctrl Pts',(27.9380517766202,-259.45686882329,48.3984166499916));
#10167=CARTESIAN_POINT('Ctrl Pts',(27.9455209624178,-259.498468128857,48.3550009582635));
#10168=CARTESIAN_POINT('Ctrl Pts',(27.9534363226661,-259.539086838521,48.3101107195915));
#10169=CARTESIAN_POINT('',(27.6988575803906,-201.706980558797,51.6162877689057));
#10170=CARTESIAN_POINT('',(30.668046232509,-205.073705226615,60.8662877688666));
#10171=CARTESIAN_POINT('Origin',(44.6951681238736,-201.57807757799,51.2621297399293));
#10172=CARTESIAN_POINT('',(27.7205387927403,-205.230827886506,50.3337122311384));
#10173=CARTESIAN_POINT('Ctrl Pts',(27.7205387927403,-205.230827886506,50.3337122311385));
#10174=CARTESIAN_POINT('Ctrl Pts',(27.7219501847113,-205.221435618247,50.3079071861867));
#10175=CARTESIAN_POINT('Ctrl Pts',(27.7234100962644,-205.211471229959,50.2822951930145));
#10176=CARTESIAN_POINT('Ctrl Pts',(27.738595184998,-205.105188446345,50.0259365709293));
#10177=CARTESIAN_POINT('Ctrl Pts',(27.756028418502,-204.960871674688,49.8152466649977));
#10178=CARTESIAN_POINT('Ctrl Pts',(27.7877312394221,-204.628159623959,49.4826753918323));
#10179=CARTESIAN_POINT('Ctrl Pts',(27.8040797012705,-204.41753683904,49.3384831908462));
#10180=CARTESIAN_POINT('Ctrl Pts',(27.826970322572,-203.955745134399,49.1471386904548));
#10181=CARTESIAN_POINT('Ctrl Pts',(27.8332229517466,-203.704556269694,49.1000000000239));
#10182=CARTESIAN_POINT('Ctrl Pts',(27.8332229517466,-203.23325217548,49.1000000000239));
#10183=CARTESIAN_POINT('Ctrl Pts',(27.826970322572,-202.982063310775,49.1471386904548));
#10184=CARTESIAN_POINT('Ctrl Pts',(27.8155250119213,-202.751167458455,49.2428109406505));
#10185=CARTESIAN_POINT('Ctrl Pts',(27.8041167208488,-202.521018473535,49.338173734227));
#10186=CARTESIAN_POINT('Ctrl Pts',(27.7880761072931,-202.312326050345,49.4783827841593));
#10187=CARTESIAN_POINT('Ctrl Pts',(27.7545790787958,-201.962698549915,49.8311469674949));
#10188=CARTESIAN_POINT('Ctrl Pts',(27.7375834401599,-201.824782775128,50.0401102688869));
#10189=CARTESIAN_POINT('Ctrl Pts',(27.7132263949104,-201.655714309159,50.4567350797203));
#10190=CARTESIAN_POINT('Ctrl Pts',(27.7048328199489,-201.610492006124,50.654599785693));
#10191=CARTESIAN_POINT('Ctrl Pts',(27.697412287691,-201.590744612777,50.9651260504522));
#10192=CARTESIAN_POINT('Ctrl Pts',(27.6958543622411,-201.593362588769,51.0746551096179));
#10193=CARTESIAN_POINT('Ctrl Pts',(27.6948676524433,-201.617170364652,51.2875797960515));
#10194=CARTESIAN_POINT('Ctrl Pts',(27.6953548601209,-201.637547294683,51.3906375773376));
#10195=CARTESIAN_POINT('Ctrl Pts',(27.6972830890939,-201.678500138875,51.5335674555952));
#10196=CARTESIAN_POINT('Ctrl Pts',(27.6980014993216,-201.692027214564,51.5752037936517));
#10197=CARTESIAN_POINT('Ctrl Pts',(27.6988575803915,-201.706980558682,51.6162877689479));
#10198=CARTESIAN_POINT('',(29.8711583814776,-208.597552554345,59.5837122310993));
#10199=CARTESIAN_POINT('Origin',(44.6951681238736,-205.568744224767,51.2621297399293));
#10200=CARTESIAN_POINT('Ctrl Pts',(30.6680462325091,-205.073705226615,60.8662877688666));
#10201=CARTESIAN_POINT('Ctrl Pts',(30.6920791986524,-205.08648086223,60.9013885392295));
#10202=CARTESIAN_POINT('Ctrl Pts',(30.7160874530194,-205.100329056117,60.9361701046646));
#10203=CARTESIAN_POINT('Ctrl Pts',(30.9065090074971,-205.218945681318,61.2098878006036));
#10204=CARTESIAN_POINT('Ctrl Pts',(31.0684517617028,-205.375280122513,61.4287828221222));
#10205=CARTESIAN_POINT('Ctrl Pts',(31.3107287957833,-205.717937901507,61.7449111639504));
#10206=CARTESIAN_POINT('Ctrl Pts',(31.4144061435687,-205.914015754364,61.8750672946555));
#10207=CARTESIAN_POINT('Ctrl Pts',(31.5584127523044,-206.354786218282,62.0528081638978));
#10208=CARTESIAN_POINT('Ctrl Pts',(31.5978184596779,-206.599938315732,62.0999999999848));
#10209=CARTESIAN_POINT('Ctrl Pts',(31.5978184596779,-206.835628890535,62.0999999999848));
#10210=CARTESIAN_POINT('Ctrl Pts',(31.5978184596779,-207.071319465338,62.0999999999848));
#10211=CARTESIAN_POINT('Ctrl Pts',(31.5584127523044,-207.316471562788,62.0528081638978));
#10212=CARTESIAN_POINT('Ctrl Pts',(31.4864094479366,-207.536856794747,61.9639377292767));
#10213=CARTESIAN_POINT('Ctrl Pts',(31.4285767680021,-207.713868917137,61.8925574621668));
#10214=CARTESIAN_POINT('Ctrl Pts',(31.3519090958798,-207.873626131602,61.796727368984));
#10215=CARTESIAN_POINT('Ctrl Pts',(31.1522474127696,-208.192464947012,61.5394275691959));
#10216=CARTESIAN_POINT('Ctrl Pts',(31.0221580240983,-208.33885831967,61.3666929660082));
#10217=CARTESIAN_POINT('Ctrl Pts',(30.7161500166414,-208.590673769048,60.9406205958842));
#10218=CARTESIAN_POINT('Ctrl Pts',(30.5351517830735,-208.676500092434,60.6748472289327));
#10219=CARTESIAN_POINT('Ctrl Pts',(30.1882312988434,-208.727864933539,60.1307089777582));
#10220=CARTESIAN_POINT('Ctrl Pts',(30.0213058577375,-208.694904284588,59.8511839113048));
#10221=CARTESIAN_POINT('Ctrl Pts',(29.8711583814622,-208.597552554444,59.5837122310719));
#10222=CARTESIAN_POINT('',(27.6988575803906,-189.206980558797,51.6162877689057));
#10223=CARTESIAN_POINT('',(30.668046232509,-192.573705226615,60.8662877688666));
#10224=CARTESIAN_POINT('Origin',(44.6951681238736,-189.07807757799,51.2621297399293));
#10225=CARTESIAN_POINT('',(27.7205387927403,-192.730827886506,50.3337122311384));
#10226=CARTESIAN_POINT('Ctrl Pts',(27.7205387927404,-192.730827886506,50.3337122311385));
#10227=CARTESIAN_POINT('Ctrl Pts',(27.7219501847113,-192.721435618247,50.3079071861867));
#10228=CARTESIAN_POINT('Ctrl Pts',(27.7234100962644,-192.711471229959,50.2822951930145));
#10229=CARTESIAN_POINT('Ctrl Pts',(27.738595184998,-192.605188446345,50.0259365709293));
#10230=CARTESIAN_POINT('Ctrl Pts',(27.756028418502,-192.460871674688,49.8152466649977));
#10231=CARTESIAN_POINT('Ctrl Pts',(27.7877312394221,-192.128159623959,49.4826753918323));
#10232=CARTESIAN_POINT('Ctrl Pts',(27.8040797012705,-191.91753683904,49.3384831908461));
#10233=CARTESIAN_POINT('Ctrl Pts',(27.826970322572,-191.455745134399,49.1471386904548));
#10234=CARTESIAN_POINT('Ctrl Pts',(27.8332229517466,-191.204556269694,49.1000000000239));
#10235=CARTESIAN_POINT('Ctrl Pts',(27.8332229517466,-190.73325217548,49.1000000000239));
#10236=CARTESIAN_POINT('Ctrl Pts',(27.826970322572,-190.482063310775,49.1471386904548));
#10237=CARTESIAN_POINT('Ctrl Pts',(27.8155250119213,-190.251167458455,49.2428109406505));
#10238=CARTESIAN_POINT('Ctrl Pts',(27.8041167208488,-190.021018473535,49.3381737342271));
#10239=CARTESIAN_POINT('Ctrl Pts',(27.7880761072931,-189.812326050345,49.4783827841594));
#10240=CARTESIAN_POINT('Ctrl Pts',(27.7545790787958,-189.462698549915,49.831146967495));
#10241=CARTESIAN_POINT('Ctrl Pts',(27.7375834401599,-189.324782775128,50.040110268887));
#10242=CARTESIAN_POINT('Ctrl Pts',(27.7132263949104,-189.155714309159,50.4567350797204));
#10243=CARTESIAN_POINT('Ctrl Pts',(27.7048328199489,-189.110492006124,50.6545997856931));
#10244=CARTESIAN_POINT('Ctrl Pts',(27.697412287691,-189.090744612777,50.9651260504523));
#10245=CARTESIAN_POINT('Ctrl Pts',(27.6958543622411,-189.093362588769,51.0746551096181));
#10246=CARTESIAN_POINT('Ctrl Pts',(27.6948676524433,-189.117170364652,51.2875797960517));
#10247=CARTESIAN_POINT('Ctrl Pts',(27.6953548601209,-189.137547294683,51.3906375773379));
#10248=CARTESIAN_POINT('Ctrl Pts',(27.6972830890939,-189.178500138875,51.5335674555955));
#10249=CARTESIAN_POINT('Ctrl Pts',(27.6980014993216,-189.192027214564,51.5752037936518));
#10250=CARTESIAN_POINT('Ctrl Pts',(27.6988575803915,-189.206980558682,51.6162877689479));
#10251=CARTESIAN_POINT('',(29.8711583814776,-196.097552554345,59.5837122310993));
#10252=CARTESIAN_POINT('Origin',(44.6951681238736,-193.068744224767,51.2621297399293));
#10253=CARTESIAN_POINT('Ctrl Pts',(30.6680462325091,-192.573705226615,60.8662877688666));
#10254=CARTESIAN_POINT('Ctrl Pts',(30.6920791986524,-192.58648086223,60.9013885392295));
#10255=CARTESIAN_POINT('Ctrl Pts',(30.7160874530194,-192.600329056117,60.9361701046645));
#10256=CARTESIAN_POINT('Ctrl Pts',(30.9065090074971,-192.718945681318,61.2098878006036));
#10257=CARTESIAN_POINT('Ctrl Pts',(31.0684517617028,-192.875280122513,61.4287828221222));
#10258=CARTESIAN_POINT('Ctrl Pts',(31.3107287957833,-193.217937901507,61.7449111639504));
#10259=CARTESIAN_POINT('Ctrl Pts',(31.4144061435687,-193.414015754364,61.8750672946555));
#10260=CARTESIAN_POINT('Ctrl Pts',(31.5584127523044,-193.854786218282,62.0528081638978));
#10261=CARTESIAN_POINT('Ctrl Pts',(31.597818459678,-194.099938315732,62.0999999999848));
#10262=CARTESIAN_POINT('Ctrl Pts',(31.597818459678,-194.335628890535,62.0999999999848));
#10263=CARTESIAN_POINT('Ctrl Pts',(31.597818459678,-194.571319465338,62.0999999999848));
#10264=CARTESIAN_POINT('Ctrl Pts',(31.5584127523044,-194.816471562788,62.0528081638978));
#10265=CARTESIAN_POINT('Ctrl Pts',(31.4864094479366,-195.036856794747,61.9639377292767));
#10266=CARTESIAN_POINT('Ctrl Pts',(31.4285767680021,-195.213868917137,61.8925574621668));
#10267=CARTESIAN_POINT('Ctrl Pts',(31.3519090958798,-195.373626131602,61.796727368984));
#10268=CARTESIAN_POINT('Ctrl Pts',(31.1522474127696,-195.692464947012,61.5394275691959));
#10269=CARTESIAN_POINT('Ctrl Pts',(31.0221580240983,-195.83885831967,61.3666929660081));
#10270=CARTESIAN_POINT('Ctrl Pts',(30.7161500166413,-196.090673769048,60.9406205958841));
#10271=CARTESIAN_POINT('Ctrl Pts',(30.5351517830734,-196.176500092434,60.6748472289327));
#10272=CARTESIAN_POINT('Ctrl Pts',(30.1882312988433,-196.227864933539,60.1307089777581));
#10273=CARTESIAN_POINT('Ctrl Pts',(30.0213058577374,-196.194904284588,59.8511839113048));
#10274=CARTESIAN_POINT('Ctrl Pts',(29.8711583814622,-196.097552554444,59.5837122310719));
#10275=CARTESIAN_POINT('',(27.7132110001288,-183.113076322587,52.0451573558501));
#10276=CARTESIAN_POINT('',(30.6680462325225,-186.323705226603,60.8662877688862));
#10277=CARTESIAN_POINT('Origin',(44.6951681238736,-182.828077577798,51.2621297399293));
#10278=CARTESIAN_POINT('',(27.7025093586658,-186.636923663698,50.7625818551316));
#10279=CARTESIAN_POINT('Ctrl Pts',(27.7025093586658,-186.636923663698,50.7625818551316));
#10280=CARTESIAN_POINT('Ctrl Pts',(27.7032638075872,-186.627582952979,50.7369184633598));
#10281=CARTESIAN_POINT('Ctrl Pts',(27.7040709091339,-186.617676134141,50.7114453116718));
#10282=CARTESIAN_POINT('Ctrl Pts',(27.7127549654052,-186.511537102023,50.455259524624));
#10283=CARTESIAN_POINT('Ctrl Pts',(27.7248319382311,-186.367284670212,50.2445316940197));
#10284=CARTESIAN_POINT('Ctrl Pts',(27.7480664452375,-186.034539634686,49.9117310111151));
#10285=CARTESIAN_POINT('Ctrl Pts',(27.76073216879,-185.82379278306,49.7674319056282));
#10286=CARTESIAN_POINT('Ctrl Pts',(27.7787205609546,-185.361843581106,49.5759966999744));
#10287=CARTESIAN_POINT('Ctrl Pts',(27.7837574975813,-185.110626408906,49.5288696241562));
#10288=CARTESIAN_POINT('Ctrl Pts',(27.7837574975813,-184.639399860642,49.5288696241562));
#10289=CARTESIAN_POINT('Ctrl Pts',(27.7787217112187,-184.388208872483,49.5759862810669));
#10290=CARTESIAN_POINT('Ctrl Pts',(27.7607366596272,-183.926299635883,49.7673822916527));
#10291=CARTESIAN_POINT('Ctrl Pts',(27.7480730113162,-183.715566572182,49.9116526224654));
#10292=CARTESIAN_POINT('Ctrl Pts',(27.7248382613556,-183.38279371972,50.2444254749278));
#10293=CARTESIAN_POINT('Ctrl Pts',(27.7127590846981,-183.238512512072,50.455167093307));
#10294=CARTESIAN_POINT('Ctrl Pts',(27.6970989393445,-183.047111179343,50.9170942579349));
#10295=CARTESIAN_POINT('Ctrl Pts',(27.693794799594,-183.,51.1682928542642));
#10296=CARTESIAN_POINT('Ctrl Pts',(27.697508890713,-183.,51.6137380778214));
#10297=CARTESIAN_POINT('Ctrl Pts',(27.703570105497,-183.036974713913,51.8360698908044));
#10298=CARTESIAN_POINT('Ctrl Pts',(27.7132110001289,-183.113076322587,52.0451573558501));
#10299=CARTESIAN_POINT('',(29.8711583814531,-189.847552554275,59.5837122310558));
#10300=CARTESIAN_POINT('Origin',(44.6951681238736,-186.818744224525,51.2621297399293));
#10301=CARTESIAN_POINT('Ctrl Pts',(30.6680462325225,-186.323705226603,60.8662877688862));
#10302=CARTESIAN_POINT('Ctrl Pts',(30.6920791986593,-186.336480862215,60.9013885392396));
#10303=CARTESIAN_POINT('Ctrl Pts',(30.7160874530199,-186.350329056098,60.9361701046653));
#10304=CARTESIAN_POINT('Ctrl Pts',(30.906509007491,-186.468945681296,61.2098878005952));
#10305=CARTESIAN_POINT('Ctrl Pts',(31.0684517616965,-186.62528012249,61.4287828221137));
#10306=CARTESIAN_POINT('Ctrl Pts',(31.3107287957767,-186.967937901485,61.744911163942));
#10307=CARTESIAN_POINT('Ctrl Pts',(31.4144061435621,-187.164015754342,61.8750672946471));
#10308=CARTESIAN_POINT('Ctrl Pts',(31.5584127522975,-187.60478621826,62.0528081638895));
#10309=CARTESIAN_POINT('Ctrl Pts',(31.597818459671,-187.84993831571,62.0999999999764));
#10310=CARTESIAN_POINT('Ctrl Pts',(31.597818459671,-188.085628890513,62.0999999999764));
#10311=CARTESIAN_POINT('Ctrl Pts',(31.597818459671,-188.321319465316,62.0999999999764));
#10312=CARTESIAN_POINT('Ctrl Pts',(31.5584127522975,-188.566471562766,62.0528081638895));
#10313=CARTESIAN_POINT('Ctrl Pts',(31.4864094479298,-188.786856794725,61.9639377292683));
#10314=CARTESIAN_POINT('Ctrl Pts',(31.428574254731,-188.963876609622,61.8925543601496));
#10315=CARTESIAN_POINT('Ctrl Pts',(31.3519024432203,-189.123639995819,61.7967190496571));
#10316=CARTESIAN_POINT('Ctrl Pts',(31.1522313073251,-189.442486499916,61.5394064881763));
#10317=CARTESIAN_POINT('Ctrl Pts',(31.0221365789203,-189.5888811201,61.3666641631446));
#10318=CARTESIAN_POINT('Ctrl Pts',(30.7161201002307,-189.840691841938,60.9405775996334));
#10319=CARTESIAN_POINT('Ctrl Pts',(30.5351190792984,-189.926512733017,60.6747982155871));
#10320=CARTESIAN_POINT('Ctrl Pts',(30.1882089259322,-189.977860535978,60.130671630238));
#10321=CARTESIAN_POINT('Ctrl Pts',(30.0212957626546,-189.944897739188,59.8511659279959));
#10322=CARTESIAN_POINT('Ctrl Pts',(29.8711583814329,-189.847552554406,59.5837122310196));
#10323=CARTESIAN_POINT('',(29.8711583814531,-280.152447445725,59.5837122310558));
#10324=CARTESIAN_POINT('',(27.7025093586658,-283.363076336302,50.7625818551316));
#10325=CARTESIAN_POINT('Origin',(44.6951681238736,-283.181255775475,51.2621297399293));
#10326=CARTESIAN_POINT('',(27.7132110001288,-286.886923677413,52.0451573558501));
#10327=CARTESIAN_POINT('Ctrl Pts',(27.7025093586657,-283.363076336302,50.7625818551316));
#10328=CARTESIAN_POINT('Ctrl Pts',(27.7032638075871,-283.372417047021,50.7369184633598));
#10329=CARTESIAN_POINT('Ctrl Pts',(27.7040709091339,-283.382323865859,50.7114453116718));
#10330=CARTESIAN_POINT('Ctrl Pts',(27.7127549654051,-283.488462897977,50.455259524624));
#10331=CARTESIAN_POINT('Ctrl Pts',(27.7248319382311,-283.632715329788,50.2445316940197));
#10332=CARTESIAN_POINT('Ctrl Pts',(27.7480664452374,-283.965460365314,49.9117310111151));
#10333=CARTESIAN_POINT('Ctrl Pts',(27.7607321687899,-284.17620721694,49.7674319056282));
#10334=CARTESIAN_POINT('Ctrl Pts',(27.7787205609546,-284.638156418894,49.5759966999744));
#10335=CARTESIAN_POINT('Ctrl Pts',(27.7837574975813,-284.889373591094,49.5288696241562));
#10336=CARTESIAN_POINT('Ctrl Pts',(27.7837574975813,-285.360600139358,49.5288696241562));
#10337=CARTESIAN_POINT('Ctrl Pts',(27.7787217112187,-285.611791127517,49.5759862810669));
#10338=CARTESIAN_POINT('Ctrl Pts',(27.7607366596272,-286.073700364117,49.7673822916527));
#10339=CARTESIAN_POINT('Ctrl Pts',(27.7480730113162,-286.284433427817,49.9116526224654));
#10340=CARTESIAN_POINT('Ctrl Pts',(27.7248382613556,-286.61720628028,50.2444254749278));
#10341=CARTESIAN_POINT('Ctrl Pts',(27.7127590846981,-286.761487487928,50.455167093307));
#10342=CARTESIAN_POINT('Ctrl Pts',(27.6970989393445,-286.952888820657,50.9170942579349));
#10343=CARTESIAN_POINT('Ctrl Pts',(27.693794799594,-287.,51.1682928542642));
#10344=CARTESIAN_POINT('Ctrl Pts',(27.697508890713,-287.,51.6137380778214));
#10345=CARTESIAN_POINT('Ctrl Pts',(27.7035701054969,-286.963025286087,51.8360698908044));
#10346=CARTESIAN_POINT('Ctrl Pts',(27.7132110001288,-286.886923677413,52.0451573558501));
#10347=CARTESIAN_POINT('',(30.6680462325224,-283.676294773397,60.8662877688862));
#10348=CARTESIAN_POINT('Origin',(44.6951681238736,-287.171922422202,51.2621297399293));
#10349=CARTESIAN_POINT('Ctrl Pts',(30.6680462325448,-283.676294773529,60.8662877689189));
#10350=CARTESIAN_POINT('Ctrl Pts',(30.7541392534239,-283.630528759575,60.9920288587904));
#10351=CARTESIAN_POINT('Ctrl Pts',(30.8396223902223,-283.571186400837,61.1132105826751));
#10352=CARTESIAN_POINT('Ctrl Pts',(31.050733234613,-283.386558218419,61.4049755650951));
#10353=CARTESIAN_POINT('Ctrl Pts',(31.1739274848298,-283.241730813442,61.5677555034541));
#10354=CARTESIAN_POINT('Ctrl Pts',(31.3609994223095,-282.933222866306,61.8080909329481));
#10355=CARTESIAN_POINT('Ctrl Pts',(31.4320357731375,-282.782023941549,61.8968267561158));
#10356=CARTESIAN_POINT('Ctrl Pts',(31.4864094479297,-282.615599013843,61.9639377292682));
#10357=CARTESIAN_POINT('Ctrl Pts',(31.5584128011595,-282.395213820058,62.0528082189666));
#10358=CARTESIAN_POINT('Ctrl Pts',(31.597818459671,-282.150061684434,62.0999999999764));
#10359=CARTESIAN_POINT('Ctrl Pts',(31.597818459671,-281.914371109631,62.0999999999764));
#10360=CARTESIAN_POINT('Ctrl Pts',(31.597818459671,-281.678680534828,62.0999999999764));
#10361=CARTESIAN_POINT('Ctrl Pts',(31.5584127522975,-281.433528437378,62.0528081638895));
#10362=CARTESIAN_POINT('Ctrl Pts',(31.414406143562,-280.99275797346,61.8750672946471));
#10363=CARTESIAN_POINT('Ctrl Pts',(31.3107287957767,-280.796680120603,61.744911163942));
#10364=CARTESIAN_POINT('Ctrl Pts',(31.0684517616965,-280.454022341609,61.4287828221137));
#10365=CARTESIAN_POINT('Ctrl Pts',(30.906509007491,-280.297687900414,61.2098878005952));
#10366=CARTESIAN_POINT('Ctrl Pts',(30.5734922807936,-280.090246466776,60.7311994956345));
#10367=CARTESIAN_POINT('Ctrl Pts',(30.4026040372131,-280.039371109631,60.471176696692));
#10368=CARTESIAN_POINT('Ctrl Pts',(30.1225258442729,-280.039371109631,60.019779324159));
#10369=CARTESIAN_POINT('Ctrl Pts',(29.9911178174441,-280.074668858094,59.7974071442195));
#10370=CARTESIAN_POINT('Ctrl Pts',(29.8711583814531,-280.152447445725,59.5837122310558));
#10371=CARTESIAN_POINT('',(29.8711583814775,-273.902447445655,59.5837122310993));
#10372=CARTESIAN_POINT('',(27.7205387927403,-277.269172113494,50.3337122311384));
#10373=CARTESIAN_POINT('Origin',(44.6951681238736,-276.931255775233,51.2621297399293));
#10374=CARTESIAN_POINT('',(27.6988575803906,-280.793019441203,51.6162877689057));
#10375=CARTESIAN_POINT('Ctrl Pts',(27.7205387927403,-277.269172113494,50.3337122311384));
#10376=CARTESIAN_POINT('Ctrl Pts',(27.7219501847113,-277.278564381753,50.3079071861867));
#10377=CARTESIAN_POINT('Ctrl Pts',(27.7234100962644,-277.288528770041,50.2822951930145));
#10378=CARTESIAN_POINT('Ctrl Pts',(27.738595184998,-277.394811553655,50.0259365709293));
#10379=CARTESIAN_POINT('Ctrl Pts',(27.756028418502,-277.539128325312,49.8152466649977));
#10380=CARTESIAN_POINT('Ctrl Pts',(27.7877312394221,-277.871840376041,49.4826753918323));
#10381=CARTESIAN_POINT('Ctrl Pts',(27.8040797012705,-278.08246316096,49.3384831908461));
#10382=CARTESIAN_POINT('Ctrl Pts',(27.826970322572,-278.544254865601,49.1471386904548));
#10383=CARTESIAN_POINT('Ctrl Pts',(27.8332229517466,-278.795443730306,49.1000000000239));
#10384=CARTESIAN_POINT('Ctrl Pts',(27.8332229517466,-279.266747824519,49.1000000000239));
#10385=CARTESIAN_POINT('Ctrl Pts',(27.826970322572,-279.517936689224,49.1471386904548));
#10386=CARTESIAN_POINT('Ctrl Pts',(27.8155250119212,-279.748832541545,49.2428109406505));
#10387=CARTESIAN_POINT('Ctrl Pts',(27.8041167208488,-279.978981526465,49.338173734227));
#10388=CARTESIAN_POINT('Ctrl Pts',(27.7880761072931,-280.187673949655,49.4783827841594));
#10389=CARTESIAN_POINT('Ctrl Pts',(27.7545790787958,-280.537301450085,49.831146967495));
#10390=CARTESIAN_POINT('Ctrl Pts',(27.7375834401598,-280.675217224872,50.0401102688869));
#10391=CARTESIAN_POINT('Ctrl Pts',(27.7132263949103,-280.844285690841,50.4567350797203));
#10392=CARTESIAN_POINT('Ctrl Pts',(27.7048328199488,-280.889507993876,50.654599785693));
#10393=CARTESIAN_POINT('Ctrl Pts',(27.6974122876909,-280.909255387223,50.9651260504522));
#10394=CARTESIAN_POINT('Ctrl Pts',(27.6958543622411,-280.906637411231,51.0746551096179));
#10395=CARTESIAN_POINT('Ctrl Pts',(27.6948676524433,-280.882829635348,51.2875797960514));
#10396=CARTESIAN_POINT('Ctrl Pts',(27.6953548601208,-280.862452705317,51.3906375773376));
#10397=CARTESIAN_POINT('Ctrl Pts',(27.6972830890938,-280.821499861125,51.5335674555952));
#10398=CARTESIAN_POINT('Ctrl Pts',(27.6980014993215,-280.807972785436,51.5752037936517));
#10399=CARTESIAN_POINT('Ctrl Pts',(27.6988575803914,-280.793019441318,51.6162877689479));
#10400=CARTESIAN_POINT('',(30.668046232509,-277.426294773385,60.8662877688666));
#10401=CARTESIAN_POINT('Origin',(44.6951681238736,-280.92192242201,51.2621297399293));
#10402=CARTESIAN_POINT('Ctrl Pts',(30.668046232509,-277.426294773385,60.8662877688666));
#10403=CARTESIAN_POINT('Ctrl Pts',(30.6920791986523,-277.41351913777,60.9013885392296));
#10404=CARTESIAN_POINT('Ctrl Pts',(30.7160874530194,-277.399670943883,60.9361701046645));
#10405=CARTESIAN_POINT('Ctrl Pts',(30.9065090074971,-277.281054318682,61.2098878006036));
#10406=CARTESIAN_POINT('Ctrl Pts',(31.0684517617028,-277.124719877487,61.4287828221222));
#10407=CARTESIAN_POINT('Ctrl Pts',(31.3107287957833,-276.782062098493,61.7449111639504));
#10408=CARTESIAN_POINT('Ctrl Pts',(31.4144061435687,-276.585984245636,61.8750672946555));
#10409=CARTESIAN_POINT('Ctrl Pts',(31.5584127523044,-276.145213781718,62.0528081638978));
#10410=CARTESIAN_POINT('Ctrl Pts',(31.5978184596779,-275.900061684268,62.0999999999848));
#10411=CARTESIAN_POINT('Ctrl Pts',(31.5978184596779,-275.664371109465,62.0999999999848));
#10412=CARTESIAN_POINT('Ctrl Pts',(31.5978184596779,-275.428680534662,62.0999999999848));
#10413=CARTESIAN_POINT('Ctrl Pts',(31.5584127523044,-275.183528437212,62.0528081638978));
#10414=CARTESIAN_POINT('Ctrl Pts',(31.4864094479366,-274.963143205253,61.9639377292767));
#10415=CARTESIAN_POINT('Ctrl Pts',(31.4285767680021,-274.786131082862,61.8925574621668));
#10416=CARTESIAN_POINT('Ctrl Pts',(31.3519090958797,-274.626373868398,61.796727368984));
#10417=CARTESIAN_POINT('Ctrl Pts',(31.1522474127695,-274.307535052988,61.5394275691959));
#10418=CARTESIAN_POINT('Ctrl Pts',(31.0221580240983,-274.16114168033,61.3666929660082));
#10419=CARTESIAN_POINT('Ctrl Pts',(30.7161500166413,-273.909326230952,60.9406205958841));
#10420=CARTESIAN_POINT('Ctrl Pts',(30.5351517830734,-273.823499907566,60.6748472289327));
#10421=CARTESIAN_POINT('Ctrl Pts',(30.1882312988433,-273.772135066461,60.1307089777581));
#10422=CARTESIAN_POINT('Ctrl Pts',(30.0213058577374,-273.805095715411,59.8511839113048));
#10423=CARTESIAN_POINT('Ctrl Pts',(29.8711583814621,-273.902447445556,59.5837122310719));
#10424=CARTESIAN_POINT('',(29.8711583814776,-261.402447445655,59.5837122310993));
#10425=CARTESIAN_POINT('',(27.7205387927403,-264.769172113494,50.3337122311384));
#10426=CARTESIAN_POINT('Origin',(44.6951681238736,-264.431255775233,51.2621297399293));
#10427=CARTESIAN_POINT('',(27.6988575803906,-268.293019441203,51.6162877689057));
#10428=CARTESIAN_POINT('Ctrl Pts',(27.7205387927425,-264.769172113378,50.3337122310976));
#10429=CARTESIAN_POINT('Ctrl Pts',(27.7242954430457,-264.79417116972,50.2650278883135));
#10430=CARTESIAN_POINT('Ctrl Pts',(27.7283950345948,-264.823209820453,50.1977405258395));
#10431=CARTESIAN_POINT('Ctrl Pts',(27.7473739309927,-264.966573311041,49.9128287497741));
#10432=CARTESIAN_POINT('Ctrl Pts',(27.7647347771155,-265.118969125816,49.717308435064));
#10433=CARTESIAN_POINT('Ctrl Pts',(27.7941430047214,-265.456263215323,49.4256353703793));
#10434=CARTESIAN_POINT('Ctrl Pts',(27.8063364346758,-265.627990169345,49.319618973471));
#10435=CARTESIAN_POINT('Ctrl Pts',(27.8155250119213,-265.81335901315,49.2428109406505));
#10436=CARTESIAN_POINT('Ctrl Pts',(27.826970322572,-266.044254865471,49.1471386904548));
#10437=CARTESIAN_POINT('Ctrl Pts',(27.8332229517466,-266.295443730176,49.1000000000239));
#10438=CARTESIAN_POINT('Ctrl Pts',(27.8332229517466,-266.766747824389,49.1000000000239));
#10439=CARTESIAN_POINT('Ctrl Pts',(27.826970322572,-267.017936689094,49.1471386904548));
#10440=CARTESIAN_POINT('Ctrl Pts',(27.8040797012705,-267.479728393735,49.3384831908461));
#10441=CARTESIAN_POINT('Ctrl Pts',(27.7877312394221,-267.690351178654,49.4826753918323));
#10442=CARTESIAN_POINT('Ctrl Pts',(27.756028418502,-268.023063229383,49.8152466649977));
#10443=CARTESIAN_POINT('Ctrl Pts',(27.738595184998,-268.167380001041,50.0259365709293));
#10444=CARTESIAN_POINT('Ctrl Pts',(27.7112314410127,-268.358903075543,50.487898422206));
#10445=CARTESIAN_POINT('Ctrl Pts',(27.7015764621841,-268.406095777282,50.7391922857187));
#10446=CARTESIAN_POINT('Ctrl Pts',(27.6940495767579,-268.406095777282,51.1847706494612));
#10447=CARTESIAN_POINT('Ctrl Pts',(27.6944992532728,-268.369147237346,51.4071283680629));
#10448=CARTESIAN_POINT('Ctrl Pts',(27.6988575803906,-268.293019441203,51.6162877689057));
#10449=CARTESIAN_POINT('',(30.668046232509,-264.926294773385,60.8662877688666));
#10450=CARTESIAN_POINT('Origin',(44.6951681238736,-268.42192242201,51.2621297399293));
#10451=CARTESIAN_POINT('Ctrl Pts',(30.668046232509,-264.926294773385,60.8662877688666));
#10452=CARTESIAN_POINT('Ctrl Pts',(30.6920791986523,-264.91351913777,60.9013885392296));
#10453=CARTESIAN_POINT('Ctrl Pts',(30.7160874530194,-264.899670943883,60.9361701046646));
#10454=CARTESIAN_POINT('Ctrl Pts',(30.9065090074971,-264.781054318682,61.2098878006036));
#10455=CARTESIAN_POINT('Ctrl Pts',(31.0684517617028,-264.624719877487,61.4287828221222));
#10456=CARTESIAN_POINT('Ctrl Pts',(31.3107287957833,-264.282062098493,61.7449111639504));
#10457=CARTESIAN_POINT('Ctrl Pts',(31.4144061435687,-264.085984245636,61.8750672946555));
#10458=CARTESIAN_POINT('Ctrl Pts',(31.5584127523044,-263.645213781718,62.0528081638978));
#10459=CARTESIAN_POINT('Ctrl Pts',(31.5978184596779,-263.400061684268,62.0999999999848));
#10460=CARTESIAN_POINT('Ctrl Pts',(31.5978184596779,-263.164371109465,62.0999999999848));
#10461=CARTESIAN_POINT('Ctrl Pts',(31.5978184596779,-262.928680534662,62.0999999999848));
#10462=CARTESIAN_POINT('Ctrl Pts',(31.5584127523044,-262.683528437212,62.0528081638978));
#10463=CARTESIAN_POINT('Ctrl Pts',(31.4864094479366,-262.463143205253,61.9639377292767));
#10464=CARTESIAN_POINT('Ctrl Pts',(31.4285767680021,-262.286131082862,61.8925574621668));
#10465=CARTESIAN_POINT('Ctrl Pts',(31.3519090958797,-262.126373868398,61.796727368984));
#10466=CARTESIAN_POINT('Ctrl Pts',(31.1522474127695,-261.807535052988,61.5394275691959));
#10467=CARTESIAN_POINT('Ctrl Pts',(31.0221580240983,-261.66114168033,61.3666929660081));
#10468=CARTESIAN_POINT('Ctrl Pts',(30.7161500166412,-261.409326230952,60.9406205958841));
#10469=CARTESIAN_POINT('Ctrl Pts',(30.5351517830734,-261.323499907566,60.6748472289327));
#10470=CARTESIAN_POINT('Ctrl Pts',(30.1882312988433,-261.272135066461,60.1307089777581));
#10471=CARTESIAN_POINT('Ctrl Pts',(30.0213058577374,-261.305095715411,59.8511839113048));
#10472=CARTESIAN_POINT('Ctrl Pts',(29.8711583814622,-261.402447445556,59.5837122310719));
#10473=CARTESIAN_POINT('Origin',(25.3686946620696,-212.85,45.6925976583092));
#10474=CARTESIAN_POINT('',(24.8130204935354,-212.85,48.8439824679483));
#10475=CARTESIAN_POINT('',(24.8130204935354,-212.85,48.8439824679483));
#10476=CARTESIAN_POINT('',(25.3686946620696,-209.65,45.6925976583092));
#10477=CARTESIAN_POINT('Origin',(25.3686946620696,-212.85,45.6925976583092));
#10478=CARTESIAN_POINT('',(25.3686946620696,-209.65,45.6925976583092));
#10479=CARTESIAN_POINT('Origin',(25.3686946620696,-257.15,45.6925976583092));
#10480=CARTESIAN_POINT('',(25.3686946620696,-260.35,45.6925976583092));
#10481=CARTESIAN_POINT('',(25.3686946620696,-260.35,45.6925976583092));
#10482=CARTESIAN_POINT('',(24.8130204935354,-257.15,48.8439824679483));
#10483=CARTESIAN_POINT('Origin',(25.3686946620696,-257.15,45.6925976583092));
#10484=CARTESIAN_POINT('',(24.8130204935354,-257.15,48.8439824679483));
#10485=CARTESIAN_POINT('Origin',(24.8130204935354,-212.85,48.8439824679483));
#10486=CARTESIAN_POINT('',(24.8130204935354,-257.15,48.8439824679483));
#10487=CARTESIAN_POINT('Origin',(29.6404398326761,-209.65,21.4663269342089));
#10488=CARTESIAN_POINT('',(29.6404398326761,-209.65,21.4663269342089));
#10489=CARTESIAN_POINT('',(25.3686946620696,-209.65,45.6925976583092));
#10490=CARTESIAN_POINT('',(29.6404398326761,-209.65,21.4663269342089));
#10491=CARTESIAN_POINT('Origin',(27.5045672473728,-235.,33.579462296259));
#10492=CARTESIAN_POINT('',(29.6404398326761,-260.35,21.4663269342089));
#10493=CARTESIAN_POINT('',(29.6404398326761,-260.35,21.4663269342089));
#10494=CARTESIAN_POINT('',(30.1961140012102,-257.15,18.3149421245698));
#10495=CARTESIAN_POINT('Origin',(29.6404398326761,-257.15,21.4663269342089));
#10496=CARTESIAN_POINT('',(30.1961140012103,-212.85,18.3149421245698));
#10497=CARTESIAN_POINT('',(30.1961140012103,-212.85,18.3149421245698));
#10498=CARTESIAN_POINT('Origin',(29.6404398326761,-212.85,21.4663269342089));
#10499=CARTESIAN_POINT('',(25.3686946620696,-258.75,45.6925976583092));
#10500=CARTESIAN_POINT('',(29.6404398326761,-258.75,21.4663269342089));
#10501=CARTESIAN_POINT('',(26.4366309547212,-258.75,39.6360299772841));
#10502=CARTESIAN_POINT('Origin',(25.3686946620696,-257.15,45.6925976583092));
#10503=CARTESIAN_POINT('',(25.3686946620696,-211.25,45.6925976583092));
#10504=CARTESIAN_POINT('Origin',(25.3686946620696,-212.85,45.6925976583092));
#10505=CARTESIAN_POINT('',(29.6404398326761,-211.25,21.4663269342089));
#10506=CARTESIAN_POINT('',(28.5725035400245,-211.25,27.522894615234));
#10507=CARTESIAN_POINT('',(29.9182769169432,-212.85,19.8906345293893));
#10508=CARTESIAN_POINT('Origin',(29.6404398326761,-212.85,21.4663269342089));
#10509=CARTESIAN_POINT('',(29.9182769169432,-257.15,19.8906345293893));
#10510=CARTESIAN_POINT('',(29.9182769169432,-212.85,19.8906345293893));
#10511=CARTESIAN_POINT('Origin',(29.6404398326761,-257.15,21.4663269342089));
#10512=CARTESIAN_POINT('Origin',(37.0000000000002,-179.,2.12724378753605));
#10513=CARTESIAN_POINT('',(40.0000000000003,-179.,2.12724378753605));
#10514=CARTESIAN_POINT('Origin',(37.0000000000002,-179.,2.12724378753605));
#10515=CARTESIAN_POINT('',(39.0000000000003,-178.,2.12724378753605));
#10516=CARTESIAN_POINT('Origin',(39.0000000000003,-179.,2.12724378753605));
#10517=CARTESIAN_POINT('',(37.7140515820429,-178.,3.99543284065204));
#10518=CARTESIAN_POINT('Origin',(37.0000000000002,-178.,2.12724378753605));
#10519=CARTESIAN_POINT('Origin',(37.7140515820429,-179.,3.99543284065204));
#10520=CARTESIAN_POINT('Origin',(37.0000000000002,-171.733915460355,2.12724378753605));
#10521=CARTESIAN_POINT('',(40.0000000000002,-291.,2.12724378753605));
#10522=CARTESIAN_POINT('Origin',(37.0000000000002,-291.,2.12724378753605));
#10523=CARTESIAN_POINT('',(40.0000000000003,-171.733915460355,2.12724378753605));
#10524=CARTESIAN_POINT('Origin',(37.0000000000002,-291.,2.12724378753605));
#10525=CARTESIAN_POINT('',(39.0000000000002,-292.,2.12724378753605));
#10526=CARTESIAN_POINT('Origin',(39.0000000000002,-291.,2.12724378753605));
#10527=CARTESIAN_POINT('',(37.7140515820428,-292.,3.99543284065204));
#10528=CARTESIAN_POINT('Origin',(37.7140515820428,-291.,3.99543284065204));
#10529=CARTESIAN_POINT('Origin',(37.0000000000002,-292.,2.12724378753605));
#10530=CARTESIAN_POINT('Origin',(39.0000000000002,-291.,17.15));
#10531=CARTESIAN_POINT('',(40.0000000000001,-291.,0.));
#10532=CARTESIAN_POINT('',(39.0000000000002,-292.,0.));
#10533=CARTESIAN_POINT('Origin',(39.0000000000002,-291.,0.));
#10534=CARTESIAN_POINT('',(40.0000000000001,-291.,17.15));
#10535=CARTESIAN_POINT('',(39.0000000000002,-292.,17.15));
#10536=CARTESIAN_POINT('Origin',(44.6951681238737,-179.,51.2621297399293));
#10537=CARTESIAN_POINT('',(26.9686285696539,-178.,48.1364625419246));
#10538=CARTESIAN_POINT('',(30.8467756791033,-178.,62.7609134449837));
#10539=CARTESIAN_POINT('Origin',(44.6951681238737,-178.,51.2621297399293));
#10540=CARTESIAN_POINT('Origin',(30.8467756791033,-179.,62.7609134449837));
#10541=CARTESIAN_POINT('Origin',(26.9686285696539,-179.,48.1364625419246));
#10542=CARTESIAN_POINT('Origin',(20.004105097031,-178.,34.3));
#10543=CARTESIAN_POINT('',(32.0000000000003,-178.,68.6));
#10544=CARTESIAN_POINT('',(20.004105097031,-178.,68.6));
#10545=CARTESIAN_POINT('',(32.0000000000003,-178.,65.9550200297211));
#10546=CARTESIAN_POINT('',(32.0000000000003,-178.,48.95));
#10547=CARTESIAN_POINT('Origin',(27.0000000000003,-178.,65.9550200297211));
#10548=CARTESIAN_POINT('',(33.9473598100975,-178.,8.55811093399842));
#10549=CARTESIAN_POINT('',(31.9003486803631,-178.,20.1672879386162));
#10550=CARTESIAN_POINT('Origin',(39.8562063281708,-178.,9.6));
#10551=CARTESIAN_POINT('',(39.0000000000003,-178.,0.));
#10552=CARTESIAN_POINT('',(39.0000000000003,-178.,17.15));
#10553=CARTESIAN_POINT('',(5.99999999984441,-178.,0.));
#10554=CARTESIAN_POINT('',(25.1270525485133,-178.,0.));
#10555=CARTESIAN_POINT('',(5.99999999984441,-178.,4.6));
#10556=CARTESIAN_POINT('',(5.99999999984441,-178.,17.15));
#10557=CARTESIAN_POINT('',(25.8116190499241,-178.,4.6));
#10558=CARTESIAN_POINT('',(15.1270525484657,-178.,4.6));
#10559=CARTESIAN_POINT('Origin',(25.8116190499241,-178.,7.6));
#10560=CARTESIAN_POINT('Origin',(25.5509765311826,-188.,70.6));
#10561=CARTESIAN_POINT('',(29.0509765311826,-188.,70.6));
#10562=CARTESIAN_POINT('Origin',(25.5509765311826,-188.,70.6));
#10563=CARTESIAN_POINT('Origin',(25.5509765311826,-188.,68.6));
#10564=CARTESIAN_POINT('',(29.0509765311826,-188.,68.6));
#10565=CARTESIAN_POINT('',(29.0509765311826,-188.,68.6));
#10566=CARTESIAN_POINT('Origin',(25.5509765311826,-188.,68.6));
#10567=CARTESIAN_POINT('Origin',(25.5509765311826,-233.25,70.6));
#10568=CARTESIAN_POINT('',(29.0509765311826,-235.,70.6));
#10569=CARTESIAN_POINT('Origin',(25.5509765311826,-235.,70.6));
#10570=CARTESIAN_POINT('Origin',(25.5509765311826,-235.,68.6));
#10571=CARTESIAN_POINT('',(29.0509765311826,-235.,68.6));
#10572=CARTESIAN_POINT('',(29.0509765311826,-235.,68.6));
#10573=CARTESIAN_POINT('Origin',(25.5509765311826,-235.,68.6));
#10574=CARTESIAN_POINT('Origin',(20.004105097031,-114.975204046952,68.6));
#10575=CARTESIAN_POINT('',(32.0000000000002,-292.,68.6));
#10576=CARTESIAN_POINT('',(20.0041050970309,-292.,68.6));
#10577=CARTESIAN_POINT('',(33.0000000000003,-291.,68.6));
#10578=CARTESIAN_POINT('Origin',(32.0000000000002,-291.,68.6));
#10579=CARTESIAN_POINT('',(33.0000000000003,-179.,68.6));
#10580=CARTESIAN_POINT('',(33.0000000000003,-70.1315867241644,68.6));
#10581=CARTESIAN_POINT('Origin',(32.0000000000003,-179.,68.6));
#10582=CARTESIAN_POINT('',(29.0509765311826,-282.,68.6));
#10583=CARTESIAN_POINT('Origin',(25.5509765311826,-282.,68.6));
#10584=CARTESIAN_POINT('Origin',(7.105427357601E-14,-273.652028050018,43.0999999999479));
#10585=CARTESIAN_POINT('',(7.105427357601E-14,-273.202993520107,44.33371223103));
#10586=CARTESIAN_POINT('',(7.105427357601E-14,-267.652447445725,59.5837122310558));
#10587=CARTESIAN_POINT('Origin',(44.6951681238736,-291.,51.2621297399293));
#10588=CARTESIAN_POINT('',(26.9686285696538,-292.,48.1364625419246));
#10589=CARTESIAN_POINT('',(30.8467756791031,-292.,62.7609134449837));
#10590=CARTESIAN_POINT('Origin',(44.6951681238736,-292.,51.2621297399293));
#10591=CARTESIAN_POINT('Origin',(26.9686285696538,-291.,48.1364625419246));
#10592=CARTESIAN_POINT('Origin',(30.8467756791031,-291.,62.7609134449837));
#10593=CARTESIAN_POINT('Origin',(20.0041050970309,-292.,34.3));
#10594=CARTESIAN_POINT('',(25.8116190499241,-292.,4.6));
#10595=CARTESIAN_POINT('Origin',(25.8116190499241,-292.,7.6));
#10596=CARTESIAN_POINT('',(5.99999999984433,-292.,4.6));
#10597=CARTESIAN_POINT('',(15.1270525484657,-292.,4.6));
#10598=CARTESIAN_POINT('',(5.99999999984433,-292.,0.));
#10599=CARTESIAN_POINT('',(5.99999999984433,-292.,17.15));
#10600=CARTESIAN_POINT('',(25.1270525485133,-292.,0.));
#10601=CARTESIAN_POINT('',(33.9473598100975,-292.,8.55811093399842));
#10602=CARTESIAN_POINT('Origin',(39.8562063281707,-292.,9.6));
#10603=CARTESIAN_POINT('',(31.9003486803631,-292.,20.1672879386162));
#10604=CARTESIAN_POINT('',(32.0000000000002,-292.,65.9550200297211));
#10605=CARTESIAN_POINT('Origin',(27.0000000000002,-292.,65.9550200297211));
#10606=CARTESIAN_POINT('',(32.0000000000002,-292.,48.95));
#10607=CARTESIAN_POINT('Origin',(7.105427357601E-14,-199.272739756508,62.0999999999781));
#10608=CARTESIAN_POINT('',(7.105427357601E-14,-193.273159152326,45.6162877688604));
#10609=CARTESIAN_POINT('',(7.105427357601E-14,-198.823705226603,60.8662877688862));
#10610=CARTESIAN_POINT('Origin',(7.105427357601E-14,-192.281793356611,49.1000000000227));
#10611=CARTESIAN_POINT('',(7.105427357601E-14,-192.730827886506,50.3337122311384));
#10612=CARTESIAN_POINT('',(7.105427357601E-14,-196.097552554345,59.5837122310993));
#10613=CARTESIAN_POINT('Origin',(7.105427357601E-14,-204.781793356611,49.1000000000227));
#10614=CARTESIAN_POINT('',(7.105427357601E-14,-205.230827886506,50.3337122311384));
#10615=CARTESIAN_POINT('',(7.105427357601E-14,-208.597552554345,59.5837122310993));
#10616=CARTESIAN_POINT('Origin',(7.105427357601E-14,-196.347971949982,43.0999999999479));
#10617=CARTESIAN_POINT('',(7.105427357601E-14,-202.347552554275,59.5837122310558));
#10618=CARTESIAN_POINT('',(7.105427357601E-14,-196.797006479893,44.33371223103));
#10619=CARTESIAN_POINT('Origin',(7.105427357601E-14,-186.636923663796,50.7625818550959));
#10620=CARTESIAN_POINT('',(7.105427357601E-14,-186.636923663698,50.7625818551316));
#10621=CARTESIAN_POINT('',(7.105427357601E-14,-189.847552554275,59.5837122310558));
#10622=CARTESIAN_POINT('Origin',(7.105427357601E-14,-270.727260243492,62.0999999999781));
#10623=CARTESIAN_POINT('',(7.105427357601E-14,-271.176294773397,60.8662877688862));
#10624=CARTESIAN_POINT('',(7.105427357601E-14,-276.726840847673,45.6162877688604));
#10625=CARTESIAN_POINT('Origin',(7.105427357601E-14,-277.718206643389,49.1000000000227));
#10626=CARTESIAN_POINT('',(7.105427357601E-14,-277.269172113494,50.3337122311384));
#10627=CARTESIAN_POINT('',(7.105427357601E-14,-273.902447445655,59.5837122310993));
#10628=CARTESIAN_POINT('Origin',(7.105427357601E-14,-266.531095777413,50.9750000000239));
#10629=CARTESIAN_POINT('',(7.105427357601E-14,-264.769172113494,50.3337122311384));
#10630=CARTESIAN_POINT('',(7.105427357601E-14,-268.293019441203,51.6162877689057));
#10631=CARTESIAN_POINT('Origin',(7.105427357601E-14,-265.218206643389,49.1000000000227));
#10632=CARTESIAN_POINT('',(7.105427357601E-14,-261.402447445655,59.5837122310993));
#10633=CARTESIAN_POINT('Origin',(7.105427357601E-14,-279.031095777413,50.9750000000239));
#10634=CARTESIAN_POINT('',(7.105427357601E-14,-280.793019441203,51.6162877689057));
#10635=CARTESIAN_POINT('Origin',(7.105427357601E-14,-283.363076336204,50.7625818550959));
#10636=CARTESIAN_POINT('',(7.105427357601E-14,-283.363076336302,50.7625818551316));
#10637=CARTESIAN_POINT('',(7.105427357601E-14,-280.152447445725,59.5837122310558));
#10638=CARTESIAN_POINT('Origin',(28.3231179211062,-258.75,46.21354219131));
#10639=CARTESIAN_POINT('',(32.5948630917127,-258.75,21.9872714672097));
#10640=CARTESIAN_POINT('',(28.3231179211062,-258.75,46.21354219131));
#10641=CARTESIAN_POINT('Origin',(7.105427357601E-14,-270.082183112885,6.87499999995457));
#10642=CARTESIAN_POINT('',(28.4824349799921,-268.320259448988,6.23371223100875));
#10643=CARTESIAN_POINT('',(7.105427357601E-14,-268.320259448988,6.23371223100876));
#10644=CARTESIAN_POINT('',(28.8104508662082,-271.844106777257,7.51628776886312));
#10645=CARTESIAN_POINT('Ctrl Pts',(28.8104508662041,-271.844106776849,7.51628776871489));
#10646=CARTESIAN_POINT('Ctrl Pts',(28.8059541717591,-271.902737120271,7.35520222407463));
#10647=CARTESIAN_POINT('Ctrl Pts',(28.7882051709494,-271.938401279953,7.1886903670388));
#10648=CARTESIAN_POINT('Ctrl Pts',(28.7110758978254,-271.969002794252,6.79663534840823));
#10649=CARTESIAN_POINT('Ctrl Pts',(28.6413451014531,-271.945633288583,6.57918420610568));
#10650=CARTESIAN_POINT('Ctrl Pts',(28.4447189760044,-271.824188657977,6.13909597302709));
#10651=CARTESIAN_POINT('Ctrl Pts',(28.3126282117107,-271.715858414275,5.92726720754191));
#10652=CARTESIAN_POINT('Ctrl Pts',(28.0085495495921,-271.424139737561,5.54039553202117));
#10653=CARTESIAN_POINT('Ctrl Pts',(27.8269055779506,-271.227587183758,5.36826594877425));
#10654=CARTESIAN_POINT('Ctrl Pts',(27.5516507098588,-270.843641272761,5.15186606997438));
#10655=CARTESIAN_POINT('Ctrl Pts',(27.4400190426588,-270.658827520462,5.07917910803508));
#10656=CARTESIAN_POINT('Ctrl Pts',(27.3726455793432,-270.458375215665,5.03812643277431));
#10657=CARTESIAN_POINT('Ctrl Pts',(27.3322209727598,-270.338102260093,5.01349450552965));
#10658=CARTESIAN_POINT('Ctrl Pts',(27.3082820045547,-270.212453756438,4.99999999995457));
#10659=CARTESIAN_POINT('Ctrl Pts',(27.3082820045547,-270.082183112885,4.99999999995457));
#10660=CARTESIAN_POINT('Ctrl Pts',(27.3082820045547,-269.951912469332,4.99999999995457));
#10661=CARTESIAN_POINT('Ctrl Pts',(27.3322268434499,-269.826266530088,5.0134973933968));
#10662=CARTESIAN_POINT('Ctrl Pts',(27.4130643140222,-269.585715489449,5.06275547086894));
#10663=CARTESIAN_POINT('Ctrl Pts',(27.469664445227,-269.470724159792,5.09857459401468));
#10664=CARTESIAN_POINT('Ctrl Pts',(27.6637344820833,-269.143663761319,5.23470013225621));
#10665=CARTESIAN_POINT('Ctrl Pts',(27.8238741401487,-268.949293155027,5.36528695513249));
#10666=CARTESIAN_POINT('Ctrl Pts',(28.1198899598433,-268.626529118256,5.67140107834174));
#10667=CARTESIAN_POINT('Ctrl Pts',(28.2802147358511,-268.476065163165,5.87402689465311));
#10668=CARTESIAN_POINT('Ctrl Pts',(28.4379421336543,-268.352751566621,6.14925923485808));
#10669=CARTESIAN_POINT('Ctrl Pts',(28.460629069863,-268.335774094734,6.19108609216442));
#10670=CARTESIAN_POINT('Ctrl Pts',(28.4824349799921,-268.320259448988,6.23371223100885));
#10671=CARTESIAN_POINT('',(7.105427357601E-14,-271.844106777257,7.51628776886312));
#10672=CARTESIAN_POINT('Origin',(7.105427357601E-14,-269.414371109631,60.2249999999764));
#10673=CARTESIAN_POINT('Origin',(7.105427357601E-14,-200.585628890369,60.2249999999764));
#10674=CARTESIAN_POINT('Origin',(7.105427357601E-14,-193.022739756508,62.0999999999865));
#10675=CARTESIAN_POINT('',(7.105427357601E-14,-192.573705226615,60.8662877688666));
#10676=CARTESIAN_POINT('',(7.105427357601E-14,-189.206980558797,51.6162877689057));
#10677=CARTESIAN_POINT('Origin',(7.105427357601E-14,-194.335628890535,60.2249999999848));
#10678=CARTESIAN_POINT('Origin',(7.105427357601E-14,-205.522739756508,62.0999999999865));
#10679=CARTESIAN_POINT('',(7.105427357601E-14,-205.073705226615,60.8662877688666));
#10680=CARTESIAN_POINT('',(7.105427357601E-14,-201.706980558797,51.6162877689057));
#10681=CARTESIAN_POINT('Origin',(7.105427357601E-14,-206.835628890535,60.2249999999848));
#10682=CARTESIAN_POINT('Origin',(7.105427357601E-14,-186.772739756508,62.0999999999781));
#10683=CARTESIAN_POINT('',(7.105427357601E-14,-186.323705226603,60.8662877688862));
#10684=CARTESIAN_POINT('',(7.105427357601E-14,-183.113076322587,52.0451573558501));
#10685=CARTESIAN_POINT('Origin',(7.105427357601E-14,-188.085628890513,60.2249999999764));
#10686=CARTESIAN_POINT('Origin',(7.105427357601E-14,-275.664371109465,60.2249999999848));
#10687=CARTESIAN_POINT('',(7.105427357601E-14,-277.426294773385,60.8662877688666));
#10688=CARTESIAN_POINT('Origin',(7.105427357601E-14,-263.164371109465,60.2249999999848));
#10689=CARTESIAN_POINT('',(7.105427357601E-14,-264.926294773385,60.8662877688666));
#10690=CARTESIAN_POINT('Origin',(7.105427357601E-14,-281.914371109487,60.2249999999764));
#10691=CARTESIAN_POINT('',(7.105427357601E-14,-283.676294773397,60.8662877688862));
#10692=CARTESIAN_POINT('Origin',(25.5509765311826,-282.,68.6));
#10693=CARTESIAN_POINT('',(29.0509765311826,-282.,70.6));
#10694=CARTESIAN_POINT('Origin',(25.5509765311826,-282.,70.6));
#10695=CARTESIAN_POINT('',(29.0509765311826,-282.,68.6));
#10696=CARTESIAN_POINT('Origin',(25.5509765311826,-282.,70.6));
#10697=CARTESIAN_POINT('Origin',(27.0000000000002,-291.,65.9550200297211));
#10698=CARTESIAN_POINT('',(33.0000000000003,-291.,65.9550200297211));
#10699=CARTESIAN_POINT('Origin',(32.0000000000002,-291.,65.9550200297211));
#10700=CARTESIAN_POINT('Origin',(27.0000000000002,-291.,65.9550200297211));
#10701=CARTESIAN_POINT('Origin',(32.0000000000002,-291.,48.95));
#10702=CARTESIAN_POINT('',(33.0000000000003,-291.,48.95));
#10703=CARTESIAN_POINT('Origin',(7.105427357601E-14,-285.1250000001,51.4038696240557));
#10704=CARTESIAN_POINT('',(7.105427357601E-14,-286.886923677413,52.0451573558501));
#10705=CARTESIAN_POINT('Origin',(7.105427357601E-14,-283.227260243492,62.0999999999781));
#10706=CARTESIAN_POINT('Origin',(7.105427357601E-14,-264.477260243492,62.0999999999865));
#10707=CARTESIAN_POINT('Origin',(7.105427357601E-14,-276.977260243492,62.0999999999865));
#10708=CARTESIAN_POINT('Origin',(27.0000000000003,-179.,65.9550200297211));
#10709=CARTESIAN_POINT('',(33.0000000000003,-179.,65.9550200297211));
#10710=CARTESIAN_POINT('Origin',(32.0000000000003,-179.,65.9550200297211));
#10711=CARTESIAN_POINT('Origin',(27.0000000000003,-179.,65.9550200297211));
#10712=CARTESIAN_POINT('Origin',(32.0000000000003,-179.,48.95));
#10713=CARTESIAN_POINT('',(33.0000000000003,-179.,48.95));
#10714=CARTESIAN_POINT('Origin',(27.0000000000003,-67.8710890154473,65.9550200297211));
#10715=CARTESIAN_POINT('',(33.0000000000003,-67.8710890154473,65.9550200297211));
#10716=CARTESIAN_POINT('Origin',(33.0000000000003,-25.2879694013765,63.6));
#10717=CARTESIAN_POINT('Origin',(7.105427357601E-14,-184.8749999999,51.4038696240557));
#10718=CARTESIAN_POINT('Origin',(7.105427357601E-14,-203.468904222587,50.9750000000239));
#10719=CARTESIAN_POINT('Origin',(7.105427357601E-14,-190.968904222587,50.9750000000239));
#10720=CARTESIAN_POINT('Origin',(7.105427357601E-14,-187.417816886695,6.87500000001957));
#10721=CARTESIAN_POINT('',(28.8104508662114,-185.655893221872,7.51628776897588));
#10722=CARTESIAN_POINT('',(7.105427357601E-14,-185.655893221872,7.51628776897587));
#10723=CARTESIAN_POINT('',(28.4824349800196,-189.179740550588,6.23371223106268));
#10724=CARTESIAN_POINT('Ctrl Pts',(28.8104508662114,-185.655893221872,7.5162877689759));
#10725=CARTESIAN_POINT('Ctrl Pts',(28.804564716316,-185.579146403688,7.30542761908178));
#10726=CARTESIAN_POINT('Ctrl Pts',(28.7742390862875,-185.542816885766,7.0819557904804));
#10727=CARTESIAN_POINT('Ctrl Pts',(28.6565315824432,-185.542816885766,6.60932720783538));
#10728=CARTESIAN_POINT('Ctrl Pts',(28.5487979579793,-185.601716627648,6.34270126447102));
#10729=CARTESIAN_POINT('Ctrl Pts',(28.2802147359003,-185.811698936043,5.87402689472415));
#10730=CARTESIAN_POINT('Ctrl Pts',(28.1198899599017,-185.962162891132,5.67140107841232));
#10731=CARTESIAN_POINT('Ctrl Pts',(27.8238741402242,-186.284926927903,5.36528695520087));
#10732=CARTESIAN_POINT('Ctrl Pts',(27.663734482168,-186.479297534196,5.23470013232292));
#10733=CARTESIAN_POINT('Ctrl Pts',(27.4696644453252,-186.806357932672,5.09857459407987));
#10734=CARTESIAN_POINT('Ctrl Pts',(27.4130643141249,-186.921349262331,5.06275547093377));
#10735=CARTESIAN_POINT('Ctrl Pts',(27.3322268435599,-187.161900302971,5.01349739346154));
#10736=CARTESIAN_POINT('Ctrl Pts',(27.3082820046676,-187.287546242214,5.00000000001957));
#10737=CARTESIAN_POINT('Ctrl Pts',(27.3082820046676,-187.417816885766,5.00000000001957));
#10738=CARTESIAN_POINT('Ctrl Pts',(27.3082820046676,-187.548087529317,5.00000000001957));
#10739=CARTESIAN_POINT('Ctrl Pts',(27.3322268435599,-187.67373346856,5.01349739346154));
#10740=CARTESIAN_POINT('Ctrl Pts',(27.3726455788424,-187.794008988881,5.03812643219766));
#10741=CARTESIAN_POINT('Ctrl Pts',(27.4329952067259,-187.973563686894,5.07489927379152));
#10742=CARTESIAN_POINT('Ctrl Pts',(27.5288076107674,-188.140044101274,5.13684206087409));
#10743=CARTESIAN_POINT('Ctrl Pts',(27.7771798201875,-188.501985312877,5.32596764054778));
#10744=CARTESIAN_POINT('Ctrl Pts',(27.9472961057854,-188.692892579325,5.47959394951278));
#10745=CARTESIAN_POINT('Ctrl Pts',(28.2402054041304,-188.986492620013,5.82577830082864));
#10746=CARTESIAN_POINT('Ctrl Pts',(28.3718888710784,-189.101088307742,6.01761697239984));
#10747=CARTESIAN_POINT('Ctrl Pts',(28.4824349801437,-189.179740549747,6.23371223130527));
#10748=CARTESIAN_POINT('',(7.105427357601E-14,-189.179740550588,6.23371223106269));
#10749=CARTESIAN_POINT('Origin',(7.105427357601E-14,-188.730706020663,5.00000000001964));
#10750=CARTESIAN_POINT('Origin',(25.8116190499241,-189.677028630118,7.6));
#10751=CARTESIAN_POINT('',(7.105427357601E-14,-194.730286625305,21.4837122310304));
#10752=CARTESIAN_POINT('Origin',(7.105427357601E-14,-187.199216007072,46.0999999999574));
#10753=CARTESIAN_POINT('',(7.105427357601E-14,-186.750181477145,44.8662877689165));
#10754=CARTESIAN_POINT('',(7.105427357601E-14,-183.113076349615,34.8734235627856));
#10755=CARTESIAN_POINT('Origin',(7.105427357601E-14,-191.265394600394,40.0999999999655));
#10756=CARTESIAN_POINT('',(7.105427357601E-14,-190.816360070468,38.8662877689214));
#10757=CARTESIAN_POINT('',(7.105427357601E-14,-185.2294169723,23.5162877689545));
#10758=CARTESIAN_POINT('Origin',(7.105427357601E-14,-192.968362960477,22.1249999999873));
#10759=CARTESIAN_POINT('',(7.105427357601E-14,-191.206439296583,22.7662877689436));
#10760=CARTESIAN_POINT('Origin',(7.105427357601E-14,-191.655473826509,23.9999999999878));
#10761=CARTESIAN_POINT('Origin',(25.8116190499241,-185.686361982221,7.6));
#10762=CARTESIAN_POINT('Origin',(7.105427357601E-14,-204.155473826918,23.9999999999991));
#10763=CARTESIAN_POINT('',(7.105427357601E-14,-203.706439297014,22.7662877689078));
#10764=CARTESIAN_POINT('',(28.8104508662082,-198.155893222743,7.51628776886312));
#10765=CARTESIAN_POINT('Origin',(25.8116190499241,-198.18636198313,7.6));
#10766=CARTESIAN_POINT('',(7.105427357601E-14,-198.155893222743,7.51628776886312));
#10767=CARTESIAN_POINT('Origin',(7.105427357601E-14,-193.667816885817,6.87500000001383));
#10768=CARTESIAN_POINT('',(28.8104508662113,-191.905893221631,7.51628776897383));
#10769=CARTESIAN_POINT('',(7.105427357601E-14,-191.905893221631,7.51628776897382));
#10770=CARTESIAN_POINT('',(28.4824349800161,-195.42974054971,6.23371223105572));
#10771=CARTESIAN_POINT('Ctrl Pts',(28.8104508662113,-191.905893221631,7.51628776897384));
#10772=CARTESIAN_POINT('Ctrl Pts',(28.8045647163157,-191.829146403446,7.30542761907858));
#10773=CARTESIAN_POINT('Ctrl Pts',(28.7742390862868,-191.792816885523,7.08195579047581));
#10774=CARTESIAN_POINT('Ctrl Pts',(28.6565315824411,-191.792816885523,6.60932720782936));
#10775=CARTESIAN_POINT('Ctrl Pts',(28.5487979579764,-191.851716627405,6.34270126446485));
#10776=CARTESIAN_POINT('Ctrl Pts',(28.2802147358959,-192.0616989358,5.87402689471789));
#10777=CARTESIAN_POINT('Ctrl Pts',(28.1198899598966,-192.212162890889,5.6714010784061));
#10778=CARTESIAN_POINT('Ctrl Pts',(27.8238741402176,-192.534926927661,5.36528695519483));
#10779=CARTESIAN_POINT('Ctrl Pts',(27.6637344821605,-192.729297533954,5.23470013231703));
#10780=CARTESIAN_POINT('Ctrl Pts',(27.4696644453165,-193.056357932429,5.09857459407412));
#10781=CARTESIAN_POINT('Ctrl Pts',(27.4130643141158,-193.171349262088,5.06275547092805));
#10782=CARTESIAN_POINT('Ctrl Pts',(27.3322268435502,-193.411900302728,5.01349739345583));
#10783=CARTESIAN_POINT('Ctrl Pts',(27.3082820046577,-193.537546241971,5.00000000001383));
#10784=CARTESIAN_POINT('Ctrl Pts',(27.3082820046577,-193.667816885523,5.00000000001383));
#10785=CARTESIAN_POINT('Ctrl Pts',(27.3082820046577,-193.798087529074,5.00000000001383));
#10786=CARTESIAN_POINT('Ctrl Pts',(27.3322268435502,-193.923733468318,5.01349739345583));
#10787=CARTESIAN_POINT('Ctrl Pts',(27.372645578833,-194.044008988638,5.03812643219194));
#10788=CARTESIAN_POINT('Ctrl Pts',(27.4329952067198,-194.223563686659,5.07489927378748));
#10789=CARTESIAN_POINT('Ctrl Pts',(27.5288076107681,-194.390044101046,5.13684206087412));
#10790=CARTESIAN_POINT('Ctrl Pts',(27.7771798201997,-194.751985312658,5.32596764055777));
#10791=CARTESIAN_POINT('Ctrl Pts',(27.9472961058028,-194.942892579107,5.4795939495293));
#10792=CARTESIAN_POINT('Ctrl Pts',(28.2402054041069,-195.236492619748,5.82577830080443));
#10793=CARTESIAN_POINT('Ctrl Pts',(28.3718888710141,-195.351088307445,6.01761697230853));
#10794=CARTESIAN_POINT('Ctrl Pts',(28.4824349800554,-195.429740549443,6.23371223113255));
#10795=CARTESIAN_POINT('',(7.105427357601E-14,-195.42974054971,6.23371223105571));
#10796=CARTESIAN_POINT('Origin',(7.105427357601E-14,-194.980706019784,5.00000000001357));
#10797=CARTESIAN_POINT('Origin',(25.8116190499241,-195.927028629243,7.6));
#10798=CARTESIAN_POINT('',(7.105427357601E-14,-198.796465217976,15.4837122310046));
#10799=CARTESIAN_POINT('Origin',(7.105427357601E-14,-196.738051176611,27.0000000000011));
#10800=CARTESIAN_POINT('',(7.105427357601E-14,-197.187085706537,28.2337122310422));
#10801=CARTESIAN_POINT('',(7.105427357601E-14,-202.774028804709,43.5837122309984));
#10802=CARTESIAN_POINT('Origin',(7.105427357601E-14,-203.765394600394,40.0999999999655));
#10803=CARTESIAN_POINT('',(7.105427357601E-14,-197.7294169723,23.5162877689545));
#10804=CARTESIAN_POINT('Origin',(7.105427357601E-14,-195.035082815987,44.9749999999506));
#10805=CARTESIAN_POINT('Origin',(7.105427357601E-14,-199.491340635825,22.8749999999966));
#10806=CARTESIAN_POINT('',(7.105427357601E-14,-201.253264299717,22.2337122310384));
#10807=CARTESIAN_POINT('Origin',(7.105427357601E-14,-200.804229769791,20.9999999999966));
#10808=CARTESIAN_POINT('Origin',(7.105427357601E-14,-195.425162042861,28.8750000000011));
#10809=CARTESIAN_POINT('',(7.105427357601E-14,-193.663238378969,29.5162877689604));
#10810=CARTESIAN_POINT('Origin',(7.105427357601E-14,-201.012105141038,44.2249999999572));
#10811=CARTESIAN_POINT('',(7.105427357601E-14,-199.250181477145,44.8662877689165));
#10812=CARTESIAN_POINT('Origin',(7.105427357601E-14,-199.699216007072,46.0999999999574));
#10813=CARTESIAN_POINT('Origin',(7.105427357601E-14,-188.512105140817,44.2249999999572));
#10814=CARTESIAN_POINT('',(7.105427357601E-14,-190.274028804709,43.5837122309984));
#10815=CARTESIAN_POINT('Origin',(7.105427357601E-14,-197.034541553801,16.1249999999627));
#10816=CARTESIAN_POINT('',(7.105427357601E-14,-195.272617889909,16.7662877689227));
#10817=CARTESIAN_POINT('Origin',(7.105427357601E-14,-195.721652419836,17.9999999999644));
#10818=CARTESIAN_POINT('Origin',(25.8116190499241,-191.93636198198,7.6));
#10819=CARTESIAN_POINT('Origin',(7.105427357601E-14,-186.991340635825,22.8749999999966));
#10820=CARTESIAN_POINT('',(7.105427357601E-14,-188.753264299717,22.2337122310384));
#10821=CARTESIAN_POINT('Origin',(7.105427357601E-14,-188.304229769791,20.9999999999966));
#10822=CARTESIAN_POINT('',(7.105427357601E-14,-194.340207397888,37.5837122310052));
#10823=CARTESIAN_POINT('Origin',(7.105427357601E-14,-192.578283733995,38.2249999999635));
#10824=CARTESIAN_POINT('Origin',(7.105427357601E-14,-199.917816887115,6.87499999995457));
#10825=CARTESIAN_POINT('',(28.4824349799921,-201.679740551012,6.23371223100875));
#10826=CARTESIAN_POINT('Ctrl Pts',(28.8104508662082,-198.155893222743,7.51628776886312));
#10827=CARTESIAN_POINT('Ctrl Pts',(28.8045647163053,-198.07914640457,7.30542761898264));
#10828=CARTESIAN_POINT('Ctrl Pts',(28.7742390862722,-198.042816886654,7.0819557903992));
#10829=CARTESIAN_POINT('Ctrl Pts',(28.65653158242,-198.042816886654,6.60932720776731));
#10830=CARTESIAN_POINT('Ctrl Pts',(28.5487979579477,-198.101716628537,6.3427012644012));
#10831=CARTESIAN_POINT('Ctrl Pts',(28.2802147358511,-198.311698936935,5.87402689465309));
#10832=CARTESIAN_POINT('Ctrl Pts',(28.1198899598433,-198.462162892025,5.67140107834174));
#10833=CARTESIAN_POINT('Ctrl Pts',(27.8238741401487,-198.784926928796,5.36528695513249));
#10834=CARTESIAN_POINT('Ctrl Pts',(27.6637344820834,-198.979297535088,5.23470013225624));
#10835=CARTESIAN_POINT('Ctrl Pts',(27.469664445227,-199.306357933561,5.0985745940147));
#10836=CARTESIAN_POINT('Ctrl Pts',(27.4130643140222,-199.421349263218,5.06275547086894));
#10837=CARTESIAN_POINT('Ctrl Pts',(27.3322268434499,-199.661900303857,5.0134973933968));
#10838=CARTESIAN_POINT('Ctrl Pts',(27.3082820045547,-199.787546243101,4.99999999995457));
#10839=CARTESIAN_POINT('Ctrl Pts',(27.3082820045547,-199.917816886654,4.99999999995457));
#10840=CARTESIAN_POINT('Ctrl Pts',(27.3082820045547,-200.048087530207,4.99999999995457));
#10841=CARTESIAN_POINT('Ctrl Pts',(27.3322268434499,-200.17373346945,5.0134973933968));
#10842=CARTESIAN_POINT('Ctrl Pts',(27.372645578736,-200.29400898977,5.03812643213287));
#10843=CARTESIAN_POINT('Ctrl Pts',(27.4329952066298,-200.473563687796,5.07489927372951));
#10844=CARTESIAN_POINT('Ctrl Pts',(27.5288076106894,-200.640044102188,5.13684206081886));
#10845=CARTESIAN_POINT('Ctrl Pts',(27.7771798201473,-201.001985313809,5.32596764051105));
#10846=CARTESIAN_POINT('Ctrl Pts',(27.9472961057682,-201.192892580265,5.47959394949237));
#10847=CARTESIAN_POINT('Ctrl Pts',(28.2402054040944,-201.486492620907,5.8257783007862));
#10848=CARTESIAN_POINT('Ctrl Pts',(28.371888871008,-201.601088308601,6.01761697229727));
#10849=CARTESIAN_POINT('Ctrl Pts',(28.4824349800537,-201.679740550595,6.23371223112917));
#10850=CARTESIAN_POINT('',(7.105427357601E-14,-201.679740551012,6.23371223100876));
#10851=CARTESIAN_POINT('Origin',(7.105427357601E-14,-201.230706021091,4.9999999999511));
#10852=CARTESIAN_POINT('Origin',(25.8116190499241,-202.177028630552,7.6));
#10853=CARTESIAN_POINT('',(7.105427357601E-14,-207.230286625648,21.4837122310534));
#10854=CARTESIAN_POINT('Origin',(7.105427357601E-14,-205.468362961751,22.1249999999992));
#10855=CARTESIAN_POINT('Origin',(7.105427357601E-14,-184.874999999897,34.2321357567325));
#10856=CARTESIAN_POINT('',(7.105427357601E-14,-186.636923663693,33.5908479878092));
#10857=CARTESIAN_POINT('Origin',(7.105427357601E-14,-186.636923663692,33.5908479878096));
#10858=CARTESIAN_POINT('Origin',(25.8116190499241,-195.25,7.6));
#10859=CARTESIAN_POINT('',(25.8116190499241,-195.25,4.6));
#10860=CARTESIAN_POINT('',(28.8104508662114,-284.344106778128,7.51628776897588));
#10861=CARTESIAN_POINT('Origin',(25.8116190499241,-284.313638017779,7.6));
#10862=CARTESIAN_POINT('',(28.4824349800196,-280.820259449412,6.23371223106268));
#10863=CARTESIAN_POINT('Ctrl Pts',(28.810450866203,-284.344106777307,7.51628776867731));
#10864=CARTESIAN_POINT('Ctrl Pts',(28.8059541717566,-284.402737120712,7.355202224055));
#10865=CARTESIAN_POINT('Ctrl Pts',(28.7882051709482,-284.438401280382,7.18869036703966));
#10866=CARTESIAN_POINT('Ctrl Pts',(28.7110758978313,-284.46900279467,6.79663534842923));
#10867=CARTESIAN_POINT('Ctrl Pts',(28.6413451014604,-284.445633288996,6.57918420612618));
#10868=CARTESIAN_POINT('Ctrl Pts',(28.4447189760157,-284.324188658379,6.13909597304754));
#10869=CARTESIAN_POINT('Ctrl Pts',(28.3126282117244,-284.21585841467,5.92726720756277));
#10870=CARTESIAN_POINT('Ctrl Pts',(28.0085495496247,-283.924139737951,5.54039553205859));
#10871=CARTESIAN_POINT('Ctrl Pts',(27.8269055780027,-283.727587184155,5.36826594882319));
#10872=CARTESIAN_POINT('Ctrl Pts',(27.5516507099417,-283.343641273167,5.15186607003396));
#10873=CARTESIAN_POINT('Ctrl Pts',(27.4400190427565,-283.158827520874,5.07917910809844));
#10874=CARTESIAN_POINT('Ctrl Pts',(27.3726455794495,-282.958375216084,5.03812643283908));
#10875=CARTESIAN_POINT('Ctrl Pts',(27.3322209728698,-282.838102260511,5.01349450559438));
#10876=CARTESIAN_POINT('Ctrl Pts',(27.3082820046676,-282.712453756856,5.00000000001957));
#10877=CARTESIAN_POINT('Ctrl Pts',(27.3082820046676,-282.582183113305,5.00000000001957));
#10878=CARTESIAN_POINT('Ctrl Pts',(27.3082820046676,-282.451912469753,5.00000000001957));
#10879=CARTESIAN_POINT('Ctrl Pts',(27.3322268435599,-282.32626653051,5.01349739346154));
#10880=CARTESIAN_POINT('Ctrl Pts',(27.4130643141248,-282.08571548987,5.06275547093377));
#10881=CARTESIAN_POINT('Ctrl Pts',(27.4696644453251,-281.970724160211,5.09857459407987));
#10882=CARTESIAN_POINT('Ctrl Pts',(27.663734482168,-281.643663761735,5.2347001323229));
#10883=CARTESIAN_POINT('Ctrl Pts',(27.8238741402242,-281.449293155442,5.36528695520087));
#10884=CARTESIAN_POINT('Ctrl Pts',(28.1198899599017,-281.126529118671,5.67140107841233));
#10885=CARTESIAN_POINT('Ctrl Pts',(28.2802147359003,-280.976065163582,5.87402689472416));
#10886=CARTESIAN_POINT('Ctrl Pts',(28.4379421336902,-280.852751567041,6.14925923492326));
#10887=CARTESIAN_POINT('Ctrl Pts',(28.4606290698946,-280.835774095157,6.19108609222409));
#10888=CARTESIAN_POINT('Ctrl Pts',(28.4824349800197,-280.820259449412,6.23371223106278));
#10889=CARTESIAN_POINT('Origin',(25.8116190499241,-280.322971369882,7.6));
#10890=CARTESIAN_POINT('',(28.8104508662113,-278.094106778369,7.51628776897383));
#10891=CARTESIAN_POINT('Origin',(25.8116190499241,-278.063638018019,7.6));
#10892=CARTESIAN_POINT('',(28.4824349800161,-274.57025945029,6.23371223105572));
#10893=CARTESIAN_POINT('Ctrl Pts',(28.8104508662087,-278.094106778109,7.51628776887923));
#10894=CARTESIAN_POINT('Ctrl Pts',(28.8059541717712,-278.15273712156,7.3552022241898));
#10895=CARTESIAN_POINT('Ctrl Pts',(28.788205170961,-278.188401281255,7.18869036710079));
#10896=CARTESIAN_POINT('Ctrl Pts',(28.7110758978275,-278.219002795548,6.79663534841536));
#10897=CARTESIAN_POINT('Ctrl Pts',(28.6413451014554,-278.195633289873,6.5791842061121));
#10898=CARTESIAN_POINT('Ctrl Pts',(28.4447189760082,-278.074188659253,6.13909597303419));
#10899=CARTESIAN_POINT('Ctrl Pts',(28.3126282117159,-277.965858415544,5.92726720755021));
#10900=CARTESIAN_POINT('Ctrl Pts',(28.0085495496148,-277.674139738824,5.54039553204814));
#10901=CARTESIAN_POINT('Ctrl Pts',(27.8269055779923,-277.477587185028,5.36826594881383));
#10902=CARTESIAN_POINT('Ctrl Pts',(27.5516507099316,-277.093641274042,5.15186607002689));
#10903=CARTESIAN_POINT('Ctrl Pts',(27.440019042747,-276.90882752175,5.07917910809234));
#10904=CARTESIAN_POINT('Ctrl Pts',(27.3726455794401,-276.708375216962,5.03812643283336));
#10905=CARTESIAN_POINT('Ctrl Pts',(27.3322209728601,-276.588102261389,5.01349450558866));
#10906=CARTESIAN_POINT('Ctrl Pts',(27.3082820046577,-276.462453757734,5.00000000001383));
#10907=CARTESIAN_POINT('Ctrl Pts',(27.3082820046577,-276.332183114183,5.00000000001383));
#10908=CARTESIAN_POINT('Ctrl Pts',(27.3082820046577,-276.201912470631,5.00000000001383));
#10909=CARTESIAN_POINT('Ctrl Pts',(27.3322268435501,-276.076266531388,5.01349739345583));
#10910=CARTESIAN_POINT('Ctrl Pts',(27.4130643141158,-275.835715490748,5.06275547092805));
#10911=CARTESIAN_POINT('Ctrl Pts',(27.4696644453164,-275.720724161089,5.09857459407412));
#10912=CARTESIAN_POINT('Ctrl Pts',(27.6637344821605,-275.393663762614,5.23470013231703));
#10913=CARTESIAN_POINT('Ctrl Pts',(27.8238741402175,-275.199293156321,5.36528695519483));
#10914=CARTESIAN_POINT('Ctrl Pts',(28.1198899598965,-274.876529119549,5.6714010784061));
#10915=CARTESIAN_POINT('Ctrl Pts',(28.2802147358959,-274.72606516446,5.87402689471789));
#10916=CARTESIAN_POINT('Ctrl Pts',(28.4379421336866,-274.602751567919,6.1492592349168));
#10917=CARTESIAN_POINT('Ctrl Pts',(28.460629069891,-274.585774096035,6.19108609221738));
#10918=CARTESIAN_POINT('Ctrl Pts',(28.4824349800161,-274.57025945029,6.23371223105582));
#10919=CARTESIAN_POINT('Origin',(25.8116190499241,-274.072971370757,7.6));
#10920=CARTESIAN_POINT('Origin',(25.8116190499241,-271.81363801687,7.6));
#10921=CARTESIAN_POINT('Origin',(25.8116190499241,-267.822971369448,7.6));
#10922=CARTESIAN_POINT('Origin',(5.99999999984433,-184.,17.15));
#10923=CARTESIAN_POINT('',(-1.55608859131462E-10,-183.999999999995,0.));
#10924=CARTESIAN_POINT('Origin',(5.99999999984433,-184.,0.));
#10925=CARTESIAN_POINT('',(-1.55608859131462E-10,-183.999999999995,4.6));
#10926=CARTESIAN_POINT('',(-1.55608859131462E-10,-183.999999999995,17.15));
#10927=CARTESIAN_POINT('Origin',(5.99999999984433,-184.,4.6));
#10928=CARTESIAN_POINT('Origin',(10.2499999999004,-155.5,4.6));
#10929=CARTESIAN_POINT('',(-1.55679913405038E-10,-286.000000000005,4.6));
#10930=CARTESIAN_POINT('',(-6.30251406619209E-11,-75.9999999999999,4.6));
#10931=CARTESIAN_POINT('Origin',(5.99999999984433,-286.,4.6));
#10932=CARTESIAN_POINT('',(7.30000000000167,-235.,4.6));
#10933=CARTESIAN_POINT('Origin',(10.0000000000009,-235.,4.6));
#10934=CARTESIAN_POINT('',(7.30000000000061,-282.,4.6));
#10935=CARTESIAN_POINT('Origin',(10.0000000000006,-282.,4.6));
#10936=CARTESIAN_POINT('',(7.30000000000068,-188.,4.6));
#10937=CARTESIAN_POINT('Origin',(10.0000000000006,-188.,4.6));
#10938=CARTESIAN_POINT('Origin',(-6.30251406619209E-11,-75.9999999999999,
0.));
#10939=CARTESIAN_POINT('',(-1.55679913405038E-10,-286.000000000005,0.));
#10940=CARTESIAN_POINT('',(-6.30251406619209E-11,-75.9999999999999,0.));
#10941=CARTESIAN_POINT('',(-1.55679913405038E-10,-286.000000000005,17.15));
#10942=CARTESIAN_POINT('Origin',(40.0000000000002,-235.,0.));
#10943=CARTESIAN_POINT('',(40.0000000000003,-179.,0.));
#10944=CARTESIAN_POINT('',(40.0000000000003,-179.,17.15));
#10945=CARTESIAN_POINT('',(40.,-467.,0.));
#10946=CARTESIAN_POINT('Origin',(10.0000000000006,-188.,0.));
#10947=CARTESIAN_POINT('',(7.30000000000068,-188.,0.));
#10948=CARTESIAN_POINT('',(7.30000000000064,-188.,0.));
#10949=CARTESIAN_POINT('Origin',(10.0000000000006,-188.,0.));
#10950=CARTESIAN_POINT('Origin',(10.0000000000009,-235.,0.));
#10951=CARTESIAN_POINT('',(7.30000000000167,-235.,0.));
#10952=CARTESIAN_POINT('',(7.30000000000174,-235.,0.));
#10953=CARTESIAN_POINT('Origin',(10.0000000000009,-235.,0.));
#10954=CARTESIAN_POINT('Origin',(31.9003486803631,-179.,20.1672879386162));
#10955=CARTESIAN_POINT('Origin',(33.9473598100975,-179.,8.55811093399842));
#10956=CARTESIAN_POINT('Origin',(39.8562063281708,-179.,9.6));
#10957=CARTESIAN_POINT('Origin',(39.0000000000003,-179.,17.15));
#10958=CARTESIAN_POINT('Origin',(39.0000000000003,-179.,0.));
#10959=CARTESIAN_POINT('Origin',(7.105427357601E-14,-282.582183113305,6.87500000001957));
#10960=CARTESIAN_POINT('',(7.105427357601E-14,-284.344106778128,7.51628776897587));
#10961=CARTESIAN_POINT('',(7.105427357601E-14,-280.820259449412,6.23371223106269));
#10962=CARTESIAN_POINT('Origin',(7.105427357601E-14,-281.269293979337,5.00000000001964));
#10963=CARTESIAN_POINT('',(7.105427357601E-14,-275.269713374695,21.4837122310304));
#10964=CARTESIAN_POINT('Origin',(7.105427357601E-14,-282.800783992928,46.0999999999574));
#10965=CARTESIAN_POINT('',(7.105427357601E-14,-283.249818522855,44.8662877689165));
#10966=CARTESIAN_POINT('',(7.105427357601E-14,-286.886923650384,34.8734235627856));
#10967=CARTESIAN_POINT('Origin',(7.105427357601E-14,-278.734605399606,40.0999999999655));
#10968=CARTESIAN_POINT('',(7.105427357601E-14,-279.183639929532,38.8662877689214));
#10969=CARTESIAN_POINT('',(7.105427357601E-14,-284.7705830277,23.5162877689545));
#10970=CARTESIAN_POINT('Origin',(7.105427357601E-14,-277.031637039523,22.1249999999873));
#10971=CARTESIAN_POINT('',(7.105427357601E-14,-278.793560703417,22.7662877689436));
#10972=CARTESIAN_POINT('Origin',(7.105427357601E-14,-278.344526173491,23.9999999999878));
#10973=CARTESIAN_POINT('Origin',(7.105427357601E-14,-265.844526173082,23.9999999999991));
#10974=CARTESIAN_POINT('',(7.105427357601E-14,-266.293560702986,22.7662877689078));
#10975=CARTESIAN_POINT('Origin',(7.105427357601E-14,-276.332183114183,6.87500000001383));
#10976=CARTESIAN_POINT('',(7.105427357601E-14,-278.094106778369,7.51628776897382));
#10977=CARTESIAN_POINT('',(7.105427357601E-14,-274.57025945029,6.23371223105571));
#10978=CARTESIAN_POINT('Origin',(7.105427357601E-14,-275.019293980216,5.00000000001357));
#10979=CARTESIAN_POINT('',(7.105427357601E-14,-271.203534782023,15.4837122310046));
#10980=CARTESIAN_POINT('Origin',(7.105427357601E-14,-273.261948823389,27.0000000000011));
#10981=CARTESIAN_POINT('',(7.105427357601E-14,-272.812914293463,28.2337122310422));
#10982=CARTESIAN_POINT('',(7.105427357601E-14,-267.22597119529,43.5837122309984));
#10983=CARTESIAN_POINT('Origin',(7.105427357601E-14,-266.234605399606,40.0999999999655));
#10984=CARTESIAN_POINT('',(7.105427357601E-14,-272.2705830277,23.5162877689545));
#10985=CARTESIAN_POINT('Origin',(7.105427357601E-14,-274.964917184013,44.9749999999506));
#10986=CARTESIAN_POINT('Origin',(7.105427357601E-14,-270.508659364175,22.8749999999966));
#10987=CARTESIAN_POINT('',(7.105427357601E-14,-268.746735700283,22.2337122310384));
#10988=CARTESIAN_POINT('Origin',(7.105427357601E-14,-269.195770230209,20.9999999999966));
#10989=CARTESIAN_POINT('Origin',(7.105427357601E-14,-274.574837957139,28.8750000000011));
#10990=CARTESIAN_POINT('',(7.105427357601E-14,-276.336761621031,29.5162877689604));
#10991=CARTESIAN_POINT('Origin',(7.105427357601E-14,-268.987894858962,44.2249999999572));
#10992=CARTESIAN_POINT('',(7.105427357601E-14,-270.749818522855,44.8662877689165));
#10993=CARTESIAN_POINT('Origin',(7.105427357601E-14,-270.300783992928,46.0999999999574));
#10994=CARTESIAN_POINT('Origin',(7.105427357601E-14,-281.487894859183,44.2249999999572));
#10995=CARTESIAN_POINT('',(7.105427357601E-14,-279.72597119529,43.5837122309984));
#10996=CARTESIAN_POINT('Origin',(7.105427357601E-14,-272.965458446199,16.1249999999627));
#10997=CARTESIAN_POINT('',(7.105427357601E-14,-274.727382110091,16.7662877689227));
#10998=CARTESIAN_POINT('Origin',(7.105427357601E-14,-274.278347580164,17.9999999999644));
#10999=CARTESIAN_POINT('Origin',(7.105427357601E-14,-283.008659364175,22.8749999999966));
#11000=CARTESIAN_POINT('',(7.105427357601E-14,-281.246735700283,22.2337122310384));
#11001=CARTESIAN_POINT('Origin',(7.105427357601E-14,-281.695770230209,20.9999999999966));
#11002=CARTESIAN_POINT('',(7.105427357601E-14,-275.659792602112,37.5837122310052));
#11003=CARTESIAN_POINT('Origin',(7.105427357601E-14,-277.421716266005,38.2249999999635));
#11004=CARTESIAN_POINT('Origin',(7.105427357601E-14,-268.769293978909,4.9999999999511));
#11005=CARTESIAN_POINT('',(7.105427357601E-14,-262.769713374352,21.4837122310534));
#11006=CARTESIAN_POINT('Origin',(7.105427357601E-14,-264.531637038249,22.1249999999992));
#11007=CARTESIAN_POINT('Origin',(7.105427357601E-14,-285.125000000103,34.2321357567325));
#11008=CARTESIAN_POINT('',(7.105427357601E-14,-283.363076336307,33.5908479878092));
#11009=CARTESIAN_POINT('Origin',(7.105427357601E-14,-283.363076336308,33.5908479878096));
#11010=CARTESIAN_POINT('Origin',(5.99999999984433,-286.,17.15));
#11011=CARTESIAN_POINT('Origin',(5.99999999984433,-286.,0.));
#11012=CARTESIAN_POINT('Origin',(10.0000000000006,-282.,0.));
#11013=CARTESIAN_POINT('',(7.30000000000061,-282.,0.));
#11014=CARTESIAN_POINT('',(7.30000000000064,-282.,0.));
#11015=CARTESIAN_POINT('Origin',(10.0000000000006,-282.,0.));
#11016=CARTESIAN_POINT('Origin',(31.9003486803631,-291.,20.1672879386162));
#11017=CARTESIAN_POINT('Origin',(33.9473598100975,-291.,8.55811093399842));
#11018=CARTESIAN_POINT('Origin',(39.8562063281707,-291.,9.6));
#11019=CARTESIAN_POINT('Origin',(20.3056150050884,-235.,-0.4));
#11020=CARTESIAN_POINT('',(0.399999999844383,-183.999999999995,-0.4));
#11021=CARTESIAN_POINT('',(0.399999999844383,-286.000000000005,-0.4));
#11022=CARTESIAN_POINT('',(0.399999999936966,-76.0000000000003,-0.4));
#11023=CARTESIAN_POINT('',(5.99999999984441,-178.4,-0.4));
#11024=CARTESIAN_POINT('Origin',(5.99999999984433,-184.,-0.4));
#11025=CARTESIAN_POINT('',(39.0000000000003,-178.4,-0.4));
#11026=CARTESIAN_POINT('',(25.1270525485133,-178.4,-0.4));
#11027=CARTESIAN_POINT('',(39.6000000000002,-179.,-0.4));
#11028=CARTESIAN_POINT('Origin',(39.0000000000003,-179.,-0.4));
#11029=CARTESIAN_POINT('',(39.6000000000002,-291.,-0.4));
#11030=CARTESIAN_POINT('',(39.6,-467.,-0.4));
#11031=CARTESIAN_POINT('',(39.0000000000002,-291.6,-0.4));
#11032=CARTESIAN_POINT('Origin',(39.0000000000002,-291.,-0.4));
#11033=CARTESIAN_POINT('',(5.99999999984433,-291.6,-0.4));
#11034=CARTESIAN_POINT('',(25.1270525485133,-291.6,-0.4));
#11035=CARTESIAN_POINT('Origin',(5.99999999984433,-286.,-0.4));
#11036=CARTESIAN_POINT('',(6.90000000000062,-188.,-0.4));
#11037=CARTESIAN_POINT('Origin',(10.0000000000006,-188.,-0.4));
#11038=CARTESIAN_POINT('',(6.90000000000168,-235.,-0.4));
#11039=CARTESIAN_POINT('Origin',(10.0000000000009,-235.,-0.4));
#11040=CARTESIAN_POINT('',(6.90000000000062,-282.,-0.4));
#11041=CARTESIAN_POINT('Origin',(10.0000000000006,-282.,-0.4));
#11042=CARTESIAN_POINT('Origin',(5.99999999984433,-184.,0.));
#11043=CARTESIAN_POINT('',(-1.55608859131462E-10,-183.999999999995,0.));
#11044=CARTESIAN_POINT('',(5.99999999984441,-178.,0.));
#11045=CARTESIAN_POINT('Origin',(39.0000000000003,-178.,0.));
#11046=CARTESIAN_POINT('',(39.0000000000003,-178.,0.));
#11047=CARTESIAN_POINT('Origin',(39.0000000000003,-179.,0.));
#11048=CARTESIAN_POINT('',(40.0000000000003,-179.,0.));
#11049=CARTESIAN_POINT('Origin',(40.0000000000001,-291.,0.));
#11050=CARTESIAN_POINT('',(40.0000000000001,-291.,0.));
#11051=CARTESIAN_POINT('Origin',(39.0000000000002,-291.,0.));
#11052=CARTESIAN_POINT('',(39.0000000000002,-292.,0.));
#11053=CARTESIAN_POINT('Origin',(5.99999999984433,-292.,0.));
#11054=CARTESIAN_POINT('',(5.99999999984433,-292.,0.));
#11055=CARTESIAN_POINT('Origin',(5.99999999984433,-286.,0.));
#11056=CARTESIAN_POINT('',(-1.55679913405038E-10,-286.000000000005,0.));
#11057=CARTESIAN_POINT('Origin',(-1.55608859131462E-10,-183.999999999995,
0.));
#11058=CARTESIAN_POINT('Origin',(10.0000000000006,-282.,0.));
#11059=CARTESIAN_POINT('',(7.30000000000064,-282.,0.));
#11060=CARTESIAN_POINT('Origin',(10.0000000000009,-235.,0.));
#11061=CARTESIAN_POINT('',(7.30000000000174,-235.,0.));
#11062=CARTESIAN_POINT('Origin',(10.0000000000006,-188.,0.));
#11063=CARTESIAN_POINT('',(7.30000000000064,-188.,0.));
#11064=CARTESIAN_POINT('Origin',(32.5948630917127,-211.25,21.9872714672097));
#11065=CARTESIAN_POINT('',(32.5948630917127,-211.25,21.9872714672097));
#11066=CARTESIAN_POINT('',(28.3231179211062,-211.25,46.21354219131));
#11067=CARTESIAN_POINT('Origin',(32.8727001759798,-257.15,20.4115790623901));
#11068=CARTESIAN_POINT('',(28.7365076133285,-215.65,19.682256716189));
#11069=CARTESIAN_POINT('',(28.7365076133285,-215.65,19.682256716189));
#11070=CARTESIAN_POINT('',(28.7365076133285,-226.65,19.682256716189));
#11071=CARTESIAN_POINT('',(28.7365076133285,-212.85,19.682256716189));
#11072=CARTESIAN_POINT('',(28.7365076133285,-226.65,19.682256716189));
#11073=CARTESIAN_POINT('',(28.7365076133285,-243.35,19.682256716189));
#11074=CARTESIAN_POINT('',(28.7365076133285,-243.35,19.682256716189));
#11075=CARTESIAN_POINT('',(28.7365076133285,-254.35,19.682256716189));
#11076=CARTESIAN_POINT('',(28.7365076133285,-253.,19.682256716189));
#11077=CARTESIAN_POINT('',(30.8046038946542,-254.35,20.0469178892896));
#11078=CARTESIAN_POINT('',(32.8727001759798,-257.15,20.4115790623901));
#11079=CARTESIAN_POINT('',(32.8727001759798,-212.85,20.4115790623901));
#11080=CARTESIAN_POINT('Origin',(28.8754261554621,-221.15,18.8944105137792));
#11081=CARTESIAN_POINT('',(29.0143446975956,-215.65,18.1065643113695));
#11082=CARTESIAN_POINT('',(28.7365076133285,-215.65,19.682256716189));
#11083=CARTESIAN_POINT('',(29.0143446975956,-226.65,18.1065643113695));
#11084=CARTESIAN_POINT('',(29.0143446975956,-212.85,18.1065643113695));
#11085=CARTESIAN_POINT('',(28.7365076133285,-226.65,19.682256716189));
#11086=CARTESIAN_POINT('Origin',(29.0143446975956,-215.65,18.1065643113695));
#11087=CARTESIAN_POINT('',(29.0143446975956,-226.65,18.1065643113695));
#11088=CARTESIAN_POINT('',(29.0143446975956,-215.65,18.1065643113695));
#11089=CARTESIAN_POINT('Origin',(29.0143446975956,-226.65,18.1065643113695));
#11090=CARTESIAN_POINT('Origin',(28.7365076133285,-215.65,19.682256716189));
#11091=CARTESIAN_POINT('Origin',(23.6312511899208,-254.35,48.635604654748));
#11092=CARTESIAN_POINT('',(23.6312511899208,-243.35,48.6356046547479));
#11093=CARTESIAN_POINT('',(23.6312511899208,-243.35,48.6356046547479));
#11094=CARTESIAN_POINT('',(23.6312511899208,-257.15,48.635604654748));
#11095=CARTESIAN_POINT('Origin',(28.8754261554621,-248.85,18.8944105137792));
#11096=CARTESIAN_POINT('',(29.0143446975956,-254.35,18.1065643113695));
#11097=CARTESIAN_POINT('',(28.7365076133285,-254.35,19.682256716189));
#11098=CARTESIAN_POINT('',(29.0143446975956,-243.35,18.1065643113695));
#11099=CARTESIAN_POINT('',(28.7365076133285,-243.35,19.682256716189));
#11100=CARTESIAN_POINT('',(29.0143446975956,-212.85,18.1065643113695));
#11101=CARTESIAN_POINT('Origin',(28.7365076133285,-243.35,19.682256716189));
#11102=CARTESIAN_POINT('',(29.0143446975956,-243.35,18.1065643113695));
#11103=CARTESIAN_POINT('Origin',(29.0143446975956,-243.35,18.1065643113695));
#11104=CARTESIAN_POINT('',(29.0143446975956,-254.35,18.1065643113695));
#11105=CARTESIAN_POINT('Origin',(29.0143446975956,-254.35,18.1065643113695));
#11106=CARTESIAN_POINT('Origin',(23.6312511899208,-226.65,48.635604654748));
#11107=CARTESIAN_POINT('',(23.6312511899208,-215.65,48.6356046547479));
#11108=CARTESIAN_POINT('',(23.6312511899208,-257.15,48.635604654748));
#11109=CARTESIAN_POINT('',(23.6312511899208,-215.65,48.6356046547479));
#11110=CARTESIAN_POINT('Origin',(32.5948630917127,-212.85,21.9872714672097));
#11111=CARTESIAN_POINT('Origin',(32.5948630917127,-257.15,21.9872714672097));
#11112=CARTESIAN_POINT('Origin',(29.6404398326761,-257.15,21.4663269342089));
#11113=CARTESIAN_POINT('',(30.1961140012102,-257.15,18.3149421245698));
#11114=CARTESIAN_POINT('',(29.6404398326761,-260.35,21.4663269342089));
#11115=CARTESIAN_POINT('Origin',(30.1961140012102,-257.15,18.3149421245698));
#11116=CARTESIAN_POINT('',(30.1961140012103,-212.85,18.3149421245698));
#11117=CARTESIAN_POINT('Origin',(29.6404398326761,-212.85,21.4663269342089));
#11118=CARTESIAN_POINT('Origin',(25.3686946620696,-260.35,45.6925976583092));
#11119=CARTESIAN_POINT('Origin',(28.3231179211062,-212.85,46.21354219131));
#11120=CARTESIAN_POINT('Origin',(28.3231179211062,-257.15,46.21354219131));
#11121=CARTESIAN_POINT('Origin',(23.6312511899208,-243.35,48.6356046547479));
#11122=CARTESIAN_POINT('',(23.9090882741879,-243.35,47.0599122499284));
#11123=CARTESIAN_POINT('Origin',(23.7701697320543,-248.85,47.8477584523382));
#11124=CARTESIAN_POINT('Origin',(23.6312511899208,-215.65,48.6356046547479));
#11125=CARTESIAN_POINT('',(23.9090882741879,-215.65,47.0599122499284));
#11126=CARTESIAN_POINT('Origin',(23.7701697320543,-221.15,47.8477584523382));
#11127=CARTESIAN_POINT('Origin',(28.3231179211062,-211.45,46.21354219131));
#11128=CARTESIAN_POINT('',(29.8374013832785,-211.45,21.5010565697422));
#11129=CARTESIAN_POINT('',(25.565656212672,-211.45,45.7273272938426));
#11130=CARTESIAN_POINT('',(26.6335925053237,-211.45,39.6707596128175));
#11131=CARTESIAN_POINT('',(26.5102138196854,-211.45,20.9143836324031));
#11132=CARTESIAN_POINT('',(32.5948630917127,-211.45,21.9872714672096));
#11133=CARTESIAN_POINT('',(22.2384686490789,-211.45,45.1406543565035));
#11134=CARTESIAN_POINT('',(23.3064049417306,-211.45,39.0840866754784));
#11135=CARTESIAN_POINT('',(28.3231179211062,-211.45,46.21354219131));
#11136=CARTESIAN_POINT('Origin',(32.5948630917127,-212.85,21.9872714672096));
#11137=CARTESIAN_POINT('',(30.0805088320122,-212.85,20.1223257155252));
#11138=CARTESIAN_POINT('Origin',(29.8374013832785,-212.85,21.5010565697422));
#11139=CARTESIAN_POINT('',(26.7533212684191,-212.85,19.535652778186));
#11140=CARTESIAN_POINT('',(32.8379705404464,-212.85,20.6085406129926));
#11141=CARTESIAN_POINT('Origin',(26.5102138196854,-212.85,20.9143836324031));
#11142=CARTESIAN_POINT('Origin',(32.8379705404464,-212.85,20.6085406129926));
#11143=CARTESIAN_POINT('',(30.0805088320122,-257.15,20.1223257155252));
#11144=CARTESIAN_POINT('',(30.0805088320122,-223.925,20.1223257155252));
#11145=CARTESIAN_POINT('',(26.7533212684191,-257.15,19.535652778186));
#11146=CARTESIAN_POINT('',(32.8379705404464,-257.15,20.6085406129926));
#11147=CARTESIAN_POINT('',(26.7533212684191,-223.925,19.535652778186));
#11148=CARTESIAN_POINT('Origin',(32.5948630917127,-257.15,21.9872714672097));
#11149=CARTESIAN_POINT('',(29.8374013832785,-258.55,21.5010565697423));
#11150=CARTESIAN_POINT('Origin',(29.8374013832785,-257.15,21.5010565697422));
#11151=CARTESIAN_POINT('',(26.5102138196854,-258.55,20.9143836324031));
#11152=CARTESIAN_POINT('',(32.5948630917127,-258.55,21.9872714672097));
#11153=CARTESIAN_POINT('Origin',(26.5102138196854,-257.15,20.9143836324031));
#11154=CARTESIAN_POINT('Origin',(28.3231179211062,-212.85,46.21354219131));
#11155=CARTESIAN_POINT('',(25.3225487639383,-212.85,47.1060581480597));
#11156=CARTESIAN_POINT('Origin',(25.565656212672,-212.85,45.7273272938426));
#11157=CARTESIAN_POINT('',(21.9953612003452,-212.85,46.5193852107205));
#11158=CARTESIAN_POINT('Origin',(22.2384686490789,-212.85,45.1406543565035));
#11159=CARTESIAN_POINT('',(28.0800104723725,-212.85,47.5922730455271));
#11160=CARTESIAN_POINT('Origin',(28.0800104723725,-257.15,47.5922730455271));
#11161=CARTESIAN_POINT('',(25.3225487639383,-257.15,47.1060581480597));
#11162=CARTESIAN_POINT('',(25.3225487639383,-246.075,47.1060581480597));
#11163=CARTESIAN_POINT('',(21.9953612003452,-257.15,46.5193852107205));
#11164=CARTESIAN_POINT('',(21.9953612003452,-246.075,46.5193852107205));
#11165=CARTESIAN_POINT('',(28.0800104723725,-257.15,47.5922730455271));
#11166=CARTESIAN_POINT('Origin',(28.3231179211062,-257.15,46.21354219131));
#11167=CARTESIAN_POINT('',(25.565656212672,-258.55,45.7273272938426));
#11168=CARTESIAN_POINT('Origin',(25.565656212672,-257.15,45.7273272938426));
#11169=CARTESIAN_POINT('',(22.2384686490789,-258.55,45.1406543565035));
#11170=CARTESIAN_POINT('Origin',(22.2384686490789,-257.15,45.1406543565035));
#11171=CARTESIAN_POINT('',(28.3231179211062,-258.55,46.21354219131));
#11172=CARTESIAN_POINT('Origin',(32.5948630917127,-258.55,21.9872714672097));
#11173=CARTESIAN_POINT('',(28.7694650906269,-258.55,27.5576242507673));
#11174=CARTESIAN_POINT('',(25.4422775270338,-258.55,26.9709513134282));
#11175=CARTESIAN_POINT('Origin',(24.3743412343822,-235.,33.0275189944533));
#11176=CARTESIAN_POINT('Origin',(29.8374013832785,-212.85,21.5010565697423));
#11177=CARTESIAN_POINT('',(32.5948630917128,-209.85,21.9872714672097));
#11178=CARTESIAN_POINT('',(33.1158076247136,-212.85,19.032848208173));
#11179=CARTESIAN_POINT('Origin',(32.5948630917128,-212.85,21.9872714672097));
#11180=CARTESIAN_POINT('',(30.3583459162793,-212.85,18.5466333107056));
#11181=CARTESIAN_POINT('',(30.3583459162793,-212.85,18.5466333107056));
#11182=CARTESIAN_POINT('',(29.8374013832785,-209.85,21.5010565697423));
#11183=CARTESIAN_POINT('Origin',(29.8374013832785,-212.85,21.5010565697423));
#11184=CARTESIAN_POINT('',(29.8374013832785,-209.85,21.5010565697423));
#11185=CARTESIAN_POINT('Origin',(30.3583459162793,-257.15,18.5466333107056));
#11186=CARTESIAN_POINT('',(33.1158076247136,-257.15,19.032848208173));
#11187=CARTESIAN_POINT('',(33.1158076247136,-246.075,19.032848208173));
#11188=CARTESIAN_POINT('',(30.3583459162793,-257.15,18.5466333107056));
#11189=CARTESIAN_POINT('',(30.3583459162793,-257.15,18.5466333107056));
#11190=CARTESIAN_POINT('',(30.3583459162793,-246.075,18.5466333107056));
#11191=CARTESIAN_POINT('Origin',(29.8374013832785,-257.15,21.5010565697423));
#11192=CARTESIAN_POINT('',(32.5948630917128,-260.15,21.9872714672097));
#11193=CARTESIAN_POINT('Origin',(32.5948630917128,-257.15,21.9872714672097));
#11194=CARTESIAN_POINT('',(29.8374013832785,-260.15,21.5010565697423));
#11195=CARTESIAN_POINT('',(29.8374013832785,-260.15,21.5010565697423));
#11196=CARTESIAN_POINT('Origin',(29.8374013832785,-257.15,21.5010565697423));
#11197=CARTESIAN_POINT('Origin',(25.565656212672,-260.15,45.7273272938426));
#11198=CARTESIAN_POINT('',(28.3231179211063,-260.15,46.21354219131));
#11199=CARTESIAN_POINT('',(29.3910542137579,-260.15,40.1569745102849));
#11200=CARTESIAN_POINT('',(25.565656212672,-260.15,45.7273272938426));
#11201=CARTESIAN_POINT('',(25.565656212672,-260.15,45.7273272938426));
#11202=CARTESIAN_POINT('',(26.6335925053236,-260.15,39.6707596128175));
#11203=CARTESIAN_POINT('Origin',(25.565656212672,-257.15,45.7273272938426));
#11204=CARTESIAN_POINT('',(27.8021733881055,-257.15,49.1679654503466));
#11205=CARTESIAN_POINT('Origin',(28.3231179211063,-257.15,46.21354219131));
#11206=CARTESIAN_POINT('',(25.0447116796712,-257.15,48.6817505528792));
#11207=CARTESIAN_POINT('',(25.0447116796712,-257.15,48.6817505528792));
#11208=CARTESIAN_POINT('Origin',(25.565656212672,-257.15,45.7273272938426));
#11209=CARTESIAN_POINT('Origin',(25.0447116796712,-212.85,48.6817505528792));
#11210=CARTESIAN_POINT('',(27.8021733881055,-212.85,49.1679654503466));
#11211=CARTESIAN_POINT('',(27.8021733881055,-223.925,49.1679654503466));
#11212=CARTESIAN_POINT('',(25.0447116796712,-212.85,48.6817505528792));
#11213=CARTESIAN_POINT('',(25.0447116796712,-212.85,48.6817505528792));
#11214=CARTESIAN_POINT('',(25.0447116796712,-223.925,48.6817505528792));
#11215=CARTESIAN_POINT('Origin',(25.565656212672,-212.85,45.7273272938426));
#11216=CARTESIAN_POINT('',(28.3231179211063,-209.85,46.21354219131));
#11217=CARTESIAN_POINT('Origin',(28.3231179211063,-212.85,46.21354219131));
#11218=CARTESIAN_POINT('',(25.565656212672,-209.85,45.7273272938426));
#11219=CARTESIAN_POINT('',(25.565656212672,-209.85,45.7273272938426));
#11220=CARTESIAN_POINT('Origin',(25.565656212672,-212.85,45.7273272938426));
#11221=CARTESIAN_POINT('Origin',(29.8374013832785,-209.85,21.5010565697423));
#11222=CARTESIAN_POINT('',(31.5269267990612,-209.85,28.0438391482348));
#11223=CARTESIAN_POINT('',(28.7694650906269,-209.85,27.5576242507673));
#11224=CARTESIAN_POINT('Origin',(27.7015287979753,-235.,33.6141919317924));
#11225=CARTESIAN_POINT('Origin',(30.4589905064095,-235.,34.1004068292598));
#11226=UNCERTAINTY_MEASURE_WITH_UNIT(LENGTH_MEASURE(0.01),#11230,
'DISTANCE_ACCURACY_VALUE',
'Maximum model space distance between geometric entities at asserted c
onnectivities');
#11227=UNCERTAINTY_MEASURE_WITH_UNIT(LENGTH_MEASURE(0.01),#11230,
'DISTANCE_ACCURACY_VALUE',
'Maximum model space distance between geometric entities at asserted c
onnectivities');
#11228=(
GEOMETRIC_REPRESENTATION_CONTEXT(3)
GLOBAL_UNCERTAINTY_ASSIGNED_CONTEXT((#11226))
GLOBAL_UNIT_ASSIGNED_CONTEXT((#11230,#11232,#11233))
REPRESENTATION_CONTEXT('','3D')
);
#11229=(
GEOMETRIC_REPRESENTATION_CONTEXT(3)
GLOBAL_UNCERTAINTY_ASSIGNED_CONTEXT((#11227))
GLOBAL_UNIT_ASSIGNED_CONTEXT((#11230,#11232,#11233))
REPRESENTATION_CONTEXT('','3D')
);
#11230=(
LENGTH_UNIT()
NAMED_UNIT(*)
SI_UNIT(.MILLI.,.METRE.)
);
#11231=(
LENGTH_UNIT()
NAMED_UNIT(*)
SI_UNIT($,.METRE.)
);
#11232=(
NAMED_UNIT(*)
PLANE_ANGLE_UNIT()
SI_UNIT($,.RADIAN.)
);
#11233=(
NAMED_UNIT(*)
SI_UNIT($,.STERADIAN.)
SOLID_ANGLE_UNIT()
);
#11234=SHAPE_DEFINITION_REPRESENTATION(#11235,#11236);
#11235=PRODUCT_DEFINITION_SHAPE('',$,#11238);
#11236=SHAPE_REPRESENTATION('',(#5699),#11228);
#11237=PRODUCT_DEFINITION_CONTEXT('part definition',#11242,'design');
#11238=PRODUCT_DEFINITION('Doom Skirts_mains_inlet_IECGS',
'mains_inlet_IECGS',#11239,#11237);
#11239=PRODUCT_DEFINITION_FORMATION('',$,#11244);
#11240=PRODUCT_RELATED_PRODUCT_CATEGORY('mains_inlet_IECGS',
'mains_inlet_IECGS',(#11244));
#11241=APPLICATION_PROTOCOL_DEFINITION('international standard',
'automotive_design',2009,#11242);
#11242=APPLICATION_CONTEXT(
'Core Data for Automotive Mechanical Design Process');
#11243=PRODUCT_CONTEXT('part definition',#11242,'mechanical');
#11244=PRODUCT('Doom Skirts_mains_inlet_IECGS','mains_inlet_IECGS',$,(#11243));
#11245=PRESENTATION_STYLE_ASSIGNMENT((#11247));
#11246=PRESENTATION_STYLE_ASSIGNMENT((#11248));
#11247=SURFACE_STYLE_USAGE(.BOTH.,#11249);
#11248=SURFACE_STYLE_USAGE(.BOTH.,#11250);
#11249=SURFACE_SIDE_STYLE('',(#11251));
#11250=SURFACE_SIDE_STYLE('',(#11252));
#11251=SURFACE_STYLE_FILL_AREA(#11253);
#11252=SURFACE_STYLE_FILL_AREA(#11254);
#11253=FILL_AREA_STYLE('ABS (White)',(#11255));
#11254=FILL_AREA_STYLE('3DXTech PCCF',(#11256));
#11255=FILL_AREA_STYLE_COLOUR('ABS (White)',#11257);
#11256=FILL_AREA_STYLE_COLOUR('3DXTech PCCF',#11258);
#11257=COLOUR_RGB('ABS (White)',0.964705882352941,0.964705882352941,0.952941176470588);
#11258=COLOUR_RGB('3DXTech PCCF',0.247058823529412,0.247058823529412,0.247058823529412);
ENDSEC;
END-ISO-10303-21;
